INSERT INTO "User" (_id_user,name) VALUES (0,'Otokar Kohout');
INSERT INTO "User" (_id_user,name) VALUES (1,'Bohuslav Daněk');
INSERT INTO "Register" (_id_register,archive,fond,signature) VALUES (0,'ARCH0','FOND0',0);
INSERT INTO "Register" (_id_register,archive,fond,signature) VALUES (1,'ARCH0','FOND0',1);
INSERT INTO "Register" (_id_register,archive,fond,signature) VALUES (2,'ARCH0','FOND0',2);
INSERT INTO "Register" (_id_register,archive,fond,signature) VALUES (3,'ARCH0','FOND0',3);
INSERT INTO "Register" (_id_register,archive,fond,signature) VALUES (4,'ARCH0','FOND0',4);
INSERT INTO "Register" (_id_register,archive,fond,signature) VALUES (5,'ARCH0','FOND0',5);
INSERT INTO "Register" (_id_register,archive,fond,signature) VALUES (6,'ARCH0','FOND0',6);
INSERT INTO "Register" (_id_register,archive,fond,signature) VALUES (7,'ARCH0','FOND0',7);
INSERT INTO "Register" (_id_register,archive,fond,signature) VALUES (8,'ARCH0','FOND0',8);
INSERT INTO "Register" (_id_register,archive,fond,signature) VALUES (9,'ARCH0','FOND0',9);
INSERT INTO "Register" (_id_register,archive,fond,signature) VALUES (10,'ARCH0','FOND0',10);
INSERT INTO "Register" (_id_register,archive,fond,signature) VALUES (11,'ARCH0','FOND0',11);
INSERT INTO "Register" (_id_register,archive,fond,signature) VALUES (12,'ARCH0','FOND0',12);
INSERT INTO "Register" (_id_register,archive,fond,signature) VALUES (13,'ARCH0','FOND0',13);
INSERT INTO "Register" (_id_register,archive,fond,signature) VALUES (14,'ARCH0','FOND0',14);
INSERT INTO "Register" (_id_register,archive,fond,signature) VALUES (15,'ARCH0','FOND1',0);
INSERT INTO "Register" (_id_register,archive,fond,signature) VALUES (16,'ARCH0','FOND1',1);
INSERT INTO "Register" (_id_register,archive,fond,signature) VALUES (17,'ARCH0','FOND1',2);
INSERT INTO "Register" (_id_register,archive,fond,signature) VALUES (18,'ARCH0','FOND1',3);
INSERT INTO "Register" (_id_register,archive,fond,signature) VALUES (19,'ARCH0','FOND1',4);
INSERT INTO "Register" (_id_register,archive,fond,signature) VALUES (20,'ARCH0','FOND1',5);
INSERT INTO "Register" (_id_register,archive,fond,signature) VALUES (21,'ARCH0','FOND1',6);
INSERT INTO "Register" (_id_register,archive,fond,signature) VALUES (22,'ARCH0','FOND1',7);
INSERT INTO "Register" (_id_register,archive,fond,signature) VALUES (23,'ARCH0','FOND1',8);
INSERT INTO "Register" (_id_register,archive,fond,signature) VALUES (24,'ARCH0','FOND1',9);
INSERT INTO "Register" (_id_register,archive,fond,signature) VALUES (25,'ARCH0','FOND1',10);
INSERT INTO "Register" (_id_register,archive,fond,signature) VALUES (26,'ARCH0','FOND1',11);
INSERT INTO "Register" (_id_register,archive,fond,signature) VALUES (27,'ARCH0','FOND1',12);
INSERT INTO "Register" (_id_register,archive,fond,signature) VALUES (28,'ARCH0','FOND1',13);
INSERT INTO "Register" (_id_register,archive,fond,signature) VALUES (29,'ARCH0','FOND1',14);
INSERT INTO "Register" (_id_register,archive,fond,signature) VALUES (30,'ARCH0','FOND2',0);
INSERT INTO "Register" (_id_register,archive,fond,signature) VALUES (31,'ARCH0','FOND2',1);
INSERT INTO "Register" (_id_register,archive,fond,signature) VALUES (32,'ARCH0','FOND2',2);
INSERT INTO "Register" (_id_register,archive,fond,signature) VALUES (33,'ARCH0','FOND2',3);
INSERT INTO "Register" (_id_register,archive,fond,signature) VALUES (34,'ARCH0','FOND2',4);
INSERT INTO "Register" (_id_register,archive,fond,signature) VALUES (35,'ARCH0','FOND2',5);
INSERT INTO "Register" (_id_register,archive,fond,signature) VALUES (36,'ARCH0','FOND2',6);
INSERT INTO "Register" (_id_register,archive,fond,signature) VALUES (37,'ARCH0','FOND2',7);
INSERT INTO "Register" (_id_register,archive,fond,signature) VALUES (38,'ARCH0','FOND2',8);
INSERT INTO "Register" (_id_register,archive,fond,signature) VALUES (39,'ARCH0','FOND2',9);
INSERT INTO "Register" (_id_register,archive,fond,signature) VALUES (40,'ARCH0','FOND2',10);
INSERT INTO "Register" (_id_register,archive,fond,signature) VALUES (41,'ARCH0','FOND2',11);
INSERT INTO "Register" (_id_register,archive,fond,signature) VALUES (42,'ARCH0','FOND2',12);
INSERT INTO "Register" (_id_register,archive,fond,signature) VALUES (43,'ARCH0','FOND2',13);
INSERT INTO "Register" (_id_register,archive,fond,signature) VALUES (44,'ARCH0','FOND2',14);
INSERT INTO "Register" (_id_register,archive,fond,signature) VALUES (45,'ARCH0','FOND3',0);
INSERT INTO "Register" (_id_register,archive,fond,signature) VALUES (46,'ARCH0','FOND3',1);
INSERT INTO "Register" (_id_register,archive,fond,signature) VALUES (47,'ARCH0','FOND3',2);
INSERT INTO "Register" (_id_register,archive,fond,signature) VALUES (48,'ARCH0','FOND3',3);
INSERT INTO "Register" (_id_register,archive,fond,signature) VALUES (49,'ARCH0','FOND3',4);
INSERT INTO "Register" (_id_register,archive,fond,signature) VALUES (50,'ARCH0','FOND3',5);
INSERT INTO "Register" (_id_register,archive,fond,signature) VALUES (51,'ARCH0','FOND3',6);
INSERT INTO "Register" (_id_register,archive,fond,signature) VALUES (52,'ARCH0','FOND3',7);
INSERT INTO "Register" (_id_register,archive,fond,signature) VALUES (53,'ARCH0','FOND3',8);
INSERT INTO "Register" (_id_register,archive,fond,signature) VALUES (54,'ARCH0','FOND3',9);
INSERT INTO "Register" (_id_register,archive,fond,signature) VALUES (55,'ARCH0','FOND3',10);
INSERT INTO "Register" (_id_register,archive,fond,signature) VALUES (56,'ARCH0','FOND3',11);
INSERT INTO "Register" (_id_register,archive,fond,signature) VALUES (57,'ARCH0','FOND3',12);
INSERT INTO "Register" (_id_register,archive,fond,signature) VALUES (58,'ARCH0','FOND3',13);
INSERT INTO "Register" (_id_register,archive,fond,signature) VALUES (59,'ARCH0','FOND3',14);
INSERT INTO "Register" (_id_register,archive,fond,signature) VALUES (60,'ARCH0','FOND4',0);
INSERT INTO "Register" (_id_register,archive,fond,signature) VALUES (61,'ARCH0','FOND4',1);
INSERT INTO "Register" (_id_register,archive,fond,signature) VALUES (62,'ARCH0','FOND4',2);
INSERT INTO "Register" (_id_register,archive,fond,signature) VALUES (63,'ARCH0','FOND4',3);
INSERT INTO "Register" (_id_register,archive,fond,signature) VALUES (64,'ARCH0','FOND4',4);
INSERT INTO "Register" (_id_register,archive,fond,signature) VALUES (65,'ARCH0','FOND4',5);
INSERT INTO "Register" (_id_register,archive,fond,signature) VALUES (66,'ARCH0','FOND4',6);
INSERT INTO "Register" (_id_register,archive,fond,signature) VALUES (67,'ARCH0','FOND4',7);
INSERT INTO "Register" (_id_register,archive,fond,signature) VALUES (68,'ARCH0','FOND4',8);
INSERT INTO "Register" (_id_register,archive,fond,signature) VALUES (69,'ARCH0','FOND4',9);
INSERT INTO "Register" (_id_register,archive,fond,signature) VALUES (70,'ARCH0','FOND4',10);
INSERT INTO "Register" (_id_register,archive,fond,signature) VALUES (71,'ARCH0','FOND4',11);
INSERT INTO "Register" (_id_register,archive,fond,signature) VALUES (72,'ARCH0','FOND4',12);
INSERT INTO "Register" (_id_register,archive,fond,signature) VALUES (73,'ARCH0','FOND4',13);
INSERT INTO "Register" (_id_register,archive,fond,signature) VALUES (74,'ARCH0','FOND4',14);
INSERT INTO "Register" (_id_register,archive,fond,signature) VALUES (75,'ARCH1','FOND0',0);
INSERT INTO "Register" (_id_register,archive,fond,signature) VALUES (76,'ARCH1','FOND0',1);
INSERT INTO "Register" (_id_register,archive,fond,signature) VALUES (77,'ARCH1','FOND0',2);
INSERT INTO "Register" (_id_register,archive,fond,signature) VALUES (78,'ARCH1','FOND0',3);
INSERT INTO "Register" (_id_register,archive,fond,signature) VALUES (79,'ARCH1','FOND0',4);
INSERT INTO "Register" (_id_register,archive,fond,signature) VALUES (80,'ARCH1','FOND0',5);
INSERT INTO "Register" (_id_register,archive,fond,signature) VALUES (81,'ARCH1','FOND0',6);
INSERT INTO "Register" (_id_register,archive,fond,signature) VALUES (82,'ARCH1','FOND0',7);
INSERT INTO "Register" (_id_register,archive,fond,signature) VALUES (83,'ARCH1','FOND0',8);
INSERT INTO "Register" (_id_register,archive,fond,signature) VALUES (84,'ARCH1','FOND0',9);
INSERT INTO "Register" (_id_register,archive,fond,signature) VALUES (85,'ARCH1','FOND0',10);
INSERT INTO "Register" (_id_register,archive,fond,signature) VALUES (86,'ARCH1','FOND0',11);
INSERT INTO "Register" (_id_register,archive,fond,signature) VALUES (87,'ARCH1','FOND0',12);
INSERT INTO "Register" (_id_register,archive,fond,signature) VALUES (88,'ARCH1','FOND0',13);
INSERT INTO "Register" (_id_register,archive,fond,signature) VALUES (89,'ARCH1','FOND0',14);
INSERT INTO "Register" (_id_register,archive,fond,signature) VALUES (90,'ARCH1','FOND1',0);
INSERT INTO "Register" (_id_register,archive,fond,signature) VALUES (91,'ARCH1','FOND1',1);
INSERT INTO "Register" (_id_register,archive,fond,signature) VALUES (92,'ARCH1','FOND1',2);
INSERT INTO "Register" (_id_register,archive,fond,signature) VALUES (93,'ARCH1','FOND1',3);
INSERT INTO "Register" (_id_register,archive,fond,signature) VALUES (94,'ARCH1','FOND1',4);
INSERT INTO "Register" (_id_register,archive,fond,signature) VALUES (95,'ARCH1','FOND1',5);
INSERT INTO "Register" (_id_register,archive,fond,signature) VALUES (96,'ARCH1','FOND1',6);
INSERT INTO "Register" (_id_register,archive,fond,signature) VALUES (97,'ARCH1','FOND1',7);
INSERT INTO "Register" (_id_register,archive,fond,signature) VALUES (98,'ARCH1','FOND1',8);
INSERT INTO "Register" (_id_register,archive,fond,signature) VALUES (99,'ARCH1','FOND1',9);
INSERT INTO "Register" (_id_register,archive,fond,signature) VALUES (100,'ARCH1','FOND1',10);
INSERT INTO "Register" (_id_register,archive,fond,signature) VALUES (101,'ARCH1','FOND1',11);
INSERT INTO "Register" (_id_register,archive,fond,signature) VALUES (102,'ARCH1','FOND1',12);
INSERT INTO "Register" (_id_register,archive,fond,signature) VALUES (103,'ARCH1','FOND1',13);
INSERT INTO "Register" (_id_register,archive,fond,signature) VALUES (104,'ARCH1','FOND1',14);
INSERT INTO "Register" (_id_register,archive,fond,signature) VALUES (105,'ARCH1','FOND2',0);
INSERT INTO "Register" (_id_register,archive,fond,signature) VALUES (106,'ARCH1','FOND2',1);
INSERT INTO "Register" (_id_register,archive,fond,signature) VALUES (107,'ARCH1','FOND2',2);
INSERT INTO "Register" (_id_register,archive,fond,signature) VALUES (108,'ARCH1','FOND2',3);
INSERT INTO "Register" (_id_register,archive,fond,signature) VALUES (109,'ARCH1','FOND2',4);
INSERT INTO "Register" (_id_register,archive,fond,signature) VALUES (110,'ARCH1','FOND2',5);
INSERT INTO "Register" (_id_register,archive,fond,signature) VALUES (111,'ARCH1','FOND2',6);
INSERT INTO "Register" (_id_register,archive,fond,signature) VALUES (112,'ARCH1','FOND2',7);
INSERT INTO "Register" (_id_register,archive,fond,signature) VALUES (113,'ARCH1','FOND2',8);
INSERT INTO "Register" (_id_register,archive,fond,signature) VALUES (114,'ARCH1','FOND2',9);
INSERT INTO "Register" (_id_register,archive,fond,signature) VALUES (115,'ARCH1','FOND2',10);
INSERT INTO "Register" (_id_register,archive,fond,signature) VALUES (116,'ARCH1','FOND2',11);
INSERT INTO "Register" (_id_register,archive,fond,signature) VALUES (117,'ARCH1','FOND2',12);
INSERT INTO "Register" (_id_register,archive,fond,signature) VALUES (118,'ARCH1','FOND2',13);
INSERT INTO "Register" (_id_register,archive,fond,signature) VALUES (119,'ARCH1','FOND2',14);
INSERT INTO "Register" (_id_register,archive,fond,signature) VALUES (120,'ARCH1','FOND3',0);
INSERT INTO "Register" (_id_register,archive,fond,signature) VALUES (121,'ARCH1','FOND3',1);
INSERT INTO "Register" (_id_register,archive,fond,signature) VALUES (122,'ARCH1','FOND3',2);
INSERT INTO "Register" (_id_register,archive,fond,signature) VALUES (123,'ARCH1','FOND3',3);
INSERT INTO "Register" (_id_register,archive,fond,signature) VALUES (124,'ARCH1','FOND3',4);
INSERT INTO "Register" (_id_register,archive,fond,signature) VALUES (125,'ARCH1','FOND3',5);
INSERT INTO "Register" (_id_register,archive,fond,signature) VALUES (126,'ARCH1','FOND3',6);
INSERT INTO "Register" (_id_register,archive,fond,signature) VALUES (127,'ARCH1','FOND3',7);
INSERT INTO "Register" (_id_register,archive,fond,signature) VALUES (128,'ARCH1','FOND3',8);
INSERT INTO "Register" (_id_register,archive,fond,signature) VALUES (129,'ARCH1','FOND3',9);
INSERT INTO "Register" (_id_register,archive,fond,signature) VALUES (130,'ARCH1','FOND3',10);
INSERT INTO "Register" (_id_register,archive,fond,signature) VALUES (131,'ARCH1','FOND3',11);
INSERT INTO "Register" (_id_register,archive,fond,signature) VALUES (132,'ARCH1','FOND3',12);
INSERT INTO "Register" (_id_register,archive,fond,signature) VALUES (133,'ARCH1','FOND3',13);
INSERT INTO "Register" (_id_register,archive,fond,signature) VALUES (134,'ARCH1','FOND3',14);
INSERT INTO "Register" (_id_register,archive,fond,signature) VALUES (135,'ARCH1','FOND4',0);
INSERT INTO "Register" (_id_register,archive,fond,signature) VALUES (136,'ARCH1','FOND4',1);
INSERT INTO "Register" (_id_register,archive,fond,signature) VALUES (137,'ARCH1','FOND4',2);
INSERT INTO "Register" (_id_register,archive,fond,signature) VALUES (138,'ARCH1','FOND4',3);
INSERT INTO "Register" (_id_register,archive,fond,signature) VALUES (139,'ARCH1','FOND4',4);
INSERT INTO "Register" (_id_register,archive,fond,signature) VALUES (140,'ARCH1','FOND4',5);
INSERT INTO "Register" (_id_register,archive,fond,signature) VALUES (141,'ARCH1','FOND4',6);
INSERT INTO "Register" (_id_register,archive,fond,signature) VALUES (142,'ARCH1','FOND4',7);
INSERT INTO "Register" (_id_register,archive,fond,signature) VALUES (143,'ARCH1','FOND4',8);
INSERT INTO "Register" (_id_register,archive,fond,signature) VALUES (144,'ARCH1','FOND4',9);
INSERT INTO "Register" (_id_register,archive,fond,signature) VALUES (145,'ARCH1','FOND4',10);
INSERT INTO "Register" (_id_register,archive,fond,signature) VALUES (146,'ARCH1','FOND4',11);
INSERT INTO "Register" (_id_register,archive,fond,signature) VALUES (147,'ARCH1','FOND4',12);
INSERT INTO "Register" (_id_register,archive,fond,signature) VALUES (148,'ARCH1','FOND4',13);
INSERT INTO "Register" (_id_register,archive,fond,signature) VALUES (149,'ARCH1','FOND4',14);
INSERT INTO "Register" (_id_register,archive,fond,signature) VALUES (150,'ARCH2','FOND0',0);
INSERT INTO "Register" (_id_register,archive,fond,signature) VALUES (151,'ARCH2','FOND0',1);
INSERT INTO "Register" (_id_register,archive,fond,signature) VALUES (152,'ARCH2','FOND0',2);
INSERT INTO "Register" (_id_register,archive,fond,signature) VALUES (153,'ARCH2','FOND0',3);
INSERT INTO "Register" (_id_register,archive,fond,signature) VALUES (154,'ARCH2','FOND0',4);
INSERT INTO "Register" (_id_register,archive,fond,signature) VALUES (155,'ARCH2','FOND0',5);
INSERT INTO "Register" (_id_register,archive,fond,signature) VALUES (156,'ARCH2','FOND0',6);
INSERT INTO "Register" (_id_register,archive,fond,signature) VALUES (157,'ARCH2','FOND0',7);
INSERT INTO "Register" (_id_register,archive,fond,signature) VALUES (158,'ARCH2','FOND0',8);
INSERT INTO "Register" (_id_register,archive,fond,signature) VALUES (159,'ARCH2','FOND0',9);
INSERT INTO "Register" (_id_register,archive,fond,signature) VALUES (160,'ARCH2','FOND0',10);
INSERT INTO "Register" (_id_register,archive,fond,signature) VALUES (161,'ARCH2','FOND0',11);
INSERT INTO "Register" (_id_register,archive,fond,signature) VALUES (162,'ARCH2','FOND0',12);
INSERT INTO "Register" (_id_register,archive,fond,signature) VALUES (163,'ARCH2','FOND0',13);
INSERT INTO "Register" (_id_register,archive,fond,signature) VALUES (164,'ARCH2','FOND0',14);
INSERT INTO "Register" (_id_register,archive,fond,signature) VALUES (165,'ARCH2','FOND1',0);
INSERT INTO "Register" (_id_register,archive,fond,signature) VALUES (166,'ARCH2','FOND1',1);
INSERT INTO "Register" (_id_register,archive,fond,signature) VALUES (167,'ARCH2','FOND1',2);
INSERT INTO "Register" (_id_register,archive,fond,signature) VALUES (168,'ARCH2','FOND1',3);
INSERT INTO "Register" (_id_register,archive,fond,signature) VALUES (169,'ARCH2','FOND1',4);
INSERT INTO "Register" (_id_register,archive,fond,signature) VALUES (170,'ARCH2','FOND1',5);
INSERT INTO "Register" (_id_register,archive,fond,signature) VALUES (171,'ARCH2','FOND1',6);
INSERT INTO "Register" (_id_register,archive,fond,signature) VALUES (172,'ARCH2','FOND1',7);
INSERT INTO "Register" (_id_register,archive,fond,signature) VALUES (173,'ARCH2','FOND1',8);
INSERT INTO "Register" (_id_register,archive,fond,signature) VALUES (174,'ARCH2','FOND1',9);
INSERT INTO "Register" (_id_register,archive,fond,signature) VALUES (175,'ARCH2','FOND1',10);
INSERT INTO "Register" (_id_register,archive,fond,signature) VALUES (176,'ARCH2','FOND1',11);
INSERT INTO "Register" (_id_register,archive,fond,signature) VALUES (177,'ARCH2','FOND1',12);
INSERT INTO "Register" (_id_register,archive,fond,signature) VALUES (178,'ARCH2','FOND1',13);
INSERT INTO "Register" (_id_register,archive,fond,signature) VALUES (179,'ARCH2','FOND1',14);
INSERT INTO "Register" (_id_register,archive,fond,signature) VALUES (180,'ARCH2','FOND2',0);
INSERT INTO "Register" (_id_register,archive,fond,signature) VALUES (181,'ARCH2','FOND2',1);
INSERT INTO "Register" (_id_register,archive,fond,signature) VALUES (182,'ARCH2','FOND2',2);
INSERT INTO "Register" (_id_register,archive,fond,signature) VALUES (183,'ARCH2','FOND2',3);
INSERT INTO "Register" (_id_register,archive,fond,signature) VALUES (184,'ARCH2','FOND2',4);
INSERT INTO "Register" (_id_register,archive,fond,signature) VALUES (185,'ARCH2','FOND2',5);
INSERT INTO "Register" (_id_register,archive,fond,signature) VALUES (186,'ARCH2','FOND2',6);
INSERT INTO "Register" (_id_register,archive,fond,signature) VALUES (187,'ARCH2','FOND2',7);
INSERT INTO "Register" (_id_register,archive,fond,signature) VALUES (188,'ARCH2','FOND2',8);
INSERT INTO "Register" (_id_register,archive,fond,signature) VALUES (189,'ARCH2','FOND2',9);
INSERT INTO "Register" (_id_register,archive,fond,signature) VALUES (190,'ARCH2','FOND2',10);
INSERT INTO "Register" (_id_register,archive,fond,signature) VALUES (191,'ARCH2','FOND2',11);
INSERT INTO "Register" (_id_register,archive,fond,signature) VALUES (192,'ARCH2','FOND2',12);
INSERT INTO "Register" (_id_register,archive,fond,signature) VALUES (193,'ARCH2','FOND2',13);
INSERT INTO "Register" (_id_register,archive,fond,signature) VALUES (194,'ARCH2','FOND2',14);
INSERT INTO "Register" (_id_register,archive,fond,signature) VALUES (195,'ARCH2','FOND3',0);
INSERT INTO "Register" (_id_register,archive,fond,signature) VALUES (196,'ARCH2','FOND3',1);
INSERT INTO "Register" (_id_register,archive,fond,signature) VALUES (197,'ARCH2','FOND3',2);
INSERT INTO "Register" (_id_register,archive,fond,signature) VALUES (198,'ARCH2','FOND3',3);
INSERT INTO "Register" (_id_register,archive,fond,signature) VALUES (199,'ARCH2','FOND3',4);
INSERT INTO "Register" (_id_register,archive,fond,signature) VALUES (200,'ARCH2','FOND3',5);
INSERT INTO "Register" (_id_register,archive,fond,signature) VALUES (201,'ARCH2','FOND3',6);
INSERT INTO "Register" (_id_register,archive,fond,signature) VALUES (202,'ARCH2','FOND3',7);
INSERT INTO "Register" (_id_register,archive,fond,signature) VALUES (203,'ARCH2','FOND3',8);
INSERT INTO "Register" (_id_register,archive,fond,signature) VALUES (204,'ARCH2','FOND3',9);
INSERT INTO "Register" (_id_register,archive,fond,signature) VALUES (205,'ARCH2','FOND3',10);
INSERT INTO "Register" (_id_register,archive,fond,signature) VALUES (206,'ARCH2','FOND3',11);
INSERT INTO "Register" (_id_register,archive,fond,signature) VALUES (207,'ARCH2','FOND3',12);
INSERT INTO "Register" (_id_register,archive,fond,signature) VALUES (208,'ARCH2','FOND3',13);
INSERT INTO "Register" (_id_register,archive,fond,signature) VALUES (209,'ARCH2','FOND3',14);
INSERT INTO "Register" (_id_register,archive,fond,signature) VALUES (210,'ARCH2','FOND4',0);
INSERT INTO "Register" (_id_register,archive,fond,signature) VALUES (211,'ARCH2','FOND4',1);
INSERT INTO "Register" (_id_register,archive,fond,signature) VALUES (212,'ARCH2','FOND4',2);
INSERT INTO "Register" (_id_register,archive,fond,signature) VALUES (213,'ARCH2','FOND4',3);
INSERT INTO "Register" (_id_register,archive,fond,signature) VALUES (214,'ARCH2','FOND4',4);
INSERT INTO "Register" (_id_register,archive,fond,signature) VALUES (215,'ARCH2','FOND4',5);
INSERT INTO "Register" (_id_register,archive,fond,signature) VALUES (216,'ARCH2','FOND4',6);
INSERT INTO "Register" (_id_register,archive,fond,signature) VALUES (217,'ARCH2','FOND4',7);
INSERT INTO "Register" (_id_register,archive,fond,signature) VALUES (218,'ARCH2','FOND4',8);
INSERT INTO "Register" (_id_register,archive,fond,signature) VALUES (219,'ARCH2','FOND4',9);
INSERT INTO "Register" (_id_register,archive,fond,signature) VALUES (220,'ARCH2','FOND4',10);
INSERT INTO "Register" (_id_register,archive,fond,signature) VALUES (221,'ARCH2','FOND4',11);
INSERT INTO "Register" (_id_register,archive,fond,signature) VALUES (222,'ARCH2','FOND4',12);
INSERT INTO "Register" (_id_register,archive,fond,signature) VALUES (223,'ARCH2','FOND4',13);
INSERT INTO "Register" (_id_register,archive,fond,signature) VALUES (224,'ARCH2','FOND4',14);
INSERT INTO "Name" (_id_name,name) VALUES (0,'Adam');
INSERT INTO "Name" (_id_name,name) VALUES (1,'Adolf');
INSERT INTO "Name" (_id_name,name) VALUES (2,'Alan');
INSERT INTO "Name" (_id_name,name) VALUES (3,'Albert');
INSERT INTO "Name" (_id_name,name) VALUES (4,'Aleš');
INSERT INTO "Name" (_id_name,name) VALUES (5,'Alexandr');
INSERT INTO "Name" (_id_name,name) VALUES (6,'Alexej');
INSERT INTO "Name" (_id_name,name) VALUES (7,'Alois');
INSERT INTO "Name" (_id_name,name) VALUES (8,'Ambrož');
INSERT INTO "Name" (_id_name,name) VALUES (9,'Benjamín');
INSERT INTO "Name" (_id_name,name) VALUES (10,'Andrej');
INSERT INTO "Name" (_id_name,name) VALUES (11,'Antonín');
INSERT INTO "Name" (_id_name,name) VALUES (12,'Arnošt');
INSERT INTO "Name" (_id_name,name) VALUES (13,'Artur');
INSERT INTO "Name" (_id_name,name) VALUES (14,'Augustýn');
INSERT INTO "Name" (_id_name,name) VALUES (15,'Bartoloměj');
INSERT INTO "Name" (_id_name,name) VALUES (16,'Bedřich');
INSERT INTO "Name" (_id_name,name) VALUES (17,'Benedikt');
INSERT INTO "Name" (_id_name,name) VALUES (18,'Bernard');
INSERT INTO "Name" (_id_name,name) VALUES (19,'Blahoslav');
INSERT INTO "Name" (_id_name,name) VALUES (20,'Blažej');
INSERT INTO "Name" (_id_name,name) VALUES (21,'Bohdan');
INSERT INTO "Name" (_id_name,name) VALUES (22,'Bohumil');
INSERT INTO "Name" (_id_name,name) VALUES (23,'Bohumír');
INSERT INTO "Name" (_id_name,name) VALUES (24,'Bohuslav');
INSERT INTO "Name" (_id_name,name) VALUES (25,'Boleslav');
INSERT INTO "Name" (_id_name,name) VALUES (26,'Bonifác');
INSERT INTO "Name" (_id_name,name) VALUES (27,'Boris');
INSERT INTO "Name" (_id_name,name) VALUES (28,'Bořek');
INSERT INTO "Name" (_id_name,name) VALUES (29,'Bořivoj');
INSERT INTO "Name" (_id_name,name) VALUES (30,'Bronislav');
INSERT INTO "Name" (_id_name,name) VALUES (31,'Bruno');
INSERT INTO "Name" (_id_name,name) VALUES (32,'Břetislav');
INSERT INTO "Name" (_id_name,name) VALUES (33,'Ctibor');
INSERT INTO "Name" (_id_name,name) VALUES (34,'Ctirad');
INSERT INTO "Name" (_id_name,name) VALUES (35,'Cyril');
INSERT INTO "Name" (_id_name,name) VALUES (36,'Metoděj');
INSERT INTO "Name" (_id_name,name) VALUES (37,'Čeněk');
INSERT INTO "Name" (_id_name,name) VALUES (38,'Čestmír');
INSERT INTO "Name" (_id_name,name) VALUES (39,'Dalibor');
INSERT INTO "Name" (_id_name,name) VALUES (40,'Dalimil');
INSERT INTO "Name" (_id_name,name) VALUES (41,'Daniel');
INSERT INTO "Name" (_id_name,name) VALUES (42,'David');
INSERT INTO "Name" (_id_name,name) VALUES (43,'Dobroslav');
INSERT INTO "Name" (_id_name,name) VALUES (44,'Dominik');
INSERT INTO "Name" (_id_name,name) VALUES (45,'Drahoslav');
INSERT INTO "Name" (_id_name,name) VALUES (46,'Dušan');
INSERT INTO "Name" (_id_name,name) VALUES (47,'Eduard');
INSERT INTO "Name" (_id_name,name) VALUES (48,'Herbert');
INSERT INTO "Name" (_id_name,name) VALUES (49,'Emanuel');
INSERT INTO "Name" (_id_name,name) VALUES (50,'Emil');
INSERT INTO "Name" (_id_name,name) VALUES (51,'Erik');
INSERT INTO "Name" (_id_name,name) VALUES (52,'Evžen');
INSERT INTO "Name" (_id_name,name) VALUES (53,'Felix');
INSERT INTO "Name" (_id_name,name) VALUES (54,'Ferdinand');
INSERT INTO "Name" (_id_name,name) VALUES (55,'Filip');
INSERT INTO "Name" (_id_name,name) VALUES (56,'František');
INSERT INTO "Name" (_id_name,name) VALUES (57,'Gabriel');
INSERT INTO "Name" (_id_name,name) VALUES (58,'Gustav');
INSERT INTO "Name" (_id_name,name) VALUES (59,'Hanuš');
INSERT INTO "Name" (_id_name,name) VALUES (60,'Havel');
INSERT INTO "Name" (_id_name,name) VALUES (61,'Heřman');
INSERT INTO "Name" (_id_name,name) VALUES (62,'Hubert');
INSERT INTO "Name" (_id_name,name) VALUES (63,'Hugo');
INSERT INTO "Name" (_id_name,name) VALUES (64,'Hynek');
INSERT INTO "Name" (_id_name,name) VALUES (65,'Ignác');
INSERT INTO "Name" (_id_name,name) VALUES (66,'Igor');
INSERT INTO "Name" (_id_name,name) VALUES (67,'Ivan');
INSERT INTO "Name" (_id_name,name) VALUES (68,'Slavoj');
INSERT INTO "Name" (_id_name,name) VALUES (69,'Ivo');
INSERT INTO "Name" (_id_name,name) VALUES (70,'Jáchym');
INSERT INTO "Name" (_id_name,name) VALUES (71,'Jakub');
INSERT INTO "Name" (_id_name,name) VALUES (72,'Jan');
INSERT INTO "Name" (_id_name,name) VALUES (73,'Jarmil');
INSERT INTO "Name" (_id_name,name) VALUES (74,'Jaromír');
INSERT INTO "Name" (_id_name,name) VALUES (75,'Jaroslav');
INSERT INTO "Name" (_id_name,name) VALUES (76,'Jeroným');
INSERT INTO "Name" (_id_name,name) VALUES (77,'Jindřich');
INSERT INTO "Name" (_id_name,name) VALUES (78,'Jiří');
INSERT INTO "Name" (_id_name,name) VALUES (79,'Jonáš');
INSERT INTO "Name" (_id_name,name) VALUES (80,'Josef');
INSERT INTO "Name" (_id_name,name) VALUES (81,'Julius');
INSERT INTO "Name" (_id_name,name) VALUES (82,'Kamil');
INSERT INTO "Name" (_id_name,name) VALUES (83,'Karel');
INSERT INTO "Name" (_id_name,name) VALUES (84,'Kazimir');
INSERT INTO "Name" (_id_name,name) VALUES (85,'Klement');
INSERT INTO "Name" (_id_name,name) VALUES (86,'Kristian');
INSERT INTO "Name" (_id_name,name) VALUES (87,'Kryštof');
INSERT INTO "Name" (_id_name,name) VALUES (88,'Květoslav');
INSERT INTO "Name" (_id_name,name) VALUES (89,'Kvido');
INSERT INTO "Name" (_id_name,name) VALUES (90,'Ladislav');
INSERT INTO "Name" (_id_name,name) VALUES (91,'Leopold');
INSERT INTO "Name" (_id_name,name) VALUES (92,'Leoš');
INSERT INTO "Name" (_id_name,name) VALUES (93,'Libor');
INSERT INTO "Name" (_id_name,name) VALUES (94,'Samuel');
INSERT INTO "Name" (_id_name,name) VALUES (95,'Lubomír');
INSERT INTO "Name" (_id_name,name) VALUES (96,'Lubor');
INSERT INTO "Name" (_id_name,name) VALUES (97,'Luboš');
INSERT INTO "Name" (_id_name,name) VALUES (98,'Luděk');
INSERT INTO "Name" (_id_name,name) VALUES (99,'Ludvík');
INSERT INTO "Name" (_id_name,name) VALUES (100,'Lukáš');
INSERT INTO "Name" (_id_name,name) VALUES (101,'Lumír');
INSERT INTO "Name" (_id_name,name) VALUES (102,'Marcel');
INSERT INTO "Name" (_id_name,name) VALUES (103,'Marek');
INSERT INTO "Name" (_id_name,name) VALUES (104,'Marian');
INSERT INTO "Name" (_id_name,name) VALUES (105,'Martin');
INSERT INTO "Name" (_id_name,name) VALUES (106,'Matěj');
INSERT INTO "Name" (_id_name,name) VALUES (107,'Matouš');
INSERT INTO "Name" (_id_name,name) VALUES (108,'Maxmilián');
INSERT INTO "Name" (_id_name,name) VALUES (109,'Medard');
INSERT INTO "Name" (_id_name,name) VALUES (110,'Michal');
INSERT INTO "Name" (_id_name,name) VALUES (111,'Mikuláš');
INSERT INTO "Name" (_id_name,name) VALUES (112,'Milan');
INSERT INTO "Name" (_id_name,name) VALUES (113,'Miloslav');
INSERT INTO "Name" (_id_name,name) VALUES (114,'Miloš');
INSERT INTO "Name" (_id_name,name) VALUES (115,'Miroslav');
INSERT INTO "Name" (_id_name,name) VALUES (116,'Mojmír');
INSERT INTO "Name" (_id_name,name) VALUES (117,'Norbert');
INSERT INTO "Name" (_id_name,name) VALUES (118,'Oldřich');
INSERT INTO "Name" (_id_name,name) VALUES (119,'Oleg');
INSERT INTO "Name" (_id_name,name) VALUES (120,'Oliver');
INSERT INTO "Name" (_id_name,name) VALUES (121,'Ondřej');
INSERT INTO "Name" (_id_name,name) VALUES (122,'Oskar');
INSERT INTO "Name" (_id_name,name) VALUES (123,'Otakar');
INSERT INTO "Name" (_id_name,name) VALUES (124,'Otmar');
INSERT INTO "Name" (_id_name,name) VALUES (125,'Oto');
INSERT INTO "Name" (_id_name,name) VALUES (126,'Pankrác');
INSERT INTO "Name" (_id_name,name) VALUES (127,'Patrik');
INSERT INTO "Name" (_id_name,name) VALUES (128,'Petr');
INSERT INTO "Name" (_id_name,name) VALUES (129,'Petr');
INSERT INTO "Name" (_id_name,name) VALUES (130,'Pavel');
INSERT INTO "Name" (_id_name,name) VALUES (131,'Pravoslav');
INSERT INTO "Name" (_id_name,name) VALUES (132,'Prokop');
INSERT INTO "Name" (_id_name,name) VALUES (133,'Přemysl');
INSERT INTO "Name" (_id_name,name) VALUES (134,'Radan');
INSERT INTO "Name" (_id_name,name) VALUES (135,'Radek');
INSERT INTO "Name" (_id_name,name) VALUES (136,'Radim');
INSERT INTO "Name" (_id_name,name) VALUES (137,'Radomír');
INSERT INTO "Name" (_id_name,name) VALUES (138,'Radoslav');
INSERT INTO "Name" (_id_name,name) VALUES (139,'Radovan');
INSERT INTO "Name" (_id_name,name) VALUES (140,'René');
INSERT INTO "Name" (_id_name,name) VALUES (141,'Richard');
INSERT INTO "Name" (_id_name,name) VALUES (142,'Robert');
INSERT INTO "Name" (_id_name,name) VALUES (143,'Robin');
INSERT INTO "Name" (_id_name,name) VALUES (144,'Roland');
INSERT INTO "Name" (_id_name,name) VALUES (145,'Roman');
INSERT INTO "Name" (_id_name,name) VALUES (146,'Rostislav');
INSERT INTO "Name" (_id_name,name) VALUES (147,'Rudolf');
INSERT INTO "Name" (_id_name,name) VALUES (148,'Řehoř');
INSERT INTO "Name" (_id_name,name) VALUES (149,'Servác');
INSERT INTO "Name" (_id_name,name) VALUES (150,'Silvestr');
INSERT INTO "Name" (_id_name,name) VALUES (151,'Slavomír');
INSERT INTO "Name" (_id_name,name) VALUES (152,'Soběslav');
INSERT INTO "Name" (_id_name,name) VALUES (153,'Stanislav');
INSERT INTO "Name" (_id_name,name) VALUES (154,'Svatopluk');
INSERT INTO "Name" (_id_name,name) VALUES (155,'Svatoslav');
INSERT INTO "Name" (_id_name,name) VALUES (156,'Šimon');
INSERT INTO "Name" (_id_name,name) VALUES (157,'Štefan');
INSERT INTO "Name" (_id_name,name) VALUES (158,'Štěpán');
INSERT INTO "Name" (_id_name,name) VALUES (159,'Tadeáš');
INSERT INTO "Name" (_id_name,name) VALUES (160,'Teodor');
INSERT INTO "Name" (_id_name,name) VALUES (161,'Tibor');
INSERT INTO "Name" (_id_name,name) VALUES (162,'Tomáš');
INSERT INTO "Name" (_id_name,name) VALUES (163,'Václav');
INSERT INTO "Name" (_id_name,name) VALUES (164,'Valdemar');
INSERT INTO "Name" (_id_name,name) VALUES (165,'Valentýn');
INSERT INTO "Name" (_id_name,name) VALUES (166,'Vavřinec');
INSERT INTO "Name" (_id_name,name) VALUES (167,'Věnceslav');
INSERT INTO "Name" (_id_name,name) VALUES (168,'Vendelín');
INSERT INTO "Name" (_id_name,name) VALUES (169,'Věroslav');
INSERT INTO "Name" (_id_name,name) VALUES (170,'Viktor');
INSERT INTO "Name" (_id_name,name) VALUES (171,'Vilém');
INSERT INTO "Name" (_id_name,name) VALUES (172,'Vincenc');
INSERT INTO "Name" (_id_name,name) VALUES (173,'Vít');
INSERT INTO "Name" (_id_name,name) VALUES (174,'Vítězslav');
INSERT INTO "Name" (_id_name,name) VALUES (175,'Vladan');
INSERT INTO "Name" (_id_name,name) VALUES (176,'Vladimír');
INSERT INTO "Name" (_id_name,name) VALUES (177,'Vladislav');
INSERT INTO "Name" (_id_name,name) VALUES (178,'Vlastimil');
INSERT INTO "Name" (_id_name,name) VALUES (179,'Vlastislav');
INSERT INTO "Name" (_id_name,name) VALUES (180,'Vojtěch');
INSERT INTO "Name" (_id_name,name) VALUES (181,'Vratislav');
INSERT INTO "Name" (_id_name,name) VALUES (182,'Zbyněk');
INSERT INTO "Name" (_id_name,name) VALUES (183,'Zbyšek');
INSERT INTO "Name" (_id_name,name) VALUES (184,'Zdeněk');
INSERT INTO "Name" (_id_name,name) VALUES (185,'Zikmund');
INSERT INTO "Name" (_id_name,name) VALUES (186,'Eva');
INSERT INTO "Name" (_id_name,name) VALUES (187,'Adéla');
INSERT INTO "Name" (_id_name,name) VALUES (188,'Adriana');
INSERT INTO "Name" (_id_name,name) VALUES (189,'Agáta');
INSERT INTO "Name" (_id_name,name) VALUES (190,'Albína');
INSERT INTO "Name" (_id_name,name) VALUES (191,'Alena');
INSERT INTO "Name" (_id_name,name) VALUES (192,'Alexandra');
INSERT INTO "Name" (_id_name,name) VALUES (193,'Alžběta');
INSERT INTO "Name" (_id_name,name) VALUES (194,'Anděla');
INSERT INTO "Name" (_id_name,name) VALUES (195,'Andrea');
INSERT INTO "Name" (_id_name,name) VALUES (196,'Aneta');
INSERT INTO "Name" (_id_name,name) VALUES (197,'Anežka');
INSERT INTO "Name" (_id_name,name) VALUES (198,'Anna');
INSERT INTO "Name" (_id_name,name) VALUES (199,'Apolena');
INSERT INTO "Name" (_id_name,name) VALUES (200,'Barbora');
INSERT INTO "Name" (_id_name,name) VALUES (201,'Beáta');
INSERT INTO "Name" (_id_name,name) VALUES (202,'Běla');
INSERT INTO "Name" (_id_name,name) VALUES (203,'Berta');
INSERT INTO "Name" (_id_name,name) VALUES (204,'Blanka');
INSERT INTO "Name" (_id_name,name) VALUES (205,'Blažena');
INSERT INTO "Name" (_id_name,name) VALUES (206,'Bohdana');
INSERT INTO "Name" (_id_name,name) VALUES (207,'Bohumila');
INSERT INTO "Name" (_id_name,name) VALUES (208,'Bohuslava');
INSERT INTO "Name" (_id_name,name) VALUES (209,'Božena');
INSERT INTO "Name" (_id_name,name) VALUES (210,'Brigita');
INSERT INTO "Name" (_id_name,name) VALUES (211,'Dana');
INSERT INTO "Name" (_id_name,name) VALUES (212,'Daniela');
INSERT INTO "Name" (_id_name,name) VALUES (213,'Darina');
INSERT INTO "Name" (_id_name,name) VALUES (214,'Darja');
INSERT INTO "Name" (_id_name,name) VALUES (215,'Denisa');
INSERT INTO "Name" (_id_name,name) VALUES (216,'Diana');
INSERT INTO "Name" (_id_name,name) VALUES (217,'Dita');
INSERT INTO "Name" (_id_name,name) VALUES (218,'Dobromila');
INSERT INTO "Name" (_id_name,name) VALUES (219,'Dorota');
INSERT INTO "Name" (_id_name,name) VALUES (220,'Doubravka');
INSERT INTO "Name" (_id_name,name) VALUES (221,'Drahomíra');
INSERT INTO "Name" (_id_name,name) VALUES (222,'Drahoslava');
INSERT INTO "Name" (_id_name,name) VALUES (223,'Edita');
INSERT INTO "Name" (_id_name,name) VALUES (224,'Elena');
INSERT INTO "Name" (_id_name,name) VALUES (225,'Eliška');
INSERT INTO "Name" (_id_name,name) VALUES (226,'Ema');
INSERT INTO "Name" (_id_name,name) VALUES (227,'Erika');
INSERT INTO "Name" (_id_name,name) VALUES (228,'Evelína');
INSERT INTO "Name" (_id_name,name) VALUES (229,'Františka');
INSERT INTO "Name" (_id_name,name) VALUES (230,'Gabriela');
INSERT INTO "Name" (_id_name,name) VALUES (231,'Gita');
INSERT INTO "Name" (_id_name,name) VALUES (232,'Gizela');
INSERT INTO "Name" (_id_name,name) VALUES (233,'Hana');
INSERT INTO "Name" (_id_name,name) VALUES (234,'Hedvika');
INSERT INTO "Name" (_id_name,name) VALUES (235,'Helena');
INSERT INTO "Name" (_id_name,name) VALUES (236,'Hermína');
INSERT INTO "Name" (_id_name,name) VALUES (237,'Ida');
INSERT INTO "Name" (_id_name,name) VALUES (238,'Ilja');
INSERT INTO "Name" (_id_name,name) VALUES (239,'Ilona');
INSERT INTO "Name" (_id_name,name) VALUES (240,'Irena');
INSERT INTO "Name" (_id_name,name) VALUES (241,'Irma');
INSERT INTO "Name" (_id_name,name) VALUES (242,'Iva');
INSERT INTO "Name" (_id_name,name) VALUES (243,'Ivana');
INSERT INTO "Name" (_id_name,name) VALUES (244,'Iveta');
INSERT INTO "Name" (_id_name,name) VALUES (245,'Ivona');
INSERT INTO "Name" (_id_name,name) VALUES (246,'Izabela');
INSERT INTO "Name" (_id_name,name) VALUES (247,'Jana');
INSERT INTO "Name" (_id_name,name) VALUES (248,'Jarmila');
INSERT INTO "Name" (_id_name,name) VALUES (249,'Jaroslava');
INSERT INTO "Name" (_id_name,name) VALUES (250,'Jindřiška');
INSERT INTO "Name" (_id_name,name) VALUES (251,'Jiřina');
INSERT INTO "Name" (_id_name,name) VALUES (252,'Jitka');
INSERT INTO "Name" (_id_name,name) VALUES (253,'Johana');
INSERT INTO "Name" (_id_name,name) VALUES (254,'Jolana');
INSERT INTO "Name" (_id_name,name) VALUES (255,'Judita');
INSERT INTO "Name" (_id_name,name) VALUES (256,'Justýna');
INSERT INTO "Name" (_id_name,name) VALUES (257,'Kamila');
INSERT INTO "Name" (_id_name,name) VALUES (258,'Karina');
INSERT INTO "Name" (_id_name,name) VALUES (259,'Karolína');
INSERT INTO "Name" (_id_name,name) VALUES (260,'Kateřina');
INSERT INTO "Name" (_id_name,name) VALUES (261,'Klára');
INSERT INTO "Name" (_id_name,name) VALUES (262,'Kristýna');
INSERT INTO "Name" (_id_name,name) VALUES (263,'Květa');
INSERT INTO "Name" (_id_name,name) VALUES (264,'Květoslava');
INSERT INTO "Name" (_id_name,name) VALUES (265,'Lada');
INSERT INTO "Name" (_id_name,name) VALUES (266,'Laura');
INSERT INTO "Name" (_id_name,name) VALUES (267,'Lenka');
INSERT INTO "Name" (_id_name,name) VALUES (268,'Leona');
INSERT INTO "Name" (_id_name,name) VALUES (269,'Liběna');
INSERT INTO "Name" (_id_name,name) VALUES (270,'Liliana');
INSERT INTO "Name" (_id_name,name) VALUES (271,'Linda');
INSERT INTO "Name" (_id_name,name) VALUES (272,'Ljuba');
INSERT INTO "Name" (_id_name,name) VALUES (273,'Ludmila');
INSERT INTO "Name" (_id_name,name) VALUES (274,'Magdaléna');
INSERT INTO "Name" (_id_name,name) VALUES (275,'Mahulena');
INSERT INTO "Name" (_id_name,name) VALUES (276,'Marcela');
INSERT INTO "Name" (_id_name,name) VALUES (277,'Mariana');
INSERT INTO "Name" (_id_name,name) VALUES (278,'Marika');
INSERT INTO "Name" (_id_name,name) VALUES (279,'Marina');
INSERT INTO "Name" (_id_name,name) VALUES (280,'Markéta');
INSERT INTO "Name" (_id_name,name) VALUES (281,'Marta');
INSERT INTO "Name" (_id_name,name) VALUES (282,'Martina');
INSERT INTO "Name" (_id_name,name) VALUES (283,'Michaela');
INSERT INTO "Name" (_id_name,name) VALUES (284,'Milada');
INSERT INTO "Name" (_id_name,name) VALUES (285,'Milena');
INSERT INTO "Name" (_id_name,name) VALUES (286,'Miloslava');
INSERT INTO "Name" (_id_name,name) VALUES (287,'Miroslava');
INSERT INTO "Name" (_id_name,name) VALUES (288,'Monika');
INSERT INTO "Name" (_id_name,name) VALUES (289,'Naděžda');
INSERT INTO "Name" (_id_name,name) VALUES (290,'Nataša');
INSERT INTO "Name" (_id_name,name) VALUES (291,'Nela');
INSERT INTO "Name" (_id_name,name) VALUES (292,'Nikola');
INSERT INTO "Name" (_id_name,name) VALUES (293,'Nina');
INSERT INTO "Name" (_id_name,name) VALUES (294,'Nora');
INSERT INTO "Name" (_id_name,name) VALUES (295,'Oldřiška');
INSERT INTO "Name" (_id_name,name) VALUES (296,'Olga');
INSERT INTO "Name" (_id_name,name) VALUES (297,'Pavla');
INSERT INTO "Name" (_id_name,name) VALUES (298,'Pavlína');
INSERT INTO "Name" (_id_name,name) VALUES (299,'Petra');
INSERT INTO "Name" (_id_name,name) VALUES (300,'Radana');
INSERT INTO "Name" (_id_name,name) VALUES (301,'Radka');
INSERT INTO "Name" (_id_name,name) VALUES (302,'Radmila');
INSERT INTO "Name" (_id_name,name) VALUES (303,'Regína');
INSERT INTO "Name" (_id_name,name) VALUES (304,'Renáta');
INSERT INTO "Name" (_id_name,name) VALUES (305,'Romana');
INSERT INTO "Name" (_id_name,name) VALUES (306,'Matylda');
INSERT INTO "Name" (_id_name,name) VALUES (307,'Růžena');
INSERT INTO "Name" (_id_name,name) VALUES (308,'Sabina');
INSERT INTO "Name" (_id_name,name) VALUES (309,'Sandra');
INSERT INTO "Name" (_id_name,name) VALUES (310,'Sáva');
INSERT INTO "Name" (_id_name,name) VALUES (311,'Simona');
INSERT INTO "Name" (_id_name,name) VALUES (312,'Slavěna');
INSERT INTO "Name" (_id_name,name) VALUES (313,'Soňa');
INSERT INTO "Name" (_id_name,name) VALUES (314,'Stanislava');
INSERT INTO "Name" (_id_name,name) VALUES (315,'Stela');
INSERT INTO "Name" (_id_name,name) VALUES (316,'Svatava');
INSERT INTO "Name" (_id_name,name) VALUES (317,'Světlana');
INSERT INTO "Name" (_id_name,name) VALUES (318,'Šárka');
INSERT INTO "Name" (_id_name,name) VALUES (319,'Šarlota');
INSERT INTO "Name" (_id_name,name) VALUES (320,'Sára');
INSERT INTO "Name" (_id_name,name) VALUES (321,'Štěpánka');
INSERT INTO "Name" (_id_name,name) VALUES (322,'Tamara');
INSERT INTO "Name" (_id_name,name) VALUES (323,'Taťána');
INSERT INTO "Name" (_id_name,name) VALUES (324,'Tereza');
INSERT INTO "Name" (_id_name,name) VALUES (325,'Vanda');
INSERT INTO "Name" (_id_name,name) VALUES (326,'Vendula');
INSERT INTO "Name" (_id_name,name) VALUES (327,'Věra');
INSERT INTO "Name" (_id_name,name) VALUES (328,'Veronika');
INSERT INTO "Name" (_id_name,name) VALUES (329,'Vilma');
INSERT INTO "Name" (_id_name,name) VALUES (330,'Viola');
INSERT INTO "Name" (_id_name,name) VALUES (331,'Vladěna');
INSERT INTO "Name" (_id_name,name) VALUES (332,'Vlasta');
INSERT INTO "Name" (_id_name,name) VALUES (333,'Zdeňka');
INSERT INTO "Name" (_id_name,name) VALUES (334,'Zdislava');
INSERT INTO "Name" (_id_name,name) VALUES (335,'Zina');
INSERT INTO "Name" (_id_name,name) VALUES (336,'Zita');
INSERT INTO "Name" (_id_name,name) VALUES (337,'Zlata');
INSERT INTO "Name" (_id_name,name) VALUES (338,'Zora');
INSERT INTO "Name" (_id_name,name) VALUES (339,'Zuzana');
INSERT INTO "Name" (_id_name,name) VALUES (340,'Alice');
INSERT INTO "Name" (_id_name,name) VALUES (341,'Anastázie');
INSERT INTO "Name" (_id_name,name) VALUES (342,'Antonie');
INSERT INTO "Name" (_id_name,name) VALUES (343,'Cecílie');
INSERT INTO "Name" (_id_name,name) VALUES (344,'Emílie');
INSERT INTO "Name" (_id_name,name) VALUES (345,'Evženie');
INSERT INTO "Name" (_id_name,name) VALUES (346,'Julie');
INSERT INTO "Name" (_id_name,name) VALUES (347,'Klaudie');
INSERT INTO "Name" (_id_name,name) VALUES (348,'Libuše');
INSERT INTO "Name" (_id_name,name) VALUES (349,'Amálie');
INSERT INTO "Name" (_id_name,name) VALUES (350,'Lucie');
INSERT INTO "Name" (_id_name,name) VALUES (351,'Lýdie');
INSERT INTO "Name" (_id_name,name) VALUES (352,'Marie');
INSERT INTO "Name" (_id_name,name) VALUES (353,'Miluše');
INSERT INTO "Name" (_id_name,name) VALUES (354,'Natálie');
INSERT INTO "Name" (_id_name,name) VALUES (355,'Olivie');
INSERT INTO "Name" (_id_name,name) VALUES (356,'Otýlie');
INSERT INTO "Name" (_id_name,name) VALUES (357,'Patricie');
INSERT INTO "Name" (_id_name,name) VALUES (358,'Saskie');
INSERT INTO "Name" (_id_name,name) VALUES (359,'Silvie');
INSERT INTO "Name" (_id_name,name) VALUES (360,'Zoe');
INSERT INTO "Name" (_id_name,name) VALUES (361,'Valérie');
INSERT INTO "Name" (_id_name,name) VALUES (362,'Viktorie');
INSERT INTO "Name" (_id_name,name) VALUES (363,'Xenie');
INSERT INTO "Name" (_id_name,name) VALUES (364,'Žofie');
INSERT INTO "Name" (_id_name,name) VALUES (365,'Dagmar');
INSERT INTO "Name" (_id_name,name) VALUES (366,'Ester');
INSERT INTO "Name" (_id_name,name) VALUES (367,'Ingrid');
INSERT INTO "Name" (_id_name,name) VALUES (368,'Miriam');
INSERT INTO "Name" (_id_name,name) VALUES (369,'Růt');
INSERT INTO "Occupation" (_id_occup,name) VALUES (0,'Češíř');
INSERT INTO "Occupation" (_id_occup,name) VALUES (1,'Popelář');
INSERT INTO "Occupation" (_id_occup,name) VALUES (2,'Usenník');
INSERT INTO "Occupation" (_id_occup,name) VALUES (3,'Krumpléř');
INSERT INTO "Occupation" (_id_occup,name) VALUES (4,'Paznohetník');
INSERT INTO "Occupation" (_id_occup,name) VALUES (5,'Knihař');
INSERT INTO "Occupation" (_id_occup,name) VALUES (6,'Rourař');
INSERT INTO "Occupation" (_id_occup,name) VALUES (7,'Svícník');
INSERT INTO "Occupation" (_id_occup,name) VALUES (8,'Pytlák');
INSERT INTO "Occupation" (_id_occup,name) VALUES (9,'Rybníkář');
INSERT INTO "Occupation" (_id_occup,name) VALUES (10,'Vinopalník');
INSERT INTO "Occupation" (_id_occup,name) VALUES (11,'Hamerník');
INSERT INTO "Occupation" (_id_occup,name) VALUES (12,'Citárník');
INSERT INTO "Occupation" (_id_occup,name) VALUES (13,'Řezáč pečetí a erbů');
INSERT INTO "Occupation" (_id_occup,name) VALUES (14,'Písař důchodní');
INSERT INTO "Occupation" (_id_occup,name) VALUES (15,'Soldát');
INSERT INTO "Occupation" (_id_occup,name) VALUES (16,'Solař');
INSERT INTO "Occupation" (_id_occup,name) VALUES (17,'Fiakrista');
INSERT INTO "Occupation" (_id_occup,name) VALUES (18,'Sladomel');
INSERT INTO "Occupation" (_id_occup,name) VALUES (19,'Řezník uzenář');
INSERT INTO "Occupation" (_id_occup,name) VALUES (20,'Šrotéř pivní');
INSERT INTO "Occupation" (_id_occup,name) VALUES (21,'Pouzdrník');
INSERT INTO "Occupation" (_id_occup,name) VALUES (22,'Rektor');
INSERT INTO "Occupation" (_id_occup,name) VALUES (23,'Rendlíkář');
INSERT INTO "Occupation" (_id_occup,name) VALUES (24,'Hospodářka');
INSERT INTO "Occupation" (_id_occup,name) VALUES (25,'Hudebník');
INSERT INTO "Occupation" (_id_occup,name) VALUES (26,'Sklenář');
INSERT INTO "Occupation" (_id_occup,name) VALUES (27,'Kolovrátkář');
INSERT INTO "Occupation" (_id_occup,name) VALUES (28,'Ranhojič');
INSERT INTO "Occupation" (_id_occup,name) VALUES (29,'Láhevník');
INSERT INTO "Occupation" (_id_occup,name) VALUES (30,'Hvězdář');
INSERT INTO "Occupation" (_id_occup,name) VALUES (31,'Pancéřník');
INSERT INTO "Occupation" (_id_occup,name) VALUES (32,'Čeledín');
INSERT INTO "Occupation" (_id_occup,name) VALUES (33,'Poklasný');
INSERT INTO "Occupation" (_id_occup,name) VALUES (34,'Šlejféř');
INSERT INTO "Occupation" (_id_occup,name) VALUES (35,'Mazanečník');
INSERT INTO "Occupation" (_id_occup,name) VALUES (36,'Řemeslník boudní');
INSERT INTO "Occupation" (_id_occup,name) VALUES (37,'Medvědář');
INSERT INTO "Occupation" (_id_occup,name) VALUES (38,'Sokolník');
INSERT INTO "Occupation" (_id_occup,name) VALUES (39,'Ručničkář');
INSERT INTO "Occupation" (_id_occup,name) VALUES (40,'Zpěvák');
INSERT INTO "Occupation" (_id_occup,name) VALUES (41,'Rohožník');
INSERT INTO "Occupation" (_id_occup,name) VALUES (42,'Štelmachr');
INSERT INTO "Occupation" (_id_occup,name) VALUES (43,'Mykač');
INSERT INTO "Occupation" (_id_occup,name) VALUES (44,'Kroječ');
INSERT INTO "Occupation" (_id_occup,name) VALUES (45,'Barchaník');
INSERT INTO "Occupation" (_id_occup,name) VALUES (46,'Nádeník');
INSERT INTO "Occupation" (_id_occup,name) VALUES (47,'Kolovratník');
INSERT INTO "Occupation" (_id_occup,name) VALUES (48,'Tlumočník');
INSERT INTO "Occupation" (_id_occup,name) VALUES (49,'Vinopalník');
INSERT INTO "Director" (_id_director,surname,title) VALUES (0,'Marek','admininstrátor');
INSERT INTO "Director" (_id_director,surname,title) VALUES (1,'Štěpánek','kaplan');
INSERT INTO "Director" (_id_director,surname,title) VALUES (2,'Stejskal','farář');
INSERT INTO "DirectorName" (director_id,name_id) VALUES (0,147);
INSERT INTO "DirectorName" (director_id,name_id) VALUES (1,68);
INSERT INTO "DirectorName" (director_id,name_id) VALUES (2,142);
INSERT INTO "Celebrant" (_id_celebrant,surname,title_occup) VALUES (0,'Krejčí','admininstrátor');
INSERT INTO "Celebrant" (_id_celebrant,surname,title_occup) VALUES (1,'Pavlík','kooperátor');
INSERT INTO "Celebrant" (_id_celebrant,surname,title_occup) VALUES (2,'Kratochvíl','kaplan');
INSERT INTO "CelebrantName" (celebrant_id,name_id) VALUES (0,182);
INSERT INTO "CelebrantName" (celebrant_id,name_id) VALUES (1,140);
INSERT INTO "CelebrantName" (celebrant_id,name_id) VALUES (2,3);
INSERT INTO "Officiant" (_id_officiant,surname,title) VALUES (0,'Stejskal','kanovník');
INSERT INTO "Officiant" (_id_officiant,surname,title) VALUES (1,'Šimek','magister');
INSERT INTO "Officiant" (_id_officiant,surname,title) VALUES (2,'Štěpánek','farář');
INSERT INTO "OfficiantName" (officiant_id,name_id) VALUES (0,75);
INSERT INTO "OfficiantName" (officiant_id,name_id) VALUES (1,107);
INSERT INTO "OfficiantName" (officiant_id,name_id) VALUES (2,81);
INSERT INTO "Person" (_id_person,surname,village,street,descr,birth,sex,religion) VALUES (0,'Slavíková','Pardubice','Vodáková',7512,'1804-06-07','žena','katolík');
INSERT INTO "Person" (_id_person,surname,village,street,descr,birth,sex,religion) VALUES (1,'Slavík','Pardubice','Vodáková',7512,'1800-12-24','muž','katolík');
INSERT INTO "Person" (_id_person,surname,village,street,descr,birth,sex,religion,mother_id,father_id) VALUES (2,'Slavíková','Pardubice','Vodáková',7512,'1829-09-28','žena','katolík',0,1);
INSERT INTO "Person" (_id_person,surname,village,street,descr,birth,sex,religion) VALUES (3,'Víteková','Havířov','Vlasáková',24570,'1805-04-02','žena','katolík');
INSERT INTO "Person" (_id_person,surname,village,street,descr,birth,sex,religion) VALUES (4,'Vítek','Havířov','Vlasáková',24570,'1809-04-01','muž','katolík');
INSERT INTO "Person" (_id_person,surname,village,street,descr,birth,sex,religion,mother_id,father_id) VALUES (5,'Víteková','Havířov','Vlasáková',24570,'1832-07-20','žena','katolík',3,4);
INSERT INTO "Person" (_id_person,surname,village,street,descr,birth,sex,religion) VALUES (6,'Pavlíková','Opava','Adrián',828,'1808-02-06','žena','nepokřtěn');
INSERT INTO "Person" (_id_person,surname,village,street,descr,birth,sex,religion) VALUES (7,'Pavlík','Opava','Adrián',828,'1805-08-15','muž','evangelík');
INSERT INTO "Person" (_id_person,surname,village,street,descr,birth,sex,religion,mother_id,father_id) VALUES (8,'Pavlíková','Opava','Adrián',828,'1838-02-04','žena','nepokřtěn',6,7);
INSERT INTO "Person" (_id_person,surname,village,street,descr,birth,sex,religion) VALUES (9,'Sedláková','Zlín','Arzen',9024,'1808-11-20','žena','katolík');
INSERT INTO "Person" (_id_person,surname,village,street,descr,birth,sex,religion) VALUES (10,'Sedlák','Zlín','Arzen',9024,'1808-10-04','muž','katolík');
INSERT INTO "Person" (_id_person,surname,village,street,descr,birth,sex,religion,mother_id,father_id) VALUES (11,'Sedláková','Zlín','Arzen',9024,'1832-04-29','žena','katolík',9,10);
INSERT INTO "Person" (_id_person,surname,village,street,descr,birth,sex,religion,mother_id) VALUES (12,'Sedláková','Zlín','Anselm',484,'1862-05-22','žena','katolík',11);
INSERT INTO "Person" (_id_person,surname,village,street,descr,birth,sex,religion,mother_id) VALUES (13,'Sedláková','Zlín','Bartošová',67840,'1865-01-01','žena','katolík',11);
INSERT INTO "Person" (_id_person,surname,village,street,descr,birth,sex,religion,mother_id) VALUES (14,'Sedláková','Zlín','Dvorskýová',3583,'1863-11-23','žena','nepokřtěn',11);
INSERT INTO "Person" (_id_person,surname,village,street,descr,birth,sex,religion,mother_id) VALUES (15,'Sedláková','Zlín','čonková',0945,'1868-06-28','žena','katolík',11);
INSERT INTO "Person" (_id_person,surname,village,street,descr,birth,sex,religion) VALUES (16,'Urbanová','Brno','Luděk',0184,'1804-03-30','žena','evangelík');
INSERT INTO "Person" (_id_person,surname,village,street,descr,birth,sex,religion) VALUES (17,'Urban','Brno','Luděk',0184,'1803-02-24','muž','evangelík');
INSERT INTO "Person" (_id_person,surname,village,street,descr,birth,sex,religion,mother_id,father_id) VALUES (18,'Urbanová','Brno','Luděk',0184,'1839-10-22','žena','evangelík',16,17);
INSERT INTO "Person" (_id_person,surname,village,street,descr,birth,sex,religion) VALUES (19,'Mareková','Ústí nad Labem','Gorazd',74253,'1800-06-21','žena','nepokřtěn');
INSERT INTO "Person" (_id_person,surname,village,street,descr,birth,sex,religion) VALUES (20,'Marek','Ústí nad Labem','Gorazd',74253,'1807-06-16','muž','nepokřtěn');
INSERT INTO "Person" (_id_person,surname,village,street,descr,birth,sex,religion,mother_id,father_id) VALUES (21,'Marek','Ústí nad Labem','Gorazd',74253,'1830-03-07','muž','nepokřtěn',19,20);
INSERT INTO "Person" (_id_person,surname,village,street,descr,birth,sex,religion) VALUES (22,'Jarošová','Hradec Králové','šanda',2619,'1805-06-03','žena','nepokřtěn');
INSERT INTO "Person" (_id_person,surname,village,street,descr,birth,sex,religion) VALUES (23,'Jaroš','Hradec Králové','šanda',2619,'1803-04-17','muž','nepokřtěn');
INSERT INTO "Person" (_id_person,surname,village,street,descr,birth,sex,religion,mother_id,father_id) VALUES (24,'Jaroš','Hradec Králové','šanda',2619,'1825-06-19','muž','nepokřtěn',22,23);
INSERT INTO "Person" (_id_person,surname,village,street,descr,birth,sex,religion,father_id) VALUES (25,'Jarošová','Hradec Králové','Vojtková',33961,'1865-11-11','žena','nepokřtěn',24);
INSERT INTO "Person" (_id_person,surname,village,street,descr,birth,sex,religion,father_id) VALUES (26,'Jaroš','Teplice','Irenej',4024,'1862-06-11','muž','nepokřtěn',24);
INSERT INTO "Person" (_id_person,surname,village,street,descr,birth,sex,religion) VALUES (27,'Havlíčeková','Liberec','Bendová',84168,'1805-06-05','žena','evangelík');
INSERT INTO "Person" (_id_person,surname,village,street,descr,birth,sex,religion) VALUES (28,'Havlíček','Liberec','Bendová',84168,'1809-04-28','muž','evangelík');
INSERT INTO "Person" (_id_person,surname,village,street,descr,birth,sex,religion,mother_id,father_id) VALUES (29,'Havlíčeková','Liberec','Bendová',84168,'1836-06-25','žena','evangelík',27,28);
INSERT INTO "Person" (_id_person,surname,village,street,descr,birth,sex,religion) VALUES (30,'Kočíová','Olomouc','řeháček',706,'1800-02-01','žena','katolík');
INSERT INTO "Person" (_id_person,surname,village,street,descr,birth,sex,religion) VALUES (31,'Kočí','Olomouc','řeháček',706,'1800-08-10','muž','katolík');
INSERT INTO "Person" (_id_person,surname,village,street,descr,birth,sex,religion,mother_id,father_id) VALUES (32,'Kočíová','Olomouc','řeháček',706,'1839-02-01','žena','katolík',30,31);
INSERT INTO "Person" (_id_person,surname,village,street,descr,birth,sex,religion,mother_id) VALUES (33,'Kočíová','Olomouc','Remus',716,'1864-10-22','žena','katolík',32);
INSERT INTO "Person" (_id_person,surname,village,street,descr,birth,sex,religion,mother_id) VALUES (34,'Kočíová','Olomouc','Prokopa',2257,'1855-07-09','žena','katolík',32);
INSERT INTO "Person" (_id_person,surname,village,street,descr,birth,sex,religion,mother_id) VALUES (35,'Kočíová','Teplice','Cézar',8041,'1866-05-19','žena','katolík',32);
INSERT INTO "Person" (_id_person,surname,village,street,descr,birth,sex,religion) VALUES (36,'Krejčíová','České Budějovice','Loudová',4070,'1809-01-22','žena','nepokřtěn');
INSERT INTO "Person" (_id_person,surname,village,street,descr,birth,sex,religion) VALUES (37,'Krejčí','České Budějovice','Loudová',4070,'1802-03-03','muž','nepokřtěn');
INSERT INTO "Person" (_id_person,surname,village,street,descr,birth,sex,religion,mother_id,father_id) VALUES (38,'Krejčíová','České Budějovice','Loudová',4070,'1830-11-25','žena','nepokřtěn',36,37);
INSERT INTO "Person" (_id_person,surname,village,street,descr,birth,sex,religion,mother_id) VALUES (39,'Krejčí','České Budějovice','Kopřiva',305,'1855-06-20','muž','nepokřtěn',38);
INSERT INTO "Person" (_id_person,surname,village,street,descr,birth,sex,religion,mother_id) VALUES (40,'Krejčíová','České Budějovice','Formanová',476,'1862-04-01','žena','nepokřtěn',38);
INSERT INTO "Person" (_id_person,surname,village,street,descr,birth,sex,religion,mother_id) VALUES (41,'Krejčí','České Budějovice','Macura',66973,'1869-12-14','muž','nepokřtěn',38);
INSERT INTO "Person" (_id_person,surname,village,street,descr,birth,sex,religion) VALUES (42,'Matoušeková','Kladno','Timon',32537,'1809-10-11','žena','katolík');
INSERT INTO "Person" (_id_person,surname,village,street,descr,birth,sex,religion) VALUES (43,'Matoušek','Kladno','Timon',32537,'1802-09-14','muž','katolík');
INSERT INTO "Person" (_id_person,surname,village,street,descr,birth,sex,religion,mother_id,father_id) VALUES (44,'Matoušeková','Kladno','Timon',32537,'1832-09-30','žena','katolík',42,43);
INSERT INTO "Person" (_id_person,surname,village,street,descr,birth,sex,religion,mother_id) VALUES (45,'Matoušek','Kladno','Rafaela',77935,'1864-06-14','muž','katolík',44);
INSERT INTO "Person" (_id_person,surname,village,street,descr,birth,sex,religion,mother_id) VALUES (46,'Matoušek','Zlín','Izidor',19345,'1864-05-05','muž','katolík',44);
INSERT INTO "Person" (_id_person,surname,village,street,descr,birth,sex,religion,mother_id) VALUES (47,'Matoušek','Kladno','Hejlová',574,'1856-03-15','muž','katolík',44);
INSERT INTO "Person" (_id_person,surname,village,street,descr,birth,sex,religion) VALUES (48,'Bíleková','Ostrava','Petrů',4851,'1801-11-27','žena','nepokřtěn');
INSERT INTO "Person" (_id_person,surname,village,street,descr,birth,sex,religion) VALUES (49,'Bílek','Ostrava','Petrů',4851,'1805-12-05','muž','nepokřtěn');
INSERT INTO "Person" (_id_person,surname,village,street,descr,birth,sex,religion,mother_id,father_id) VALUES (50,'Bílek','Ostrava','Petrů',4851,'1828-07-07','muž','nepokřtěn',48,49);
INSERT INTO "Person" (_id_person,surname,village,street,descr,birth,sex,religion,father_id) VALUES (51,'Bílek','Pardubice','Havelka',5787,'1863-10-02','muž','nepokřtěn',50);
INSERT INTO "Person" (_id_person,surname,village,street,descr,birth,sex,religion,father_id) VALUES (52,'Bílek','Ostrava','Karin',007,'1864-05-12','muž','nepokřtěn',50);
INSERT INTO "Person" (_id_person,surname,village,street,descr,birth,sex,religion,father_id) VALUES (53,'Bílek','Ústí nad Labem','Amát',61988,'1864-08-14','muž','nepokřtěn',50);
INSERT INTO "Person" (_id_person,surname,village,street,descr,birth,sex,religion) VALUES (54,'Krausová','Plzeň','Novosad',5885,'1807-06-17','žena','katolík');
INSERT INTO "Person" (_id_person,surname,village,street,descr,birth,sex,religion) VALUES (55,'Kraus','Plzeň','Novosad',5885,'1803-06-27','muž','katolík');
INSERT INTO "Person" (_id_person,surname,village,street,descr,birth,sex,religion,mother_id,father_id) VALUES (56,'Kraus','Plzeň','Novosad',5885,'1828-02-10','muž','katolík',54,55);
INSERT INTO "Person" (_id_person,surname,village,street,descr,birth,sex,religion,father_id) VALUES (57,'Krausová','Plzeň','Virgínie',3024,'1861-05-24','žena','katolík',56);
INSERT INTO "Person" (_id_person,surname,village,street,descr,birth,sex,religion,father_id) VALUES (58,'Krausová','Ostrava','Sadílková',61306,'1859-09-30','žena','katolík',56);
INSERT INTO "Person" (_id_person,surname,village,street,descr,birth,sex,religion,father_id) VALUES (59,'Kraus','Plzeň','Mužík',53572,'1862-06-15','muž','nepokřtěn',56);
INSERT INTO "Person" (_id_person,surname,village,street,descr,birth,sex,religion) VALUES (60,'Bednářová','Praha','Donald',10128,'1809-09-20','žena','katolík');
INSERT INTO "Person" (_id_person,surname,village,street,descr,birth,sex,religion) VALUES (61,'Bednář','Praha','Donald',10128,'1808-04-17','muž','katolík');
INSERT INTO "Person" (_id_person,surname,village,street,descr,birth,sex,religion,mother_id,father_id) VALUES (62,'Bednářová','Praha','Donald',10128,'1836-07-24','žena','katolík',60,61);
INSERT INTO "Person" (_id_person,surname,village,street,descr,birth,sex,religion,mother_id) VALUES (63,'Bednář','Praha','Leopolda',8082,'1863-01-12','muž','nepokřtěn',62);
INSERT INTO "Person" (_id_person,surname,village,street,descr,birth,sex,religion,mother_id) VALUES (64,'Bednář','Praha','Petrová',85222,'1869-09-20','muž','katolík',62);
INSERT INTO "Person" (_id_person,surname,village,street,descr,birth,sex,religion,mother_id) VALUES (65,'Bednář','Praha','Lukáčová',99721,'1868-06-29','muž','katolík',62);
INSERT INTO "Person" (_id_person,surname,village,street,descr,birth,sex,religion) VALUES (66,'Strnadová','Most','Irena',761,'1806-02-07','žena','evangelík');
INSERT INTO "Person" (_id_person,surname,village,street,descr,birth,sex,religion) VALUES (67,'Strnad','Most','Irena',761,'1800-11-07','muž','evangelík');
INSERT INTO "Person" (_id_person,surname,village,street,descr,birth,sex,religion,mother_id,father_id) VALUES (68,'Strnadová','Most','Irena',761,'1832-01-10','žena','evangelík',66,67);
INSERT INTO "Person" (_id_person,surname,village,street,descr,birth,sex,religion) VALUES (69,'Křížová','Pardubice','Vránová',5811,'1801-10-17','žena','evangelík');
INSERT INTO "Person" (_id_person,surname,village,street,descr,birth,sex,religion) VALUES (70,'Kříž','Pardubice','Vránová',5811,'1807-04-02','muž','katolík');
INSERT INTO "Person" (_id_person,surname,village,street,descr,birth,sex,religion,mother_id,father_id) VALUES (71,'Křížová','Pardubice','Vránová',5811,'1832-08-08','žena','evangelík',69,70);
INSERT INTO "Person" (_id_person,surname,village,street,descr,birth,sex,religion) VALUES (72,'Musilová','Most','Grundzová',7171,'1808-09-19','žena','nepokřtěn');
INSERT INTO "Person" (_id_person,surname,village,street,descr,birth,sex,religion) VALUES (73,'Musil','Most','Grundzová',7171,'1808-10-29','muž','nepokřtěn');
INSERT INTO "Person" (_id_person,surname,village,street,descr,birth,sex,religion,mother_id,father_id) VALUES (74,'Musilová','Most','Grundzová',7171,'1826-03-23','žena','nepokřtěn',72,73);
INSERT INTO "Person" (_id_person,surname,village,street,descr,birth,sex,religion,mother_id) VALUES (75,'Musilová','Most','Holas',6590,'1866-08-31','žena','nepokřtěn',74);
INSERT INTO "Person" (_id_person,surname,village,street,descr,birth,sex,religion,mother_id) VALUES (76,'Musilová','Most','Hrubýová',407,'1866-06-23','žena','nepokřtěn',74);
INSERT INTO "Person" (_id_person,surname,village,street,descr,birth,sex,religion,mother_id) VALUES (77,'Musilová','Most','Mnislav',50877,'1861-06-24','žena','nepokřtěn',74);
INSERT INTO "Person" (_id_person,surname,village,street,descr,birth,sex,religion,mother_id) VALUES (78,'Musil','Most','švestka',968,'1864-06-17','muž','nepokřtěn',74);
INSERT INTO "Person" (_id_person,surname,village,street,descr,birth,sex,religion) VALUES (79,'Kovařová','Pardubice','Havla',6135,'1805-07-21','žena','katolík');
INSERT INTO "Person" (_id_person,surname,village,street,descr,birth,sex,religion) VALUES (80,'Kovař','Pardubice','Havla',6135,'1803-08-05','muž','katolík');
INSERT INTO "Person" (_id_person,surname,village,street,descr,birth,sex,religion,mother_id,father_id) VALUES (81,'Kovařová','Pardubice','Havla',6135,'1829-08-22','žena','katolík',79,80);
INSERT INTO "Person" (_id_person,surname,village,street,descr,birth,sex,religion,mother_id) VALUES (82,'Kovařová','Pardubice','Jánský',546,'1867-09-25','žena','katolík',81);
INSERT INTO "Person" (_id_person,surname,village,street,descr,birth,sex,religion) VALUES (83,'Machová','Praha','Edita',52439,'1801-05-03','žena','evangelík');
INSERT INTO "Person" (_id_person,surname,village,street,descr,birth,sex,religion) VALUES (84,'Mach','Praha','Edita',52439,'1800-07-17','muž','nepokřtěn');
INSERT INTO "Person" (_id_person,surname,village,street,descr,birth,sex,religion,mother_id,father_id) VALUES (85,'Machová','Praha','Edita',52439,'1839-07-28','žena','evangelík',83,84);
INSERT INTO "Person" (_id_person,surname,village,street,descr,birth,sex,religion) VALUES (86,'Jelíneková','Ostrava','Sidonie',81333,'1803-01-09','žena','nepokřtěn');
INSERT INTO "Person" (_id_person,surname,village,street,descr,birth,sex,religion) VALUES (87,'Jelínek','Ostrava','Sidonie',81333,'1805-05-16','muž','nepokřtěn');
INSERT INTO "Person" (_id_person,surname,village,street,descr,birth,sex,religion,mother_id,father_id) VALUES (88,'Jelínek','Ostrava','Sidonie',81333,'1830-10-19','muž','nepokřtěn',86,87);
INSERT INTO "Person" (_id_person,surname,village,street,descr,birth,sex,religion,father_id) VALUES (89,'Jelíneková','Ostrava','Jadranka',84452,'1855-05-02','žena','nepokřtěn',88);
INSERT INTO "Person" (_id_person,surname,village,street,descr,birth,sex,religion) VALUES (90,'Kratochvílová','Opava','Suchýová',592,'1806-02-14','žena','evangelík');
INSERT INTO "Person" (_id_person,surname,village,street,descr,birth,sex,religion) VALUES (91,'Kratochvíl','Opava','Suchýová',592,'1803-01-07','muž','evangelík');
INSERT INTO "Person" (_id_person,surname,village,street,descr,birth,sex,religion,mother_id,father_id) VALUES (92,'Kratochvíl','Opava','Suchýová',592,'1838-07-02','muž','evangelík',90,91);
INSERT INTO "Person" (_id_person,surname,village,street,descr,birth,sex,religion,father_id) VALUES (93,'Kratochvíl','Opava','Laurencie',964,'1866-01-05','muž','evangelík',92);
INSERT INTO "Person" (_id_person,surname,village,street,descr,birth,sex,religion) VALUES (94,'Čermáková','Hradec Králové','Janečková',735,'1802-06-15','žena','katolík');
INSERT INTO "Person" (_id_person,surname,village,street,descr,birth,sex,religion) VALUES (95,'Čermák','Hradec Králové','Janečková',735,'1809-11-08','muž','katolík');
INSERT INTO "Person" (_id_person,surname,village,street,descr,birth,sex,religion,mother_id,father_id) VALUES (96,'Čermák','Hradec Králové','Janečková',735,'1828-05-21','muž','katolík',94,95);
INSERT INTO "Person" (_id_person,surname,village,street,descr,birth,sex,religion) VALUES (97,'Šimeková','Zlín','Michálek',3577,'1800-06-04','žena','katolík');
INSERT INTO "Person" (_id_person,surname,village,street,descr,birth,sex,religion) VALUES (98,'Šimek','Zlín','Michálek',3577,'1809-10-20','muž','katolík');
INSERT INTO "Person" (_id_person,surname,village,street,descr,birth,sex,religion,mother_id,father_id) VALUES (99,'Šimek','Zlín','Michálek',3577,'1839-09-03','muž','katolík',97,98);
INSERT INTO "Person" (_id_person,surname,village,street,descr,birth,sex,religion,father_id) VALUES (100,'Šimeková','Zlín','Ždan',11706,'1869-05-21','žena','katolík',99);
INSERT INTO "Person" (_id_person,surname,village,street,descr,birth,sex,religion,father_id) VALUES (101,'Šimeková','Karviná','Krasomil',413,'1861-09-28','žena','katolík',99);
INSERT INTO "Person" (_id_person,surname,village,street,descr,birth,sex,religion,father_id) VALUES (102,'Šimeková','Zlín','Hegrová',6867,'1865-03-16','žena','nepokřtěn',99);
INSERT INTO "Person" (_id_person,surname,village,street,descr,birth,sex,religion) VALUES (103,'Dušeková','Opava','Aida',148,'1805-02-14','žena','katolík');
INSERT INTO "Person" (_id_person,surname,village,street,descr,birth,sex,religion) VALUES (104,'Dušek','Opava','Aida',148,'1804-02-29','muž','katolík');
INSERT INTO "Person" (_id_person,surname,village,street,descr,birth,sex,religion,mother_id,father_id) VALUES (105,'Dušek','Opava','Aida',148,'1832-02-24','muž','katolík',103,104);
INSERT INTO "Person" (_id_person,surname,village,street,descr,birth,sex,religion,father_id) VALUES (106,'Dušek','Opava','Areta',378,'1867-08-26','muž','katolík',105);
INSERT INTO "Person" (_id_person,surname,village,street,descr,birth,sex,religion) VALUES (107,'Poláková','Kladno','Šimona',6789,'1809-03-27','žena','nepokřtěn');
INSERT INTO "Person" (_id_person,surname,village,street,descr,birth,sex,religion) VALUES (108,'Polák','Kladno','Šimona',6789,'1803-09-21','muž','katolík');
INSERT INTO "Person" (_id_person,surname,village,street,descr,birth,sex,religion,mother_id,father_id) VALUES (109,'Poláková','Kladno','Šimona',6789,'1825-01-10','žena','katolík',107,108);
INSERT INTO "Person" (_id_person,surname,village,street,descr,birth,sex,religion) VALUES (110,'Králová','České Budějovice','Blahomíra',7466,'1806-10-20','žena','katolík');
INSERT INTO "Person" (_id_person,surname,village,street,descr,birth,sex,religion) VALUES (111,'Král','České Budějovice','Blahomíra',7466,'1808-03-26','muž','katolík');
INSERT INTO "Person" (_id_person,surname,village,street,descr,birth,sex,religion,mother_id,father_id) VALUES (112,'Král','České Budějovice','Blahomíra',7466,'1825-11-10','muž','katolík',110,111);
INSERT INTO "Person" (_id_person,surname,village,street,descr,birth,sex,religion) VALUES (113,'Němecová','Olomouc','šedivý',143,'1808-03-01','žena','nepokřtěn');
INSERT INTO "Person" (_id_person,surname,village,street,descr,birth,sex,religion) VALUES (114,'Němec','Olomouc','šedivý',143,'1802-11-07','muž','nepokřtěn');
INSERT INTO "Person" (_id_person,surname,village,street,descr,birth,sex,religion,mother_id,father_id) VALUES (115,'Němecová','Olomouc','šedivý',143,'1827-03-17','žena','nepokřtěn',113,114);
INSERT INTO "Person" (_id_person,surname,village,street,descr,birth,sex,religion) VALUES (116,'Ježeková','Ústí nad Labem','Vladimír',030,'1807-09-13','žena','nepokřtěn');
INSERT INTO "Person" (_id_person,surname,village,street,descr,birth,sex,religion) VALUES (117,'Ježek','Ústí nad Labem','Vladimír',030,'1808-07-08','muž','nepokřtěn');
INSERT INTO "Person" (_id_person,surname,village,street,descr,birth,sex,religion,mother_id,father_id) VALUES (118,'Ježeková','Ústí nad Labem','Vladimír',030,'1828-07-02','žena','nepokřtěn',116,117);
INSERT INTO "Person" (_id_person,surname,village,street,descr,birth,sex,religion,mother_id) VALUES (119,'Ježek','Ústí nad Labem','Radko',9498,'1860-01-22','muž','nepokřtěn',118);
INSERT INTO "Person" (_id_person,surname,village,street,descr,birth,sex,religion,mother_id) VALUES (120,'Ježek','Ústí nad Labem','Aneta',878,'1863-07-30','muž','nepokřtěn',118);
INSERT INTO "Person" (_id_person,surname,village,street,descr,birth,sex,religion) VALUES (121,'Štěpáneková','Brno','Zálešáková',37162,'1801-09-10','žena','evangelík');
INSERT INTO "Person" (_id_person,surname,village,street,descr,birth,sex,religion) VALUES (122,'Štěpánek','Brno','Zálešáková',37162,'1807-07-11','muž','evangelík');
INSERT INTO "Person" (_id_person,surname,village,street,descr,birth,sex,religion,mother_id,father_id) VALUES (123,'Štěpáneková','Brno','Zálešáková',37162,'1833-08-17','žena','evangelík',121,122);
INSERT INTO "Person" (_id_person,surname,village,street,descr,birth,sex,religion,mother_id) VALUES (124,'Štěpáneková','Brno','Jareš',4853,'1862-11-02','žena','evangelík',123);
INSERT INTO "Person" (_id_person,surname,village,street,descr,birth,sex,religion) VALUES (125,'Machová','Plzeň','Gerhard',921,'1806-05-19','žena','nepokřtěn');
INSERT INTO "Person" (_id_person,surname,village,street,descr,birth,sex,religion) VALUES (126,'Mach','Plzeň','Gerhard',921,'1808-02-10','muž','nepokřtěn');
INSERT INTO "Person" (_id_person,surname,village,street,descr,birth,sex,religion,mother_id,father_id) VALUES (127,'Mach','Plzeň','Gerhard',921,'1839-01-20','muž','nepokřtěn',125,126);
INSERT INTO "Person" (_id_person,surname,village,street,descr,birth,sex,religion) VALUES (128,'Dostálová','Opava','Daniela',825,'1807-12-07','žena','nepokřtěn');
INSERT INTO "Person" (_id_person,surname,village,street,descr,birth,sex,religion) VALUES (129,'Dostál','Opava','Daniela',825,'1801-08-22','muž','nepokřtěn');
INSERT INTO "Person" (_id_person,surname,village,street,descr,birth,sex,religion,mother_id,father_id) VALUES (130,'Dostál','Opava','Daniela',825,'1837-07-29','muž','nepokřtěn',128,129);
INSERT INTO "Person" (_id_person,surname,village,street,descr,birth,sex,religion) VALUES (131,'Mareková','Ústí nad Labem','Jakubcová',5453,'1801-07-24','žena','katolík');
INSERT INTO "Person" (_id_person,surname,village,street,descr,birth,sex,religion) VALUES (132,'Marek','Ústí nad Labem','Jakubcová',5453,'1807-11-06','muž','katolík');
INSERT INTO "Person" (_id_person,surname,village,street,descr,birth,sex,religion,mother_id,father_id) VALUES (133,'Mareková','Ústí nad Labem','Jakubcová',5453,'1837-02-15','žena','katolík',131,132);
INSERT INTO "Person" (_id_person,surname,village,street,descr,birth,sex,religion,mother_id) VALUES (134,'Mareková','Ústí nad Labem','Urbánek',968,'1861-07-27','žena','katolík',133);
INSERT INTO "Person" (_id_person,surname,village,street,descr,birth,sex,religion) VALUES (135,'Žáková','Hradec Králové','Balcarová',780,'1802-07-13','žena','katolík');
INSERT INTO "Person" (_id_person,surname,village,street,descr,birth,sex,religion) VALUES (136,'Žák','Hradec Králové','Balcarová',780,'1808-10-13','muž','katolík');
INSERT INTO "Person" (_id_person,surname,village,street,descr,birth,sex,religion,mother_id,father_id) VALUES (137,'Žáková','Hradec Králové','Balcarová',780,'1831-10-20','žena','katolík',135,136);
INSERT INTO "Person" (_id_person,surname,village,street,descr,birth,sex,religion) VALUES (138,'Švecová','Most','Sochorová',8298,'1806-06-09','žena','nepokřtěn');
INSERT INTO "Person" (_id_person,surname,village,street,descr,birth,sex,religion) VALUES (139,'Švec','Most','Sochorová',8298,'1806-08-13','muž','katolík');
INSERT INTO "Person" (_id_person,surname,village,street,descr,birth,sex,religion,mother_id,father_id) VALUES (140,'Švecová','Most','Sochorová',8298,'1825-11-09','žena','katolík',138,139);
INSERT INTO "Person" (_id_person,surname,village,street,descr,birth,sex,religion,mother_id) VALUES (141,'Švecová','Plzeň','Jakeš',128,'1859-08-02','žena','katolík',140);
INSERT INTO "Person" (_id_person,surname,village,street,descr,birth,sex,religion,mother_id) VALUES (142,'Švec','Most','Karas',592,'1858-02-08','muž','katolík',140);
INSERT INTO "Person" (_id_person,surname,village,street,descr,birth,sex,religion,mother_id) VALUES (143,'Švecová','Most','Balounová',527,'1862-10-04','žena','katolík',140);
INSERT INTO "Person" (_id_person,surname,village,street,descr,birth,sex,religion,mother_id) VALUES (144,'Švec','Plzeň','Houšková',952,'1863-09-28','muž','nepokřtěn',140);
INSERT INTO "Person" (_id_person,surname,village,street,descr,birth,sex,religion) VALUES (145,'Kadlecová','České Budějovice','Uršula',3002,'1800-08-18','žena','katolík');
INSERT INTO "Person" (_id_person,surname,village,street,descr,birth,sex,religion) VALUES (146,'Kadlec','České Budějovice','Uršula',3002,'1807-11-09','muž','katolík');
INSERT INTO "Person" (_id_person,surname,village,street,descr,birth,sex,religion,mother_id,father_id) VALUES (147,'Kadlecová','České Budějovice','Uršula',3002,'1825-06-14','žena','katolík',145,146);
INSERT INTO "Person" (_id_person,surname,village,street,descr,birth,sex,religion) VALUES (148,'Krejčíová','Praha','Všebor',545,'1801-01-07','žena','nepokřtěn');
INSERT INTO "Person" (_id_person,surname,village,street,descr,birth,sex,religion) VALUES (149,'Krejčí','Praha','Všebor',545,'1802-03-06','muž','katolík');
INSERT INTO "Person" (_id_person,surname,village,street,descr,birth,sex,religion,mother_id,father_id) VALUES (150,'Krejčí','Praha','Všebor',545,'1833-07-03','muž','katolík',148,149);
INSERT INTO "Person" (_id_person,surname,village,street,descr,birth,sex,religion) VALUES (151,'Blažeková','Hradec Králové','Kubík',91269,'1809-08-22','žena','katolík');
INSERT INTO "Person" (_id_person,surname,village,street,descr,birth,sex,religion) VALUES (152,'Blažek','Hradec Králové','Kubík',91269,'1806-10-23','muž','katolík');
INSERT INTO "Person" (_id_person,surname,village,street,descr,birth,sex,religion,mother_id,father_id) VALUES (153,'Blažeková','Hradec Králové','Kubík',91269,'1826-02-08','žena','katolík',151,152);
INSERT INTO "Person" (_id_person,surname,village,street,descr,birth,sex,religion) VALUES (154,'Dvořáková','Havířov','Angelika',3855,'1809-04-03','žena','katolík');
INSERT INTO "Person" (_id_person,surname,village,street,descr,birth,sex,religion) VALUES (155,'Dvořák','Havířov','Angelika',3855,'1800-06-01','muž','katolík');
INSERT INTO "Person" (_id_person,surname,village,street,descr,birth,sex,religion,mother_id,father_id) VALUES (156,'Dvořák','Havířov','Angelika',3855,'1838-02-07','muž','katolík',154,155);
INSERT INTO "Person" (_id_person,surname,village,street,descr,birth,sex,religion) VALUES (157,'Dvořáková','Pardubice','Daniel',3483,'1801-12-02','žena','katolík');
INSERT INTO "Person" (_id_person,surname,village,street,descr,birth,sex,religion) VALUES (158,'Dvořák','Pardubice','Daniel',3483,'1809-10-15','muž','katolík');
INSERT INTO "Person" (_id_person,surname,village,street,descr,birth,sex,religion,mother_id,father_id) VALUES (159,'Dvořáková','Pardubice','Daniel',3483,'1837-08-26','žena','katolík',157,158);
INSERT INTO "Person" (_id_person,surname,village,street,descr,birth,sex,religion) VALUES (160,'Novaková','Opava','Hána',14487,'1808-05-27','žena','katolík');
INSERT INTO "Person" (_id_person,surname,village,street,descr,birth,sex,religion) VALUES (161,'Novak','Opava','Hána',14487,'1806-01-30','muž','katolík');
INSERT INTO "Person" (_id_person,surname,village,street,descr,birth,sex,religion,mother_id,father_id) VALUES (162,'Novak','Opava','Hána',14487,'1836-09-17','muž','katolík',160,161);
INSERT INTO "Person" (_id_person,surname,village,street,descr,birth,sex,religion,father_id) VALUES (163,'Novaková','Pardubice','Kornel',5299,'1857-03-01','žena','katolík',162);
INSERT INTO "Person" (_id_person,surname,village,street,descr,birth,sex,religion) VALUES (164,'Doležalová','Praha','Langer',909,'1807-07-30','žena','katolík');
INSERT INTO "Person" (_id_person,surname,village,street,descr,birth,sex,religion) VALUES (165,'Doležal','Praha','Langer',909,'1803-03-25','muž','katolík');
INSERT INTO "Person" (_id_person,surname,village,street,descr,birth,sex,religion,mother_id,father_id) VALUES (166,'Doležalová','Praha','Langer',909,'1829-09-29','žena','katolík',164,165);
INSERT INTO "Person" (_id_person,surname,village,street,descr,birth,sex,religion) VALUES (167,'Hájeková','Ústí nad Labem','šírová',82780,'1808-01-14','žena','nepokřtěn');
INSERT INTO "Person" (_id_person,surname,village,street,descr,birth,sex,religion) VALUES (168,'Hájek','Ústí nad Labem','šírová',82780,'1800-12-05','muž','nepokřtěn');
INSERT INTO "Person" (_id_person,surname,village,street,descr,birth,sex,religion,mother_id,father_id) VALUES (169,'Hájeková','Ústí nad Labem','šírová',82780,'1833-02-28','žena','nepokřtěn',167,168);
INSERT INTO "Person" (_id_person,surname,village,street,descr,birth,sex,religion) VALUES (170,'Matoušeková','Most','Zavadilová',732,'1808-11-20','žena','katolík');
INSERT INTO "Person" (_id_person,surname,village,street,descr,birth,sex,religion) VALUES (171,'Matoušek','Most','Zavadilová',732,'1806-04-10','muž','katolík');
INSERT INTO "Person" (_id_person,surname,village,street,descr,birth,sex,religion,mother_id,father_id) VALUES (172,'Matoušek','Most','Zavadilová',732,'1837-06-05','muž','katolík',170,171);
INSERT INTO "Person" (_id_person,surname,village,street,descr,birth,sex,religion,father_id) VALUES (173,'Matoušeková','Praha','Sládková',44224,'1869-08-31','žena','nepokřtěn',172);
INSERT INTO "Person" (_id_person,surname,village,street,descr,birth,sex,religion,father_id) VALUES (174,'Matoušeková','Most','Bobek',9402,'1865-09-05','žena','nepokřtěn',172);
INSERT INTO "Person" (_id_person,surname,village,street,descr,birth,sex,religion,father_id) VALUES (175,'Matoušek','Olomouc','Medard',89745,'1860-10-27','muž','katolík',172);
INSERT INTO "Person" (_id_person,surname,village,street,descr,birth,sex,religion,father_id) VALUES (176,'Matoušek','Most','Horymír',455,'1855-02-11','muž','katolík',172);
INSERT INTO "Person" (_id_person,surname,village,street,descr,birth,sex,religion) VALUES (177,'Marešová','Hradec Králové','Sobek',214,'1803-06-15','žena','katolík');
INSERT INTO "Person" (_id_person,surname,village,street,descr,birth,sex,religion) VALUES (178,'Mareš','Hradec Králové','Sobek',214,'1803-04-22','muž','katolík');
INSERT INTO "Person" (_id_person,surname,village,street,descr,birth,sex,religion,mother_id,father_id) VALUES (179,'Mareš','Hradec Králové','Sobek',214,'1831-07-24','muž','katolík',177,178);
INSERT INTO "Person" (_id_person,surname,village,street,descr,birth,sex,religion,father_id) VALUES (180,'Marešová','Hradec Králové','Andrej',97925,'1858-03-08','žena','nepokřtěn',179);
INSERT INTO "Person" (_id_person,surname,village,street,descr,birth,sex,religion,father_id) VALUES (181,'Marešová','Hradec Králové','Bratislava',0539,'1867-04-21','žena','katolík',179);
INSERT INTO "Person" (_id_person,surname,village,street,descr,birth,sex,religion) VALUES (182,'Bartošová','Brno','Celestýn',561,'1808-05-15','žena','katolík');
INSERT INTO "Person" (_id_person,surname,village,street,descr,birth,sex,religion) VALUES (183,'Bartoš','Brno','Celestýn',561,'1804-10-17','muž','nepokřtěn');
INSERT INTO "Person" (_id_person,surname,village,street,descr,birth,sex,religion,mother_id,father_id) VALUES (184,'Bartoš','Brno','Celestýn',561,'1836-11-18','muž','katolík',182,183);
INSERT INTO "Person" (_id_person,surname,village,street,descr,birth,sex,religion,father_id) VALUES (185,'Bartošová','Brno','Sergej',602,'1860-08-23','žena','katolík',184);
INSERT INTO "Person" (_id_person,surname,village,street,descr,birth,sex,religion,father_id) VALUES (186,'Bartoš','Brno','Trojan',64759,'1868-08-28','muž','nepokřtěn',184);
INSERT INTO "Person" (_id_person,surname,village,street,descr,birth,sex,religion,father_id) VALUES (187,'Bartoš','Brno','Synková',2200,'1856-01-01','muž','katolík',184);
INSERT INTO "Person" (_id_person,surname,village,street,descr,birth,sex,religion,father_id) VALUES (188,'Bartoš','Brno','Pavlík',96082,'1858-01-06','muž','katolík',184);
INSERT INTO "Person" (_id_person,surname,village,street,descr,birth,sex,religion) VALUES (189,'Vaceková','Most','Kulhánková',29608,'1804-08-05','žena','nepokřtěn');
INSERT INTO "Person" (_id_person,surname,village,street,descr,birth,sex,religion) VALUES (190,'Vacek','Most','Kulhánková',29608,'1808-03-16','muž','nepokřtěn');
INSERT INTO "Person" (_id_person,surname,village,street,descr,birth,sex,religion,mother_id,father_id) VALUES (191,'Vacek','Most','Kulhánková',29608,'1837-03-19','muž','nepokřtěn',189,190);
INSERT INTO "Person" (_id_person,surname,village,street,descr,birth,sex,religion) VALUES (192,'Soukupová','Ústí nad Labem','čonka',0561,'1802-04-16','žena','katolík');
INSERT INTO "Person" (_id_person,surname,village,street,descr,birth,sex,religion) VALUES (193,'Soukup','Ústí nad Labem','čonka',0561,'1806-09-19','muž','katolík');
INSERT INTO "Person" (_id_person,surname,village,street,descr,birth,sex,religion,mother_id,father_id) VALUES (194,'Soukupová','Ústí nad Labem','čonka',0561,'1825-09-04','žena','katolík',192,193);
INSERT INTO "Person" (_id_person,surname,village,street,descr,birth,sex,religion) VALUES (195,'Marešová','Ostrava','Bohdan',9431,'1808-03-22','žena','nepokřtěn');
INSERT INTO "Person" (_id_person,surname,village,street,descr,birth,sex,religion) VALUES (196,'Mareš','Ostrava','Bohdan',9431,'1802-01-30','muž','nepokřtěn');
INSERT INTO "Person" (_id_person,surname,village,street,descr,birth,sex,religion,mother_id,father_id) VALUES (197,'Marešová','Ostrava','Bohdan',9431,'1838-08-11','žena','nepokřtěn',195,196);
INSERT INTO "Person" (_id_person,surname,village,street,descr,birth,sex,religion,mother_id) VALUES (198,'Mareš','Ostrava','Rozvita',43038,'1856-11-15','muž','nepokřtěn',197);
INSERT INTO "Person" (_id_person,surname,village,street,descr,birth,sex,religion,mother_id) VALUES (199,'Marešová','Ostrava','Květoslava',922,'1855-09-29','žena','nepokřtěn',197);
INSERT INTO "Person" (_id_person,surname,village,street,descr,birth,sex,religion,mother_id) VALUES (200,'Marešová','Ostrava','Mikeš',4888,'1869-11-10','žena','nepokřtěn',197);
INSERT INTO "Person" (_id_person,surname,village,street,descr,birth,sex,religion,mother_id) VALUES (201,'Marešová','Ostrava','Beránková',3297,'1869-04-05','žena','nepokřtěn',197);
INSERT INTO "Person" (_id_person,surname,village,street,descr,birth,sex,religion) VALUES (202,'Stejskalová','Ústí nad Labem','Danuta',40587,'1802-09-04','žena','katolík');
INSERT INTO "Person" (_id_person,surname,village,street,descr,birth,sex,religion) VALUES (203,'Stejskal','Ústí nad Labem','Danuta',40587,'1805-02-22','muž','katolík');
INSERT INTO "Person" (_id_person,surname,village,street,descr,birth,sex,religion,mother_id,father_id) VALUES (204,'Stejskal','Ústí nad Labem','Danuta',40587,'1834-07-26','muž','katolík',202,203);
INSERT INTO "Person" (_id_person,surname,village,street,descr,birth,sex,religion) VALUES (205,'Sedláčeková','Brno','Gordon',23720,'1804-03-11','žena','nepokřtěn');
INSERT INTO "Person" (_id_person,surname,village,street,descr,birth,sex,religion) VALUES (206,'Sedláček','Brno','Gordon',23720,'1800-02-07','muž','nepokřtěn');
INSERT INTO "Person" (_id_person,surname,village,street,descr,birth,sex,religion,mother_id,father_id) VALUES (207,'Sedláček','Brno','Gordon',23720,'1830-06-13','muž','nepokřtěn',205,206);
INSERT INTO "Person" (_id_person,surname,village,street,descr,birth,sex,religion,father_id) VALUES (208,'Sedláček','Opava','Salomea',92039,'1868-05-15','muž','nepokřtěn',207);
INSERT INTO "Person" (_id_person,surname,village,street,descr,birth,sex,religion) VALUES (209,'Benešová','Most','Theofila',48549,'1802-11-30','žena','evangelík');
INSERT INTO "Person" (_id_person,surname,village,street,descr,birth,sex,religion) VALUES (210,'Beneš','Most','Theofila',48549,'1809-11-09','muž','evangelík');
INSERT INTO "Person" (_id_person,surname,village,street,descr,birth,sex,religion,mother_id,father_id) VALUES (211,'Beneš','Most','Theofila',48549,'1830-02-22','muž','evangelík',209,210);
INSERT INTO "Person" (_id_person,surname,village,street,descr,birth,sex,religion,father_id) VALUES (212,'Benešová','Ústí nad Labem','Daniš',46350,'1859-09-22','žena','evangelík',211);
INSERT INTO "Person" (_id_person,surname,village,street,descr,birth,sex,religion,father_id) VALUES (213,'Benešová','Liberec','Mokrýová',62331,'1863-04-14','žena','evangelík',211);
INSERT INTO "Person" (_id_person,surname,village,street,descr,birth,sex,religion) VALUES (214,'Blažeková','Ústí nad Labem','Krupová',24934,'1805-11-23','žena','nepokřtěn');
INSERT INTO "Person" (_id_person,surname,village,street,descr,birth,sex,religion) VALUES (215,'Blažek','Ústí nad Labem','Krupová',24934,'1808-04-29','muž','nepokřtěn');
INSERT INTO "Person" (_id_person,surname,village,street,descr,birth,sex,religion,mother_id,father_id) VALUES (216,'Blažek','Ústí nad Labem','Krupová',24934,'1837-03-04','muž','nepokřtěn',214,215);
INSERT INTO "Person" (_id_person,surname,village,street,descr,birth,sex,religion,father_id) VALUES (217,'Blažek','Ústí nad Labem','čápová',434,'1856-10-14','muž','nepokřtěn',216);
INSERT INTO "Person" (_id_person,surname,village,street,descr,birth,sex,religion,father_id) VALUES (218,'Blažeková','Hradec Králové','Krupičková',97114,'1861-01-13','žena','nepokřtěn',216);
INSERT INTO "Person" (_id_person,surname,village,street,descr,birth,sex,religion) VALUES (219,'Králová','Pardubice','Vojmíra',010,'1808-07-11','žena','nepokřtěn');
INSERT INTO "Person" (_id_person,surname,village,street,descr,birth,sex,religion) VALUES (220,'Král','Pardubice','Vojmíra',010,'1802-07-29','muž','nepokřtěn');
INSERT INTO "Person" (_id_person,surname,village,street,descr,birth,sex,religion,mother_id,father_id) VALUES (221,'Králová','Pardubice','Vojmíra',010,'1826-03-20','žena','nepokřtěn',219,220);
INSERT INTO "Person" (_id_person,surname,village,street,descr,birth,sex,religion) VALUES (222,'Staněková','Hradec Králové','Edvard',661,'1809-03-29','žena','katolík');
INSERT INTO "Person" (_id_person,surname,village,street,descr,birth,sex,religion) VALUES (223,'Staněk','Hradec Králové','Edvard',661,'1802-11-06','muž','katolík');
INSERT INTO "Person" (_id_person,surname,village,street,descr,birth,sex,religion,mother_id,father_id) VALUES (224,'Staněk','Hradec Králové','Edvard',661,'1836-11-23','muž','katolík',222,223);
INSERT INTO "Person" (_id_person,surname,village,street,descr,birth,sex,religion,father_id) VALUES (225,'Staněková','Hradec Králové','Matysová',658,'1860-12-14','žena','katolík',224);
INSERT INTO "Person" (_id_person,surname,village,street,descr,birth,sex,religion,father_id) VALUES (226,'Staněková','Hradec Králové','šebestová',8587,'1856-03-21','žena','katolík',224);
INSERT INTO "Person" (_id_person,surname,village,street,descr,birth,sex,religion,father_id) VALUES (227,'Staněková','Kladno','Hilda',565,'1868-11-13','žena','katolík',224);
INSERT INTO "Person" (_id_person,surname,village,street,descr,birth,sex,religion) VALUES (228,'Vaněková','Liberec','Formánková',61080,'1804-04-21','žena','katolík');
INSERT INTO "Person" (_id_person,surname,village,street,descr,birth,sex,religion) VALUES (229,'Vaněk','Liberec','Formánková',61080,'1801-11-19','muž','katolík');
INSERT INTO "Person" (_id_person,surname,village,street,descr,birth,sex,religion,mother_id,father_id) VALUES (230,'Vaněk','Liberec','Formánková',61080,'1829-09-03','muž','katolík',228,229);
INSERT INTO "Person" (_id_person,surname,village,street,descr,birth,sex,religion) VALUES (231,'Musilová','Ústí nad Labem','Neubauer',319,'1803-06-11','žena','katolík');
INSERT INTO "Person" (_id_person,surname,village,street,descr,birth,sex,religion) VALUES (232,'Musil','Ústí nad Labem','Neubauer',319,'1803-08-03','muž','katolík');
INSERT INTO "Person" (_id_person,surname,village,street,descr,birth,sex,religion,mother_id,father_id) VALUES (233,'Musil','Ústí nad Labem','Neubauer',319,'1832-12-11','muž','katolík',231,232);
INSERT INTO "Person" (_id_person,surname,village,street,descr,birth,sex,religion) VALUES (234,'Ševčíková','Brno','Mirabela',9166,'1805-10-27','žena','evangelík');
INSERT INTO "Person" (_id_person,surname,village,street,descr,birth,sex,religion) VALUES (235,'Ševčík','Brno','Mirabela',9166,'1807-06-01','muž','evangelík');
INSERT INTO "Person" (_id_person,surname,village,street,descr,birth,sex,religion,mother_id,father_id) VALUES (236,'Ševčíková','Brno','Mirabela',9166,'1835-03-04','žena','evangelík',234,235);
INSERT INTO "Person" (_id_person,surname,village,street,descr,birth,sex,religion) VALUES (237,'Moravecová','Havířov','Anděla',54864,'1807-06-29','žena','nepokřtěn');
INSERT INTO "Person" (_id_person,surname,village,street,descr,birth,sex,religion) VALUES (238,'Moravec','Havířov','Anděla',54864,'1805-10-07','muž','nepokřtěn');
INSERT INTO "Person" (_id_person,surname,village,street,descr,birth,sex,religion,mother_id,father_id) VALUES (239,'Moravecová','Havířov','Anděla',54864,'1832-03-04','žena','nepokřtěn',237,238);
INSERT INTO "Person" (_id_person,surname,village,street,descr,birth,sex,religion) VALUES (240,'Kovařová','Havířov','Klein',5254,'1803-06-13','žena','nepokřtěn');
INSERT INTO "Person" (_id_person,surname,village,street,descr,birth,sex,religion) VALUES (241,'Kovař','Havířov','Klein',5254,'1804-04-18','muž','nepokřtěn');
INSERT INTO "Person" (_id_person,surname,village,street,descr,birth,sex,religion,mother_id,father_id) VALUES (242,'Kovař','Havířov','Klein',5254,'1839-12-06','muž','nepokřtěn',240,241);
INSERT INTO "Person" (_id_person,surname,village,street,descr,birth,sex,religion,father_id) VALUES (243,'Kovařová','Havířov','šesták',25258,'1858-07-17','žena','nepokřtěn',242);
INSERT INTO "Person" (_id_person,surname,village,street,descr,birth,sex,religion) VALUES (244,'Soukupová','Opava','Svozil',765,'1809-06-18','žena','katolík');
INSERT INTO "Person" (_id_person,surname,village,street,descr,birth,sex,religion) VALUES (245,'Soukup','Opava','Svozil',765,'1801-08-11','muž','katolík');
INSERT INTO "Person" (_id_person,surname,village,street,descr,birth,sex,religion,mother_id,father_id) VALUES (246,'Soukup','Opava','Svozil',765,'1834-11-26','muž','katolík',244,245);
INSERT INTO "Person" (_id_person,surname,village,street,descr,birth,sex,religion,father_id) VALUES (247,'Soukup','Opava','Kuneš',293,'1866-01-26','muž','katolík',246);
INSERT INTO "Person" (_id_person,surname,village,street,descr,birth,sex,religion) VALUES (248,'Němecová','Hradec Králové','Rosalinda',1903,'1808-05-08','žena','nepokřtěn');
INSERT INTO "Person" (_id_person,surname,village,street,descr,birth,sex,religion) VALUES (249,'Němec','Hradec Králové','Rosalinda',1903,'1801-08-08','muž','nepokřtěn');
INSERT INTO "Person" (_id_person,surname,village,street,descr,birth,sex,religion,mother_id,father_id) VALUES (250,'Němec','Hradec Králové','Rosalinda',1903,'1835-03-19','muž','nepokřtěn',248,249);
INSERT INTO "Person" (_id_person,surname,village,street,descr,birth,sex,religion) VALUES (251,'Staněková','Zlín','Stibor',571,'1805-07-07','žena','evangelík');
INSERT INTO "Person" (_id_person,surname,village,street,descr,birth,sex,religion) VALUES (252,'Staněk','Zlín','Stibor',571,'1807-11-04','muž','evangelík');
INSERT INTO "Person" (_id_person,surname,village,street,descr,birth,sex,religion,mother_id,father_id) VALUES (253,'Staněková','Zlín','Stibor',571,'1835-03-10','žena','evangelík',251,252);
INSERT INTO "Person" (_id_person,surname,village,street,descr,birth,sex,religion,mother_id) VALUES (254,'Staněková','Zlín','Schwarz',1483,'1862-01-03','žena','evangelík',253);
INSERT INTO "Person" (_id_person,surname,village,street,descr,birth,sex,religion,mother_id) VALUES (255,'Staněková','Brno','Upton',4025,'1866-08-02','žena','nepokřtěn',253);
INSERT INTO "Person" (_id_person,surname,village,street,descr,birth,sex,religion) VALUES (256,'Němečeková','Plzeň','Trávníčková',53101,'1802-05-19','žena','katolík');
INSERT INTO "Person" (_id_person,surname,village,street,descr,birth,sex,religion) VALUES (257,'Němeček','Plzeň','Trávníčková',53101,'1801-08-27','muž','katolík');
INSERT INTO "Person" (_id_person,surname,village,street,descr,birth,sex,religion,mother_id,father_id) VALUES (258,'Němeček','Plzeň','Trávníčková',53101,'1836-08-23','muž','katolík',256,257);
INSERT INTO "Person" (_id_person,surname,village,street,descr,birth,sex,religion) VALUES (259,'Kašparová','Hradec Králové','Vaculíková',09023,'1805-05-09','žena','katolík');
INSERT INTO "Person" (_id_person,surname,village,street,descr,birth,sex,religion) VALUES (260,'Kašpar','Hradec Králové','Vaculíková',09023,'1807-11-02','muž','katolík');
INSERT INTO "Person" (_id_person,surname,village,street,descr,birth,sex,religion,mother_id,father_id) VALUES (261,'Kašparová','Hradec Králové','Vaculíková',09023,'1825-08-21','žena','katolík',259,260);
INSERT INTO "Person" (_id_person,surname,village,street,descr,birth,sex,religion,mother_id) VALUES (262,'Kašparová','Hradec Králové','Fučíková',518,'1863-07-06','žena','nepokřtěn',261);
INSERT INTO "Person" (_id_person,surname,village,street,descr,birth,sex,religion,mother_id) VALUES (263,'Kašpar','Hradec Králové','Macura',9908,'1867-11-05','muž','katolík',261);
INSERT INTO "Person" (_id_person,surname,village,street,descr,birth,sex,religion,mother_id) VALUES (264,'Kašpar','Hradec Králové','šír',499,'1860-03-22','muž','nepokřtěn',261);
INSERT INTO "PersonName" (person_id,name_id) VALUES (0,366);
INSERT INTO "PersonName" (person_id,name_id) VALUES (1,128);
INSERT INTO "PersonName" (person_id,name_id) VALUES (2,309);
INSERT INTO "PersonName" (person_id,name_id) VALUES (3,187);
INSERT INTO "PersonName" (person_id,name_id) VALUES (4,85);
INSERT INTO "PersonName" (person_id,name_id) VALUES (5,239);
INSERT INTO "PersonName" (person_id,name_id) VALUES (6,352);
INSERT INTO "PersonName" (person_id,name_id) VALUES (7,6);
INSERT INTO "PersonName" (person_id,name_id) VALUES (8,245);
INSERT INTO "PersonName" (person_id,name_id) VALUES (9,291);
INSERT INTO "PersonName" (person_id,name_id) VALUES (10,144);
INSERT INTO "PersonName" (person_id,name_id) VALUES (10,7);
INSERT INTO "PersonName" (person_id,name_id) VALUES (11,320);
INSERT INTO "PersonName" (person_id,name_id) VALUES (12,324);
INSERT INTO "PersonName" (person_id,name_id) VALUES (13,330);
INSERT INTO "PersonName" (person_id,name_id) VALUES (14,360);
INSERT INTO "PersonName" (person_id,name_id) VALUES (15,345);
INSERT INTO "PersonName" (person_id,name_id) VALUES (16,222);
INSERT INTO "PersonName" (person_id,name_id) VALUES (17,145);
INSERT INTO "PersonName" (person_id,name_id) VALUES (18,198);
INSERT INTO "PersonName" (person_id,name_id) VALUES (19,359);
INSERT INTO "PersonName" (person_id,name_id) VALUES (20,134);
INSERT INTO "PersonName" (person_id,name_id) VALUES (21,139);
INSERT INTO "PersonName" (person_id,name_id) VALUES (22,263);
INSERT INTO "PersonName" (person_id,name_id) VALUES (23,140);
INSERT INTO "PersonName" (person_id,name_id) VALUES (23,29);
INSERT INTO "PersonName" (person_id,name_id) VALUES (24,143);
INSERT INTO "PersonName" (person_id,name_id) VALUES (24,46);
INSERT INTO "PersonName" (person_id,name_id) VALUES (25,275);
INSERT INTO "PersonName" (person_id,name_id) VALUES (26,154);
INSERT INTO "PersonName" (person_id,name_id) VALUES (27,251);
INSERT INTO "PersonName" (person_id,name_id) VALUES (28,168);
INSERT INTO "PersonName" (person_id,name_id) VALUES (28,159);
INSERT INTO "PersonName" (person_id,name_id) VALUES (29,334);
INSERT INTO "PersonName" (person_id,name_id) VALUES (30,326);
INSERT INTO "PersonName" (person_id,name_id) VALUES (31,28);
INSERT INTO "PersonName" (person_id,name_id) VALUES (32,355);
INSERT INTO "PersonName" (person_id,name_id) VALUES (33,295);
INSERT INTO "PersonName" (person_id,name_id) VALUES (34,313);
INSERT INTO "PersonName" (person_id,name_id) VALUES (35,257);
INSERT INTO "PersonName" (person_id,name_id) VALUES (36,276);
INSERT INTO "PersonName" (person_id,name_id) VALUES (37,127);
INSERT INTO "PersonName" (person_id,name_id) VALUES (38,305);
INSERT INTO "PersonName" (person_id,name_id) VALUES (39,114);
INSERT INTO "PersonName" (person_id,name_id) VALUES (40,205);
INSERT INTO "PersonName" (person_id,name_id) VALUES (41,162);
INSERT INTO "PersonName" (person_id,name_id) VALUES (42,314);
INSERT INTO "PersonName" (person_id,name_id) VALUES (43,138);
INSERT INTO "PersonName" (person_id,name_id) VALUES (44,194);
INSERT INTO "PersonName" (person_id,name_id) VALUES (45,156);
INSERT INTO "PersonName" (person_id,name_id) VALUES (45,185);
INSERT INTO "PersonName" (person_id,name_id) VALUES (46,2);
INSERT INTO "PersonName" (person_id,name_id) VALUES (46,108);
INSERT INTO "PersonName" (person_id,name_id) VALUES (47,15);
INSERT INTO "PersonName" (person_id,name_id) VALUES (48,317);
INSERT INTO "PersonName" (person_id,name_id) VALUES (49,163);
INSERT INTO "PersonName" (person_id,name_id) VALUES (50,119);
INSERT INTO "PersonName" (person_id,name_id) VALUES (51,131);
INSERT INTO "PersonName" (person_id,name_id) VALUES (52,75);
INSERT INTO "PersonName" (person_id,name_id) VALUES (53,94);
INSERT INTO "PersonName" (person_id,name_id) VALUES (54,272);
INSERT INTO "PersonName" (person_id,name_id) VALUES (55,42);
INSERT INTO "PersonName" (person_id,name_id) VALUES (56,147);
INSERT INTO "PersonName" (person_id,name_id) VALUES (57,318);
INSERT INTO "PersonName" (person_id,name_id) VALUES (58,300);
INSERT INTO "PersonName" (person_id,name_id) VALUES (59,80);
INSERT INTO "PersonName" (person_id,name_id) VALUES (60,342);
INSERT INTO "PersonName" (person_id,name_id) VALUES (61,177);
INSERT INTO "PersonName" (person_id,name_id) VALUES (61,97);
INSERT INTO "PersonName" (person_id,name_id) VALUES (62,236);
INSERT INTO "PersonName" (person_id,name_id) VALUES (63,146);
INSERT INTO "PersonName" (person_id,name_id) VALUES (63,8);
INSERT INTO "PersonName" (person_id,name_id) VALUES (64,136);
INSERT INTO "PersonName" (person_id,name_id) VALUES (64,100);
INSERT INTO "PersonName" (person_id,name_id) VALUES (65,171);
INSERT INTO "PersonName" (person_id,name_id) VALUES (65,63);
INSERT INTO "PersonName" (person_id,name_id) VALUES (66,357);
INSERT INTO "PersonName" (person_id,name_id) VALUES (67,121);
INSERT INTO "PersonName" (person_id,name_id) VALUES (67,89);
INSERT INTO "PersonName" (person_id,name_id) VALUES (68,270);
INSERT INTO "PersonName" (person_id,name_id) VALUES (69,294);
INSERT INTO "PersonName" (person_id,name_id) VALUES (70,1);
INSERT INTO "PersonName" (person_id,name_id) VALUES (70,10);
INSERT INTO "PersonName" (person_id,name_id) VALUES (71,231);
INSERT INTO "PersonName" (person_id,name_id) VALUES (72,218);
INSERT INTO "PersonName" (person_id,name_id) VALUES (73,160);
INSERT INTO "PersonName" (person_id,name_id) VALUES (74,190);
INSERT INTO "PersonName" (person_id,name_id) VALUES (75,351);
INSERT INTO "PersonName" (person_id,name_id) VALUES (76,289);
INSERT INTO "PersonName" (person_id,name_id) VALUES (77,356);
INSERT INTO "PersonName" (person_id,name_id) VALUES (78,132);
INSERT INTO "PersonName" (person_id,name_id) VALUES (79,278);
INSERT INTO "PersonName" (person_id,name_id) VALUES (80,130);
INSERT INTO "PersonName" (person_id,name_id) VALUES (81,365);
INSERT INTO "PersonName" (person_id,name_id) VALUES (82,281);
INSERT INTO "PersonName" (person_id,name_id) VALUES (83,192);
INSERT INTO "PersonName" (person_id,name_id) VALUES (84,166);
INSERT INTO "PersonName" (person_id,name_id) VALUES (85,283);
INSERT INTO "PersonName" (person_id,name_id) VALUES (86,235);
INSERT INTO "PersonName" (person_id,name_id) VALUES (87,27);
INSERT INTO "PersonName" (person_id,name_id) VALUES (87,92);
INSERT INTO "PersonName" (person_id,name_id) VALUES (88,25);
INSERT INTO "PersonName" (person_id,name_id) VALUES (88,3);
INSERT INTO "PersonName" (person_id,name_id) VALUES (89,323);
INSERT INTO "PersonName" (person_id,name_id) VALUES (90,269);
INSERT INTO "PersonName" (person_id,name_id) VALUES (91,78);
INSERT INTO "PersonName" (person_id,name_id) VALUES (91,26);
INSERT INTO "PersonName" (person_id,name_id) VALUES (92,57);
INSERT INTO "PersonName" (person_id,name_id) VALUES (93,84);
INSERT INTO "PersonName" (person_id,name_id) VALUES (94,331);
INSERT INTO "PersonName" (person_id,name_id) VALUES (95,69);
INSERT INTO "PersonName" (person_id,name_id) VALUES (96,169);
INSERT INTO "PersonName" (person_id,name_id) VALUES (97,204);
INSERT INTO "PersonName" (person_id,name_id) VALUES (98,61);
INSERT INTO "PersonName" (person_id,name_id) VALUES (99,172);
INSERT INTO "PersonName" (person_id,name_id) VALUES (100,321);
INSERT INTO "PersonName" (person_id,name_id) VALUES (101,297);
INSERT INTO "PersonName" (person_id,name_id) VALUES (102,232);
INSERT INTO "PersonName" (person_id,name_id) VALUES (103,230);
INSERT INTO "PersonName" (person_id,name_id) VALUES (104,105);
INSERT INTO "PersonName" (person_id,name_id) VALUES (105,149);
INSERT INTO "PersonName" (person_id,name_id) VALUES (105,88);
INSERT INTO "PersonName" (person_id,name_id) VALUES (106,90);
INSERT INTO "PersonName" (person_id,name_id) VALUES (107,224);
INSERT INTO "PersonName" (person_id,name_id) VALUES (108,77);
INSERT INTO "PersonName" (person_id,name_id) VALUES (109,348);
INSERT INTO "PersonName" (person_id,name_id) VALUES (110,217);
INSERT INTO "PersonName" (person_id,name_id) VALUES (111,182);
INSERT INTO "PersonName" (person_id,name_id) VALUES (112,129);
INSERT INTO "PersonName" (person_id,name_id) VALUES (113,203);
INSERT INTO "PersonName" (person_id,name_id) VALUES (114,123);
INSERT INTO "PersonName" (person_id,name_id) VALUES (115,209);
INSERT INTO "PersonName" (person_id,name_id) VALUES (116,206);
INSERT INTO "PersonName" (person_id,name_id) VALUES (117,37);
INSERT INTO "PersonName" (person_id,name_id) VALUES (118,267);
INSERT INTO "PersonName" (person_id,name_id) VALUES (119,9);
INSERT INTO "PersonName" (person_id,name_id) VALUES (120,95);
INSERT INTO "PersonName" (person_id,name_id) VALUES (121,225);
INSERT INTO "PersonName" (person_id,name_id) VALUES (122,13);
INSERT INTO "PersonName" (person_id,name_id) VALUES (123,202);
INSERT INTO "PersonName" (person_id,name_id) VALUES (124,353);
INSERT INTO "PersonName" (person_id,name_id) VALUES (125,335);
INSERT INTO "PersonName" (person_id,name_id) VALUES (126,103);
INSERT INTO "PersonName" (person_id,name_id) VALUES (127,98);
INSERT INTO "PersonName" (person_id,name_id) VALUES (128,363);
INSERT INTO "PersonName" (person_id,name_id) VALUES (129,79);
INSERT INTO "PersonName" (person_id,name_id) VALUES (129,183);
INSERT INTO "PersonName" (person_id,name_id) VALUES (130,71);
INSERT INTO "PersonName" (person_id,name_id) VALUES (131,279);
INSERT INTO "PersonName" (person_id,name_id) VALUES (132,109);
INSERT INTO "PersonName" (person_id,name_id) VALUES (132,17);
INSERT INTO "PersonName" (person_id,name_id) VALUES (133,262);
INSERT INTO "PersonName" (person_id,name_id) VALUES (134,247);
INSERT INTO "PersonName" (person_id,name_id) VALUES (135,253);
INSERT INTO "PersonName" (person_id,name_id) VALUES (136,38);
INSERT INTO "PersonName" (person_id,name_id) VALUES (136,137);
INSERT INTO "PersonName" (person_id,name_id) VALUES (137,191);
INSERT INTO "PersonName" (person_id,name_id) VALUES (138,293);
INSERT INTO "PersonName" (person_id,name_id) VALUES (139,125);
INSERT INTO "PersonName" (person_id,name_id) VALUES (140,341);
INSERT INTO "PersonName" (person_id,name_id) VALUES (141,212);
INSERT INTO "PersonName" (person_id,name_id) VALUES (142,67);
INSERT INTO "PersonName" (person_id,name_id) VALUES (143,282);
INSERT INTO "PersonName" (person_id,name_id) VALUES (144,58);
INSERT INTO "PersonName" (person_id,name_id) VALUES (145,200);
INSERT INTO "PersonName" (person_id,name_id) VALUES (146,56);
INSERT INTO "PersonName" (person_id,name_id) VALUES (147,336);
INSERT INTO "PersonName" (person_id,name_id) VALUES (148,349);
INSERT INTO "PersonName" (person_id,name_id) VALUES (149,93);
INSERT INTO "PersonName" (person_id,name_id) VALUES (150,155);
INSERT INTO "PersonName" (person_id,name_id) VALUES (151,284);
INSERT INTO "PersonName" (person_id,name_id) VALUES (152,124);
INSERT INTO "PersonName" (person_id,name_id) VALUES (153,188);
INSERT INTO "PersonName" (person_id,name_id) VALUES (154,219);
INSERT INTO "PersonName" (person_id,name_id) VALUES (155,21);
INSERT INTO "PersonName" (person_id,name_id) VALUES (156,176);
INSERT INTO "PersonName" (person_id,name_id) VALUES (157,362);
INSERT INTO "PersonName" (person_id,name_id) VALUES (158,55);
INSERT INTO "PersonName" (person_id,name_id) VALUES (159,227);
INSERT INTO "PersonName" (person_id,name_id) VALUES (160,223);
INSERT INTO "PersonName" (person_id,name_id) VALUES (161,151);
INSERT INTO "PersonName" (person_id,name_id) VALUES (162,115);
INSERT INTO "PersonName" (person_id,name_id) VALUES (163,333);
INSERT INTO "PersonName" (person_id,name_id) VALUES (164,292);
INSERT INTO "PersonName" (person_id,name_id) VALUES (165,74);
INSERT INTO "PersonName" (person_id,name_id) VALUES (166,189);
INSERT INTO "PersonName" (person_id,name_id) VALUES (167,266);
INSERT INTO "PersonName" (person_id,name_id) VALUES (168,111);
INSERT INTO "PersonName" (person_id,name_id) VALUES (169,298);
INSERT INTO "PersonName" (person_id,name_id) VALUES (170,186);
INSERT INTO "PersonName" (person_id,name_id) VALUES (171,62);
INSERT INTO "PersonName" (person_id,name_id) VALUES (172,51);
INSERT INTO "PersonName" (person_id,name_id) VALUES (173,329);
INSERT INTO "PersonName" (person_id,name_id) VALUES (174,252);
INSERT INTO "PersonName" (person_id,name_id) VALUES (175,11);
INSERT INTO "PersonName" (person_id,name_id) VALUES (176,148);
INSERT INTO "PersonName" (person_id,name_id) VALUES (177,193);
INSERT INTO "PersonName" (person_id,name_id) VALUES (178,122);
INSERT INTO "PersonName" (person_id,name_id) VALUES (179,65);
INSERT INTO "PersonName" (person_id,name_id) VALUES (180,196);
INSERT INTO "PersonName" (person_id,name_id) VALUES (181,306);
INSERT INTO "PersonName" (person_id,name_id) VALUES (182,268);
INSERT INTO "PersonName" (person_id,name_id) VALUES (183,64);
INSERT INTO "PersonName" (person_id,name_id) VALUES (183,178);
INSERT INTO "PersonName" (person_id,name_id) VALUES (184,44);
INSERT INTO "PersonName" (person_id,name_id) VALUES (185,226);
INSERT INTO "PersonName" (person_id,name_id) VALUES (186,40);
INSERT INTO "PersonName" (person_id,name_id) VALUES (187,5);
INSERT INTO "PersonName" (person_id,name_id) VALUES (188,33);
INSERT INTO "PersonName" (person_id,name_id) VALUES (189,243);
INSERT INTO "PersonName" (person_id,name_id) VALUES (190,81);
INSERT INTO "PersonName" (person_id,name_id) VALUES (191,135);
INSERT INTO "PersonName" (person_id,name_id) VALUES (192,328);
INSERT INTO "PersonName" (person_id,name_id) VALUES (193,113);
INSERT INTO "PersonName" (person_id,name_id) VALUES (193,174);
INSERT INTO "PersonName" (person_id,name_id) VALUES (194,337);
INSERT INTO "PersonName" (person_id,name_id) VALUES (195,308);
INSERT INTO "PersonName" (person_id,name_id) VALUES (196,161);
INSERT INTO "PersonName" (person_id,name_id) VALUES (197,210);
INSERT INTO "PersonName" (person_id,name_id) VALUES (198,180);
INSERT INTO "PersonName" (person_id,name_id) VALUES (198,16);
INSERT INTO "PersonName" (person_id,name_id) VALUES (199,256);
INSERT INTO "PersonName" (person_id,name_id) VALUES (200,238);
INSERT INTO "PersonName" (person_id,name_id) VALUES (201,364);
INSERT INTO "PersonName" (person_id,name_id) VALUES (202,344);
INSERT INTO "PersonName" (person_id,name_id) VALUES (203,36);
INSERT INTO "PersonName" (person_id,name_id) VALUES (204,53);
INSERT INTO "PersonName" (person_id,name_id) VALUES (205,338);
INSERT INTO "PersonName" (person_id,name_id) VALUES (206,34);
INSERT INTO "PersonName" (person_id,name_id) VALUES (206,112);
INSERT INTO "PersonName" (person_id,name_id) VALUES (207,102);
INSERT INTO "PersonName" (person_id,name_id) VALUES (208,47);
INSERT INTO "PersonName" (person_id,name_id) VALUES (209,265);
INSERT INTO "PersonName" (person_id,name_id) VALUES (210,116);
INSERT INTO "PersonName" (person_id,name_id) VALUES (211,54);
INSERT INTO "PersonName" (person_id,name_id) VALUES (211,73);
INSERT INTO "PersonName" (person_id,name_id) VALUES (212,201);
INSERT INTO "PersonName" (person_id,name_id) VALUES (213,228);
INSERT INTO "PersonName" (person_id,name_id) VALUES (214,288);
INSERT INTO "PersonName" (person_id,name_id) VALUES (215,24);
INSERT INTO "PersonName" (person_id,name_id) VALUES (216,52);
INSERT INTO "PersonName" (person_id,name_id) VALUES (216,68);
INSERT INTO "PersonName" (person_id,name_id) VALUES (217,106);
INSERT INTO "PersonName" (person_id,name_id) VALUES (218,286);
INSERT INTO "PersonName" (person_id,name_id) VALUES (219,299);
INSERT INTO "PersonName" (person_id,name_id) VALUES (220,18);
INSERT INTO "PersonName" (person_id,name_id) VALUES (221,215);
INSERT INTO "PersonName" (person_id,name_id) VALUES (222,197);
INSERT INTO "PersonName" (person_id,name_id) VALUES (223,0);
INSERT INTO "PersonName" (person_id,name_id) VALUES (223,133);
INSERT INTO "PersonName" (person_id,name_id) VALUES (224,184);
INSERT INTO "PersonName" (person_id,name_id) VALUES (224,141);
INSERT INTO "PersonName" (person_id,name_id) VALUES (225,259);
INSERT INTO "PersonName" (person_id,name_id) VALUES (226,242);
INSERT INTO "PersonName" (person_id,name_id) VALUES (227,325);
INSERT INTO "PersonName" (person_id,name_id) VALUES (228,221);
INSERT INTO "PersonName" (person_id,name_id) VALUES (229,110);
INSERT INTO "PersonName" (person_id,name_id) VALUES (229,50);
INSERT INTO "PersonName" (person_id,name_id) VALUES (230,41);
INSERT INTO "PersonName" (person_id,name_id) VALUES (231,343);
INSERT INTO "PersonName" (person_id,name_id) VALUES (232,96);
INSERT INTO "PersonName" (person_id,name_id) VALUES (233,150);
INSERT INTO "PersonName" (person_id,name_id) VALUES (233,99);
INSERT INTO "PersonName" (person_id,name_id) VALUES (234,327);
INSERT INTO "PersonName" (person_id,name_id) VALUES (235,107);
INSERT INTO "PersonName" (person_id,name_id) VALUES (235,35);
INSERT INTO "PersonName" (person_id,name_id) VALUES (236,340);
INSERT INTO "PersonName" (person_id,name_id) VALUES (237,316);
INSERT INTO "PersonName" (person_id,name_id) VALUES (238,175);
INSERT INTO "PersonName" (person_id,name_id) VALUES (239,250);
INSERT INTO "PersonName" (person_id,name_id) VALUES (240,315);
INSERT INTO "PersonName" (person_id,name_id) VALUES (241,167);
INSERT INTO "PersonName" (person_id,name_id) VALUES (241,83);
INSERT INTO "PersonName" (person_id,name_id) VALUES (242,32);
INSERT INTO "PersonName" (person_id,name_id) VALUES (242,45);
INSERT INTO "PersonName" (person_id,name_id) VALUES (243,287);
INSERT INTO "PersonName" (person_id,name_id) VALUES (244,296);
INSERT INTO "PersonName" (person_id,name_id) VALUES (245,60);
INSERT INTO "PersonName" (person_id,name_id) VALUES (246,173);
INSERT INTO "PersonName" (person_id,name_id) VALUES (247,153);
INSERT INTO "PersonName" (person_id,name_id) VALUES (247,158);
INSERT INTO "PersonName" (person_id,name_id) VALUES (248,207);
INSERT INTO "PersonName" (person_id,name_id) VALUES (249,82);
INSERT INTO "PersonName" (person_id,name_id) VALUES (250,179);
INSERT INTO "PersonName" (person_id,name_id) VALUES (251,211);
INSERT INTO "PersonName" (person_id,name_id) VALUES (252,142);
INSERT INTO "PersonName" (person_id,name_id) VALUES (253,303);
INSERT INTO "PersonName" (person_id,name_id) VALUES (254,214);
INSERT INTO "PersonName" (person_id,name_id) VALUES (255,208);
INSERT INTO "PersonName" (person_id,name_id) VALUES (256,322);
INSERT INTO "PersonName" (person_id,name_id) VALUES (257,164);
INSERT INTO "PersonName" (person_id,name_id) VALUES (257,30);
INSERT INTO "PersonName" (person_id,name_id) VALUES (258,31);
INSERT INTO "PersonName" (person_id,name_id) VALUES (258,117);
INSERT INTO "PersonName" (person_id,name_id) VALUES (259,261);
INSERT INTO "PersonName" (person_id,name_id) VALUES (260,66);
INSERT INTO "PersonName" (person_id,name_id) VALUES (260,181);
INSERT INTO "PersonName" (person_id,name_id) VALUES (261,304);
INSERT INTO "PersonName" (person_id,name_id) VALUES (262,347);
INSERT INTO "PersonName" (person_id,name_id) VALUES (263,22);
INSERT INTO "PersonName" (person_id,name_id) VALUES (263,101);
INSERT INTO "PersonName" (person_id,name_id) VALUES (264,86);
INSERT INTO "PersonOccupation" (person_id,occup_id) VALUES (1,31);
INSERT INTO "PersonOccupation" (person_id,occup_id) VALUES (2,9);
INSERT INTO "PersonOccupation" (person_id,occup_id) VALUES (2,14);
INSERT INTO "PersonOccupation" (person_id,occup_id) VALUES (3,41);
INSERT INTO "PersonOccupation" (person_id,occup_id) VALUES (3,35);
INSERT INTO "PersonOccupation" (person_id,occup_id) VALUES (3,19);
INSERT INTO "PersonOccupation" (person_id,occup_id) VALUES (6,3);
INSERT INTO "PersonOccupation" (person_id,occup_id) VALUES (6,11);
INSERT INTO "PersonOccupation" (person_id,occup_id) VALUES (10,13);
INSERT INTO "PersonOccupation" (person_id,occup_id) VALUES (10,4);
INSERT INTO "PersonOccupation" (person_id,occup_id) VALUES (10,18);
INSERT INTO "PersonOccupation" (person_id,occup_id) VALUES (11,20);
INSERT INTO "PersonOccupation" (person_id,occup_id) VALUES (11,16);
INSERT INTO "PersonOccupation" (person_id,occup_id) VALUES (11,17);
INSERT INTO "PersonOccupation" (person_id,occup_id) VALUES (12,15);
INSERT INTO "PersonOccupation" (person_id,occup_id) VALUES (12,13);
INSERT INTO "PersonOccupation" (person_id,occup_id) VALUES (12,35);
INSERT INTO "PersonOccupation" (person_id,occup_id) VALUES (13,47);
INSERT INTO "PersonOccupation" (person_id,occup_id) VALUES (14,11);
INSERT INTO "PersonOccupation" (person_id,occup_id) VALUES (14,10);
INSERT INTO "PersonOccupation" (person_id,occup_id) VALUES (14,46);
INSERT INTO "PersonOccupation" (person_id,occup_id) VALUES (15,26);
INSERT INTO "PersonOccupation" (person_id,occup_id) VALUES (15,3);
INSERT INTO "PersonOccupation" (person_id,occup_id) VALUES (16,47);
INSERT INTO "PersonOccupation" (person_id,occup_id) VALUES (16,21);
INSERT INTO "PersonOccupation" (person_id,occup_id) VALUES (16,5);
INSERT INTO "PersonOccupation" (person_id,occup_id) VALUES (19,23);
INSERT INTO "PersonOccupation" (person_id,occup_id) VALUES (20,44);
INSERT INTO "PersonOccupation" (person_id,occup_id) VALUES (20,42);
INSERT INTO "PersonOccupation" (person_id,occup_id) VALUES (21,29);
INSERT INTO "PersonOccupation" (person_id,occup_id) VALUES (21,19);
INSERT INTO "PersonOccupation" (person_id,occup_id) VALUES (21,47);
INSERT INTO "PersonOccupation" (person_id,occup_id) VALUES (22,27);
INSERT INTO "PersonOccupation" (person_id,occup_id) VALUES (23,4);
INSERT INTO "PersonOccupation" (person_id,occup_id) VALUES (23,47);
INSERT INTO "PersonOccupation" (person_id,occup_id) VALUES (26,47);
INSERT INTO "PersonOccupation" (person_id,occup_id) VALUES (26,1);
INSERT INTO "PersonOccupation" (person_id,occup_id) VALUES (26,10);
INSERT INTO "PersonOccupation" (person_id,occup_id) VALUES (28,11);
INSERT INTO "PersonOccupation" (person_id,occup_id) VALUES (29,5);
INSERT INTO "PersonOccupation" (person_id,occup_id) VALUES (30,20);
INSERT INTO "PersonOccupation" (person_id,occup_id) VALUES (30,31);
INSERT INTO "PersonOccupation" (person_id,occup_id) VALUES (33,45);
INSERT INTO "PersonOccupation" (person_id,occup_id) VALUES (34,5);
INSERT INTO "PersonOccupation" (person_id,occup_id) VALUES (34,43);
INSERT INTO "PersonOccupation" (person_id,occup_id) VALUES (35,4);
INSERT INTO "PersonOccupation" (person_id,occup_id) VALUES (35,35);
INSERT INTO "PersonOccupation" (person_id,occup_id) VALUES (36,12);
INSERT INTO "PersonOccupation" (person_id,occup_id) VALUES (38,30);
INSERT INTO "PersonOccupation" (person_id,occup_id) VALUES (39,19);
INSERT INTO "PersonOccupation" (person_id,occup_id) VALUES (40,11);
INSERT INTO "PersonOccupation" (person_id,occup_id) VALUES (41,39);
INSERT INTO "PersonOccupation" (person_id,occup_id) VALUES (42,22);
INSERT INTO "PersonOccupation" (person_id,occup_id) VALUES (42,36);
INSERT INTO "PersonOccupation" (person_id,occup_id) VALUES (42,14);
INSERT INTO "PersonOccupation" (person_id,occup_id) VALUES (43,31);
INSERT INTO "PersonOccupation" (person_id,occup_id) VALUES (43,21);
INSERT INTO "PersonOccupation" (person_id,occup_id) VALUES (43,29);
INSERT INTO "PersonOccupation" (person_id,occup_id) VALUES (44,26);
INSERT INTO "PersonOccupation" (person_id,occup_id) VALUES (44,49);
INSERT INTO "PersonOccupation" (person_id,occup_id) VALUES (44,8);
INSERT INTO "PersonOccupation" (person_id,occup_id) VALUES (45,34);
INSERT INTO "PersonOccupation" (person_id,occup_id) VALUES (46,17);
INSERT INTO "PersonOccupation" (person_id,occup_id) VALUES (47,11);
INSERT INTO "PersonOccupation" (person_id,occup_id) VALUES (48,18);
INSERT INTO "PersonOccupation" (person_id,occup_id) VALUES (48,23);
INSERT INTO "PersonOccupation" (person_id,occup_id) VALUES (48,3);
INSERT INTO "PersonOccupation" (person_id,occup_id) VALUES (49,24);
INSERT INTO "PersonOccupation" (person_id,occup_id) VALUES (49,30);
INSERT INTO "PersonOccupation" (person_id,occup_id) VALUES (49,39);
INSERT INTO "PersonOccupation" (person_id,occup_id) VALUES (51,25);
INSERT INTO "PersonOccupation" (person_id,occup_id) VALUES (51,45);
INSERT INTO "PersonOccupation" (person_id,occup_id) VALUES (51,36);
INSERT INTO "PersonOccupation" (person_id,occup_id) VALUES (52,30);
INSERT INTO "PersonOccupation" (person_id,occup_id) VALUES (52,41);
INSERT INTO "PersonOccupation" (person_id,occup_id) VALUES (52,19);
INSERT INTO "PersonOccupation" (person_id,occup_id) VALUES (53,29);
INSERT INTO "PersonOccupation" (person_id,occup_id) VALUES (53,32);
INSERT INTO "PersonOccupation" (person_id,occup_id) VALUES (54,24);
INSERT INTO "PersonOccupation" (person_id,occup_id) VALUES (54,47);
INSERT INTO "PersonOccupation" (person_id,occup_id) VALUES (55,24);
INSERT INTO "PersonOccupation" (person_id,occup_id) VALUES (55,17);
INSERT INTO "PersonOccupation" (person_id,occup_id) VALUES (55,2);
INSERT INTO "PersonOccupation" (person_id,occup_id) VALUES (56,1);
INSERT INTO "PersonOccupation" (person_id,occup_id) VALUES (56,21);
INSERT INTO "PersonOccupation" (person_id,occup_id) VALUES (56,22);
INSERT INTO "PersonOccupation" (person_id,occup_id) VALUES (57,29);
INSERT INTO "PersonOccupation" (person_id,occup_id) VALUES (59,13);
INSERT INTO "PersonOccupation" (person_id,occup_id) VALUES (59,5);
INSERT INTO "PersonOccupation" (person_id,occup_id) VALUES (59,28);
INSERT INTO "PersonOccupation" (person_id,occup_id) VALUES (60,45);
INSERT INTO "PersonOccupation" (person_id,occup_id) VALUES (60,12);
INSERT INTO "PersonOccupation" (person_id,occup_id) VALUES (60,27);
INSERT INTO "PersonOccupation" (person_id,occup_id) VALUES (61,25);
INSERT INTO "PersonOccupation" (person_id,occup_id) VALUES (61,23);
INSERT INTO "PersonOccupation" (person_id,occup_id) VALUES (61,5);
INSERT INTO "PersonOccupation" (person_id,occup_id) VALUES (62,28);
INSERT INTO "PersonOccupation" (person_id,occup_id) VALUES (62,24);
INSERT INTO "PersonOccupation" (person_id,occup_id) VALUES (62,1);
INSERT INTO "PersonOccupation" (person_id,occup_id) VALUES (63,49);
INSERT INTO "PersonOccupation" (person_id,occup_id) VALUES (63,16);
INSERT INTO "PersonOccupation" (person_id,occup_id) VALUES (63,26);
INSERT INTO "PersonOccupation" (person_id,occup_id) VALUES (64,26);
INSERT INTO "PersonOccupation" (person_id,occup_id) VALUES (64,22);
INSERT INTO "PersonOccupation" (person_id,occup_id) VALUES (64,46);
INSERT INTO "PersonOccupation" (person_id,occup_id) VALUES (65,7);
INSERT INTO "PersonOccupation" (person_id,occup_id) VALUES (66,21);
INSERT INTO "PersonOccupation" (person_id,occup_id) VALUES (66,39);
INSERT INTO "PersonOccupation" (person_id,occup_id) VALUES (68,42);
INSERT INTO "PersonOccupation" (person_id,occup_id) VALUES (68,4);
INSERT INTO "PersonOccupation" (person_id,occup_id) VALUES (68,17);
INSERT INTO "PersonOccupation" (person_id,occup_id) VALUES (71,3);
INSERT INTO "PersonOccupation" (person_id,occup_id) VALUES (72,43);
INSERT INTO "PersonOccupation" (person_id,occup_id) VALUES (72,26);
INSERT INTO "PersonOccupation" (person_id,occup_id) VALUES (73,16);
INSERT INTO "PersonOccupation" (person_id,occup_id) VALUES (73,17);
INSERT INTO "PersonOccupation" (person_id,occup_id) VALUES (74,41);
INSERT INTO "PersonOccupation" (person_id,occup_id) VALUES (74,36);
INSERT INTO "PersonOccupation" (person_id,occup_id) VALUES (74,17);
INSERT INTO "PersonOccupation" (person_id,occup_id) VALUES (75,41);
INSERT INTO "PersonOccupation" (person_id,occup_id) VALUES (76,45);
INSERT INTO "PersonOccupation" (person_id,occup_id) VALUES (77,43);
INSERT INTO "PersonOccupation" (person_id,occup_id) VALUES (78,34);
INSERT INTO "PersonOccupation" (person_id,occup_id) VALUES (79,32);
INSERT INTO "PersonOccupation" (person_id,occup_id) VALUES (79,19);
INSERT INTO "PersonOccupation" (person_id,occup_id) VALUES (80,18);
INSERT INTO "PersonOccupation" (person_id,occup_id) VALUES (80,4);
INSERT INTO "PersonOccupation" (person_id,occup_id) VALUES (81,24);
INSERT INTO "PersonOccupation" (person_id,occup_id) VALUES (81,7);
INSERT INTO "PersonOccupation" (person_id,occup_id) VALUES (81,48);
INSERT INTO "PersonOccupation" (person_id,occup_id) VALUES (82,12);
INSERT INTO "PersonOccupation" (person_id,occup_id) VALUES (82,19);
INSERT INTO "PersonOccupation" (person_id,occup_id) VALUES (83,45);
INSERT INTO "PersonOccupation" (person_id,occup_id) VALUES (83,31);
INSERT INTO "PersonOccupation" (person_id,occup_id) VALUES (84,5);
INSERT INTO "PersonOccupation" (person_id,occup_id) VALUES (85,43);
INSERT INTO "PersonOccupation" (person_id,occup_id) VALUES (86,22);
INSERT INTO "PersonOccupation" (person_id,occup_id) VALUES (86,4);
INSERT INTO "PersonOccupation" (person_id,occup_id) VALUES (86,7);
INSERT INTO "PersonOccupation" (person_id,occup_id) VALUES (87,43);
INSERT INTO "PersonOccupation" (person_id,occup_id) VALUES (87,13);
INSERT INTO "PersonOccupation" (person_id,occup_id) VALUES (87,2);
INSERT INTO "PersonOccupation" (person_id,occup_id) VALUES (89,28);
INSERT INTO "PersonOccupation" (person_id,occup_id) VALUES (89,18);
INSERT INTO "PersonOccupation" (person_id,occup_id) VALUES (89,5);
INSERT INTO "PersonOccupation" (person_id,occup_id) VALUES (90,46);
INSERT INTO "PersonOccupation" (person_id,occup_id) VALUES (90,7);
INSERT INTO "PersonOccupation" (person_id,occup_id) VALUES (91,4);
INSERT INTO "PersonOccupation" (person_id,occup_id) VALUES (91,8);
INSERT INTO "PersonOccupation" (person_id,occup_id) VALUES (91,43);
INSERT INTO "PersonOccupation" (person_id,occup_id) VALUES (93,8);
INSERT INTO "PersonOccupation" (person_id,occup_id) VALUES (93,39);
INSERT INTO "PersonOccupation" (person_id,occup_id) VALUES (95,31);
INSERT INTO "PersonOccupation" (person_id,occup_id) VALUES (95,11);
INSERT INTO "PersonOccupation" (person_id,occup_id) VALUES (96,34);
INSERT INTO "PersonOccupation" (person_id,occup_id) VALUES (96,41);
INSERT INTO "PersonOccupation" (person_id,occup_id) VALUES (98,13);
INSERT INTO "PersonOccupation" (person_id,occup_id) VALUES (100,21);
INSERT INTO "PersonOccupation" (person_id,occup_id) VALUES (100,0);
INSERT INTO "PersonOccupation" (person_id,occup_id) VALUES (100,10);
INSERT INTO "PersonOccupation" (person_id,occup_id) VALUES (101,0);
INSERT INTO "PersonOccupation" (person_id,occup_id) VALUES (102,33);
INSERT INTO "PersonOccupation" (person_id,occup_id) VALUES (103,47);
INSERT INTO "PersonOccupation" (person_id,occup_id) VALUES (103,35);
INSERT INTO "PersonOccupation" (person_id,occup_id) VALUES (104,47);
INSERT INTO "PersonOccupation" (person_id,occup_id) VALUES (104,22);
INSERT INTO "PersonOccupation" (person_id,occup_id) VALUES (104,23);
INSERT INTO "PersonOccupation" (person_id,occup_id) VALUES (105,28);
INSERT INTO "PersonOccupation" (person_id,occup_id) VALUES (106,44);
INSERT INTO "PersonOccupation" (person_id,occup_id) VALUES (106,24);
INSERT INTO "PersonOccupation" (person_id,occup_id) VALUES (107,43);
INSERT INTO "PersonOccupation" (person_id,occup_id) VALUES (108,34);
INSERT INTO "PersonOccupation" (person_id,occup_id) VALUES (108,18);
INSERT INTO "PersonOccupation" (person_id,occup_id) VALUES (108,37);
INSERT INTO "PersonOccupation" (person_id,occup_id) VALUES (109,40);
INSERT INTO "PersonOccupation" (person_id,occup_id) VALUES (109,44);
INSERT INTO "PersonOccupation" (person_id,occup_id) VALUES (109,3);
INSERT INTO "PersonOccupation" (person_id,occup_id) VALUES (110,24);
INSERT INTO "PersonOccupation" (person_id,occup_id) VALUES (111,47);
INSERT INTO "PersonOccupation" (person_id,occup_id) VALUES (111,15);
INSERT INTO "PersonOccupation" (person_id,occup_id) VALUES (112,29);
INSERT INTO "PersonOccupation" (person_id,occup_id) VALUES (112,24);
INSERT INTO "PersonOccupation" (person_id,occup_id) VALUES (112,45);
INSERT INTO "PersonOccupation" (person_id,occup_id) VALUES (115,20);
INSERT INTO "PersonOccupation" (person_id,occup_id) VALUES (116,42);
INSERT INTO "PersonOccupation" (person_id,occup_id) VALUES (116,18);
INSERT INTO "PersonOccupation" (person_id,occup_id) VALUES (116,45);
INSERT INTO "PersonOccupation" (person_id,occup_id) VALUES (117,4);
INSERT INTO "PersonOccupation" (person_id,occup_id) VALUES (118,7);
INSERT INTO "PersonOccupation" (person_id,occup_id) VALUES (118,40);
INSERT INTO "PersonOccupation" (person_id,occup_id) VALUES (118,41);
INSERT INTO "PersonOccupation" (person_id,occup_id) VALUES (119,19);
INSERT INTO "PersonOccupation" (person_id,occup_id) VALUES (120,30);
INSERT INTO "PersonOccupation" (person_id,occup_id) VALUES (121,24);
INSERT INTO "PersonOccupation" (person_id,occup_id) VALUES (122,5);
INSERT INTO "PersonOccupation" (person_id,occup_id) VALUES (122,29);
INSERT INTO "PersonOccupation" (person_id,occup_id) VALUES (122,1);
INSERT INTO "PersonOccupation" (person_id,occup_id) VALUES (123,20);
INSERT INTO "PersonOccupation" (person_id,occup_id) VALUES (125,0);
INSERT INTO "PersonOccupation" (person_id,occup_id) VALUES (126,28);
INSERT INTO "PersonOccupation" (person_id,occup_id) VALUES (127,8);
INSERT INTO "PersonOccupation" (person_id,occup_id) VALUES (128,1);
INSERT INTO "PersonOccupation" (person_id,occup_id) VALUES (128,38);
INSERT INTO "PersonOccupation" (person_id,occup_id) VALUES (131,7);
INSERT INTO "PersonOccupation" (person_id,occup_id) VALUES (132,6);
INSERT INTO "PersonOccupation" (person_id,occup_id) VALUES (132,1);
INSERT INTO "PersonOccupation" (person_id,occup_id) VALUES (132,2);
INSERT INTO "PersonOccupation" (person_id,occup_id) VALUES (133,13);
INSERT INTO "PersonOccupation" (person_id,occup_id) VALUES (133,12);
INSERT INTO "PersonOccupation" (person_id,occup_id) VALUES (134,47);
INSERT INTO "PersonOccupation" (person_id,occup_id) VALUES (134,35);
INSERT INTO "PersonOccupation" (person_id,occup_id) VALUES (135,4);
INSERT INTO "PersonOccupation" (person_id,occup_id) VALUES (135,17);
INSERT INTO "PersonOccupation" (person_id,occup_id) VALUES (135,15);
INSERT INTO "PersonOccupation" (person_id,occup_id) VALUES (136,48);
INSERT INTO "PersonOccupation" (person_id,occup_id) VALUES (137,28);
INSERT INTO "PersonOccupation" (person_id,occup_id) VALUES (139,6);
INSERT INTO "PersonOccupation" (person_id,occup_id) VALUES (140,26);
INSERT INTO "PersonOccupation" (person_id,occup_id) VALUES (140,5);
INSERT INTO "PersonOccupation" (person_id,occup_id) VALUES (140,36);
INSERT INTO "PersonOccupation" (person_id,occup_id) VALUES (141,14);
INSERT INTO "PersonOccupation" (person_id,occup_id) VALUES (141,45);
INSERT INTO "PersonOccupation" (person_id,occup_id) VALUES (142,14);
INSERT INTO "PersonOccupation" (person_id,occup_id) VALUES (143,20);
INSERT INTO "PersonOccupation" (person_id,occup_id) VALUES (144,17);
INSERT INTO "PersonOccupation" (person_id,occup_id) VALUES (146,29);
INSERT INTO "PersonOccupation" (person_id,occup_id) VALUES (146,38);
INSERT INTO "PersonOccupation" (person_id,occup_id) VALUES (146,6);
INSERT INTO "PersonOccupation" (person_id,occup_id) VALUES (147,19);
INSERT INTO "PersonOccupation" (person_id,occup_id) VALUES (147,33);
INSERT INTO "PersonOccupation" (person_id,occup_id) VALUES (147,5);
INSERT INTO "PersonOccupation" (person_id,occup_id) VALUES (148,4);
INSERT INTO "PersonOccupation" (person_id,occup_id) VALUES (148,21);
INSERT INTO "PersonOccupation" (person_id,occup_id) VALUES (149,2);
INSERT INTO "PersonOccupation" (person_id,occup_id) VALUES (149,15);
INSERT INTO "PersonOccupation" (person_id,occup_id) VALUES (150,19);
INSERT INTO "PersonOccupation" (person_id,occup_id) VALUES (150,10);
INSERT INTO "PersonOccupation" (person_id,occup_id) VALUES (150,41);
INSERT INTO "PersonOccupation" (person_id,occup_id) VALUES (151,34);
INSERT INTO "PersonOccupation" (person_id,occup_id) VALUES (151,24);
INSERT INTO "PersonOccupation" (person_id,occup_id) VALUES (151,18);
INSERT INTO "PersonOccupation" (person_id,occup_id) VALUES (152,5);
INSERT INTO "PersonOccupation" (person_id,occup_id) VALUES (153,15);
INSERT INTO "PersonOccupation" (person_id,occup_id) VALUES (154,1);
INSERT INTO "PersonOccupation" (person_id,occup_id) VALUES (154,36);
INSERT INTO "PersonOccupation" (person_id,occup_id) VALUES (156,24);
INSERT INTO "PersonOccupation" (person_id,occup_id) VALUES (158,28);
INSERT INTO "PersonOccupation" (person_id,occup_id) VALUES (158,31);
INSERT INTO "PersonOccupation" (person_id,occup_id) VALUES (159,17);
INSERT INTO "PersonOccupation" (person_id,occup_id) VALUES (161,6);
INSERT INTO "PersonOccupation" (person_id,occup_id) VALUES (161,34);
INSERT INTO "PersonOccupation" (person_id,occup_id) VALUES (161,36);
INSERT INTO "PersonOccupation" (person_id,occup_id) VALUES (164,43);
INSERT INTO "PersonOccupation" (person_id,occup_id) VALUES (164,36);
INSERT INTO "PersonOccupation" (person_id,occup_id) VALUES (166,43);
INSERT INTO "PersonOccupation" (person_id,occup_id) VALUES (166,9);
INSERT INTO "PersonOccupation" (person_id,occup_id) VALUES (168,1);
INSERT INTO "PersonOccupation" (person_id,occup_id) VALUES (168,19);
INSERT INTO "PersonOccupation" (person_id,occup_id) VALUES (168,7);
INSERT INTO "PersonOccupation" (person_id,occup_id) VALUES (170,1);
INSERT INTO "PersonOccupation" (person_id,occup_id) VALUES (171,31);
INSERT INTO "PersonOccupation" (person_id,occup_id) VALUES (171,41);
INSERT INTO "PersonOccupation" (person_id,occup_id) VALUES (171,28);
INSERT INTO "PersonOccupation" (person_id,occup_id) VALUES (174,47);
INSERT INTO "PersonOccupation" (person_id,occup_id) VALUES (174,24);
INSERT INTO "PersonOccupation" (person_id,occup_id) VALUES (175,43);
INSERT INTO "PersonOccupation" (person_id,occup_id) VALUES (176,7);
INSERT INTO "PersonOccupation" (person_id,occup_id) VALUES (177,39);
INSERT INTO "PersonOccupation" (person_id,occup_id) VALUES (177,42);
INSERT INTO "PersonOccupation" (person_id,occup_id) VALUES (178,39);
INSERT INTO "PersonOccupation" (person_id,occup_id) VALUES (179,39);
INSERT INTO "PersonOccupation" (person_id,occup_id) VALUES (183,29);
INSERT INTO "PersonOccupation" (person_id,occup_id) VALUES (183,23);
INSERT INTO "PersonOccupation" (person_id,occup_id) VALUES (183,11);
INSERT INTO "PersonOccupation" (person_id,occup_id) VALUES (184,3);
INSERT INTO "PersonOccupation" (person_id,occup_id) VALUES (184,28);
INSERT INTO "PersonOccupation" (person_id,occup_id) VALUES (184,16);
INSERT INTO "PersonOccupation" (person_id,occup_id) VALUES (185,15);
INSERT INTO "PersonOccupation" (person_id,occup_id) VALUES (186,16);
INSERT INTO "PersonOccupation" (person_id,occup_id) VALUES (186,25);
INSERT INTO "PersonOccupation" (person_id,occup_id) VALUES (186,48);
INSERT INTO "PersonOccupation" (person_id,occup_id) VALUES (187,1);
INSERT INTO "PersonOccupation" (person_id,occup_id) VALUES (187,18);
INSERT INTO "PersonOccupation" (person_id,occup_id) VALUES (188,38);
INSERT INTO "PersonOccupation" (person_id,occup_id) VALUES (188,49);
INSERT INTO "PersonOccupation" (person_id,occup_id) VALUES (190,22);
INSERT INTO "PersonOccupation" (person_id,occup_id) VALUES (190,31);
INSERT INTO "PersonOccupation" (person_id,occup_id) VALUES (191,43);
INSERT INTO "PersonOccupation" (person_id,occup_id) VALUES (193,33);
INSERT INTO "PersonOccupation" (person_id,occup_id) VALUES (193,19);
INSERT INTO "PersonOccupation" (person_id,occup_id) VALUES (193,39);
INSERT INTO "PersonOccupation" (person_id,occup_id) VALUES (194,48);
INSERT INTO "PersonOccupation" (person_id,occup_id) VALUES (195,5);
INSERT INTO "PersonOccupation" (person_id,occup_id) VALUES (196,7);
INSERT INTO "PersonOccupation" (person_id,occup_id) VALUES (196,44);
INSERT INTO "PersonOccupation" (person_id,occup_id) VALUES (196,9);
INSERT INTO "PersonOccupation" (person_id,occup_id) VALUES (197,2);
INSERT INTO "PersonOccupation" (person_id,occup_id) VALUES (201,42);
INSERT INTO "PersonOccupation" (person_id,occup_id) VALUES (202,16);
INSERT INTO "PersonOccupation" (person_id,occup_id) VALUES (202,21);
INSERT INTO "PersonOccupation" (person_id,occup_id) VALUES (204,8);
INSERT INTO "PersonOccupation" (person_id,occup_id) VALUES (204,26);
INSERT INTO "PersonOccupation" (person_id,occup_id) VALUES (204,9);
INSERT INTO "PersonOccupation" (person_id,occup_id) VALUES (205,5);
INSERT INTO "PersonOccupation" (person_id,occup_id) VALUES (205,17);
INSERT INTO "PersonOccupation" (person_id,occup_id) VALUES (205,15);
INSERT INTO "PersonOccupation" (person_id,occup_id) VALUES (207,31);
INSERT INTO "PersonOccupation" (person_id,occup_id) VALUES (207,25);
INSERT INTO "PersonOccupation" (person_id,occup_id) VALUES (209,5);
INSERT INTO "PersonOccupation" (person_id,occup_id) VALUES (209,6);
INSERT INTO "PersonOccupation" (person_id,occup_id) VALUES (209,31);
INSERT INTO "PersonOccupation" (person_id,occup_id) VALUES (211,26);
INSERT INTO "PersonOccupation" (person_id,occup_id) VALUES (211,42);
INSERT INTO "PersonOccupation" (person_id,occup_id) VALUES (212,42);
INSERT INTO "PersonOccupation" (person_id,occup_id) VALUES (212,17);
INSERT INTO "PersonOccupation" (person_id,occup_id) VALUES (212,15);
INSERT INTO "PersonOccupation" (person_id,occup_id) VALUES (213,33);
INSERT INTO "PersonOccupation" (person_id,occup_id) VALUES (213,36);
INSERT INTO "PersonOccupation" (person_id,occup_id) VALUES (213,24);
INSERT INTO "PersonOccupation" (person_id,occup_id) VALUES (214,31);
INSERT INTO "PersonOccupation" (person_id,occup_id) VALUES (214,41);
INSERT INTO "PersonOccupation" (person_id,occup_id) VALUES (215,23);
INSERT INTO "PersonOccupation" (person_id,occup_id) VALUES (216,9);
INSERT INTO "PersonOccupation" (person_id,occup_id) VALUES (216,41);
INSERT INTO "PersonOccupation" (person_id,occup_id) VALUES (216,40);
INSERT INTO "PersonOccupation" (person_id,occup_id) VALUES (217,39);
INSERT INTO "PersonOccupation" (person_id,occup_id) VALUES (218,35);
INSERT INTO "PersonOccupation" (person_id,occup_id) VALUES (218,4);
INSERT INTO "PersonOccupation" (person_id,occup_id) VALUES (218,39);
INSERT INTO "PersonOccupation" (person_id,occup_id) VALUES (219,37);
INSERT INTO "PersonOccupation" (person_id,occup_id) VALUES (221,39);
INSERT INTO "PersonOccupation" (person_id,occup_id) VALUES (221,22);
INSERT INTO "PersonOccupation" (person_id,occup_id) VALUES (221,14);
INSERT INTO "PersonOccupation" (person_id,occup_id) VALUES (222,0);
INSERT INTO "PersonOccupation" (person_id,occup_id) VALUES (222,41);
INSERT INTO "PersonOccupation" (person_id,occup_id) VALUES (223,1);
INSERT INTO "PersonOccupation" (person_id,occup_id) VALUES (223,25);
INSERT INTO "PersonOccupation" (person_id,occup_id) VALUES (224,13);
INSERT INTO "PersonOccupation" (person_id,occup_id) VALUES (224,48);
INSERT INTO "PersonOccupation" (person_id,occup_id) VALUES (224,15);
INSERT INTO "PersonOccupation" (person_id,occup_id) VALUES (226,31);
INSERT INTO "PersonOccupation" (person_id,occup_id) VALUES (226,20);
INSERT INTO "PersonOccupation" (person_id,occup_id) VALUES (227,46);
INSERT INTO "PersonOccupation" (person_id,occup_id) VALUES (227,8);
INSERT INTO "PersonOccupation" (person_id,occup_id) VALUES (228,39);
INSERT INTO "PersonOccupation" (person_id,occup_id) VALUES (228,19);
INSERT INTO "PersonOccupation" (person_id,occup_id) VALUES (228,18);
INSERT INTO "PersonOccupation" (person_id,occup_id) VALUES (229,10);
INSERT INTO "PersonOccupation" (person_id,occup_id) VALUES (230,35);
INSERT INTO "PersonOccupation" (person_id,occup_id) VALUES (230,40);
INSERT INTO "PersonOccupation" (person_id,occup_id) VALUES (231,4);
INSERT INTO "PersonOccupation" (person_id,occup_id) VALUES (231,42);
INSERT INTO "PersonOccupation" (person_id,occup_id) VALUES (232,11);
INSERT INTO "PersonOccupation" (person_id,occup_id) VALUES (232,19);
INSERT INTO "PersonOccupation" (person_id,occup_id) VALUES (232,4);
INSERT INTO "PersonOccupation" (person_id,occup_id) VALUES (233,1);
INSERT INTO "PersonOccupation" (person_id,occup_id) VALUES (233,5);
INSERT INTO "PersonOccupation" (person_id,occup_id) VALUES (233,2);
INSERT INTO "PersonOccupation" (person_id,occup_id) VALUES (234,22);
INSERT INTO "PersonOccupation" (person_id,occup_id) VALUES (234,4);
INSERT INTO "PersonOccupation" (person_id,occup_id) VALUES (234,17);
INSERT INTO "PersonOccupation" (person_id,occup_id) VALUES (235,17);
INSERT INTO "PersonOccupation" (person_id,occup_id) VALUES (237,32);
INSERT INTO "PersonOccupation" (person_id,occup_id) VALUES (237,21);
INSERT INTO "PersonOccupation" (person_id,occup_id) VALUES (237,18);
INSERT INTO "PersonOccupation" (person_id,occup_id) VALUES (239,24);
INSERT INTO "PersonOccupation" (person_id,occup_id) VALUES (239,31);
INSERT INTO "PersonOccupation" (person_id,occup_id) VALUES (239,30);
INSERT INTO "PersonOccupation" (person_id,occup_id) VALUES (240,43);
INSERT INTO "PersonOccupation" (person_id,occup_id) VALUES (240,46);
INSERT INTO "PersonOccupation" (person_id,occup_id) VALUES (240,25);
INSERT INTO "PersonOccupation" (person_id,occup_id) VALUES (241,0);
INSERT INTO "PersonOccupation" (person_id,occup_id) VALUES (242,18);
INSERT INTO "PersonOccupation" (person_id,occup_id) VALUES (242,37);
INSERT INTO "PersonOccupation" (person_id,occup_id) VALUES (243,14);
INSERT INTO "PersonOccupation" (person_id,occup_id) VALUES (243,30);
INSERT INTO "PersonOccupation" (person_id,occup_id) VALUES (243,42);
INSERT INTO "PersonOccupation" (person_id,occup_id) VALUES (244,20);
INSERT INTO "PersonOccupation" (person_id,occup_id) VALUES (244,26);
INSERT INTO "PersonOccupation" (person_id,occup_id) VALUES (244,35);
INSERT INTO "PersonOccupation" (person_id,occup_id) VALUES (247,7);
INSERT INTO "PersonOccupation" (person_id,occup_id) VALUES (248,44);
INSERT INTO "PersonOccupation" (person_id,occup_id) VALUES (248,36);
INSERT INTO "PersonOccupation" (person_id,occup_id) VALUES (248,12);
INSERT INTO "PersonOccupation" (person_id,occup_id) VALUES (249,30);
INSERT INTO "PersonOccupation" (person_id,occup_id) VALUES (249,17);
INSERT INTO "PersonOccupation" (person_id,occup_id) VALUES (250,36);
INSERT INTO "PersonOccupation" (person_id,occup_id) VALUES (251,40);
INSERT INTO "PersonOccupation" (person_id,occup_id) VALUES (251,1);
INSERT INTO "PersonOccupation" (person_id,occup_id) VALUES (252,24);
INSERT INTO "PersonOccupation" (person_id,occup_id) VALUES (252,17);
INSERT INTO "PersonOccupation" (person_id,occup_id) VALUES (252,25);
INSERT INTO "PersonOccupation" (person_id,occup_id) VALUES (253,23);
INSERT INTO "PersonOccupation" (person_id,occup_id) VALUES (253,11);
INSERT INTO "PersonOccupation" (person_id,occup_id) VALUES (254,3);
INSERT INTO "PersonOccupation" (person_id,occup_id) VALUES (254,14);
INSERT INTO "PersonOccupation" (person_id,occup_id) VALUES (255,44);
INSERT INTO "PersonOccupation" (person_id,occup_id) VALUES (257,33);
INSERT INTO "PersonOccupation" (person_id,occup_id) VALUES (257,43);
INSERT INTO "PersonOccupation" (person_id,occup_id) VALUES (257,11);
INSERT INTO "PersonOccupation" (person_id,occup_id) VALUES (258,19);
INSERT INTO "PersonOccupation" (person_id,occup_id) VALUES (259,39);
INSERT INTO "PersonOccupation" (person_id,occup_id) VALUES (259,33);
INSERT INTO "PersonOccupation" (person_id,occup_id) VALUES (260,3);
INSERT INTO "PersonOccupation" (person_id,occup_id) VALUES (260,23);
INSERT INTO "PersonOccupation" (person_id,occup_id) VALUES (261,45);
INSERT INTO "PersonOccupation" (person_id,occup_id) VALUES (262,23);
INSERT INTO "PersonOccupation" (person_id,occup_id) VALUES (262,24);
INSERT INTO "PersonOccupation" (person_id,occup_id) VALUES (262,46);
INSERT INTO "PersonOccupation" (person_id,occup_id) VALUES (263,20);
INSERT INTO "PersonOccupation" (person_id,occup_id) VALUES (263,10);
INSERT INTO "Marriage" (_id_marriage,rec_ready,rec_order,scan_order,scan_layout,date,village,groom_y,groom_m,groom_d,bride_y,bride_m,bride_d,groom_adult,bride_adult,relationship,groom_id,bride_id,user_id,register_id,officiant_id) VALUES (0,true,18,178,'P','1863-06-16','Kladno',23,9,22,30,8,26,true,true,'ne',99,44,1,200,2);
INSERT INTO "Witness" (person_id,marriage_id,side,relationship) VALUES (241,0,'ženicha','sourozenec');
INSERT INTO "Witness" (person_id,marriage_id,side,relationship) VALUES (27,0,'ženicha','jiné');
INSERT INTO "Witness" (person_id,marriage_id,side,relationship) VALUES (81,0,'nevěsty','sourozenec');
INSERT INTO "Witness" (person_id,marriage_id,side,relationship) VALUES (148,0,'nevěsty','sourozenec');
INSERT INTO "Marriage" (_id_marriage,rec_ready,rec_order,scan_order,scan_layout,date,village,groom_y,groom_m,groom_d,bride_y,bride_m,bride_d,groom_adult,bride_adult,relationship,groom_id,bride_id,user_id,register_id,officiant_id,banns_1) VALUES (1,true,958,539,'C','1858-03-25','Liberec',23,0,12,29,9,3,true,true,'ne',250,118,0,45,0,'1858-03-18');
INSERT INTO "Witness" (person_id,marriage_id,side,relationship) VALUES (61,1,'ženicha','jiné');
INSERT INTO "Witness" (person_id,marriage_id,side,relationship) VALUES (216,1,'ženicha','sourozenec');
INSERT INTO "Witness" (person_id,marriage_id,side,relationship) VALUES (209,1,'nevěsty','přítel');
INSERT INTO "Witness" (person_id,marriage_id,side,relationship) VALUES (129,1,'nevěsty','sourozenec');
INSERT INTO "Marriage" (_id_marriage,rec_ready,rec_order,scan_order,scan_layout,date,village,groom_y,groom_m,groom_d,bride_y,bride_m,bride_d,groom_adult,bride_adult,relationship,groom_id,bride_id,user_id,register_id,officiant_id,banns_1,banns_2,banns_3) VALUES (2,true,727,614,'P','1865-03-05','Havířov',27,9,10,32,0,13,true,true,'ne',172,169,1,90,1,'1865-02-26','1865-02-19','1865-02-12');
INSERT INTO "Witness" (person_id,marriage_id,side,relationship) VALUES (87,2,'ženicha','sourozenec');
INSERT INTO "Witness" (person_id,marriage_id,side,relationship) VALUES (52,2,'ženicha','jiné');
INSERT INTO "Witness" (person_id,marriage_id,side,relationship) VALUES (248,2,'nevěsty','sourozenec');
INSERT INTO "Witness" (person_id,marriage_id,side,relationship) VALUES (189,2,'nevěsty','jiné');
INSERT INTO "Marriage" (_id_marriage,rec_ready,rec_order,scan_order,scan_layout,date,village,groom_y,groom_m,groom_d,bride_y,bride_m,bride_d,groom_adult,bride_adult,relationship,groom_id,bride_id,user_id,register_id,officiant_id) VALUES (3,true,905,318,'P','1851-05-09','Liberec',22,10,11,18,9,27,true,true,'ne',50,5,0,6,1);
INSERT INTO "Witness" (person_id,marriage_id,side,relationship) VALUES (54,3,'ženicha','jiné');
INSERT INTO "Witness" (person_id,marriage_id,side,relationship) VALUES (261,3,'ženicha','sourozenec');
INSERT INTO "Witness" (person_id,marriage_id,side,relationship) VALUES (15,3,'nevěsty','jiné');
INSERT INTO "Witness" (person_id,marriage_id,side,relationship) VALUES (1,3,'nevěsty','jiné');
INSERT INTO "Marriage" (_id_marriage,rec_ready,rec_order,scan_order,scan_layout,date,village,groom_y,groom_m,groom_d,bride_y,bride_m,bride_d,groom_adult,bride_adult,relationship,groom_id,bride_id,user_id,register_id,officiant_id,banns_1) VALUES (4,true,924,585,'P','1857-06-09','Brno',18,11,17,25,5,7,true,true,'ne',92,68,1,13,2,'1857-06-02');
INSERT INTO "Witness" (person_id,marriage_id,side,relationship) VALUES (179,4,'ženicha','sourozenec');
INSERT INTO "Witness" (person_id,marriage_id,side,relationship) VALUES (172,4,'ženicha','přítel');
INSERT INTO "Witness" (person_id,marriage_id,side,relationship) VALUES (149,4,'nevěsty','sourozenec');
INSERT INTO "Witness" (person_id,marriage_id,side,relationship) VALUES (160,4,'nevěsty','sourozenec');
INSERT INTO "Marriage" (_id_marriage,rec_ready,rec_order,scan_order,scan_layout,date,village,groom_y,groom_m,groom_d,bride_y,bride_m,bride_d,groom_adult,bride_adult,relationship,groom_id,bride_id,user_id,register_id,officiant_id) VALUES (5,true,527,578,'P','1854-07-29','Pardubice',19,8,10,15,0,5,true,false,'ne',246,85,0,213,1);
INSERT INTO "Witness" (person_id,marriage_id,side,relationship) VALUES (54,5,'ženicha','jiné');
INSERT INTO "Witness" (person_id,marriage_id,side,relationship) VALUES (221,5,'ženicha','sourozenec');
INSERT INTO "Witness" (person_id,marriage_id,side,relationship) VALUES (20,5,'nevěsty','sourozenec');
INSERT INTO "Witness" (person_id,marriage_id,side,relationship) VALUES (210,5,'nevěsty','sourozenec');
INSERT INTO "Marriage" (_id_marriage,rec_ready,rec_order,scan_order,scan_layout,date,village,groom_y,groom_m,groom_d,bride_y,bride_m,bride_d,groom_adult,bride_adult,relationship,groom_id,bride_id,user_id,register_id,officiant_id) VALUES (6,true,147,13,'P','1859-12-14','Praha',29,6,11,34,11,16,true,true,'ne',207,109,0,129,0);
INSERT INTO "Witness" (person_id,marriage_id,side,relationship) VALUES (96,6,'ženicha','jiné');
INSERT INTO "Witness" (person_id,marriage_id,side,relationship) VALUES (43,6,'ženicha','sourozenec');
INSERT INTO "Witness" (person_id,marriage_id,side,relationship) VALUES (232,6,'nevěsty','přítel');
INSERT INTO "Witness" (person_id,marriage_id,side,relationship) VALUES (211,6,'nevěsty','jiné');
INSERT INTO "Marriage" (_id_marriage,rec_ready,rec_order,scan_order,scan_layout,date,village,groom_y,groom_m,groom_d,bride_y,bride_m,bride_d,groom_adult,bride_adult,relationship,groom_id,bride_id,user_id,register_id,officiant_id,banns_1) VALUES (7,true,209,960,'C','1852-03-01','Plzeň',24,0,26,19,10,11,true,true,'ne',56,11,1,173,0,'1852-02-23');
INSERT INTO "Witness" (person_id,marriage_id,side,relationship) VALUES (202,7,'ženicha','sourozenec');
INSERT INTO "Witness" (person_id,marriage_id,side,relationship) VALUES (127,7,'ženicha','jiné');
INSERT INTO "Witness" (person_id,marriage_id,side,relationship) VALUES (147,7,'nevěsty','jiné');
INSERT INTO "Witness" (person_id,marriage_id,side,relationship) VALUES (223,7,'nevěsty','sourozenec');
INSERT INTO "Marriage" (_id_marriage,rec_ready,rec_order,scan_order,scan_layout,date,village,groom_y,groom_m,groom_d,bride_y,bride_m,bride_d,groom_adult,bride_adult,relationship,groom_id,bride_id,user_id,register_id,officiant_id) VALUES (8,true,633,971,'C','1857-09-22','Plzeň',21,1,5,28,1,8,true,true,'ne',258,81,1,86,1);
INSERT INTO "Witness" (person_id,marriage_id,side,relationship) VALUES (243,8,'ženicha','přítel');
INSERT INTO "Witness" (person_id,marriage_id,side,relationship) VALUES (53,8,'ženicha','jiné');
INSERT INTO "Witness" (person_id,marriage_id,side,relationship) VALUES (249,8,'nevěsty','jiné');
INSERT INTO "Witness" (person_id,marriage_id,side,relationship) VALUES (25,8,'nevěsty','sourozenec');
INSERT INTO "Marriage" (_id_marriage,rec_ready,rec_order,scan_order,scan_layout,date,village,groom_y,groom_m,groom_d,bride_y,bride_m,bride_d,groom_adult,bride_adult,relationship,groom_id,bride_id,user_id,register_id,officiant_id,banns_1,banns_2) VALUES (9,true,195,931,'P','1868-11-27','Praha',31,4,9,36,4,0,true,true,'ne',130,71,0,162,1,'1868-11-20','1868-11-13');
INSERT INTO "Witness" (person_id,marriage_id,side,relationship) VALUES (102,9,'ženicha','sourozenec');
INSERT INTO "Witness" (person_id,marriage_id,side,relationship) VALUES (254,9,'ženicha','jiné');
INSERT INTO "Witness" (person_id,marriage_id,side,relationship) VALUES (146,9,'nevěsty','sourozenec');
INSERT INTO "Witness" (person_id,marriage_id,side,relationship) VALUES (14,9,'nevěsty','jiné');
INSERT INTO "Marriage" (_id_marriage,rec_ready,rec_order,scan_order,scan_layout,date,village,groom_y,groom_m,groom_d,bride_y,bride_m,bride_d,groom_adult,bride_adult,relationship,groom_id,bride_id,user_id,register_id,officiant_id,banns_1,banns_2) VALUES (10,true,956,822,'C','1861-05-26','Hradec Králové',28,5,23,29,7,16,true,true,'ne',233,137,1,105,1,'1861-05-19','1861-05-12');
INSERT INTO "Witness" (person_id,marriage_id,side,relationship) VALUES (102,10,'ženicha','sourozenec');
INSERT INTO "Witness" (person_id,marriage_id,side,relationship) VALUES (79,10,'ženicha','jiné');
INSERT INTO "Witness" (person_id,marriage_id,side,relationship) VALUES (185,10,'nevěsty','sourozenec');
INSERT INTO "Witness" (person_id,marriage_id,side,relationship) VALUES (148,10,'nevěsty','sourozenec');
INSERT INTO "Marriage" (_id_marriage,rec_ready,rec_order,scan_order,scan_layout,date,village,groom_y,groom_m,groom_d,bride_y,bride_m,bride_d,groom_adult,bride_adult,relationship,groom_id,bride_id,user_id,register_id,officiant_id,banns_1) VALUES (11,true,253,81,'P','1867-01-14','Ústí nad Labem',30,1,29,28,11,21,true,true,'ne',224,8,0,198,1,'1867-01-07');
INSERT INTO "Witness" (person_id,marriage_id,side,relationship) VALUES (205,11,'ženicha','sourozenec');
INSERT INTO "Witness" (person_id,marriage_id,side,relationship) VALUES (105,11,'ženicha','sourozenec');
INSERT INTO "Witness" (person_id,marriage_id,side,relationship) VALUES (76,11,'nevěsty','přítel');
INSERT INTO "Witness" (person_id,marriage_id,side,relationship) VALUES (135,11,'nevěsty','sourozenec');
INSERT INTO "Marriage" (_id_marriage,rec_ready,rec_order,scan_order,scan_layout,date,village,groom_y,groom_m,groom_d,bride_y,bride_m,bride_d,groom_adult,bride_adult,relationship,groom_id,bride_id,user_id,register_id,officiant_id,banns_1) VALUES (12,true,589,57,'C','1848-05-08','Zlín',17,6,26,13,2,3,false,false,'ne',88,253,0,181,0,'1848-05-01');
INSERT INTO "Witness" (person_id,marriage_id,side,relationship) VALUES (70,12,'ženicha','sourozenec');
INSERT INTO "Witness" (person_id,marriage_id,side,relationship) VALUES (29,12,'ženicha','sourozenec');
INSERT INTO "Witness" (person_id,marriage_id,side,relationship) VALUES (47,12,'nevěsty','přítel');
INSERT INTO "Witness" (person_id,marriage_id,side,relationship) VALUES (145,12,'nevěsty','sourozenec');
INSERT INTO "Marriage" (_id_marriage,rec_ready,rec_order,scan_order,scan_layout,date,village,groom_y,groom_m,groom_d,bride_y,bride_m,bride_d,groom_adult,bride_adult,relationship,groom_id,bride_id,user_id,register_id,officiant_id,banns_1) VALUES (13,false,545,285,'C','1845-11-25','Hradec Králové',20,5,14,18,8,18,true,true,'ne',24,115,1,109,0,'1845-11-18');
INSERT INTO "Witness" (person_id,marriage_id,side,relationship) VALUES (207,13,'ženicha','sourozenec');
INSERT INTO "Witness" (person_id,marriage_id,side,relationship) VALUES (30,13,'ženicha','přítel');
INSERT INTO "Witness" (person_id,marriage_id,side,relationship) VALUES (44,13,'nevěsty','jiné');
INSERT INTO "Witness" (person_id,marriage_id,side,relationship) VALUES (220,13,'nevěsty','přítel');
INSERT INTO "Marriage" (_id_marriage,rec_ready,rec_order,scan_order,scan_layout,date,village,groom_y,groom_m,groom_d,bride_y,bride_m,bride_d,groom_adult,bride_adult,relationship,groom_id,bride_id,user_id,register_id,officiant_id,banns_1,banns_2) VALUES (14,true,664,52,'L','1864-08-18','Opava',27,11,12,28,1,2,true,true,'ne',162,62,1,166,1,'1864-08-11','1864-08-04');
INSERT INTO "Witness" (person_id,marriage_id,side,relationship) VALUES (54,14,'ženicha','sourozenec');
INSERT INTO "Witness" (person_id,marriage_id,side,relationship) VALUES (212,14,'ženicha','jiné');
INSERT INTO "Witness" (person_id,marriage_id,side,relationship) VALUES (42,14,'nevěsty','jiné');
INSERT INTO "Witness" (person_id,marriage_id,side,relationship) VALUES (262,14,'nevěsty','sourozenec');
INSERT INTO "Marriage" (_id_marriage,rec_ready,rec_order,scan_order,scan_layout,date,village,groom_y,groom_m,groom_d,bride_y,bride_m,bride_d,groom_adult,bride_adult,relationship,groom_id,bride_id,user_id,register_id,officiant_id) VALUES (15,true,633,203,'L','1865-08-14','Brno',28,9,6,30,5,21,true,true,'ne',184,236,0,73,1);
INSERT INTO "Witness" (person_id,marriage_id,side,relationship) VALUES (105,15,'ženicha','jiné');
INSERT INTO "Witness" (person_id,marriage_id,side,relationship) VALUES (106,15,'ženicha','jiné');
INSERT INTO "Witness" (person_id,marriage_id,side,relationship) VALUES (99,15,'nevěsty','sourozenec');
INSERT INTO "Witness" (person_id,marriage_id,side,relationship) VALUES (114,15,'nevěsty','jiné');
INSERT INTO "Marriage" (_id_marriage,rec_ready,rec_order,scan_order,scan_layout,date,village,groom_y,groom_m,groom_d,bride_y,bride_m,bride_d,groom_adult,bride_adult,relationship,groom_id,bride_id,user_id,register_id,officiant_id,banns_1,banns_2) VALUES (16,false,43,870,'C','1850-02-04','České Budějovice',24,3,2,23,10,24,true,true,'ne',112,74,0,103,2,'1850-01-28','1850-01-21');
INSERT INTO "Witness" (person_id,marriage_id,side,relationship) VALUES (235,16,'ženicha','sourozenec');
INSERT INTO "Witness" (person_id,marriage_id,side,relationship) VALUES (142,16,'ženicha','přítel');
INSERT INTO "Witness" (person_id,marriage_id,side,relationship) VALUES (101,16,'nevěsty','přítel');
INSERT INTO "Witness" (person_id,marriage_id,side,relationship) VALUES (42,16,'nevěsty','jiné');
INSERT INTO "Marriage" (_id_marriage,rec_ready,rec_order,scan_order,scan_layout,date,village,groom_y,groom_m,groom_d,bride_y,bride_m,bride_d,groom_adult,bride_adult,relationship,groom_id,bride_id,user_id,register_id,officiant_id,banns_1,banns_2,banns_3) VALUES (17,true,337,382,'C','1855-12-07','Ostrava',23,9,22,17,4,2,true,false,'ne',105,197,1,221,0,'1855-11-30','1855-11-23','1855-11-16');
INSERT INTO "Witness" (person_id,marriage_id,side,relationship) VALUES (97,17,'ženicha','přítel');
INSERT INTO "Witness" (person_id,marriage_id,side,relationship) VALUES (70,17,'ženicha','jiné');
INSERT INTO "Witness" (person_id,marriage_id,side,relationship) VALUES (35,17,'nevěsty','jiné');
INSERT INTO "Witness" (person_id,marriage_id,side,relationship) VALUES (193,17,'nevěsty','jiné');
INSERT INTO "Marriage" (_id_marriage,rec_ready,rec_order,scan_order,scan_layout,date,village,groom_y,groom_m,groom_d,bride_y,bride_m,bride_d,groom_adult,bride_adult,relationship,groom_id,bride_id,user_id,register_id,officiant_id,banns_1) VALUES (18,true,217,192,'P','1857-02-25','Liberec',18,1,11,19,6,8,true,true,'ne',127,159,0,39,0,'1857-02-18');
INSERT INTO "Witness" (person_id,marriage_id,side,relationship) VALUES (4,18,'ženicha','sourozenec');
INSERT INTO "Witness" (person_id,marriage_id,side,relationship) VALUES (180,18,'ženicha','jiné');
INSERT INTO "Witness" (person_id,marriage_id,side,relationship) VALUES (224,18,'nevěsty','sourozenec');
INSERT INTO "Witness" (person_id,marriage_id,side,relationship) VALUES (204,18,'nevěsty','jiné');
INSERT INTO "Marriage" (_id_marriage,rec_ready,rec_order,scan_order,scan_layout,date,village,groom_y,groom_m,groom_d,bride_y,bride_m,bride_d,groom_adult,bride_adult,relationship,groom_id,bride_id,user_id,register_id,officiant_id,banns_1,banns_2) VALUES (19,true,440,60,'L','1851-07-24','Plzeň',21,5,7,25,8,23,true,true,'ne',211,140,0,92,0,'1851-07-17','1851-07-10');
INSERT INTO "Witness" (person_id,marriage_id,side,relationship) VALUES (47,19,'ženicha','sourozenec');
INSERT INTO "Witness" (person_id,marriage_id,side,relationship) VALUES (163,19,'ženicha','jiné');
INSERT INTO "Witness" (person_id,marriage_id,side,relationship) VALUES (90,19,'nevěsty','přítel');
INSERT INTO "Witness" (person_id,marriage_id,side,relationship) VALUES (155,19,'nevěsty','přítel');
INSERT INTO "Marriage" (_id_marriage,rec_ready,rec_order,scan_order,scan_layout,date,village,groom_y,groom_m,groom_d,bride_y,bride_m,bride_d,groom_adult,bride_adult,relationship,groom_id,bride_id,user_id,register_id,officiant_id,banns_1) VALUES (20,false,536,977,'P','1853-05-03','Ústí nad Labem',18,9,16,27,11,0,true,true,'ne',204,147,1,130,2,'1853-04-26');
INSERT INTO "Witness" (person_id,marriage_id,side,relationship) VALUES (88,20,'ženicha','sourozenec');
INSERT INTO "Witness" (person_id,marriage_id,side,relationship) VALUES (231,20,'ženicha','jiné');
INSERT INTO "Witness" (person_id,marriage_id,side,relationship) VALUES (20,20,'nevěsty','jiné');
INSERT INTO "Witness" (person_id,marriage_id,side,relationship) VALUES (31,20,'nevěsty','přítel');
INSERT INTO "Marriage" (_id_marriage,rec_ready,rec_order,scan_order,scan_layout,date,village,groom_y,groom_m,groom_d,bride_y,bride_m,bride_d,groom_adult,bride_adult,relationship,groom_id,bride_id,user_id,register_id,officiant_id,banns_1) VALUES (21,true,624,291,'C','1852-03-14','Ústí nad Labem',22,0,13,26,1,11,true,true,'ne',21,153,1,29,1,'1852-03-07');
INSERT INTO "Witness" (person_id,marriage_id,side,relationship) VALUES (207,21,'ženicha','jiné');
INSERT INTO "Witness" (person_id,marriage_id,side,relationship) VALUES (165,21,'ženicha','jiné');
INSERT INTO "Witness" (person_id,marriage_id,side,relationship) VALUES (196,21,'nevěsty','přítel');
INSERT INTO "Witness" (person_id,marriage_id,side,relationship) VALUES (226,21,'nevěsty','přítel');
INSERT INTO "Marriage" (_id_marriage,rec_ready,rec_order,scan_order,scan_layout,date,village,groom_y,groom_m,groom_d,bride_y,bride_m,bride_d,groom_adult,bride_adult,relationship,groom_id,bride_id,user_id,register_id,officiant_id,banns_1,banns_2) VALUES (22,true,11,831,'P','1862-06-30','Opava',22,7,2,32,9,12,true,true,'ne',242,166,1,147,0,'1862-06-23','1862-06-16');
INSERT INTO "Witness" (person_id,marriage_id,side,relationship) VALUES (5,22,'ženicha','přítel');
INSERT INTO "Witness" (person_id,marriage_id,side,relationship) VALUES (110,22,'ženicha','sourozenec');
INSERT INTO "Witness" (person_id,marriage_id,side,relationship) VALUES (97,22,'nevěsty','sourozenec');
INSERT INTO "Witness" (person_id,marriage_id,side,relationship) VALUES (234,22,'nevěsty','jiné');
INSERT INTO "Marriage" (_id_marriage,rec_ready,rec_order,scan_order,scan_layout,date,village,groom_y,groom_m,groom_d,bride_y,bride_m,bride_d,groom_adult,bride_adult,relationship,groom_id,bride_id,user_id,register_id,officiant_id,banns_1) VALUES (23,true,378,676,'P','1865-04-11','Pardubice',33,9,0,28,2,2,true,true,'ne',179,133,0,193,1,'1865-04-04');
INSERT INTO "Witness" (person_id,marriage_id,side,relationship) VALUES (242,23,'ženicha','sourozenec');
INSERT INTO "Witness" (person_id,marriage_id,side,relationship) VALUES (38,23,'ženicha','jiné');
INSERT INTO "Witness" (person_id,marriage_id,side,relationship) VALUES (98,23,'nevěsty','sourozenec');
INSERT INTO "Witness" (person_id,marriage_id,side,relationship) VALUES (250,23,'nevěsty','jiné');
INSERT INTO "Marriage" (_id_marriage,rec_ready,rec_order,scan_order,scan_layout,date,village,groom_y,groom_m,groom_d,bride_y,bride_m,bride_d,groom_adult,bride_adult,relationship,groom_id,bride_id,user_id,register_id,officiant_id,banns_1,banns_2,banns_3) VALUES (24,true,102,154,'P','1859-03-08','Havířov',21,1,4,28,3,20,true,true,'ne',156,38,0,219,2,'1859-03-01','1859-02-22','1859-02-15');
INSERT INTO "Witness" (person_id,marriage_id,side,relationship) VALUES (66,24,'ženicha','jiné');
INSERT INTO "Witness" (person_id,marriage_id,side,relationship) VALUES (55,24,'ženicha','jiné');
INSERT INTO "Witness" (person_id,marriage_id,side,relationship) VALUES (81,24,'nevěsty','jiné');
INSERT INTO "Witness" (person_id,marriage_id,side,relationship) VALUES (73,24,'nevěsty','přítel');
INSERT INTO "Marriage" (_id_marriage,rec_ready,rec_order,scan_order,scan_layout,date,village,groom_y,groom_m,groom_d,bride_y,bride_m,bride_d,groom_adult,bride_adult,relationship,groom_id,bride_id,user_id,register_id,officiant_id,banns_1) VALUES (25,true,796,283,'P','1865-09-23','Ostrava',28,7,0,40,1,13,true,true,'ne',216,261,0,95,2,'1865-09-16');
INSERT INTO "Witness" (person_id,marriage_id,side,relationship) VALUES (67,25,'ženicha','jiné');
INSERT INTO "Witness" (person_id,marriage_id,side,relationship) VALUES (15,25,'ženicha','sourozenec');
INSERT INTO "Witness" (person_id,marriage_id,side,relationship) VALUES (184,25,'nevěsty','sourozenec');
INSERT INTO "Witness" (person_id,marriage_id,side,relationship) VALUES (29,25,'nevěsty','sourozenec');
INSERT INTO "Marriage" (_id_marriage,rec_ready,rec_order,scan_order,scan_layout,date,village,groom_y,groom_m,groom_d,bride_y,bride_m,bride_d,groom_adult,bride_adult,relationship,groom_id,bride_id,user_id,register_id,officiant_id,banns_1,banns_2) VALUES (26,false,186,184,'P','1867-08-23','Ostrava',30,5,14,35,6,0,true,true,'ne',191,239,0,206,0,'1867-08-16','1867-08-09');
INSERT INTO "Witness" (person_id,marriage_id,side,relationship) VALUES (155,26,'ženicha','jiné');
INSERT INTO "Witness" (person_id,marriage_id,side,relationship) VALUES (91,26,'ženicha','sourozenec');
INSERT INTO "Witness" (person_id,marriage_id,side,relationship) VALUES (251,26,'nevěsty','jiné');
INSERT INTO "Witness" (person_id,marriage_id,side,relationship) VALUES (112,26,'nevěsty','přítel');
INSERT INTO "Marriage" (_id_marriage,rec_ready,rec_order,scan_order,scan_layout,date,village,groom_y,groom_m,groom_d,bride_y,bride_m,bride_d,groom_adult,bride_adult,relationship,groom_id,bride_id,user_id,register_id,officiant_id) VALUES (27,true,797,472,'C','1856-11-01','Most',27,2,6,17,9,8,true,false,'ne',230,32,1,42,1);
INSERT INTO "Witness" (person_id,marriage_id,side,relationship) VALUES (173,27,'ženicha','přítel');
INSERT INTO "Witness" (person_id,marriage_id,side,relationship) VALUES (55,27,'ženicha','jiné');
INSERT INTO "Witness" (person_id,marriage_id,side,relationship) VALUES (237,27,'nevěsty','sourozenec');
INSERT INTO "Witness" (person_id,marriage_id,side,relationship) VALUES (107,27,'nevěsty','jiné');
INSERT INTO "Marriage" (_id_marriage,rec_ready,rec_order,scan_order,scan_layout,date,village,groom_y,groom_m,groom_d,bride_y,bride_m,bride_d,groom_adult,bride_adult,relationship,groom_id,bride_id,user_id,register_id,officiant_id) VALUES (28,false,403,545,'C','1848-05-17','Hradec Králové',20,0,1,22,2,4,true,true,'ne',96,221,1,165,0);
INSERT INTO "Witness" (person_id,marriage_id,side,relationship) VALUES (48,28,'ženicha','sourozenec');
INSERT INTO "Witness" (person_id,marriage_id,side,relationship) VALUES (183,28,'ženicha','jiné');
INSERT INTO "Witness" (person_id,marriage_id,side,relationship) VALUES (155,28,'nevěsty','sourozenec');
INSERT INTO "Witness" (person_id,marriage_id,side,relationship) VALUES (110,28,'nevěsty','sourozenec');
INSERT INTO "Marriage" (_id_marriage,rec_ready,rec_order,scan_order,scan_layout,date,village,groom_y,groom_m,groom_d,bride_y,bride_m,bride_d,groom_adult,bride_adult,relationship,groom_id,bride_id,user_id,register_id,officiant_id) VALUES (29,false,814,336,'C','1854-09-11','Havířov',21,2,15,14,10,28,true,false,'ne',150,18,1,217,1);
INSERT INTO "Witness" (person_id,marriage_id,side,relationship) VALUES (200,29,'ženicha','sourozenec');
INSERT INTO "Witness" (person_id,marriage_id,side,relationship) VALUES (178,29,'ženicha','jiné');
INSERT INTO "Witness" (person_id,marriage_id,side,relationship) VALUES (195,29,'nevěsty','sourozenec');
INSERT INTO "Witness" (person_id,marriage_id,side,relationship) VALUES (156,29,'nevěsty','přítel');
INSERT INTO "Marriage" (_id_marriage,rec_ready,rec_order,scan_order,scan_layout,date,village,groom_y,groom_m,groom_d,bride_y,bride_m,bride_d,groom_adult,bride_adult,relationship,groom_id,bride_id,user_id,register_id,officiant_id,banns_1) VALUES (30,true,558,568,'L','1852-03-22','Ústí nad Labem',23,8,24,18,7,12,true,true,'ne',50,123,1,26,0,'1852-03-15');
INSERT INTO "Witness" (person_id,marriage_id,side,relationship) VALUES (77,30,'ženicha','jiné');
INSERT INTO "Witness" (person_id,marriage_id,side,relationship) VALUES (90,30,'ženicha','sourozenec');
INSERT INTO "Witness" (person_id,marriage_id,side,relationship) VALUES (179,30,'nevěsty','přítel');
INSERT INTO "Witness" (person_id,marriage_id,side,relationship) VALUES (146,30,'nevěsty','sourozenec');
INSERT INTO "Marriage" (_id_marriage,rec_ready,rec_order,scan_order,scan_layout,date,village,groom_y,groom_m,groom_d,bride_y,bride_m,bride_d,groom_adult,bride_adult,relationship,groom_id,bride_id,user_id,register_id,officiant_id) VALUES (31,true,423,524,'C','1870-07-19','Brno',33,8,11,34,1,2,true,true,'ne',184,29,1,75,0);
INSERT INTO "Witness" (person_id,marriage_id,side,relationship) VALUES (17,31,'ženicha','přítel');
INSERT INTO "Witness" (person_id,marriage_id,side,relationship) VALUES (238,31,'ženicha','jiné');
INSERT INTO "Witness" (person_id,marriage_id,side,relationship) VALUES (133,31,'nevěsty','sourozenec');
INSERT INTO "Witness" (person_id,marriage_id,side,relationship) VALUES (157,31,'nevěsty','sourozenec');
INSERT INTO "Marriage" (_id_marriage,rec_ready,rec_order,scan_order,scan_layout,date,village,groom_y,groom_m,groom_d,bride_y,bride_m,bride_d,groom_adult,bride_adult,relationship,groom_id,bride_id,user_id,register_id,officiant_id,banns_1,banns_2,banns_3) VALUES (32,true,204,511,'C','1860-05-25','Plzeň',21,4,11,34,9,2,true,true,'ne',127,194,1,58,1,'1860-05-18','1860-05-11','1860-05-04');
INSERT INTO "Witness" (person_id,marriage_id,side,relationship) VALUES (78,32,'ženicha','sourozenec');
INSERT INTO "Witness" (person_id,marriage_id,side,relationship) VALUES (37,32,'ženicha','jiné');
INSERT INTO "Witness" (person_id,marriage_id,side,relationship) VALUES (201,32,'nevěsty','sourozenec');
INSERT INTO "Witness" (person_id,marriage_id,side,relationship) VALUES (118,32,'nevěsty','přítel');
INSERT INTO "Marriage" (_id_marriage,rec_ready,rec_order,scan_order,scan_layout,date,village,groom_y,groom_m,groom_d,bride_y,bride_m,bride_d,groom_adult,bride_adult,relationship,groom_id,bride_id,user_id,register_id,officiant_id,banns_1) VALUES (33,true,674,793,'P','1857-12-02','Hradec Králové',29,6,22,21,5,15,true,true,'ne',96,29,0,194,1,'1857-11-25');
INSERT INTO "Witness" (person_id,marriage_id,side,relationship) VALUES (46,33,'ženicha','sourozenec');
INSERT INTO "Witness" (person_id,marriage_id,side,relationship) VALUES (171,33,'ženicha','jiné');
INSERT INTO "Witness" (person_id,marriage_id,side,relationship) VALUES (20,33,'nevěsty','sourozenec');
INSERT INTO "Witness" (person_id,marriage_id,side,relationship) VALUES (248,33,'nevěsty','jiné');
INSERT INTO "Marriage" (_id_marriage,rec_ready,rec_order,scan_order,scan_layout,date,village,groom_y,groom_m,groom_d,bride_y,bride_m,bride_d,groom_adult,bride_adult,relationship,groom_id,bride_id,user_id,register_id,officiant_id) VALUES (34,true,953,126,'L','1868-08-27','Plzeň',31,9,15,37,9,15,true,true,'ne',224,38,0,127,2);
INSERT INTO "Witness" (person_id,marriage_id,side,relationship) VALUES (209,34,'ženicha','sourozenec');
INSERT INTO "Witness" (person_id,marriage_id,side,relationship) VALUES (185,34,'ženicha','jiné');
INSERT INTO "Witness" (person_id,marriage_id,side,relationship) VALUES (143,34,'nevěsty','jiné');
INSERT INTO "Witness" (person_id,marriage_id,side,relationship) VALUES (230,34,'nevěsty','jiné');
INSERT INTO "Marriage" (_id_marriage,rec_ready,rec_order,scan_order,scan_layout,date,village,groom_y,groom_m,groom_d,bride_y,bride_m,bride_d,groom_adult,bride_adult,relationship,groom_id,bride_id,user_id,register_id,officiant_id,banns_1,banns_2) VALUES (35,true,157,179,'C','1860-09-29','Pardubice',28,7,15,23,1,10,true,true,'ne',105,159,0,104,2,'1860-09-22','1860-09-15');
INSERT INTO "Witness" (person_id,marriage_id,side,relationship) VALUES (50,35,'ženicha','sourozenec');
INSERT INTO "Witness" (person_id,marriage_id,side,relationship) VALUES (118,35,'ženicha','jiné');
INSERT INTO "Witness" (person_id,marriage_id,side,relationship) VALUES (246,35,'nevěsty','jiné');
INSERT INTO "Witness" (person_id,marriage_id,side,relationship) VALUES (106,35,'nevěsty','přítel');
INSERT INTO "Marriage" (_id_marriage,rec_ready,rec_order,scan_order,scan_layout,date,village,groom_y,groom_m,groom_d,bride_y,bride_m,bride_d,groom_adult,bride_adult,relationship,groom_id,bride_id,user_id,register_id,officiant_id) VALUES (36,true,904,841,'P','1855-04-20','Opava',20,9,3,30,3,17,true,true,'ne',204,109,0,88,0);
INSERT INTO "Witness" (person_id,marriage_id,side,relationship) VALUES (105,36,'ženicha','jiné');
INSERT INTO "Witness" (person_id,marriage_id,side,relationship) VALUES (149,36,'ženicha','sourozenec');
INSERT INTO "Witness" (person_id,marriage_id,side,relationship) VALUES (1,36,'nevěsty','jiné');
INSERT INTO "Witness" (person_id,marriage_id,side,relationship) VALUES (18,36,'nevěsty','jiné');
INSERT INTO "Marriage" (_id_marriage,rec_ready,rec_order,scan_order,scan_layout,date,village,groom_y,groom_m,groom_d,bride_y,bride_m,bride_d,groom_adult,bride_adult,relationship,groom_id,bride_id,user_id,register_id,officiant_id) VALUES (37,false,356,587,'C','1847-06-30','Most',17,4,12,15,5,25,false,false,'ne',211,68,1,82,0);
INSERT INTO "Witness" (person_id,marriage_id,side,relationship) VALUES (219,37,'ženicha','sourozenec');
INSERT INTO "Witness" (person_id,marriage_id,side,relationship) VALUES (186,37,'ženicha','sourozenec');
INSERT INTO "Witness" (person_id,marriage_id,side,relationship) VALUES (204,37,'nevěsty','přítel');
INSERT INTO "Witness" (person_id,marriage_id,side,relationship) VALUES (140,37,'nevěsty','sourozenec');
INSERT INTO "Marriage" (_id_marriage,rec_ready,rec_order,scan_order,scan_layout,date,village,groom_y,groom_m,groom_d,bride_y,bride_m,bride_d,groom_adult,bride_adult,relationship,groom_id,bride_id,user_id,register_id,officiant_id,banns_1) VALUES (38,true,552,923,'C','1864-06-11','Opava',32,3,26,31,10,15,true,true,'ne',105,71,0,3,2,'1864-06-04');
INSERT INTO "Witness" (person_id,marriage_id,side,relationship) VALUES (166,38,'ženicha','jiné');
INSERT INTO "Witness" (person_id,marriage_id,side,relationship) VALUES (123,38,'ženicha','přítel');
INSERT INTO "Witness" (person_id,marriage_id,side,relationship) VALUES (207,38,'nevěsty','sourozenec');
INSERT INTO "Witness" (person_id,marriage_id,side,relationship) VALUES (242,38,'nevěsty','sourozenec');
INSERT INTO "Death" (_id_death,rec_ready,rec_order,scan_order,scan_layout,death_village,death_street,death_descr,place_funeral,widowed,age_y,age_m,age_d,age_h,inspection,person_id,user_id,register_id,director_id,celebrant_id,death_cause,provision_date,inspection_by) VALUES (63,true,91,416,'C','Havířov','Dalimil',14163,'Hradec Králové',true,50,0,12,23,true,261,1,44,2,2,'osýpky','1875-08-21','Dr. Nováček');
INSERT INTO "Death" (_id_death,rec_ready,rec_order,scan_order,scan_layout,death_village,death_street,death_descr,place_funeral,widowed,age_y,age_m,age_d,age_h,inspection,person_id,user_id,register_id,director_id,celebrant_id,death_date,funeral_date) VALUES (62,true,861,802,'P','Ústí nad Labem','Nina',7360,'Plzeň',false,49,0,12,16,false,258,0,211,1,0,'1885-08-23','1885-08-25');
INSERT INTO "Death" (_id_death,rec_ready,rec_order,scan_order,scan_layout,death_village,death_street,death_descr,place_funeral,widowed,age_y,age_m,age_d,age_h,inspection,person_id,user_id,register_id,director_id,celebrant_id,death_date,funeral_date) VALUES (61,true,235,612,'P','Zlín','Stibor',571,'Zlín',true,15,0,4,12,false,253,0,130,0,1,'1850-03-10','1850-03-12');
INSERT INTO "Death" (_id_death,rec_ready,rec_order,scan_order,scan_layout,death_village,death_street,death_descr,place_funeral,widowed,age_y,age_m,age_d,age_h,inspection,person_id,user_id,register_id,director_id,celebrant_id,death_date,funeral_date) VALUES (60,true,377,669,'P','Hradec Králové','Rosalinda',1903,'Hradec Králové',false,54,0,14,16,false,250,0,131,2,1,'1889-03-19','1889-03-21');
INSERT INTO "Death" (_id_death,rec_ready,rec_order,scan_order,scan_layout,death_village,death_street,death_descr,place_funeral,widowed,age_y,age_m,age_d,age_h,inspection,person_id,user_id,register_id,director_id,celebrant_id,death_cause,death_date,funeral_date) VALUES (59,true,694,514,'P','Opava','Svozil',765,'Opava',false,92,0,22,17,false,246,0,68,1,2,'souchotiny','1926-11-26','1926-11-28');
INSERT INTO "Death" (_id_death,rec_ready,rec_order,scan_order,scan_layout,death_village,death_street,death_descr,place_funeral,widowed,age_y,age_m,age_d,age_h,inspection,person_id,user_id,register_id,director_id,celebrant_id,notes,death_date,funeral_date) VALUES (58,true,805,27,'P','Ústí nad Labem','Gracián',60174,'Havířov',false,74,0,18,13,false,242,0,70,2,2,'poznámky...','1913-12-06','1913-12-08');
INSERT INTO "Death" (_id_death,rec_ready,rec_order,scan_order,scan_layout,death_village,death_street,death_descr,place_funeral,widowed,age_y,age_m,age_d,age_h,inspection,person_id,user_id,register_id,director_id,celebrant_id,death_cause,notes,death_date,funeral_date,inspection_by) VALUES (57,true,149,525,'P','Opava','Pavelka',00427,'Havířov',false,51,0,12,22,true,239,0,64,1,2,'osýpky','poznámky...','1883-03-04','1883-03-06','Dr. Hrachovina');
INSERT INTO "Death" (_id_death,rec_ready,rec_order,scan_order,scan_layout,death_village,death_street,death_descr,place_funeral,widowed,age_y,age_m,age_d,age_h,inspection,person_id,user_id,register_id,director_id,celebrant_id,death_date,funeral_date) VALUES (56,true,643,951,'P','Ostrava','červenka',67701,'Brno',false,53,0,14,12,false,236,1,54,1,2,'1888-03-04','1888-03-06');
INSERT INTO "Death" (_id_death,rec_ready,rec_order,scan_order,scan_layout,death_village,death_street,death_descr,place_funeral,widowed,age_y,age_m,age_d,age_h,inspection,person_id,user_id,register_id,director_id,celebrant_id,death_date,funeral_date,inspection_by) VALUES (55,true,149,442,'P','Olomouc','Vymazalová',09934,'Ústí nad Labem',false,16,0,4,16,true,233,0,118,1,1,'1848-12-11','1848-12-13','Dr. Nováček');
INSERT INTO "Death" (_id_death,rec_ready,rec_order,scan_order,scan_layout,death_village,death_street,death_descr,place_funeral,widowed,age_y,age_m,age_d,age_h,inspection,person_id,user_id,register_id,director_id,celebrant_id,provision_date) VALUES (54,true,312,505,'C','Liberec','Formánková',61080,'Liberec',true,43,0,11,22,false,230,1,18,2,1,'1872-09-03');
INSERT INTO "Death" (_id_death,rec_ready,rec_order,scan_order,scan_layout,death_village,death_street,death_descr,place_funeral,widowed,age_y,age_m,age_d,age_h,inspection,person_id,user_id,register_id,director_id,celebrant_id,death_cause,death_date,funeral_date,inspection_by) VALUES (53,true,130,56,'C','Hradec Králové','Edvard',661,'Hradec Králové',false,65,0,15,6,true,224,0,116,0,0,'záduch','1901-11-23','1901-11-25','Dr. Hrachovina');
INSERT INTO "Death" (_id_death,rec_ready,rec_order,scan_order,scan_layout,death_village,death_street,death_descr,place_funeral,widowed,age_y,age_m,age_d,age_h,inspection,person_id,user_id,register_id,director_id,celebrant_id,death_cause,death_date,funeral_date,inspection_by) VALUES (52,false,511,936,'C','Pardubice','Vojmíra',010,'Pardubice',false,80,0,19,9,true,221,0,88,1,0,'utopený','1906-03-20','1906-03-22','Dr. Nováček');
INSERT INTO "Death" (_id_death,rec_ready,rec_order,scan_order,scan_layout,death_village,death_street,death_descr,place_funeral,widowed,age_y,age_m,age_d,age_h,inspection,person_id,user_id,register_id,director_id,celebrant_id,death_cause,death_date,funeral_date) VALUES (51,false,491,777,'C','Ústí nad Labem','Krupová',24934,'Ústí nad Labem',false,43,0,11,15,false,216,1,207,0,2,'osýpky','1880-03-04','1880-03-06');
INSERT INTO "Death" (_id_death,rec_ready,rec_order,scan_order,scan_layout,death_village,death_street,death_descr,place_funeral,widowed,age_y,age_m,age_d,age_h,inspection,person_id,user_id,register_id,director_id,celebrant_id,death_cause,provision_date) VALUES (50,true,547,244,'P','Most','Theofila',48549,'Most',false,79,0,19,14,false,211,0,94,1,1,'sešlost věkem','1909-02-22');
INSERT INTO "Death" (_id_death,rec_ready,rec_order,scan_order,scan_layout,death_village,death_street,death_descr,place_funeral,widowed,age_y,age_m,age_d,age_h,inspection,person_id,user_id,register_id,director_id,celebrant_id,death_cause,notes,death_date,funeral_date) VALUES (49,true,110,901,'C','Ostrava','Kocmanová',0680,'Brno',false,12,0,3,9,false,207,0,37,1,0,'osýpky','chyba zápisu, prohozené rubriky','1842-06-13','1842-06-15');
INSERT INTO "Death" (_id_death,rec_ready,rec_order,scan_order,scan_layout,death_village,death_street,death_descr,place_funeral,widowed,age_y,age_m,age_d,age_h,inspection,person_id,user_id,register_id,director_id,celebrant_id,place_death,death_cause,provision_date,inspection_by) VALUES (48,true,228,499,'L','Ústí nad Labem','Danuta',40587,'Ústí nad Labem',false,61,0,15,20,true,204,1,90,2,0,'v řece Svitavě u Bilovic','souchotiny','1895-07-26','Dr. Nováček');
INSERT INTO "Death" (_id_death,rec_ready,rec_order,scan_order,scan_layout,death_village,death_street,death_descr,place_funeral,widowed,age_y,age_m,age_d,age_h,inspection,person_id,user_id,register_id,director_id,celebrant_id,place_death,death_cause,notes,death_date,funeral_date) VALUES (47,true,604,669,'P','Most','Cecilie',0194,'Ostrava',false,17,0,4,23,false,197,1,39,1,1,'nemocnice','záškrt','chyba zápisu, prohozené rubriky','1855-08-11','1855-08-13');
INSERT INTO "Death" (_id_death,rec_ready,rec_order,scan_order,scan_layout,death_village,death_street,death_descr,place_funeral,widowed,age_y,age_m,age_d,age_h,inspection,person_id,user_id,register_id,director_id,celebrant_id,notes,provision_date) VALUES (46,true,66,890,'P','Ústí nad Labem','čonka',0561,'Ústí nad Labem',false,28,0,7,13,false,194,0,35,2,1,'poznámky...','1853-09-04');
INSERT INTO "Death" (_id_death,rec_ready,rec_order,scan_order,scan_layout,death_village,death_street,death_descr,place_funeral,widowed,age_y,age_m,age_d,age_h,inspection,person_id,user_id,register_id,director_id,celebrant_id,death_cause,provision_date,inspection_by) VALUES (45,true,411,368,'P','Ústí nad Labem','Erik',8191,'Most',true,57,0,14,13,true,191,0,143,1,0,'osýpky','1894-03-19','Dr. Hrachovina');
INSERT INTO "Death" (_id_death,rec_ready,rec_order,scan_order,scan_layout,death_village,death_street,death_descr,place_funeral,widowed,age_y,age_m,age_d,age_h,inspection,person_id,user_id,register_id,director_id,celebrant_id,provision_date) VALUES (44,true,12,664,'C','Brno','Celestýn',561,'Brno',false,61,0,15,20,false,184,1,4,1,1,'1897-11-18');
INSERT INTO "Death" (_id_death,rec_ready,rec_order,scan_order,scan_layout,death_village,death_street,death_descr,place_funeral,widowed,age_y,age_m,age_d,age_h,inspection,person_id,user_id,register_id,director_id,celebrant_id,death_date,funeral_date) VALUES (43,true,509,454,'C','Hradec Králové','Sobek',214,'Hradec Králové',false,0,0,0,15,false,179,0,172,0,0,'1831-07-24','1831-07-26');
INSERT INTO "Death" (_id_death,rec_ready,rec_order,scan_order,scan_layout,death_village,death_street,death_descr,place_funeral,widowed,age_y,age_m,age_d,age_h,inspection,person_id,user_id,register_id,director_id,celebrant_id,death_date,funeral_date) VALUES (42,false,150,256,'C','Most','Zavadilová',732,'Most',false,87,0,21,3,false,172,0,139,0,0,'1924-06-05','1924-06-07');
INSERT INTO "Death" (_id_death,rec_ready,rec_order,scan_order,scan_layout,death_village,death_street,death_descr,place_funeral,widowed,age_y,age_m,age_d,age_h,inspection,person_id,user_id,register_id,director_id,celebrant_id,place_death,death_cause,death_date,funeral_date) VALUES (41,false,833,37,'C','Ústí nad Labem','šírová',82780,'Ústí nad Labem',false,66,0,16,6,false,169,0,194,0,0,'v řece Svitavě u Bilovic','osýpky','1899-02-28','1899-03-02');
INSERT INTO "Death" (_id_death,rec_ready,rec_order,scan_order,scan_layout,death_village,death_street,death_descr,place_funeral,widowed,age_y,age_m,age_d,age_h,inspection,person_id,user_id,register_id,director_id,celebrant_id,provision_date) VALUES (40,true,382,628,'P','Ústí nad Labem','Ludomír',5369,'Praha',false,21,0,5,5,false,166,1,212,0,0,'1850-09-29');
INSERT INTO "Death" (_id_death,rec_ready,rec_order,scan_order,scan_layout,death_village,death_street,death_descr,place_funeral,widowed,age_y,age_m,age_d,age_h,inspection,person_id,user_id,register_id,director_id,celebrant_id,place_death,death_cause,death_date,funeral_date,inspection_by) VALUES (39,true,360,17,'P','Opava','Hána',14487,'Opava',true,91,0,21,22,true,162,0,182,1,1,'nemocnice','ochrnutí plic','1927-09-17','1927-09-19','Dr. Nováček');
INSERT INTO "Death" (_id_death,rec_ready,rec_order,scan_order,scan_layout,death_village,death_street,death_descr,place_funeral,widowed,age_y,age_m,age_d,age_h,inspection,person_id,user_id,register_id,director_id,celebrant_id,provision_date) VALUES (38,true,312,416,'C','Olomouc','Evelina',273,'Pardubice',true,2,0,0,1,false,159,0,36,2,1,'1839-08-26');
INSERT INTO "Death" (_id_death,rec_ready,rec_order,scan_order,scan_layout,death_village,death_street,death_descr,place_funeral,widowed,age_y,age_m,age_d,age_h,inspection,person_id,user_id,register_id,director_id,celebrant_id,death_date,funeral_date) VALUES (37,true,292,559,'C','Havířov','Angelika',3855,'Havířov',false,36,0,9,20,false,156,1,3,2,1,'1874-02-07','1874-02-09');
INSERT INTO "Death" (_id_death,rec_ready,rec_order,scan_order,scan_layout,death_village,death_street,death_descr,place_funeral,widowed,age_y,age_m,age_d,age_h,inspection,person_id,user_id,register_id,director_id,celebrant_id,death_cause,death_date,funeral_date,inspection_by) VALUES (36,true,193,567,'C','Hradec Králové','Kubík',91269,'Hradec Králové',false,17,0,4,14,true,153,1,177,1,0,'osýpky','1843-02-08','1843-02-10','Dr. Nováček');
INSERT INTO "Death" (_id_death,rec_ready,rec_order,scan_order,scan_layout,death_village,death_street,death_descr,place_funeral,widowed,age_y,age_m,age_d,age_h,inspection,person_id,user_id,register_id,director_id,celebrant_id,death_date,funeral_date,inspection_by) VALUES (35,true,260,249,'C','Praha','Všebor',545,'Praha',false,59,0,15,15,true,150,0,78,0,0,'1892-07-03','1892-07-05','Dr. Hrachovina');
INSERT INTO "Death" (_id_death,rec_ready,rec_order,scan_order,scan_layout,death_village,death_street,death_descr,place_funeral,widowed,age_y,age_m,age_d,age_h,inspection,person_id,user_id,register_id,director_id,celebrant_id,death_date,funeral_date,inspection_by) VALUES (34,false,268,706,'P','Ústí nad Labem','César',45600,'České Budějovice',false,63,0,16,15,true,147,1,84,2,2,'1888-06-14','1888-06-16','Dr. Nováček');
INSERT INTO "Death" (_id_death,rec_ready,rec_order,scan_order,scan_layout,death_village,death_street,death_descr,place_funeral,widowed,age_y,age_m,age_d,age_h,inspection,person_id,user_id,register_id,director_id,celebrant_id,place_death,notes,provision_date) VALUES (33,true,53,752,'P','Most','Sochorová',8298,'Most',true,57,0,14,20,false,140,1,121,0,1,'v řece Svitavě u Bilovic','poznámky...','1882-11-09');
INSERT INTO "Death" (_id_death,rec_ready,rec_order,scan_order,scan_layout,death_village,death_street,death_descr,place_funeral,widowed,age_y,age_m,age_d,age_h,inspection,person_id,user_id,register_id,director_id,celebrant_id,death_date,funeral_date,inspection_by) VALUES (32,false,365,38,'P','Ústí nad Labem','Jacek',1547,'Hradec Králové',false,83,0,20,15,true,137,1,80,1,2,'1914-10-20','1914-10-22','Dr. Nováček');
INSERT INTO "Death" (_id_death,rec_ready,rec_order,scan_order,scan_layout,death_village,death_street,death_descr,place_funeral,widowed,age_y,age_m,age_d,age_h,inspection,person_id,user_id,register_id,director_id,celebrant_id,death_cause,death_date,funeral_date,inspection_by) VALUES (31,true,54,856,'L','Kladno','Ladislav',7813,'Ústí nad Labem',false,34,0,8,21,true,133,1,9,1,2,'slabost těla','1871-02-15','1871-02-17','Dr. Nováček');
INSERT INTO "Death" (_id_death,rec_ready,rec_order,scan_order,scan_layout,death_village,death_street,death_descr,place_funeral,widowed,age_y,age_m,age_d,age_h,inspection,person_id,user_id,register_id,director_id,celebrant_id,death_date,funeral_date) VALUES (30,true,342,165,'P','Olomouc','Schejbalová',0667,'Opava',false,72,0,17,12,false,130,0,208,2,1,'1909-07-29','1909-07-31');
INSERT INTO "Death" (_id_death,rec_ready,rec_order,scan_order,scan_layout,death_village,death_street,death_descr,place_funeral,widowed,age_y,age_m,age_d,age_h,inspection,person_id,user_id,register_id,director_id,celebrant_id,death_date,funeral_date) VALUES (29,true,701,373,'P','Plzeň','Gerhard',921,'Plzeň',true,99,0,24,18,false,127,0,181,0,2,'1938-01-20','1938-01-22');
INSERT INTO "Death" (_id_death,rec_ready,rec_order,scan_order,scan_layout,death_village,death_street,death_descr,place_funeral,widowed,age_y,age_m,age_d,age_h,inspection,person_id,user_id,register_id,director_id,celebrant_id,place_death,death_cause,notes,provision_date) VALUES (28,true,135,27,'P','Kladno','Poláček',3437,'Brno',true,53,0,13,14,false,123,1,95,1,0,'v řece Svitavě u Bilovic','srdečná vada','chyba zápisu, prohozené rubriky','1886-08-17');
INSERT INTO "Death" (_id_death,rec_ready,rec_order,scan_order,scan_layout,death_village,death_street,death_descr,place_funeral,widowed,age_y,age_m,age_d,age_h,inspection,person_id,user_id,register_id,director_id,celebrant_id,place_death,provision_date) VALUES (27,true,866,575,'L','Zlín','Emil',3195,'Ústí nad Labem',false,87,0,20,17,false,118,0,31,0,1,'nemocnice','1915-07-02');
INSERT INTO "Death" (_id_death,rec_ready,rec_order,scan_order,scan_layout,death_village,death_street,death_descr,place_funeral,widowed,age_y,age_m,age_d,age_h,inspection,person_id,user_id,register_id,director_id,celebrant_id,place_death,death_cause,death_date,funeral_date,inspection_by) VALUES (26,true,916,418,'L','Opava','Hladíková',32384,'Olomouc',true,98,0,24,0,true,115,1,174,0,1,'nemocnice','chřadnutí','1925-03-17','1925-03-19','Dr. Hrachovina');
INSERT INTO "Death" (_id_death,rec_ready,rec_order,scan_order,scan_layout,death_village,death_street,death_descr,place_funeral,widowed,age_y,age_m,age_d,age_h,inspection,person_id,user_id,register_id,director_id,celebrant_id,place_death,death_cause,death_date,funeral_date,inspection_by) VALUES (25,false,311,559,'P','Brno','Běla',4307,'České Budějovice',false,43,0,11,6,true,112,0,206,1,0,'nemocnice','osýpky','1868-11-10','1868-11-12','Dr. Nováček');
INSERT INTO "Death" (_id_death,rec_ready,rec_order,scan_order,scan_layout,death_village,death_street,death_descr,place_funeral,widowed,age_y,age_m,age_d,age_h,inspection,person_id,user_id,register_id,director_id,celebrant_id,place_death,death_cause,provision_date) VALUES (24,false,826,565,'C','Kladno','Šimona',6789,'Kladno',true,14,0,3,23,false,109,0,200,0,1,'v řece Svitavě u Bilovic','souchotiny','1839-01-10');
INSERT INTO "Death" (_id_death,rec_ready,rec_order,scan_order,scan_layout,death_village,death_street,death_descr,place_funeral,widowed,age_y,age_m,age_d,age_h,inspection,person_id,user_id,register_id,director_id,celebrant_id,death_cause,death_date,funeral_date,inspection_by) VALUES (23,true,687,627,'C','Kladno','Pešta',29591,'Opava',true,37,0,10,8,true,105,1,57,0,0,'zánět plic','1869-02-24','1869-02-26','Dr. Nováček');
INSERT INTO "Death" (_id_death,rec_ready,rec_order,scan_order,scan_layout,death_village,death_street,death_descr,place_funeral,widowed,age_y,age_m,age_d,age_h,inspection,person_id,user_id,register_id,director_id,celebrant_id,death_cause,death_date,funeral_date,inspection_by) VALUES (22,true,319,27,'C','Olomouc','Abelard',0158,'Zlín',false,95,0,23,7,true,99,1,141,2,1,'souchotiny','1934-09-03','1934-09-05','Dr. Nováček');
INSERT INTO "Death" (_id_death,rec_ready,rec_order,scan_order,scan_layout,death_village,death_street,death_descr,place_funeral,widowed,age_y,age_m,age_d,age_h,inspection,person_id,user_id,register_id,director_id,celebrant_id,death_date,funeral_date,inspection_by) VALUES (21,true,741,736,'C','Hradec Králové','Janečková',735,'Hradec Králové',false,47,0,11,5,true,96,0,61,2,2,'1875-05-21','1875-05-23','Dr. Nováček');
INSERT INTO "Death" (_id_death,rec_ready,rec_order,scan_order,scan_layout,death_village,death_street,death_descr,place_funeral,widowed,age_y,age_m,age_d,age_h,inspection,person_id,user_id,register_id,director_id,celebrant_id,death_cause,death_date,funeral_date) VALUES (20,true,113,731,'C','Opava','Suchýová',592,'Opava',false,42,0,11,2,false,92,1,159,0,2,'osýpky','1880-07-02','1880-07-04');
INSERT INTO "Death" (_id_death,rec_ready,rec_order,scan_order,scan_layout,death_village,death_street,death_descr,place_funeral,widowed,age_y,age_m,age_d,age_h,inspection,person_id,user_id,register_id,director_id,celebrant_id,death_cause,notes,provision_date) VALUES (19,true,63,426,'P','Ostrava','Sidonie',81333,'Ostrava',true,79,0,19,3,false,88,0,133,1,0,'osýpky','poznámky...','1909-10-19');
INSERT INTO "Death" (_id_death,rec_ready,rec_order,scan_order,scan_layout,death_village,death_street,death_descr,place_funeral,widowed,age_y,age_m,age_d,age_h,inspection,person_id,user_id,register_id,director_id,celebrant_id,death_date,funeral_date) VALUES (18,true,523,563,'C','Most','Oskar',26840,'Praha',false,74,0,18,18,false,85,0,146,2,1,'1913-07-28','1913-07-30');
INSERT INTO "Death" (_id_death,rec_ready,rec_order,scan_order,scan_layout,death_village,death_street,death_descr,place_funeral,widowed,age_y,age_m,age_d,age_h,inspection,person_id,user_id,register_id,director_id,celebrant_id,death_cause,death_date,funeral_date,inspection_by) VALUES (17,true,61,627,'L','Ostrava','Káňa',378,'Pardubice',false,11,0,3,2,true,81,1,179,1,0,'souchotiny','1840-08-22','1840-08-24','Dr. Nováček');
INSERT INTO "Death" (_id_death,rec_ready,rec_order,scan_order,scan_layout,death_village,death_street,death_descr,place_funeral,widowed,age_y,age_m,age_d,age_h,inspection,person_id,user_id,register_id,director_id,celebrant_id,death_date,funeral_date,inspection_by) VALUES (16,true,101,820,'P','Most','Grundzová',7171,'Most',true,66,0,17,12,true,74,0,168,2,2,'1892-03-23','1892-03-25','Dr. Hrachovina');
INSERT INTO "Death" (_id_death,rec_ready,rec_order,scan_order,scan_layout,death_village,death_street,death_descr,place_funeral,widowed,age_y,age_m,age_d,age_h,inspection,person_id,user_id,register_id,director_id,celebrant_id,death_date,funeral_date) VALUES (15,true,245,333,'C','Pardubice','Vránová',5811,'Pardubice',false,73,0,17,23,false,71,0,15,2,0,'1905-08-08','1905-08-10');
INSERT INTO "Death" (_id_death,rec_ready,rec_order,scan_order,scan_layout,death_village,death_street,death_descr,place_funeral,widowed,age_y,age_m,age_d,age_h,inspection,person_id,user_id,register_id,director_id,celebrant_id,death_cause,death_date,funeral_date) VALUES (14,true,579,805,'L','Ústí nad Labem','Urbánek',9048,'Most',false,40,0,10,22,false,68,0,58,2,2,'angina','1872-01-10','1872-01-12');
INSERT INTO "Death" (_id_death,rec_ready,rec_order,scan_order,scan_layout,death_village,death_street,death_descr,place_funeral,widowed,age_y,age_m,age_d,age_h,inspection,person_id,user_id,register_id,director_id,celebrant_id,death_cause,death_date,funeral_date) VALUES (13,false,36,475,'P','Praha','Donald',10128,'Praha',true,38,0,9,17,false,62,1,129,1,2,'souchotiny','1874-07-24','1874-07-26');
INSERT INTO "Death" (_id_death,rec_ready,rec_order,scan_order,scan_layout,death_village,death_street,death_descr,place_funeral,widowed,age_y,age_m,age_d,age_h,inspection,person_id,user_id,register_id,director_id,celebrant_id,death_cause,notes,provision_date) VALUES (12,true,861,244,'C','Most','Valeš',2909,'Plzeň',true,59,0,15,12,false,56,1,170,0,1,'souchotiny','chyba zápisu, prohozené rubriky','1887-02-10');
INSERT INTO "Death" (_id_death,rec_ready,rec_order,scan_order,scan_layout,death_village,death_street,death_descr,place_funeral,widowed,age_y,age_m,age_d,age_h,inspection,person_id,user_id,register_id,director_id,celebrant_id,place_death,death_date,funeral_date,inspection_by) VALUES (11,true,680,837,'P','Ostrava','Petrů',4851,'Ostrava',true,29,0,7,18,true,50,1,62,2,2,'v řece Svitavě u Bilovic','1857-07-07','1857-07-09','Dr. Nováček');
INSERT INTO "Death" (_id_death,rec_ready,rec_order,scan_order,scan_layout,death_village,death_street,death_descr,place_funeral,widowed,age_y,age_m,age_d,age_h,inspection,person_id,user_id,register_id,director_id,celebrant_id,provision_date) VALUES (10,false,120,462,'C','Kladno','Timon',32537,'Kladno',true,55,0,13,19,false,44,1,112,1,1,'1887-09-30');
INSERT INTO "Death" (_id_death,rec_ready,rec_order,scan_order,scan_layout,death_village,death_street,death_descr,place_funeral,widowed,age_y,age_m,age_d,age_h,inspection,person_id,user_id,register_id,director_id,celebrant_id,place_death,provision_date) VALUES (9,true,29,734,'P','České Budějovice','Loudová',4070,'České Budějovice',true,14,0,4,16,false,38,1,38,1,1,'v řece Svitavě u Bilovic','1844-11-25');
INSERT INTO "Death" (_id_death,rec_ready,rec_order,scan_order,scan_layout,death_village,death_street,death_descr,place_funeral,widowed,age_y,age_m,age_d,age_h,inspection,person_id,user_id,register_id,director_id,celebrant_id,place_death,death_cause,death_date,funeral_date) VALUES (8,true,315,100,'L','Olomouc','řeháček',706,'Olomouc',true,52,0,13,12,false,32,0,67,1,2,'nemocnice','souchotiny','1891-02-01','1891-02-03');
INSERT INTO "Death" (_id_death,rec_ready,rec_order,scan_order,scan_layout,death_village,death_street,death_descr,place_funeral,widowed,age_y,age_m,age_d,age_h,inspection,person_id,user_id,register_id,director_id,celebrant_id,death_date,funeral_date) VALUES (7,true,604,843,'C','Zlín','šmejkalová',6458,'Liberec',false,12,0,3,13,false,29,0,93,0,1,'1848-06-25','1848-06-27');
INSERT INTO "Death" (_id_death,rec_ready,rec_order,scan_order,scan_layout,death_village,death_street,death_descr,place_funeral,widowed,age_y,age_m,age_d,age_h,inspection,person_id,user_id,register_id,director_id,celebrant_id,notes,death_date,funeral_date) VALUES (6,true,750,915,'C','Hradec Králové','šanda',2619,'Hradec Králové',false,36,0,9,0,false,24,0,98,1,0,'chyba zápisu, prohozené rubriky','1861-06-19','1861-06-21');
INSERT INTO "Death" (_id_death,rec_ready,rec_order,scan_order,scan_layout,death_village,death_street,death_descr,place_funeral,widowed,age_y,age_m,age_d,age_h,inspection,person_id,user_id,register_id,director_id,celebrant_id,death_date,funeral_date,inspection_by) VALUES (5,false,646,360,'C','Ústí nad Labem','Gorazd',74253,'Ústí nad Labem',false,48,0,12,3,true,21,1,30,1,0,'1878-03-07','1878-03-09','Dr. Hrachovina');
INSERT INTO "Death" (_id_death,rec_ready,rec_order,scan_order,scan_layout,death_village,death_street,death_descr,place_funeral,widowed,age_y,age_m,age_d,age_h,inspection,person_id,user_id,register_id,director_id,celebrant_id,death_cause,provision_date) VALUES (4,true,529,127,'C','Ústí nad Labem','Zlata',228,'Brno',false,44,0,11,13,false,18,1,12,0,0,'souchotiny','1883-10-22');
INSERT INTO "Death" (_id_death,rec_ready,rec_order,scan_order,scan_layout,death_village,death_street,death_descr,place_funeral,widowed,age_y,age_m,age_d,age_h,inspection,person_id,user_id,register_id,director_id,celebrant_id,place_death,death_cause,death_date,funeral_date,inspection_by) VALUES (3,true,61,709,'P','Most','Popelková',566,'Zlín',true,44,0,11,16,true,11,1,196,0,0,'nemocnice','záduch','1876-04-29','1876-05-01','Dr. Hrachovina');
INSERT INTO "Death" (_id_death,rec_ready,rec_order,scan_order,scan_layout,death_village,death_street,death_descr,place_funeral,widowed,age_y,age_m,age_d,age_h,inspection,person_id,user_id,register_id,director_id,celebrant_id,death_date,funeral_date) VALUES (2,true,299,394,'C','Kladno','Matouš',0963,'Opava',false,17,0,4,1,false,8,1,45,1,0,'1855-02-04','1855-02-06');
INSERT INTO "Death" (_id_death,rec_ready,rec_order,scan_order,scan_layout,death_village,death_street,death_descr,place_funeral,widowed,age_y,age_m,age_d,age_h,inspection,person_id,user_id,register_id,director_id,celebrant_id,death_date,funeral_date) VALUES (1,true,490,708,'P','Most','Tomáška',5164,'Havířov',true,69,0,16,1,false,5,1,132,0,1,'1901-07-20','1901-07-22');
