INSERT INTO "User" (_id_user,name) VALUES (0,'Roxana Macák');
INSERT INTO "User" (_id_user,name) VALUES (1,'Žaneta Valenta');
INSERT INTO "Register" (_id_register,archive,fond,signature) VALUES (0,'ARCH0','FOND0',0);
INSERT INTO "Register" (_id_register,archive,fond,signature) VALUES (1,'ARCH0','FOND0',1);
INSERT INTO "Register" (_id_register,archive,fond,signature) VALUES (2,'ARCH0','FOND0',2);
INSERT INTO "Register" (_id_register,archive,fond,signature) VALUES (3,'ARCH0','FOND0',3);
INSERT INTO "Register" (_id_register,archive,fond,signature) VALUES (4,'ARCH0','FOND0',4);
INSERT INTO "Register" (_id_register,archive,fond,signature) VALUES (5,'ARCH0','FOND0',5);
INSERT INTO "Register" (_id_register,archive,fond,signature) VALUES (6,'ARCH0','FOND0',6);
INSERT INTO "Register" (_id_register,archive,fond,signature) VALUES (7,'ARCH0','FOND0',7);
INSERT INTO "Register" (_id_register,archive,fond,signature) VALUES (8,'ARCH0','FOND0',8);
INSERT INTO "Register" (_id_register,archive,fond,signature) VALUES (9,'ARCH0','FOND0',9);
INSERT INTO "Register" (_id_register,archive,fond,signature) VALUES (10,'ARCH0','FOND0',10);
INSERT INTO "Register" (_id_register,archive,fond,signature) VALUES (11,'ARCH0','FOND0',11);
INSERT INTO "Register" (_id_register,archive,fond,signature) VALUES (12,'ARCH0','FOND0',12);
INSERT INTO "Register" (_id_register,archive,fond,signature) VALUES (13,'ARCH0','FOND0',13);
INSERT INTO "Register" (_id_register,archive,fond,signature) VALUES (14,'ARCH0','FOND0',14);
INSERT INTO "Register" (_id_register,archive,fond,signature) VALUES (15,'ARCH0','FOND1',0);
INSERT INTO "Register" (_id_register,archive,fond,signature) VALUES (16,'ARCH0','FOND1',1);
INSERT INTO "Register" (_id_register,archive,fond,signature) VALUES (17,'ARCH0','FOND1',2);
INSERT INTO "Register" (_id_register,archive,fond,signature) VALUES (18,'ARCH0','FOND1',3);
INSERT INTO "Register" (_id_register,archive,fond,signature) VALUES (19,'ARCH0','FOND1',4);
INSERT INTO "Register" (_id_register,archive,fond,signature) VALUES (20,'ARCH0','FOND1',5);
INSERT INTO "Register" (_id_register,archive,fond,signature) VALUES (21,'ARCH0','FOND1',6);
INSERT INTO "Register" (_id_register,archive,fond,signature) VALUES (22,'ARCH0','FOND1',7);
INSERT INTO "Register" (_id_register,archive,fond,signature) VALUES (23,'ARCH0','FOND1',8);
INSERT INTO "Register" (_id_register,archive,fond,signature) VALUES (24,'ARCH0','FOND1',9);
INSERT INTO "Register" (_id_register,archive,fond,signature) VALUES (25,'ARCH0','FOND1',10);
INSERT INTO "Register" (_id_register,archive,fond,signature) VALUES (26,'ARCH0','FOND1',11);
INSERT INTO "Register" (_id_register,archive,fond,signature) VALUES (27,'ARCH0','FOND1',12);
INSERT INTO "Register" (_id_register,archive,fond,signature) VALUES (28,'ARCH0','FOND1',13);
INSERT INTO "Register" (_id_register,archive,fond,signature) VALUES (29,'ARCH0','FOND1',14);
INSERT INTO "Register" (_id_register,archive,fond,signature) VALUES (30,'ARCH0','FOND2',0);
INSERT INTO "Register" (_id_register,archive,fond,signature) VALUES (31,'ARCH0','FOND2',1);
INSERT INTO "Register" (_id_register,archive,fond,signature) VALUES (32,'ARCH0','FOND2',2);
INSERT INTO "Register" (_id_register,archive,fond,signature) VALUES (33,'ARCH0','FOND2',3);
INSERT INTO "Register" (_id_register,archive,fond,signature) VALUES (34,'ARCH0','FOND2',4);
INSERT INTO "Register" (_id_register,archive,fond,signature) VALUES (35,'ARCH0','FOND2',5);
INSERT INTO "Register" (_id_register,archive,fond,signature) VALUES (36,'ARCH0','FOND2',6);
INSERT INTO "Register" (_id_register,archive,fond,signature) VALUES (37,'ARCH0','FOND2',7);
INSERT INTO "Register" (_id_register,archive,fond,signature) VALUES (38,'ARCH0','FOND2',8);
INSERT INTO "Register" (_id_register,archive,fond,signature) VALUES (39,'ARCH0','FOND2',9);
INSERT INTO "Register" (_id_register,archive,fond,signature) VALUES (40,'ARCH0','FOND2',10);
INSERT INTO "Register" (_id_register,archive,fond,signature) VALUES (41,'ARCH0','FOND2',11);
INSERT INTO "Register" (_id_register,archive,fond,signature) VALUES (42,'ARCH0','FOND2',12);
INSERT INTO "Register" (_id_register,archive,fond,signature) VALUES (43,'ARCH0','FOND2',13);
INSERT INTO "Register" (_id_register,archive,fond,signature) VALUES (44,'ARCH0','FOND2',14);
INSERT INTO "Register" (_id_register,archive,fond,signature) VALUES (45,'ARCH0','FOND3',0);
INSERT INTO "Register" (_id_register,archive,fond,signature) VALUES (46,'ARCH0','FOND3',1);
INSERT INTO "Register" (_id_register,archive,fond,signature) VALUES (47,'ARCH0','FOND3',2);
INSERT INTO "Register" (_id_register,archive,fond,signature) VALUES (48,'ARCH0','FOND3',3);
INSERT INTO "Register" (_id_register,archive,fond,signature) VALUES (49,'ARCH0','FOND3',4);
INSERT INTO "Register" (_id_register,archive,fond,signature) VALUES (50,'ARCH0','FOND3',5);
INSERT INTO "Register" (_id_register,archive,fond,signature) VALUES (51,'ARCH0','FOND3',6);
INSERT INTO "Register" (_id_register,archive,fond,signature) VALUES (52,'ARCH0','FOND3',7);
INSERT INTO "Register" (_id_register,archive,fond,signature) VALUES (53,'ARCH0','FOND3',8);
INSERT INTO "Register" (_id_register,archive,fond,signature) VALUES (54,'ARCH0','FOND3',9);
INSERT INTO "Register" (_id_register,archive,fond,signature) VALUES (55,'ARCH0','FOND3',10);
INSERT INTO "Register" (_id_register,archive,fond,signature) VALUES (56,'ARCH0','FOND3',11);
INSERT INTO "Register" (_id_register,archive,fond,signature) VALUES (57,'ARCH0','FOND3',12);
INSERT INTO "Register" (_id_register,archive,fond,signature) VALUES (58,'ARCH0','FOND3',13);
INSERT INTO "Register" (_id_register,archive,fond,signature) VALUES (59,'ARCH0','FOND3',14);
INSERT INTO "Register" (_id_register,archive,fond,signature) VALUES (60,'ARCH0','FOND4',0);
INSERT INTO "Register" (_id_register,archive,fond,signature) VALUES (61,'ARCH0','FOND4',1);
INSERT INTO "Register" (_id_register,archive,fond,signature) VALUES (62,'ARCH0','FOND4',2);
INSERT INTO "Register" (_id_register,archive,fond,signature) VALUES (63,'ARCH0','FOND4',3);
INSERT INTO "Register" (_id_register,archive,fond,signature) VALUES (64,'ARCH0','FOND4',4);
INSERT INTO "Register" (_id_register,archive,fond,signature) VALUES (65,'ARCH0','FOND4',5);
INSERT INTO "Register" (_id_register,archive,fond,signature) VALUES (66,'ARCH0','FOND4',6);
INSERT INTO "Register" (_id_register,archive,fond,signature) VALUES (67,'ARCH0','FOND4',7);
INSERT INTO "Register" (_id_register,archive,fond,signature) VALUES (68,'ARCH0','FOND4',8);
INSERT INTO "Register" (_id_register,archive,fond,signature) VALUES (69,'ARCH0','FOND4',9);
INSERT INTO "Register" (_id_register,archive,fond,signature) VALUES (70,'ARCH0','FOND4',10);
INSERT INTO "Register" (_id_register,archive,fond,signature) VALUES (71,'ARCH0','FOND4',11);
INSERT INTO "Register" (_id_register,archive,fond,signature) VALUES (72,'ARCH0','FOND4',12);
INSERT INTO "Register" (_id_register,archive,fond,signature) VALUES (73,'ARCH0','FOND4',13);
INSERT INTO "Register" (_id_register,archive,fond,signature) VALUES (74,'ARCH0','FOND4',14);
INSERT INTO "Register" (_id_register,archive,fond,signature) VALUES (75,'ARCH1','FOND0',0);
INSERT INTO "Register" (_id_register,archive,fond,signature) VALUES (76,'ARCH1','FOND0',1);
INSERT INTO "Register" (_id_register,archive,fond,signature) VALUES (77,'ARCH1','FOND0',2);
INSERT INTO "Register" (_id_register,archive,fond,signature) VALUES (78,'ARCH1','FOND0',3);
INSERT INTO "Register" (_id_register,archive,fond,signature) VALUES (79,'ARCH1','FOND0',4);
INSERT INTO "Register" (_id_register,archive,fond,signature) VALUES (80,'ARCH1','FOND0',5);
INSERT INTO "Register" (_id_register,archive,fond,signature) VALUES (81,'ARCH1','FOND0',6);
INSERT INTO "Register" (_id_register,archive,fond,signature) VALUES (82,'ARCH1','FOND0',7);
INSERT INTO "Register" (_id_register,archive,fond,signature) VALUES (83,'ARCH1','FOND0',8);
INSERT INTO "Register" (_id_register,archive,fond,signature) VALUES (84,'ARCH1','FOND0',9);
INSERT INTO "Register" (_id_register,archive,fond,signature) VALUES (85,'ARCH1','FOND0',10);
INSERT INTO "Register" (_id_register,archive,fond,signature) VALUES (86,'ARCH1','FOND0',11);
INSERT INTO "Register" (_id_register,archive,fond,signature) VALUES (87,'ARCH1','FOND0',12);
INSERT INTO "Register" (_id_register,archive,fond,signature) VALUES (88,'ARCH1','FOND0',13);
INSERT INTO "Register" (_id_register,archive,fond,signature) VALUES (89,'ARCH1','FOND0',14);
INSERT INTO "Register" (_id_register,archive,fond,signature) VALUES (90,'ARCH1','FOND1',0);
INSERT INTO "Register" (_id_register,archive,fond,signature) VALUES (91,'ARCH1','FOND1',1);
INSERT INTO "Register" (_id_register,archive,fond,signature) VALUES (92,'ARCH1','FOND1',2);
INSERT INTO "Register" (_id_register,archive,fond,signature) VALUES (93,'ARCH1','FOND1',3);
INSERT INTO "Register" (_id_register,archive,fond,signature) VALUES (94,'ARCH1','FOND1',4);
INSERT INTO "Register" (_id_register,archive,fond,signature) VALUES (95,'ARCH1','FOND1',5);
INSERT INTO "Register" (_id_register,archive,fond,signature) VALUES (96,'ARCH1','FOND1',6);
INSERT INTO "Register" (_id_register,archive,fond,signature) VALUES (97,'ARCH1','FOND1',7);
INSERT INTO "Register" (_id_register,archive,fond,signature) VALUES (98,'ARCH1','FOND1',8);
INSERT INTO "Register" (_id_register,archive,fond,signature) VALUES (99,'ARCH1','FOND1',9);
INSERT INTO "Register" (_id_register,archive,fond,signature) VALUES (100,'ARCH1','FOND1',10);
INSERT INTO "Register" (_id_register,archive,fond,signature) VALUES (101,'ARCH1','FOND1',11);
INSERT INTO "Register" (_id_register,archive,fond,signature) VALUES (102,'ARCH1','FOND1',12);
INSERT INTO "Register" (_id_register,archive,fond,signature) VALUES (103,'ARCH1','FOND1',13);
INSERT INTO "Register" (_id_register,archive,fond,signature) VALUES (104,'ARCH1','FOND1',14);
INSERT INTO "Register" (_id_register,archive,fond,signature) VALUES (105,'ARCH1','FOND2',0);
INSERT INTO "Register" (_id_register,archive,fond,signature) VALUES (106,'ARCH1','FOND2',1);
INSERT INTO "Register" (_id_register,archive,fond,signature) VALUES (107,'ARCH1','FOND2',2);
INSERT INTO "Register" (_id_register,archive,fond,signature) VALUES (108,'ARCH1','FOND2',3);
INSERT INTO "Register" (_id_register,archive,fond,signature) VALUES (109,'ARCH1','FOND2',4);
INSERT INTO "Register" (_id_register,archive,fond,signature) VALUES (110,'ARCH1','FOND2',5);
INSERT INTO "Register" (_id_register,archive,fond,signature) VALUES (111,'ARCH1','FOND2',6);
INSERT INTO "Register" (_id_register,archive,fond,signature) VALUES (112,'ARCH1','FOND2',7);
INSERT INTO "Register" (_id_register,archive,fond,signature) VALUES (113,'ARCH1','FOND2',8);
INSERT INTO "Register" (_id_register,archive,fond,signature) VALUES (114,'ARCH1','FOND2',9);
INSERT INTO "Register" (_id_register,archive,fond,signature) VALUES (115,'ARCH1','FOND2',10);
INSERT INTO "Register" (_id_register,archive,fond,signature) VALUES (116,'ARCH1','FOND2',11);
INSERT INTO "Register" (_id_register,archive,fond,signature) VALUES (117,'ARCH1','FOND2',12);
INSERT INTO "Register" (_id_register,archive,fond,signature) VALUES (118,'ARCH1','FOND2',13);
INSERT INTO "Register" (_id_register,archive,fond,signature) VALUES (119,'ARCH1','FOND2',14);
INSERT INTO "Register" (_id_register,archive,fond,signature) VALUES (120,'ARCH1','FOND3',0);
INSERT INTO "Register" (_id_register,archive,fond,signature) VALUES (121,'ARCH1','FOND3',1);
INSERT INTO "Register" (_id_register,archive,fond,signature) VALUES (122,'ARCH1','FOND3',2);
INSERT INTO "Register" (_id_register,archive,fond,signature) VALUES (123,'ARCH1','FOND3',3);
INSERT INTO "Register" (_id_register,archive,fond,signature) VALUES (124,'ARCH1','FOND3',4);
INSERT INTO "Register" (_id_register,archive,fond,signature) VALUES (125,'ARCH1','FOND3',5);
INSERT INTO "Register" (_id_register,archive,fond,signature) VALUES (126,'ARCH1','FOND3',6);
INSERT INTO "Register" (_id_register,archive,fond,signature) VALUES (127,'ARCH1','FOND3',7);
INSERT INTO "Register" (_id_register,archive,fond,signature) VALUES (128,'ARCH1','FOND3',8);
INSERT INTO "Register" (_id_register,archive,fond,signature) VALUES (129,'ARCH1','FOND3',9);
INSERT INTO "Register" (_id_register,archive,fond,signature) VALUES (130,'ARCH1','FOND3',10);
INSERT INTO "Register" (_id_register,archive,fond,signature) VALUES (131,'ARCH1','FOND3',11);
INSERT INTO "Register" (_id_register,archive,fond,signature) VALUES (132,'ARCH1','FOND3',12);
INSERT INTO "Register" (_id_register,archive,fond,signature) VALUES (133,'ARCH1','FOND3',13);
INSERT INTO "Register" (_id_register,archive,fond,signature) VALUES (134,'ARCH1','FOND3',14);
INSERT INTO "Register" (_id_register,archive,fond,signature) VALUES (135,'ARCH1','FOND4',0);
INSERT INTO "Register" (_id_register,archive,fond,signature) VALUES (136,'ARCH1','FOND4',1);
INSERT INTO "Register" (_id_register,archive,fond,signature) VALUES (137,'ARCH1','FOND4',2);
INSERT INTO "Register" (_id_register,archive,fond,signature) VALUES (138,'ARCH1','FOND4',3);
INSERT INTO "Register" (_id_register,archive,fond,signature) VALUES (139,'ARCH1','FOND4',4);
INSERT INTO "Register" (_id_register,archive,fond,signature) VALUES (140,'ARCH1','FOND4',5);
INSERT INTO "Register" (_id_register,archive,fond,signature) VALUES (141,'ARCH1','FOND4',6);
INSERT INTO "Register" (_id_register,archive,fond,signature) VALUES (142,'ARCH1','FOND4',7);
INSERT INTO "Register" (_id_register,archive,fond,signature) VALUES (143,'ARCH1','FOND4',8);
INSERT INTO "Register" (_id_register,archive,fond,signature) VALUES (144,'ARCH1','FOND4',9);
INSERT INTO "Register" (_id_register,archive,fond,signature) VALUES (145,'ARCH1','FOND4',10);
INSERT INTO "Register" (_id_register,archive,fond,signature) VALUES (146,'ARCH1','FOND4',11);
INSERT INTO "Register" (_id_register,archive,fond,signature) VALUES (147,'ARCH1','FOND4',12);
INSERT INTO "Register" (_id_register,archive,fond,signature) VALUES (148,'ARCH1','FOND4',13);
INSERT INTO "Register" (_id_register,archive,fond,signature) VALUES (149,'ARCH1','FOND4',14);
INSERT INTO "Register" (_id_register,archive,fond,signature) VALUES (150,'ARCH2','FOND0',0);
INSERT INTO "Register" (_id_register,archive,fond,signature) VALUES (151,'ARCH2','FOND0',1);
INSERT INTO "Register" (_id_register,archive,fond,signature) VALUES (152,'ARCH2','FOND0',2);
INSERT INTO "Register" (_id_register,archive,fond,signature) VALUES (153,'ARCH2','FOND0',3);
INSERT INTO "Register" (_id_register,archive,fond,signature) VALUES (154,'ARCH2','FOND0',4);
INSERT INTO "Register" (_id_register,archive,fond,signature) VALUES (155,'ARCH2','FOND0',5);
INSERT INTO "Register" (_id_register,archive,fond,signature) VALUES (156,'ARCH2','FOND0',6);
INSERT INTO "Register" (_id_register,archive,fond,signature) VALUES (157,'ARCH2','FOND0',7);
INSERT INTO "Register" (_id_register,archive,fond,signature) VALUES (158,'ARCH2','FOND0',8);
INSERT INTO "Register" (_id_register,archive,fond,signature) VALUES (159,'ARCH2','FOND0',9);
INSERT INTO "Register" (_id_register,archive,fond,signature) VALUES (160,'ARCH2','FOND0',10);
INSERT INTO "Register" (_id_register,archive,fond,signature) VALUES (161,'ARCH2','FOND0',11);
INSERT INTO "Register" (_id_register,archive,fond,signature) VALUES (162,'ARCH2','FOND0',12);
INSERT INTO "Register" (_id_register,archive,fond,signature) VALUES (163,'ARCH2','FOND0',13);
INSERT INTO "Register" (_id_register,archive,fond,signature) VALUES (164,'ARCH2','FOND0',14);
INSERT INTO "Register" (_id_register,archive,fond,signature) VALUES (165,'ARCH2','FOND1',0);
INSERT INTO "Register" (_id_register,archive,fond,signature) VALUES (166,'ARCH2','FOND1',1);
INSERT INTO "Register" (_id_register,archive,fond,signature) VALUES (167,'ARCH2','FOND1',2);
INSERT INTO "Register" (_id_register,archive,fond,signature) VALUES (168,'ARCH2','FOND1',3);
INSERT INTO "Register" (_id_register,archive,fond,signature) VALUES (169,'ARCH2','FOND1',4);
INSERT INTO "Register" (_id_register,archive,fond,signature) VALUES (170,'ARCH2','FOND1',5);
INSERT INTO "Register" (_id_register,archive,fond,signature) VALUES (171,'ARCH2','FOND1',6);
INSERT INTO "Register" (_id_register,archive,fond,signature) VALUES (172,'ARCH2','FOND1',7);
INSERT INTO "Register" (_id_register,archive,fond,signature) VALUES (173,'ARCH2','FOND1',8);
INSERT INTO "Register" (_id_register,archive,fond,signature) VALUES (174,'ARCH2','FOND1',9);
INSERT INTO "Register" (_id_register,archive,fond,signature) VALUES (175,'ARCH2','FOND1',10);
INSERT INTO "Register" (_id_register,archive,fond,signature) VALUES (176,'ARCH2','FOND1',11);
INSERT INTO "Register" (_id_register,archive,fond,signature) VALUES (177,'ARCH2','FOND1',12);
INSERT INTO "Register" (_id_register,archive,fond,signature) VALUES (178,'ARCH2','FOND1',13);
INSERT INTO "Register" (_id_register,archive,fond,signature) VALUES (179,'ARCH2','FOND1',14);
INSERT INTO "Register" (_id_register,archive,fond,signature) VALUES (180,'ARCH2','FOND2',0);
INSERT INTO "Register" (_id_register,archive,fond,signature) VALUES (181,'ARCH2','FOND2',1);
INSERT INTO "Register" (_id_register,archive,fond,signature) VALUES (182,'ARCH2','FOND2',2);
INSERT INTO "Register" (_id_register,archive,fond,signature) VALUES (183,'ARCH2','FOND2',3);
INSERT INTO "Register" (_id_register,archive,fond,signature) VALUES (184,'ARCH2','FOND2',4);
INSERT INTO "Register" (_id_register,archive,fond,signature) VALUES (185,'ARCH2','FOND2',5);
INSERT INTO "Register" (_id_register,archive,fond,signature) VALUES (186,'ARCH2','FOND2',6);
INSERT INTO "Register" (_id_register,archive,fond,signature) VALUES (187,'ARCH2','FOND2',7);
INSERT INTO "Register" (_id_register,archive,fond,signature) VALUES (188,'ARCH2','FOND2',8);
INSERT INTO "Register" (_id_register,archive,fond,signature) VALUES (189,'ARCH2','FOND2',9);
INSERT INTO "Register" (_id_register,archive,fond,signature) VALUES (190,'ARCH2','FOND2',10);
INSERT INTO "Register" (_id_register,archive,fond,signature) VALUES (191,'ARCH2','FOND2',11);
INSERT INTO "Register" (_id_register,archive,fond,signature) VALUES (192,'ARCH2','FOND2',12);
INSERT INTO "Register" (_id_register,archive,fond,signature) VALUES (193,'ARCH2','FOND2',13);
INSERT INTO "Register" (_id_register,archive,fond,signature) VALUES (194,'ARCH2','FOND2',14);
INSERT INTO "Register" (_id_register,archive,fond,signature) VALUES (195,'ARCH2','FOND3',0);
INSERT INTO "Register" (_id_register,archive,fond,signature) VALUES (196,'ARCH2','FOND3',1);
INSERT INTO "Register" (_id_register,archive,fond,signature) VALUES (197,'ARCH2','FOND3',2);
INSERT INTO "Register" (_id_register,archive,fond,signature) VALUES (198,'ARCH2','FOND3',3);
INSERT INTO "Register" (_id_register,archive,fond,signature) VALUES (199,'ARCH2','FOND3',4);
INSERT INTO "Register" (_id_register,archive,fond,signature) VALUES (200,'ARCH2','FOND3',5);
INSERT INTO "Register" (_id_register,archive,fond,signature) VALUES (201,'ARCH2','FOND3',6);
INSERT INTO "Register" (_id_register,archive,fond,signature) VALUES (202,'ARCH2','FOND3',7);
INSERT INTO "Register" (_id_register,archive,fond,signature) VALUES (203,'ARCH2','FOND3',8);
INSERT INTO "Register" (_id_register,archive,fond,signature) VALUES (204,'ARCH2','FOND3',9);
INSERT INTO "Register" (_id_register,archive,fond,signature) VALUES (205,'ARCH2','FOND3',10);
INSERT INTO "Register" (_id_register,archive,fond,signature) VALUES (206,'ARCH2','FOND3',11);
INSERT INTO "Register" (_id_register,archive,fond,signature) VALUES (207,'ARCH2','FOND3',12);
INSERT INTO "Register" (_id_register,archive,fond,signature) VALUES (208,'ARCH2','FOND3',13);
INSERT INTO "Register" (_id_register,archive,fond,signature) VALUES (209,'ARCH2','FOND3',14);
INSERT INTO "Register" (_id_register,archive,fond,signature) VALUES (210,'ARCH2','FOND4',0);
INSERT INTO "Register" (_id_register,archive,fond,signature) VALUES (211,'ARCH2','FOND4',1);
INSERT INTO "Register" (_id_register,archive,fond,signature) VALUES (212,'ARCH2','FOND4',2);
INSERT INTO "Register" (_id_register,archive,fond,signature) VALUES (213,'ARCH2','FOND4',3);
INSERT INTO "Register" (_id_register,archive,fond,signature) VALUES (214,'ARCH2','FOND4',4);
INSERT INTO "Register" (_id_register,archive,fond,signature) VALUES (215,'ARCH2','FOND4',5);
INSERT INTO "Register" (_id_register,archive,fond,signature) VALUES (216,'ARCH2','FOND4',6);
INSERT INTO "Register" (_id_register,archive,fond,signature) VALUES (217,'ARCH2','FOND4',7);
INSERT INTO "Register" (_id_register,archive,fond,signature) VALUES (218,'ARCH2','FOND4',8);
INSERT INTO "Register" (_id_register,archive,fond,signature) VALUES (219,'ARCH2','FOND4',9);
INSERT INTO "Register" (_id_register,archive,fond,signature) VALUES (220,'ARCH2','FOND4',10);
INSERT INTO "Register" (_id_register,archive,fond,signature) VALUES (221,'ARCH2','FOND4',11);
INSERT INTO "Register" (_id_register,archive,fond,signature) VALUES (222,'ARCH2','FOND4',12);
INSERT INTO "Register" (_id_register,archive,fond,signature) VALUES (223,'ARCH2','FOND4',13);
INSERT INTO "Register" (_id_register,archive,fond,signature) VALUES (224,'ARCH2','FOND4',14);
INSERT INTO "Name" (_id_name,name) VALUES (0,'Adam');
INSERT INTO "Name" (_id_name,name) VALUES (1,'Adolf');
INSERT INTO "Name" (_id_name,name) VALUES (2,'Alan');
INSERT INTO "Name" (_id_name,name) VALUES (3,'Albert');
INSERT INTO "Name" (_id_name,name) VALUES (4,'Aleš');
INSERT INTO "Name" (_id_name,name) VALUES (5,'Alexandr');
INSERT INTO "Name" (_id_name,name) VALUES (6,'Alexej');
INSERT INTO "Name" (_id_name,name) VALUES (7,'Alois');
INSERT INTO "Name" (_id_name,name) VALUES (8,'Ambrož');
INSERT INTO "Name" (_id_name,name) VALUES (9,'Benjamín');
INSERT INTO "Name" (_id_name,name) VALUES (10,'Andrej');
INSERT INTO "Name" (_id_name,name) VALUES (11,'Antonín');
INSERT INTO "Name" (_id_name,name) VALUES (12,'Arnošt');
INSERT INTO "Name" (_id_name,name) VALUES (13,'Artur');
INSERT INTO "Name" (_id_name,name) VALUES (14,'Augustýn');
INSERT INTO "Name" (_id_name,name) VALUES (15,'Bartoloměj');
INSERT INTO "Name" (_id_name,name) VALUES (16,'Bedřich');
INSERT INTO "Name" (_id_name,name) VALUES (17,'Benedikt');
INSERT INTO "Name" (_id_name,name) VALUES (18,'Bernard');
INSERT INTO "Name" (_id_name,name) VALUES (19,'Blahoslav');
INSERT INTO "Name" (_id_name,name) VALUES (20,'Blažej');
INSERT INTO "Name" (_id_name,name) VALUES (21,'Bohdan');
INSERT INTO "Name" (_id_name,name) VALUES (22,'Bohumil');
INSERT INTO "Name" (_id_name,name) VALUES (23,'Bohumír');
INSERT INTO "Name" (_id_name,name) VALUES (24,'Bohuslav');
INSERT INTO "Name" (_id_name,name) VALUES (25,'Boleslav');
INSERT INTO "Name" (_id_name,name) VALUES (26,'Bonifác');
INSERT INTO "Name" (_id_name,name) VALUES (27,'Boris');
INSERT INTO "Name" (_id_name,name) VALUES (28,'Bořek');
INSERT INTO "Name" (_id_name,name) VALUES (29,'Bořivoj');
INSERT INTO "Name" (_id_name,name) VALUES (30,'Bronislav');
INSERT INTO "Name" (_id_name,name) VALUES (31,'Bruno');
INSERT INTO "Name" (_id_name,name) VALUES (32,'Břetislav');
INSERT INTO "Name" (_id_name,name) VALUES (33,'Ctibor');
INSERT INTO "Name" (_id_name,name) VALUES (34,'Ctirad');
INSERT INTO "Name" (_id_name,name) VALUES (35,'Cyril');
INSERT INTO "Name" (_id_name,name) VALUES (36,'Metoděj');
INSERT INTO "Name" (_id_name,name) VALUES (37,'Čeněk');
INSERT INTO "Name" (_id_name,name) VALUES (38,'Čestmír');
INSERT INTO "Name" (_id_name,name) VALUES (39,'Dalibor');
INSERT INTO "Name" (_id_name,name) VALUES (40,'Dalimil');
INSERT INTO "Name" (_id_name,name) VALUES (41,'Daniel');
INSERT INTO "Name" (_id_name,name) VALUES (42,'David');
INSERT INTO "Name" (_id_name,name) VALUES (43,'Dobroslav');
INSERT INTO "Name" (_id_name,name) VALUES (44,'Dominik');
INSERT INTO "Name" (_id_name,name) VALUES (45,'Drahoslav');
INSERT INTO "Name" (_id_name,name) VALUES (46,'Dušan');
INSERT INTO "Name" (_id_name,name) VALUES (47,'Eduard');
INSERT INTO "Name" (_id_name,name) VALUES (48,'Herbert');
INSERT INTO "Name" (_id_name,name) VALUES (49,'Emanuel');
INSERT INTO "Name" (_id_name,name) VALUES (50,'Emil');
INSERT INTO "Name" (_id_name,name) VALUES (51,'Erik');
INSERT INTO "Name" (_id_name,name) VALUES (52,'Evžen');
INSERT INTO "Name" (_id_name,name) VALUES (53,'Felix');
INSERT INTO "Name" (_id_name,name) VALUES (54,'Ferdinand');
INSERT INTO "Name" (_id_name,name) VALUES (55,'Filip');
INSERT INTO "Name" (_id_name,name) VALUES (56,'František');
INSERT INTO "Name" (_id_name,name) VALUES (57,'Gabriel');
INSERT INTO "Name" (_id_name,name) VALUES (58,'Gustav');
INSERT INTO "Name" (_id_name,name) VALUES (59,'Hanuš');
INSERT INTO "Name" (_id_name,name) VALUES (60,'Havel');
INSERT INTO "Name" (_id_name,name) VALUES (61,'Heřman');
INSERT INTO "Name" (_id_name,name) VALUES (62,'Hubert');
INSERT INTO "Name" (_id_name,name) VALUES (63,'Hugo');
INSERT INTO "Name" (_id_name,name) VALUES (64,'Hynek');
INSERT INTO "Name" (_id_name,name) VALUES (65,'Ignác');
INSERT INTO "Name" (_id_name,name) VALUES (66,'Igor');
INSERT INTO "Name" (_id_name,name) VALUES (67,'Ivan');
INSERT INTO "Name" (_id_name,name) VALUES (68,'Slavoj');
INSERT INTO "Name" (_id_name,name) VALUES (69,'Ivo');
INSERT INTO "Name" (_id_name,name) VALUES (70,'Jáchym');
INSERT INTO "Name" (_id_name,name) VALUES (71,'Jakub');
INSERT INTO "Name" (_id_name,name) VALUES (72,'Jan');
INSERT INTO "Name" (_id_name,name) VALUES (73,'Jarmil');
INSERT INTO "Name" (_id_name,name) VALUES (74,'Jaromír');
INSERT INTO "Name" (_id_name,name) VALUES (75,'Jaroslav');
INSERT INTO "Name" (_id_name,name) VALUES (76,'Jeroným');
INSERT INTO "Name" (_id_name,name) VALUES (77,'Jindřich');
INSERT INTO "Name" (_id_name,name) VALUES (78,'Jiří');
INSERT INTO "Name" (_id_name,name) VALUES (79,'Jonáš');
INSERT INTO "Name" (_id_name,name) VALUES (80,'Josef');
INSERT INTO "Name" (_id_name,name) VALUES (81,'Julius');
INSERT INTO "Name" (_id_name,name) VALUES (82,'Kamil');
INSERT INTO "Name" (_id_name,name) VALUES (83,'Karel');
INSERT INTO "Name" (_id_name,name) VALUES (84,'Kazimir');
INSERT INTO "Name" (_id_name,name) VALUES (85,'Klement');
INSERT INTO "Name" (_id_name,name) VALUES (86,'Kristian');
INSERT INTO "Name" (_id_name,name) VALUES (87,'Kryštof');
INSERT INTO "Name" (_id_name,name) VALUES (88,'Květoslav');
INSERT INTO "Name" (_id_name,name) VALUES (89,'Kvido');
INSERT INTO "Name" (_id_name,name) VALUES (90,'Ladislav');
INSERT INTO "Name" (_id_name,name) VALUES (91,'Leopold');
INSERT INTO "Name" (_id_name,name) VALUES (92,'Leoš');
INSERT INTO "Name" (_id_name,name) VALUES (93,'Libor');
INSERT INTO "Name" (_id_name,name) VALUES (94,'Samuel');
INSERT INTO "Name" (_id_name,name) VALUES (95,'Lubomír');
INSERT INTO "Name" (_id_name,name) VALUES (96,'Lubor');
INSERT INTO "Name" (_id_name,name) VALUES (97,'Luboš');
INSERT INTO "Name" (_id_name,name) VALUES (98,'Luděk');
INSERT INTO "Name" (_id_name,name) VALUES (99,'Ludvík');
INSERT INTO "Name" (_id_name,name) VALUES (100,'Lukáš');
INSERT INTO "Name" (_id_name,name) VALUES (101,'Lumír');
INSERT INTO "Name" (_id_name,name) VALUES (102,'Marcel');
INSERT INTO "Name" (_id_name,name) VALUES (103,'Marek');
INSERT INTO "Name" (_id_name,name) VALUES (104,'Marian');
INSERT INTO "Name" (_id_name,name) VALUES (105,'Martin');
INSERT INTO "Name" (_id_name,name) VALUES (106,'Matěj');
INSERT INTO "Name" (_id_name,name) VALUES (107,'Matouš');
INSERT INTO "Name" (_id_name,name) VALUES (108,'Maxmilián');
INSERT INTO "Name" (_id_name,name) VALUES (109,'Medard');
INSERT INTO "Name" (_id_name,name) VALUES (110,'Michal');
INSERT INTO "Name" (_id_name,name) VALUES (111,'Mikuláš');
INSERT INTO "Name" (_id_name,name) VALUES (112,'Milan');
INSERT INTO "Name" (_id_name,name) VALUES (113,'Miloslav');
INSERT INTO "Name" (_id_name,name) VALUES (114,'Miloš');
INSERT INTO "Name" (_id_name,name) VALUES (115,'Miroslav');
INSERT INTO "Name" (_id_name,name) VALUES (116,'Mojmír');
INSERT INTO "Name" (_id_name,name) VALUES (117,'Norbert');
INSERT INTO "Name" (_id_name,name) VALUES (118,'Oldřich');
INSERT INTO "Name" (_id_name,name) VALUES (119,'Oleg');
INSERT INTO "Name" (_id_name,name) VALUES (120,'Oliver');
INSERT INTO "Name" (_id_name,name) VALUES (121,'Ondřej');
INSERT INTO "Name" (_id_name,name) VALUES (122,'Oskar');
INSERT INTO "Name" (_id_name,name) VALUES (123,'Otakar');
INSERT INTO "Name" (_id_name,name) VALUES (124,'Otmar');
INSERT INTO "Name" (_id_name,name) VALUES (125,'Oto');
INSERT INTO "Name" (_id_name,name) VALUES (126,'Pankrác');
INSERT INTO "Name" (_id_name,name) VALUES (127,'Patrik');
INSERT INTO "Name" (_id_name,name) VALUES (128,'Petr');
INSERT INTO "Name" (_id_name,name) VALUES (129,'Petr');
INSERT INTO "Name" (_id_name,name) VALUES (130,'Pavel');
INSERT INTO "Name" (_id_name,name) VALUES (131,'Pravoslav');
INSERT INTO "Name" (_id_name,name) VALUES (132,'Prokop');
INSERT INTO "Name" (_id_name,name) VALUES (133,'Přemysl');
INSERT INTO "Name" (_id_name,name) VALUES (134,'Radan');
INSERT INTO "Name" (_id_name,name) VALUES (135,'Radek');
INSERT INTO "Name" (_id_name,name) VALUES (136,'Radim');
INSERT INTO "Name" (_id_name,name) VALUES (137,'Radomír');
INSERT INTO "Name" (_id_name,name) VALUES (138,'Radoslav');
INSERT INTO "Name" (_id_name,name) VALUES (139,'Radovan');
INSERT INTO "Name" (_id_name,name) VALUES (140,'René');
INSERT INTO "Name" (_id_name,name) VALUES (141,'Richard');
INSERT INTO "Name" (_id_name,name) VALUES (142,'Robert');
INSERT INTO "Name" (_id_name,name) VALUES (143,'Robin');
INSERT INTO "Name" (_id_name,name) VALUES (144,'Roland');
INSERT INTO "Name" (_id_name,name) VALUES (145,'Roman');
INSERT INTO "Name" (_id_name,name) VALUES (146,'Rostislav');
INSERT INTO "Name" (_id_name,name) VALUES (147,'Rudolf');
INSERT INTO "Name" (_id_name,name) VALUES (148,'Řehoř');
INSERT INTO "Name" (_id_name,name) VALUES (149,'Servác');
INSERT INTO "Name" (_id_name,name) VALUES (150,'Silvestr');
INSERT INTO "Name" (_id_name,name) VALUES (151,'Slavomír');
INSERT INTO "Name" (_id_name,name) VALUES (152,'Soběslav');
INSERT INTO "Name" (_id_name,name) VALUES (153,'Stanislav');
INSERT INTO "Name" (_id_name,name) VALUES (154,'Svatopluk');
INSERT INTO "Name" (_id_name,name) VALUES (155,'Svatoslav');
INSERT INTO "Name" (_id_name,name) VALUES (156,'Šimon');
INSERT INTO "Name" (_id_name,name) VALUES (157,'Štefan');
INSERT INTO "Name" (_id_name,name) VALUES (158,'Štěpán');
INSERT INTO "Name" (_id_name,name) VALUES (159,'Tadeáš');
INSERT INTO "Name" (_id_name,name) VALUES (160,'Teodor');
INSERT INTO "Name" (_id_name,name) VALUES (161,'Tibor');
INSERT INTO "Name" (_id_name,name) VALUES (162,'Tomáš');
INSERT INTO "Name" (_id_name,name) VALUES (163,'Václav');
INSERT INTO "Name" (_id_name,name) VALUES (164,'Valdemar');
INSERT INTO "Name" (_id_name,name) VALUES (165,'Valentýn');
INSERT INTO "Name" (_id_name,name) VALUES (166,'Vavřinec');
INSERT INTO "Name" (_id_name,name) VALUES (167,'Věnceslav');
INSERT INTO "Name" (_id_name,name) VALUES (168,'Vendelín');
INSERT INTO "Name" (_id_name,name) VALUES (169,'Věroslav');
INSERT INTO "Name" (_id_name,name) VALUES (170,'Viktor');
INSERT INTO "Name" (_id_name,name) VALUES (171,'Vilém');
INSERT INTO "Name" (_id_name,name) VALUES (172,'Vincenc');
INSERT INTO "Name" (_id_name,name) VALUES (173,'Vít');
INSERT INTO "Name" (_id_name,name) VALUES (174,'Vítězslav');
INSERT INTO "Name" (_id_name,name) VALUES (175,'Vladan');
INSERT INTO "Name" (_id_name,name) VALUES (176,'Vladimír');
INSERT INTO "Name" (_id_name,name) VALUES (177,'Vladislav');
INSERT INTO "Name" (_id_name,name) VALUES (178,'Vlastimil');
INSERT INTO "Name" (_id_name,name) VALUES (179,'Vlastislav');
INSERT INTO "Name" (_id_name,name) VALUES (180,'Vojtěch');
INSERT INTO "Name" (_id_name,name) VALUES (181,'Vratislav');
INSERT INTO "Name" (_id_name,name) VALUES (182,'Zbyněk');
INSERT INTO "Name" (_id_name,name) VALUES (183,'Zbyšek');
INSERT INTO "Name" (_id_name,name) VALUES (184,'Zdeněk');
INSERT INTO "Name" (_id_name,name) VALUES (185,'Zikmund');
INSERT INTO "Name" (_id_name,name) VALUES (186,'Eva');
INSERT INTO "Name" (_id_name,name) VALUES (187,'Adéla');
INSERT INTO "Name" (_id_name,name) VALUES (188,'Adriana');
INSERT INTO "Name" (_id_name,name) VALUES (189,'Agáta');
INSERT INTO "Name" (_id_name,name) VALUES (190,'Albína');
INSERT INTO "Name" (_id_name,name) VALUES (191,'Alena');
INSERT INTO "Name" (_id_name,name) VALUES (192,'Alexandra');
INSERT INTO "Name" (_id_name,name) VALUES (193,'Alžběta');
INSERT INTO "Name" (_id_name,name) VALUES (194,'Anděla');
INSERT INTO "Name" (_id_name,name) VALUES (195,'Andrea');
INSERT INTO "Name" (_id_name,name) VALUES (196,'Aneta');
INSERT INTO "Name" (_id_name,name) VALUES (197,'Anežka');
INSERT INTO "Name" (_id_name,name) VALUES (198,'Anna');
INSERT INTO "Name" (_id_name,name) VALUES (199,'Apolena');
INSERT INTO "Name" (_id_name,name) VALUES (200,'Barbora');
INSERT INTO "Name" (_id_name,name) VALUES (201,'Beáta');
INSERT INTO "Name" (_id_name,name) VALUES (202,'Běla');
INSERT INTO "Name" (_id_name,name) VALUES (203,'Berta');
INSERT INTO "Name" (_id_name,name) VALUES (204,'Blanka');
INSERT INTO "Name" (_id_name,name) VALUES (205,'Blažena');
INSERT INTO "Name" (_id_name,name) VALUES (206,'Bohdana');
INSERT INTO "Name" (_id_name,name) VALUES (207,'Bohumila');
INSERT INTO "Name" (_id_name,name) VALUES (208,'Bohuslava');
INSERT INTO "Name" (_id_name,name) VALUES (209,'Božena');
INSERT INTO "Name" (_id_name,name) VALUES (210,'Brigita');
INSERT INTO "Name" (_id_name,name) VALUES (211,'Dana');
INSERT INTO "Name" (_id_name,name) VALUES (212,'Daniela');
INSERT INTO "Name" (_id_name,name) VALUES (213,'Darina');
INSERT INTO "Name" (_id_name,name) VALUES (214,'Darja');
INSERT INTO "Name" (_id_name,name) VALUES (215,'Denisa');
INSERT INTO "Name" (_id_name,name) VALUES (216,'Diana');
INSERT INTO "Name" (_id_name,name) VALUES (217,'Dita');
INSERT INTO "Name" (_id_name,name) VALUES (218,'Dobromila');
INSERT INTO "Name" (_id_name,name) VALUES (219,'Dorota');
INSERT INTO "Name" (_id_name,name) VALUES (220,'Doubravka');
INSERT INTO "Name" (_id_name,name) VALUES (221,'Drahomíra');
INSERT INTO "Name" (_id_name,name) VALUES (222,'Drahoslava');
INSERT INTO "Name" (_id_name,name) VALUES (223,'Edita');
INSERT INTO "Name" (_id_name,name) VALUES (224,'Elena');
INSERT INTO "Name" (_id_name,name) VALUES (225,'Eliška');
INSERT INTO "Name" (_id_name,name) VALUES (226,'Ema');
INSERT INTO "Name" (_id_name,name) VALUES (227,'Erika');
INSERT INTO "Name" (_id_name,name) VALUES (228,'Evelína');
INSERT INTO "Name" (_id_name,name) VALUES (229,'Františka');
INSERT INTO "Name" (_id_name,name) VALUES (230,'Gabriela');
INSERT INTO "Name" (_id_name,name) VALUES (231,'Gita');
INSERT INTO "Name" (_id_name,name) VALUES (232,'Gizela');
INSERT INTO "Name" (_id_name,name) VALUES (233,'Hana');
INSERT INTO "Name" (_id_name,name) VALUES (234,'Hedvika');
INSERT INTO "Name" (_id_name,name) VALUES (235,'Helena');
INSERT INTO "Name" (_id_name,name) VALUES (236,'Hermína');
INSERT INTO "Name" (_id_name,name) VALUES (237,'Ida');
INSERT INTO "Name" (_id_name,name) VALUES (238,'Ilja');
INSERT INTO "Name" (_id_name,name) VALUES (239,'Ilona');
INSERT INTO "Name" (_id_name,name) VALUES (240,'Irena');
INSERT INTO "Name" (_id_name,name) VALUES (241,'Irma');
INSERT INTO "Name" (_id_name,name) VALUES (242,'Iva');
INSERT INTO "Name" (_id_name,name) VALUES (243,'Ivana');
INSERT INTO "Name" (_id_name,name) VALUES (244,'Iveta');
INSERT INTO "Name" (_id_name,name) VALUES (245,'Ivona');
INSERT INTO "Name" (_id_name,name) VALUES (246,'Izabela');
INSERT INTO "Name" (_id_name,name) VALUES (247,'Jana');
INSERT INTO "Name" (_id_name,name) VALUES (248,'Jarmila');
INSERT INTO "Name" (_id_name,name) VALUES (249,'Jaroslava');
INSERT INTO "Name" (_id_name,name) VALUES (250,'Jindřiška');
INSERT INTO "Name" (_id_name,name) VALUES (251,'Jiřina');
INSERT INTO "Name" (_id_name,name) VALUES (252,'Jitka');
INSERT INTO "Name" (_id_name,name) VALUES (253,'Johana');
INSERT INTO "Name" (_id_name,name) VALUES (254,'Jolana');
INSERT INTO "Name" (_id_name,name) VALUES (255,'Judita');
INSERT INTO "Name" (_id_name,name) VALUES (256,'Justýna');
INSERT INTO "Name" (_id_name,name) VALUES (257,'Kamila');
INSERT INTO "Name" (_id_name,name) VALUES (258,'Karina');
INSERT INTO "Name" (_id_name,name) VALUES (259,'Karolína');
INSERT INTO "Name" (_id_name,name) VALUES (260,'Kateřina');
INSERT INTO "Name" (_id_name,name) VALUES (261,'Klára');
INSERT INTO "Name" (_id_name,name) VALUES (262,'Kristýna');
INSERT INTO "Name" (_id_name,name) VALUES (263,'Květa');
INSERT INTO "Name" (_id_name,name) VALUES (264,'Květoslava');
INSERT INTO "Name" (_id_name,name) VALUES (265,'Lada');
INSERT INTO "Name" (_id_name,name) VALUES (266,'Laura');
INSERT INTO "Name" (_id_name,name) VALUES (267,'Lenka');
INSERT INTO "Name" (_id_name,name) VALUES (268,'Leona');
INSERT INTO "Name" (_id_name,name) VALUES (269,'Liběna');
INSERT INTO "Name" (_id_name,name) VALUES (270,'Liliana');
INSERT INTO "Name" (_id_name,name) VALUES (271,'Linda');
INSERT INTO "Name" (_id_name,name) VALUES (272,'Ljuba');
INSERT INTO "Name" (_id_name,name) VALUES (273,'Ludmila');
INSERT INTO "Name" (_id_name,name) VALUES (274,'Magdaléna');
INSERT INTO "Name" (_id_name,name) VALUES (275,'Mahulena');
INSERT INTO "Name" (_id_name,name) VALUES (276,'Marcela');
INSERT INTO "Name" (_id_name,name) VALUES (277,'Mariana');
INSERT INTO "Name" (_id_name,name) VALUES (278,'Marika');
INSERT INTO "Name" (_id_name,name) VALUES (279,'Marina');
INSERT INTO "Name" (_id_name,name) VALUES (280,'Markéta');
INSERT INTO "Name" (_id_name,name) VALUES (281,'Marta');
INSERT INTO "Name" (_id_name,name) VALUES (282,'Martina');
INSERT INTO "Name" (_id_name,name) VALUES (283,'Michaela');
INSERT INTO "Name" (_id_name,name) VALUES (284,'Milada');
INSERT INTO "Name" (_id_name,name) VALUES (285,'Milena');
INSERT INTO "Name" (_id_name,name) VALUES (286,'Miloslava');
INSERT INTO "Name" (_id_name,name) VALUES (287,'Miroslava');
INSERT INTO "Name" (_id_name,name) VALUES (288,'Monika');
INSERT INTO "Name" (_id_name,name) VALUES (289,'Naděžda');
INSERT INTO "Name" (_id_name,name) VALUES (290,'Nataša');
INSERT INTO "Name" (_id_name,name) VALUES (291,'Nela');
INSERT INTO "Name" (_id_name,name) VALUES (292,'Nikola');
INSERT INTO "Name" (_id_name,name) VALUES (293,'Nina');
INSERT INTO "Name" (_id_name,name) VALUES (294,'Nora');
INSERT INTO "Name" (_id_name,name) VALUES (295,'Oldřiška');
INSERT INTO "Name" (_id_name,name) VALUES (296,'Olga');
INSERT INTO "Name" (_id_name,name) VALUES (297,'Pavla');
INSERT INTO "Name" (_id_name,name) VALUES (298,'Pavlína');
INSERT INTO "Name" (_id_name,name) VALUES (299,'Petra');
INSERT INTO "Name" (_id_name,name) VALUES (300,'Radana');
INSERT INTO "Name" (_id_name,name) VALUES (301,'Radka');
INSERT INTO "Name" (_id_name,name) VALUES (302,'Radmila');
INSERT INTO "Name" (_id_name,name) VALUES (303,'Regína');
INSERT INTO "Name" (_id_name,name) VALUES (304,'Renáta');
INSERT INTO "Name" (_id_name,name) VALUES (305,'Romana');
INSERT INTO "Name" (_id_name,name) VALUES (306,'Matylda');
INSERT INTO "Name" (_id_name,name) VALUES (307,'Růžena');
INSERT INTO "Name" (_id_name,name) VALUES (308,'Sabina');
INSERT INTO "Name" (_id_name,name) VALUES (309,'Sandra');
INSERT INTO "Name" (_id_name,name) VALUES (310,'Sáva');
INSERT INTO "Name" (_id_name,name) VALUES (311,'Simona');
INSERT INTO "Name" (_id_name,name) VALUES (312,'Slavěna');
INSERT INTO "Name" (_id_name,name) VALUES (313,'Soňa');
INSERT INTO "Name" (_id_name,name) VALUES (314,'Stanislava');
INSERT INTO "Name" (_id_name,name) VALUES (315,'Stela');
INSERT INTO "Name" (_id_name,name) VALUES (316,'Svatava');
INSERT INTO "Name" (_id_name,name) VALUES (317,'Světlana');
INSERT INTO "Name" (_id_name,name) VALUES (318,'Šárka');
INSERT INTO "Name" (_id_name,name) VALUES (319,'Šarlota');
INSERT INTO "Name" (_id_name,name) VALUES (320,'Sára');
INSERT INTO "Name" (_id_name,name) VALUES (321,'Štěpánka');
INSERT INTO "Name" (_id_name,name) VALUES (322,'Tamara');
INSERT INTO "Name" (_id_name,name) VALUES (323,'Taťána');
INSERT INTO "Name" (_id_name,name) VALUES (324,'Tereza');
INSERT INTO "Name" (_id_name,name) VALUES (325,'Vanda');
INSERT INTO "Name" (_id_name,name) VALUES (326,'Vendula');
INSERT INTO "Name" (_id_name,name) VALUES (327,'Věra');
INSERT INTO "Name" (_id_name,name) VALUES (328,'Veronika');
INSERT INTO "Name" (_id_name,name) VALUES (329,'Vilma');
INSERT INTO "Name" (_id_name,name) VALUES (330,'Viola');
INSERT INTO "Name" (_id_name,name) VALUES (331,'Vladěna');
INSERT INTO "Name" (_id_name,name) VALUES (332,'Vlasta');
INSERT INTO "Name" (_id_name,name) VALUES (333,'Zdeňka');
INSERT INTO "Name" (_id_name,name) VALUES (334,'Zdislava');
INSERT INTO "Name" (_id_name,name) VALUES (335,'Zina');
INSERT INTO "Name" (_id_name,name) VALUES (336,'Zita');
INSERT INTO "Name" (_id_name,name) VALUES (337,'Zlata');
INSERT INTO "Name" (_id_name,name) VALUES (338,'Zora');
INSERT INTO "Name" (_id_name,name) VALUES (339,'Zuzana');
INSERT INTO "Name" (_id_name,name) VALUES (340,'Alice');
INSERT INTO "Name" (_id_name,name) VALUES (341,'Anastázie');
INSERT INTO "Name" (_id_name,name) VALUES (342,'Antonie');
INSERT INTO "Name" (_id_name,name) VALUES (343,'Cecílie');
INSERT INTO "Name" (_id_name,name) VALUES (344,'Emílie');
INSERT INTO "Name" (_id_name,name) VALUES (345,'Evženie');
INSERT INTO "Name" (_id_name,name) VALUES (346,'Julie');
INSERT INTO "Name" (_id_name,name) VALUES (347,'Klaudie');
INSERT INTO "Name" (_id_name,name) VALUES (348,'Libuše');
INSERT INTO "Name" (_id_name,name) VALUES (349,'Amálie');
INSERT INTO "Name" (_id_name,name) VALUES (350,'Lucie');
INSERT INTO "Name" (_id_name,name) VALUES (351,'Lýdie');
INSERT INTO "Name" (_id_name,name) VALUES (352,'Marie');
INSERT INTO "Name" (_id_name,name) VALUES (353,'Miluše');
INSERT INTO "Name" (_id_name,name) VALUES (354,'Natálie');
INSERT INTO "Name" (_id_name,name) VALUES (355,'Olivie');
INSERT INTO "Name" (_id_name,name) VALUES (356,'Otýlie');
INSERT INTO "Name" (_id_name,name) VALUES (357,'Patricie');
INSERT INTO "Name" (_id_name,name) VALUES (358,'Saskie');
INSERT INTO "Name" (_id_name,name) VALUES (359,'Silvie');
INSERT INTO "Name" (_id_name,name) VALUES (360,'Zoe');
INSERT INTO "Name" (_id_name,name) VALUES (361,'Valérie');
INSERT INTO "Name" (_id_name,name) VALUES (362,'Viktorie');
INSERT INTO "Name" (_id_name,name) VALUES (363,'Xenie');
INSERT INTO "Name" (_id_name,name) VALUES (364,'Žofie');
INSERT INTO "Name" (_id_name,name) VALUES (365,'Dagmar');
INSERT INTO "Name" (_id_name,name) VALUES (366,'Ester');
INSERT INTO "Name" (_id_name,name) VALUES (367,'Ingrid');
INSERT INTO "Name" (_id_name,name) VALUES (368,'Miriam');
INSERT INTO "Name" (_id_name,name) VALUES (369,'Růt');
INSERT INTO "Occupation" (_id_occup,name) VALUES (0,'Jahelničkář');
INSERT INTO "Occupation" (_id_occup,name) VALUES (1,'Lehké děvy');
INSERT INTO "Occupation" (_id_occup,name) VALUES (2,'Škrobař');
INSERT INTO "Occupation" (_id_occup,name) VALUES (3,'Neckář');
INSERT INTO "Occupation" (_id_occup,name) VALUES (4,'Rotšmid');
INSERT INTO "Occupation" (_id_occup,name) VALUES (5,'Kletnář');
INSERT INTO "Occupation" (_id_occup,name) VALUES (6,'Instrumentář');
INSERT INTO "Occupation" (_id_occup,name) VALUES (7,'Houslař');
INSERT INTO "Occupation" (_id_occup,name) VALUES (8,'Řezáč pečetí a erbů');
INSERT INTO "Occupation" (_id_occup,name) VALUES (9,'Cizelér');
INSERT INTO "Occupation" (_id_occup,name) VALUES (10,'Solnař');
INSERT INTO "Occupation" (_id_occup,name) VALUES (11,'Kolovrátkář');
INSERT INTO "Occupation" (_id_occup,name) VALUES (12,'Neckář');
INSERT INTO "Occupation" (_id_occup,name) VALUES (13,'Harfář');
INSERT INTO "Occupation" (_id_occup,name) VALUES (14,'Ladýř');
INSERT INTO "Occupation" (_id_occup,name) VALUES (15,'Zuvadlník');
INSERT INTO "Occupation" (_id_occup,name) VALUES (16,'Lopatník');
INSERT INTO "Occupation" (_id_occup,name) VALUES (17,'Šermíř');
INSERT INTO "Occupation" (_id_occup,name) VALUES (18,'Zuvač');
INSERT INTO "Occupation" (_id_occup,name) VALUES (19,'Postřihovač');
INSERT INTO "Occupation" (_id_occup,name) VALUES (20,'Kartnéř');
INSERT INTO "Occupation" (_id_occup,name) VALUES (21,'Ratištník');
INSERT INTO "Occupation" (_id_occup,name) VALUES (22,'Košíkář');
INSERT INTO "Occupation" (_id_occup,name) VALUES (23,'Kotečník');
INSERT INTO "Occupation" (_id_occup,name) VALUES (24,'Správce panství');
INSERT INTO "Occupation" (_id_occup,name) VALUES (25,'Smetař');
INSERT INTO "Occupation" (_id_occup,name) VALUES (26,'Andělíčkářka');
INSERT INTO "Occupation" (_id_occup,name) VALUES (27,'Pilníkář');
INSERT INTO "Occupation" (_id_occup,name) VALUES (28,'Drobník');
INSERT INTO "Occupation" (_id_occup,name) VALUES (29,'Bába jalovcová');
INSERT INTO "Occupation" (_id_occup,name) VALUES (30,'Řebříkář');
INSERT INTO "Occupation" (_id_occup,name) VALUES (31,'Pískař');
INSERT INTO "Occupation" (_id_occup,name) VALUES (32,'Kameník');
INSERT INTO "Occupation" (_id_occup,name) VALUES (33,'Taneční mistr');
INSERT INTO "Occupation" (_id_occup,name) VALUES (34,'Pozlacovač');
INSERT INTO "Occupation" (_id_occup,name) VALUES (35,'Bába herynkářka');
INSERT INTO "Occupation" (_id_occup,name) VALUES (36,'Forman zemský');
INSERT INTO "Occupation" (_id_occup,name) VALUES (37,'Psář');
INSERT INTO "Occupation" (_id_occup,name) VALUES (38,'Cechmistr');
INSERT INTO "Occupation" (_id_occup,name) VALUES (39,'Kudlák');
INSERT INTO "Occupation" (_id_occup,name) VALUES (40,'Bába zelinářka');
INSERT INTO "Occupation" (_id_occup,name) VALUES (41,'Kachlář');
INSERT INTO "Occupation" (_id_occup,name) VALUES (42,'Varhanář');
INSERT INTO "Occupation" (_id_occup,name) VALUES (43,'Kopitkář');
INSERT INTO "Occupation" (_id_occup,name) VALUES (44,'Tiskař');
INSERT INTO "Occupation" (_id_occup,name) VALUES (45,'Smetiprach');
INSERT INTO "Occupation" (_id_occup,name) VALUES (46,'Paznohetník');
INSERT INTO "Occupation" (_id_occup,name) VALUES (47,'Tkaničkář');
INSERT INTO "Occupation" (_id_occup,name) VALUES (48,'Mosazník');
INSERT INTO "Occupation" (_id_occup,name) VALUES (49,'Rybář');
INSERT INTO "Director" (_id_director,surname,title) VALUES (0,'Urban','farář');
INSERT INTO "Director" (_id_director,surname,title) VALUES (1,'Jaroš','kaplan');
INSERT INTO "Director" (_id_director,surname,title) VALUES (2,'Pospíšil','admininstrátor');
INSERT INTO "DirectorName" (director_id,name_id) VALUES (0,73);
INSERT INTO "DirectorName" (director_id,name_id) VALUES (1,64);
INSERT INTO "DirectorName" (director_id,name_id) VALUES (2,156);
INSERT INTO "Celebrant" (_id_celebrant,surname,title_occup) VALUES (0,'Němeček','kaplan');
INSERT INTO "Celebrant" (_id_celebrant,surname,title_occup) VALUES (1,'Kříž','farář');
INSERT INTO "Celebrant" (_id_celebrant,surname,title_occup) VALUES (2,'Bureš','admininstrátor');
INSERT INTO "CelebrantName" (celebrant_id,name_id) VALUES (0,114);
INSERT INTO "CelebrantName" (celebrant_id,name_id) VALUES (1,166);
INSERT INTO "CelebrantName" (celebrant_id,name_id) VALUES (2,176);
INSERT INTO "Officiant" (_id_officiant,surname,title) VALUES (0,'Sedláček','farář');
INSERT INTO "Officiant" (_id_officiant,surname,title) VALUES (1,'Krejčí','admininstrátor');
INSERT INTO "Officiant" (_id_officiant,surname,title) VALUES (2,'Vaněk','magister');
INSERT INTO "OfficiantName" (officiant_id,name_id) VALUES (0,92);
INSERT INTO "OfficiantName" (officiant_id,name_id) VALUES (1,57);
INSERT INTO "OfficiantName" (officiant_id,name_id) VALUES (2,170);
INSERT INTO "Person" (_id_person,surname,village,street,descr,birth,sex,religion) VALUES (0,'Pospíšilová','Plzeň','Atanázie',02656,'1802-09-24','žena','katolík');
INSERT INTO "Person" (_id_person,surname,village,street,descr,birth,sex,religion) VALUES (1,'Pospíšil','Plzeň','Atanázie',02656,'1803-08-02','muž','katolík');
INSERT INTO "Person" (_id_person,surname,village,street,descr,birth,sex,religion,mother_id,father_id) VALUES (2,'Pospíšil','Plzeň','Atanázie',02656,'1837-09-01','muž','katolík',0,1);
INSERT INTO "Person" (_id_person,surname,village,street,descr,birth,sex,religion,father_id) VALUES (3,'Pospíšilová','Jihlava','Zachariáš',04442,'1869-12-06','žena','katolík',2);
INSERT INTO "Person" (_id_person,surname,village,street,descr,birth,sex,religion,father_id) VALUES (4,'Pospíšil','Plzeň','Ivan',6236,'1866-12-19','muž','katolík',2);
INSERT INTO "Person" (_id_person,surname,village,street,descr,birth,sex,religion,father_id) VALUES (5,'Pospíšilová','Plzeň','Zajícová',81328,'1855-08-10','žena','katolík',2);
INSERT INTO "Person" (_id_person,surname,village,street,descr,birth,sex,religion,father_id) VALUES (6,'Pospíšilová','Ostrava','Izidora',890,'1855-09-05','žena','nepokřtěn',2);
INSERT INTO "Person" (_id_person,surname,village,street,descr,birth,sex,religion) VALUES (7,'Horáková','Ústí nad Labem','Krausová',80082,'1808-08-07','žena','nepokřtěn');
INSERT INTO "Person" (_id_person,surname,village,street,descr,birth,sex,religion) VALUES (8,'Horák','Ústí nad Labem','Krausová',80082,'1801-05-21','muž','nepokřtěn');
INSERT INTO "Person" (_id_person,surname,village,street,descr,birth,sex,religion,mother_id,father_id) VALUES (9,'Horák','Ústí nad Labem','Krausová',80082,'1830-06-19','muž','nepokřtěn',7,8);
INSERT INTO "Person" (_id_person,surname,village,street,descr,birth,sex,religion) VALUES (10,'Blažeková','Hradec Králové','Dvořáček',95184,'1807-07-03','žena','katolík');
INSERT INTO "Person" (_id_person,surname,village,street,descr,birth,sex,religion) VALUES (11,'Blažek','Hradec Králové','Dvořáček',95184,'1806-10-06','muž','katolík');
INSERT INTO "Person" (_id_person,surname,village,street,descr,birth,sex,religion,mother_id,father_id) VALUES (12,'Blažeková','Hradec Králové','Dvořáček',95184,'1830-09-22','žena','katolík',10,11);
INSERT INTO "Person" (_id_person,surname,village,street,descr,birth,sex,religion) VALUES (13,'Bartošová','Brno','Torsten',804,'1804-10-04','žena','nepokřtěn');
INSERT INTO "Person" (_id_person,surname,village,street,descr,birth,sex,religion) VALUES (14,'Bartoš','Brno','Torsten',804,'1806-11-04','muž','nepokřtěn');
INSERT INTO "Person" (_id_person,surname,village,street,descr,birth,sex,religion,mother_id,father_id) VALUES (15,'Bartošová','Brno','Torsten',804,'1830-11-17','žena','nepokřtěn',13,14);
INSERT INTO "Person" (_id_person,surname,village,street,descr,birth,sex,religion,mother_id) VALUES (16,'Bartoš','Brno','Kalinová',692,'1858-08-07','muž','nepokřtěn',15);
INSERT INTO "Person" (_id_person,surname,village,street,descr,birth,sex,religion) VALUES (17,'Němečeková','Ostrava','Jahodová',59271,'1801-03-27','žena','nepokřtěn');
INSERT INTO "Person" (_id_person,surname,village,street,descr,birth,sex,religion) VALUES (18,'Němeček','Ostrava','Jahodová',59271,'1804-11-24','muž','katolík');
INSERT INTO "Person" (_id_person,surname,village,street,descr,birth,sex,religion,mother_id,father_id) VALUES (19,'Němečeková','Ostrava','Jahodová',59271,'1829-07-01','žena','nepokřtěn',17,18);
INSERT INTO "Person" (_id_person,surname,village,street,descr,birth,sex,religion,mother_id) VALUES (20,'Němeček','Ostrava','Radoš',18362,'1866-08-16','muž','nepokřtěn',19);
INSERT INTO "Person" (_id_person,surname,village,street,descr,birth,sex,religion,mother_id) VALUES (21,'Němečeková','Ostrava','Beránková',611,'1856-11-26','žena','nepokřtěn',19);
INSERT INTO "Person" (_id_person,surname,village,street,descr,birth,sex,religion,mother_id) VALUES (22,'Němeček','Ostrava','Krátký',26525,'1855-07-28','muž','nepokřtěn',19);
INSERT INTO "Person" (_id_person,surname,village,street,descr,birth,sex,religion,mother_id) VALUES (23,'Němeček','Karviná','Horymíra',512,'1855-07-04','muž','nepokřtěn',19);
INSERT INTO "Person" (_id_person,surname,village,street,descr,birth,sex,religion) VALUES (24,'Kočíová','Olomouc','šípová',273,'1804-09-22','žena','katolík');
INSERT INTO "Person" (_id_person,surname,village,street,descr,birth,sex,religion) VALUES (25,'Kočí','Olomouc','šípová',273,'1805-12-09','muž','katolík');
INSERT INTO "Person" (_id_person,surname,village,street,descr,birth,sex,religion,mother_id,father_id) VALUES (26,'Kočí','Olomouc','šípová',273,'1827-09-18','muž','katolík',24,25);
INSERT INTO "Person" (_id_person,surname,village,street,descr,birth,sex,religion,father_id) VALUES (27,'Kočíová','Olomouc','Bobek',092,'1866-08-03','žena','nepokřtěn',26);
INSERT INTO "Person" (_id_person,surname,village,street,descr,birth,sex,religion) VALUES (28,'Burešová','Pardubice','Lubomíra',3862,'1809-07-20','žena','evangelík');
INSERT INTO "Person" (_id_person,surname,village,street,descr,birth,sex,religion) VALUES (29,'Bureš','Pardubice','Lubomíra',3862,'1801-12-02','muž','katolík');
INSERT INTO "Person" (_id_person,surname,village,street,descr,birth,sex,religion,mother_id,father_id) VALUES (30,'Burešová','Pardubice','Lubomíra',3862,'1830-10-06','žena','katolík',28,29);
INSERT INTO "Person" (_id_person,surname,village,street,descr,birth,sex,religion,mother_id) VALUES (31,'Burešová','Liberec','Mlejnková',20755,'1857-08-20','žena','katolík',30);
INSERT INTO "Person" (_id_person,surname,village,street,descr,birth,sex,religion,mother_id) VALUES (32,'Burešová','Pardubice','Jesika',6558,'1868-05-19','žena','katolík',30);
INSERT INTO "Person" (_id_person,surname,village,street,descr,birth,sex,religion,mother_id) VALUES (33,'Bureš','Pardubice','Elizeus',6298,'1860-01-09','muž','nepokřtěn',30);
INSERT INTO "Person" (_id_person,surname,village,street,descr,birth,sex,religion,mother_id) VALUES (34,'Bureš','Pardubice','Havránková',1919,'1861-05-29','muž','katolík',30);
INSERT INTO "Person" (_id_person,surname,village,street,descr,birth,sex,religion) VALUES (35,'Fišerová','Opava','Smolíková',495,'1802-10-31','žena','evangelík');
INSERT INTO "Person" (_id_person,surname,village,street,descr,birth,sex,religion) VALUES (36,'Fišer','Opava','Smolíková',495,'1809-06-30','muž','evangelík');
INSERT INTO "Person" (_id_person,surname,village,street,descr,birth,sex,religion,mother_id,father_id) VALUES (37,'Fišerová','Opava','Smolíková',495,'1833-09-28','žena','evangelík',35,36);
INSERT INTO "Person" (_id_person,surname,village,street,descr,birth,sex,religion,mother_id) VALUES (38,'Fišerová','Pardubice','Drahoslav',55801,'1857-09-16','žena','evangelík',37);
INSERT INTO "Person" (_id_person,surname,village,street,descr,birth,sex,religion,mother_id) VALUES (39,'Fišer','Frýdek-Místek','Zbyňka',826,'1860-10-10','muž','evangelík',37);
INSERT INTO "Person" (_id_person,surname,village,street,descr,birth,sex,religion,mother_id) VALUES (40,'Fišer','Opava','Médea',2010,'1868-07-06','muž','evangelík',37);
INSERT INTO "Person" (_id_person,surname,village,street,descr,birth,sex,religion) VALUES (41,'Dvořáková','České Budějovice','Klimentová',14128,'1804-06-25','žena','katolík');
INSERT INTO "Person" (_id_person,surname,village,street,descr,birth,sex,religion) VALUES (42,'Dvořák','České Budějovice','Klimentová',14128,'1806-06-30','muž','katolík');
INSERT INTO "Person" (_id_person,surname,village,street,descr,birth,sex,religion,mother_id,father_id) VALUES (43,'Dvořák','České Budějovice','Klimentová',14128,'1837-08-10','muž','katolík',41,42);
INSERT INTO "Person" (_id_person,surname,village,street,descr,birth,sex,religion) VALUES (44,'Müllerová','Liberec','Marian',59078,'1805-01-15','žena','katolík');
INSERT INTO "Person" (_id_person,surname,village,street,descr,birth,sex,religion) VALUES (45,'Müller','Liberec','Marian',59078,'1806-06-18','muž','katolík');
INSERT INTO "Person" (_id_person,surname,village,street,descr,birth,sex,religion,mother_id,father_id) VALUES (46,'Müllerová','Liberec','Marian',59078,'1839-02-18','žena','katolík',44,45);
INSERT INTO "Person" (_id_person,surname,village,street,descr,birth,sex,religion) VALUES (47,'Beráneková','Zlín','Krupička',406,'1803-11-20','žena','katolík');
INSERT INTO "Person" (_id_person,surname,village,street,descr,birth,sex,religion) VALUES (48,'Beránek','Zlín','Krupička',406,'1808-07-19','muž','katolík');
INSERT INTO "Person" (_id_person,surname,village,street,descr,birth,sex,religion,mother_id,father_id) VALUES (49,'Beránek','Zlín','Krupička',406,'1834-02-21','muž','katolík',47,48);
INSERT INTO "Person" (_id_person,surname,village,street,descr,birth,sex,religion,father_id) VALUES (50,'Beránek','Zlín','Kalousek',650,'1858-01-14','muž','nepokřtěn',49);
INSERT INTO "Person" (_id_person,surname,village,street,descr,birth,sex,religion) VALUES (51,'Tesařová','Havířov','šolc',44653,'1802-08-22','žena','katolík');
INSERT INTO "Person" (_id_person,surname,village,street,descr,birth,sex,religion) VALUES (52,'Tesař','Havířov','šolc',44653,'1800-10-12','muž','evangelík');
INSERT INTO "Person" (_id_person,surname,village,street,descr,birth,sex,religion,mother_id,father_id) VALUES (53,'Tesařová','Havířov','šolc',44653,'1832-11-07','žena','katolík',51,52);
INSERT INTO "Person" (_id_person,surname,village,street,descr,birth,sex,religion) VALUES (54,'Staněková','Kladno','Skopalová',5956,'1805-04-20','žena','katolík');
INSERT INTO "Person" (_id_person,surname,village,street,descr,birth,sex,religion) VALUES (55,'Staněk','Kladno','Skopalová',5956,'1802-01-28','muž','katolík');
INSERT INTO "Person" (_id_person,surname,village,street,descr,birth,sex,religion,mother_id,father_id) VALUES (56,'Staněková','Kladno','Skopalová',5956,'1839-10-06','žena','katolík',54,55);
INSERT INTO "Person" (_id_person,surname,village,street,descr,birth,sex,religion,mother_id) VALUES (57,'Staněk','Kladno','Lambert',1604,'1858-10-06','muž','nepokřtěn',56);
INSERT INTO "Person" (_id_person,surname,village,street,descr,birth,sex,religion,mother_id) VALUES (58,'Staněková','Kladno','Spytihněv',13126,'1868-03-06','žena','nepokřtěn',56);
INSERT INTO "Person" (_id_person,surname,village,street,descr,birth,sex,religion,mother_id) VALUES (59,'Staněková','Karviná','Ctirad',4506,'1866-03-22','žena','katolík',56);
INSERT INTO "Person" (_id_person,surname,village,street,descr,birth,sex,religion,mother_id) VALUES (60,'Staněková','Kladno','Kryšpín',7909,'1860-05-20','žena','katolík',56);
INSERT INTO "Person" (_id_person,surname,village,street,descr,birth,sex,religion) VALUES (61,'Kadlecová','Most','Kadlcová',819,'1809-04-04','žena','katolík');
INSERT INTO "Person" (_id_person,surname,village,street,descr,birth,sex,religion) VALUES (62,'Kadlec','Most','Kadlcová',819,'1809-11-23','muž','katolík');
INSERT INTO "Person" (_id_person,surname,village,street,descr,birth,sex,religion,mother_id,father_id) VALUES (63,'Kadlecová','Most','Kadlcová',819,'1828-02-28','žena','katolík',61,62);
INSERT INTO "Person" (_id_person,surname,village,street,descr,birth,sex,religion) VALUES (64,'Musilová','Praha','Pravdomila',550,'1801-01-31','žena','evangelík');
INSERT INTO "Person" (_id_person,surname,village,street,descr,birth,sex,religion) VALUES (65,'Musil','Praha','Pravdomila',550,'1801-07-14','muž','nepokřtěn');
INSERT INTO "Person" (_id_person,surname,village,street,descr,birth,sex,religion,mother_id,father_id) VALUES (66,'Musil','Praha','Pravdomila',550,'1825-06-28','muž','evangelík',64,65);
INSERT INTO "Person" (_id_person,surname,village,street,descr,birth,sex,religion,father_id) VALUES (67,'Musil','Praha','Milada',7572,'1864-10-27','muž','evangelík',66);
INSERT INTO "Person" (_id_person,surname,village,street,descr,birth,sex,religion,father_id) VALUES (68,'Musilová','Praha','Kalová',170,'1862-04-25','žena','evangelík',66);
INSERT INTO "Person" (_id_person,surname,village,street,descr,birth,sex,religion) VALUES (69,'Šimeková','Pardubice','Izidor',500,'1803-02-02','žena','katolík');
INSERT INTO "Person" (_id_person,surname,village,street,descr,birth,sex,religion) VALUES (70,'Šimek','Pardubice','Izidor',500,'1803-09-23','muž','katolík');
INSERT INTO "Person" (_id_person,surname,village,street,descr,birth,sex,religion,mother_id,father_id) VALUES (71,'Šimek','Pardubice','Izidor',500,'1827-07-17','muž','katolík',69,70);
INSERT INTO "Person" (_id_person,surname,village,street,descr,birth,sex,religion) VALUES (72,'Stejskalová','Most','Rolf',5600,'1802-02-04','žena','katolík');
INSERT INTO "Person" (_id_person,surname,village,street,descr,birth,sex,religion) VALUES (73,'Stejskal','Most','Rolf',5600,'1805-06-25','muž','katolík');
INSERT INTO "Person" (_id_person,surname,village,street,descr,birth,sex,religion,mother_id,father_id) VALUES (74,'Stejskal','Most','Rolf',5600,'1829-08-24','muž','katolík',72,73);
INSERT INTO "Person" (_id_person,surname,village,street,descr,birth,sex,religion,father_id) VALUES (75,'Stejskal','Most','Pelikánová',449,'1863-01-26','muž','katolík',74);
INSERT INTO "Person" (_id_person,surname,village,street,descr,birth,sex,religion,father_id) VALUES (76,'Stejskalová','Karviná','Gražina',066,'1863-11-25','žena','nepokřtěn',74);
INSERT INTO "Person" (_id_person,surname,village,street,descr,birth,sex,religion) VALUES (77,'Švecová','Opava','Holec',2472,'1805-07-01','žena','evangelík');
INSERT INTO "Person" (_id_person,surname,village,street,descr,birth,sex,religion) VALUES (78,'Švec','Opava','Holec',2472,'1808-06-05','muž','evangelík');
INSERT INTO "Person" (_id_person,surname,village,street,descr,birth,sex,religion,mother_id,father_id) VALUES (79,'Švec','Opava','Holec',2472,'1829-04-09','muž','evangelík',77,78);
INSERT INTO "Person" (_id_person,surname,village,street,descr,birth,sex,religion) VALUES (80,'Šmídová','Most','Přibyslav',7870,'1804-02-03','žena','nepokřtěn');
INSERT INTO "Person" (_id_person,surname,village,street,descr,birth,sex,religion) VALUES (81,'Šmíd','Most','Přibyslav',7870,'1809-06-15','muž','nepokřtěn');
INSERT INTO "Person" (_id_person,surname,village,street,descr,birth,sex,religion,mother_id,father_id) VALUES (82,'Šmíd','Most','Přibyslav',7870,'1826-02-23','muž','nepokřtěn',80,81);
INSERT INTO "Person" (_id_person,surname,village,street,descr,birth,sex,religion) VALUES (83,'Soukupová','Ostrava','Růžková',34112,'1807-06-10','žena','evangelík');
INSERT INTO "Person" (_id_person,surname,village,street,descr,birth,sex,religion) VALUES (84,'Soukup','Ostrava','Růžková',34112,'1805-05-18','muž','evangelík');
INSERT INTO "Person" (_id_person,surname,village,street,descr,birth,sex,religion,mother_id,father_id) VALUES (85,'Soukupová','Ostrava','Růžková',34112,'1827-08-26','žena','evangelík',83,84);
INSERT INTO "Person" (_id_person,surname,village,street,descr,birth,sex,religion,mother_id) VALUES (86,'Soukupová','Ostrava','Junková',45702,'1856-12-05','žena','evangelík',85);
INSERT INTO "Person" (_id_person,surname,village,street,descr,birth,sex,religion,mother_id) VALUES (87,'Soukupová','Ostrava','Skarlet',22882,'1863-08-08','žena','evangelík',85);
INSERT INTO "Person" (_id_person,surname,village,street,descr,birth,sex,religion,mother_id) VALUES (88,'Soukupová','Ostrava','Albín',4793,'1861-10-18','žena','nepokřtěn',85);
INSERT INTO "Person" (_id_person,surname,village,street,descr,birth,sex,religion,mother_id) VALUES (89,'Soukupová','Brno','Lena',00944,'1865-08-02','žena','evangelík',85);
INSERT INTO "Person" (_id_person,surname,village,street,descr,birth,sex,religion) VALUES (90,'Marešová','Brno','šimáčková',99312,'1802-08-06','žena','nepokřtěn');
INSERT INTO "Person" (_id_person,surname,village,street,descr,birth,sex,religion) VALUES (91,'Mareš','Brno','šimáčková',99312,'1805-05-26','muž','katolík');
INSERT INTO "Person" (_id_person,surname,village,street,descr,birth,sex,religion,mother_id,father_id) VALUES (92,'Marešová','Brno','šimáčková',99312,'1832-05-02','žena','katolík',90,91);
INSERT INTO "Person" (_id_person,surname,village,street,descr,birth,sex,religion,mother_id) VALUES (93,'Marešová','Liberec','Fuksa',4807,'1869-04-26','žena','katolík',92);
INSERT INTO "Person" (_id_person,surname,village,street,descr,birth,sex,religion,mother_id) VALUES (94,'Mareš','Brno','žižková',4528,'1860-05-09','muž','katolík',92);
INSERT INTO "Person" (_id_person,surname,village,street,descr,birth,sex,religion,mother_id) VALUES (95,'Marešová','Brno','Bojana',446,'1863-08-30','žena','katolík',92);
INSERT INTO "Person" (_id_person,surname,village,street,descr,birth,sex,religion,mother_id) VALUES (96,'Marešová','Brno','Leontýna',731,'1867-05-22','žena','katolík',92);
INSERT INTO "Person" (_id_person,surname,village,street,descr,birth,sex,religion) VALUES (97,'Čermáková','Kladno','Bartůněková',973,'1805-06-17','žena','katolík');
INSERT INTO "Person" (_id_person,surname,village,street,descr,birth,sex,religion) VALUES (98,'Čermák','Kladno','Bartůněková',973,'1806-03-14','muž','katolík');
INSERT INTO "Person" (_id_person,surname,village,street,descr,birth,sex,religion,mother_id,father_id) VALUES (99,'Čermák','Kladno','Bartůněková',973,'1838-11-11','muž','katolík',97,98);
INSERT INTO "Person" (_id_person,surname,village,street,descr,birth,sex,religion,father_id) VALUES (100,'Čermák','Kladno','Ambrožová',730,'1867-02-13','muž','katolík',99);
INSERT INTO "Person" (_id_person,surname,village,street,descr,birth,sex,religion,father_id) VALUES (101,'Čermák','Jihlava','Valentin',751,'1868-02-05','muž','nepokřtěn',99);
INSERT INTO "Person" (_id_person,surname,village,street,descr,birth,sex,religion,father_id) VALUES (102,'Čermák','Kladno','Lars',260,'1860-07-28','muž','katolík',99);
INSERT INTO "Person" (_id_person,surname,village,street,descr,birth,sex,religion) VALUES (103,'Urbanová','Havířov','Ctirada',457,'1802-03-24','žena','nepokřtěn');
INSERT INTO "Person" (_id_person,surname,village,street,descr,birth,sex,religion) VALUES (104,'Urban','Havířov','Ctirada',457,'1803-11-11','muž','nepokřtěn');
INSERT INTO "Person" (_id_person,surname,village,street,descr,birth,sex,religion,mother_id,father_id) VALUES (105,'Urbanová','Havířov','Ctirada',457,'1826-10-19','žena','nepokřtěn',103,104);
INSERT INTO "Person" (_id_person,surname,village,street,descr,birth,sex,religion) VALUES (106,'Čechová','Opava','Brychtová',441,'1806-06-08','žena','katolík');
INSERT INTO "Person" (_id_person,surname,village,street,descr,birth,sex,religion) VALUES (107,'Čech','Opava','Brychtová',441,'1804-02-29','muž','katolík');
INSERT INTO "Person" (_id_person,surname,village,street,descr,birth,sex,religion,mother_id,father_id) VALUES (108,'Čech','Opava','Brychtová',441,'1835-06-17','muž','katolík',106,107);
INSERT INTO "Person" (_id_person,surname,village,street,descr,birth,sex,religion,father_id) VALUES (109,'Čech','Opava','šubrtová',313,'1867-01-05','muž','nepokřtěn',108);
INSERT INTO "Person" (_id_person,surname,village,street,descr,birth,sex,religion,father_id) VALUES (110,'Čech','Ústí nad Labem','Bílek',26246,'1862-02-04','muž','katolík',108);
INSERT INTO "Person" (_id_person,surname,village,street,descr,birth,sex,religion,father_id) VALUES (111,'Čechová','Opava','Odon',712,'1856-08-18','žena','nepokřtěn',108);
INSERT INTO "Person" (_id_person,surname,village,street,descr,birth,sex,religion,father_id) VALUES (112,'Čechová','Opava','Langer',174,'1864-01-26','žena','katolík',108);
INSERT INTO "Person" (_id_person,surname,village,street,descr,birth,sex,religion) VALUES (113,'Fišerová','Hradec Králové','Fortunát',02533,'1804-02-13','žena','nepokřtěn');
INSERT INTO "Person" (_id_person,surname,village,street,descr,birth,sex,religion) VALUES (114,'Fišer','Hradec Králové','Fortunát',02533,'1803-12-28','muž','nepokřtěn');
INSERT INTO "Person" (_id_person,surname,village,street,descr,birth,sex,religion,mother_id,father_id) VALUES (115,'Fišer','Hradec Králové','Fortunát',02533,'1839-07-24','muž','nepokřtěn',113,114);
INSERT INTO "Person" (_id_person,surname,village,street,descr,birth,sex,religion,father_id) VALUES (116,'Fišer','Hradec Králové','Ingeborga',1918,'1862-03-12','muž','nepokřtěn',115);
INSERT INTO "Person" (_id_person,surname,village,street,descr,birth,sex,religion,father_id) VALUES (117,'Fišerová','Hradec Králové','Marián',8349,'1864-08-12','žena','nepokřtěn',115);
INSERT INTO "Person" (_id_person,surname,village,street,descr,birth,sex,religion,father_id) VALUES (118,'Fišer','Hradec Králové','Hostimíra',45414,'1865-06-29','muž','nepokřtěn',115);
INSERT INTO "Person" (_id_person,surname,village,street,descr,birth,sex,religion) VALUES (119,'Beráneková','Brno','Valburga',3280,'1807-03-30','žena','nepokřtěn');
INSERT INTO "Person" (_id_person,surname,village,street,descr,birth,sex,religion) VALUES (120,'Beránek','Brno','Valburga',3280,'1809-04-04','muž','katolík');
INSERT INTO "Person" (_id_person,surname,village,street,descr,birth,sex,religion,mother_id,father_id) VALUES (121,'Beráneková','Brno','Valburga',3280,'1834-05-23','žena','nepokřtěn',119,120);
INSERT INTO "Person" (_id_person,surname,village,street,descr,birth,sex,religion,mother_id) VALUES (122,'Beráneková','Brno','Miloslav',17099,'1857-01-31','žena','nepokřtěn',121);
INSERT INTO "Person" (_id_person,surname,village,street,descr,birth,sex,religion) VALUES (123,'Křížová','Havířov','Faustin',8708,'1809-10-12','žena','nepokřtěn');
INSERT INTO "Person" (_id_person,surname,village,street,descr,birth,sex,religion) VALUES (124,'Kříž','Havířov','Faustin',8708,'1800-03-12','muž','nepokřtěn');
INSERT INTO "Person" (_id_person,surname,village,street,descr,birth,sex,religion,mother_id,father_id) VALUES (125,'Kříž','Havířov','Faustin',8708,'1839-11-22','muž','nepokřtěn',123,124);
INSERT INTO "Person" (_id_person,surname,village,street,descr,birth,sex,religion,father_id) VALUES (126,'Křížová','Karviná','Matuška',6164,'1856-06-14','žena','nepokřtěn',125);
INSERT INTO "Person" (_id_person,surname,village,street,descr,birth,sex,religion,father_id) VALUES (127,'Kříž','Havířov','Mirabela',444,'1855-07-02','muž','nepokřtěn',125);
INSERT INTO "Person" (_id_person,surname,village,street,descr,birth,sex,religion,father_id) VALUES (128,'Křížová','Havířov','Upton',189,'1858-09-09','žena','nepokřtěn',125);
INSERT INTO "Person" (_id_person,surname,village,street,descr,birth,sex,religion) VALUES (129,'Pospíšilová','Brno','Tibor',7479,'1805-04-06','žena','nepokřtěn');
INSERT INTO "Person" (_id_person,surname,village,street,descr,birth,sex,religion) VALUES (130,'Pospíšil','Brno','Tibor',7479,'1801-03-02','muž','nepokřtěn');
INSERT INTO "Person" (_id_person,surname,village,street,descr,birth,sex,religion,mother_id,father_id) VALUES (131,'Pospíšilová','Brno','Tibor',7479,'1827-10-10','žena','nepokřtěn',129,130);
INSERT INTO "Person" (_id_person,surname,village,street,descr,birth,sex,religion,mother_id) VALUES (132,'Pospíšil','Brno','štěrba',3782,'1857-12-29','muž','nepokřtěn',131);
INSERT INTO "Person" (_id_person,surname,village,street,descr,birth,sex,religion,mother_id) VALUES (133,'Pospíšil','Brno','Maňák',331,'1863-08-01','muž','nepokřtěn',131);
INSERT INTO "Person" (_id_person,surname,village,street,descr,birth,sex,religion) VALUES (134,'Žáková','Praha','Beatus',610,'1800-06-09','žena','katolík');
INSERT INTO "Person" (_id_person,surname,village,street,descr,birth,sex,religion) VALUES (135,'Žák','Praha','Beatus',610,'1804-02-26','muž','katolík');
INSERT INTO "Person" (_id_person,surname,village,street,descr,birth,sex,religion,mother_id,father_id) VALUES (136,'Žáková','Praha','Beatus',610,'1835-01-23','žena','katolík',134,135);
INSERT INTO "Person" (_id_person,surname,village,street,descr,birth,sex,religion) VALUES (137,'Moravecová','Pardubice','Max',45077,'1800-08-24','žena','katolík');
INSERT INTO "Person" (_id_person,surname,village,street,descr,birth,sex,religion) VALUES (138,'Moravec','Pardubice','Max',45077,'1801-04-10','muž','nepokřtěn');
INSERT INTO "Person" (_id_person,surname,village,street,descr,birth,sex,religion,mother_id,father_id) VALUES (139,'Moravec','Pardubice','Max',45077,'1837-03-01','muž','katolík',137,138);
INSERT INTO "Person" (_id_person,surname,village,street,descr,birth,sex,religion) VALUES (140,'Sedláčeková','Liberec','Servác',6873,'1805-10-01','žena','evangelík');
INSERT INTO "Person" (_id_person,surname,village,street,descr,birth,sex,religion) VALUES (141,'Sedláček','Liberec','Servác',6873,'1800-03-01','muž','evangelík');
INSERT INTO "Person" (_id_person,surname,village,street,descr,birth,sex,religion,mother_id,father_id) VALUES (142,'Sedláček','Liberec','Servác',6873,'1828-06-28','muž','evangelík',140,141);
INSERT INTO "Person" (_id_person,surname,village,street,descr,birth,sex,religion) VALUES (143,'Doležalová','Zlín','Kašparová',44022,'1803-05-29','žena','nepokřtěn');
INSERT INTO "Person" (_id_person,surname,village,street,descr,birth,sex,religion) VALUES (144,'Doležal','Zlín','Kašparová',44022,'1800-12-13','muž','nepokřtěn');
INSERT INTO "Person" (_id_person,surname,village,street,descr,birth,sex,religion,mother_id,father_id) VALUES (145,'Doležalová','Zlín','Kašparová',44022,'1826-08-09','žena','nepokřtěn',143,144);
INSERT INTO "Person" (_id_person,surname,village,street,descr,birth,sex,religion) VALUES (146,'Dušeková','Brno','Vlasák',684,'1807-04-21','žena','evangelík');
INSERT INTO "Person" (_id_person,surname,village,street,descr,birth,sex,religion) VALUES (147,'Dušek','Brno','Vlasák',684,'1803-04-01','muž','evangelík');
INSERT INTO "Person" (_id_person,surname,village,street,descr,birth,sex,religion,mother_id,father_id) VALUES (148,'Dušek','Brno','Vlasák',684,'1837-04-13','muž','evangelík',146,147);
INSERT INTO "Person" (_id_person,surname,village,street,descr,birth,sex,religion) VALUES (149,'Soukupová','Plzeň','Coufal',638,'1806-07-02','žena','nepokřtěn');
INSERT INTO "Person" (_id_person,surname,village,street,descr,birth,sex,religion) VALUES (150,'Soukup','Plzeň','Coufal',638,'1808-12-26','muž','evangelík');
INSERT INTO "Person" (_id_person,surname,village,street,descr,birth,sex,religion,mother_id,father_id) VALUES (151,'Soukup','Plzeň','Coufal',638,'1829-03-20','muž','nepokřtěn',149,150);
INSERT INTO "Person" (_id_person,surname,village,street,descr,birth,sex,religion) VALUES (152,'Bartošová','Most','Baran',08929,'1808-10-28','žena','nepokřtěn');
INSERT INTO "Person" (_id_person,surname,village,street,descr,birth,sex,religion) VALUES (153,'Bartoš','Most','Baran',08929,'1809-05-31','muž','nepokřtěn');
INSERT INTO "Person" (_id_person,surname,village,street,descr,birth,sex,religion,mother_id,father_id) VALUES (154,'Bartoš','Most','Baran',08929,'1836-03-12','muž','nepokřtěn',152,153);
INSERT INTO "Person" (_id_person,surname,village,street,descr,birth,sex,religion) VALUES (155,'Slavíková','Most','Sofie',03048,'1805-01-17','žena','katolík');
INSERT INTO "Person" (_id_person,surname,village,street,descr,birth,sex,religion) VALUES (156,'Slavík','Most','Sofie',03048,'1804-06-01','muž','katolík');
INSERT INTO "Person" (_id_person,surname,village,street,descr,birth,sex,religion,mother_id,father_id) VALUES (157,'Slavík','Most','Sofie',03048,'1831-02-04','muž','katolík',155,156);
INSERT INTO "Person" (_id_person,surname,village,street,descr,birth,sex,religion) VALUES (158,'Havlíčeková','Havířov','Kubicová',327,'1804-03-27','žena','katolík');
INSERT INTO "Person" (_id_person,surname,village,street,descr,birth,sex,religion) VALUES (159,'Havlíček','Havířov','Kubicová',327,'1809-12-19','muž','katolík');
INSERT INTO "Person" (_id_person,surname,village,street,descr,birth,sex,religion,mother_id,father_id) VALUES (160,'Havlíčeková','Havířov','Kubicová',327,'1836-06-08','žena','katolík',158,159);
INSERT INTO "Person" (_id_person,surname,village,street,descr,birth,sex,religion,mother_id) VALUES (161,'Havlíček','Havířov','Kašík',950,'1856-10-23','muž','katolík',160);
INSERT INTO "Person" (_id_person,surname,village,street,descr,birth,sex,religion,mother_id) VALUES (162,'Havlíčeková','Plzeň','Anselm',145,'1863-04-08','žena','katolík',160);
INSERT INTO "Person" (_id_person,surname,village,street,descr,birth,sex,religion) VALUES (163,'Jarošová','Praha','Franěk',3461,'1806-05-09','žena','evangelík');
INSERT INTO "Person" (_id_person,surname,village,street,descr,birth,sex,religion) VALUES (164,'Jaroš','Praha','Franěk',3461,'1805-03-25','muž','evangelík');
INSERT INTO "Person" (_id_person,surname,village,street,descr,birth,sex,religion,mother_id,father_id) VALUES (165,'Jaroš','Praha','Franěk',3461,'1827-11-21','muž','evangelík',163,164);
INSERT INTO "Person" (_id_person,surname,village,street,descr,birth,sex,religion,father_id) VALUES (166,'Jarošová','Praha','Adéla',0350,'1861-03-23','žena','evangelík',165);
INSERT INTO "Person" (_id_person,surname,village,street,descr,birth,sex,religion,father_id) VALUES (167,'Jarošová','Praha','Theodosie',133,'1868-08-31','žena','evangelík',165);
INSERT INTO "Person" (_id_person,surname,village,street,descr,birth,sex,religion,father_id) VALUES (168,'Jarošová','Praha','Műllrová',933,'1866-11-21','žena','evangelík',165);
INSERT INTO "Person" (_id_person,surname,village,street,descr,birth,sex,religion) VALUES (169,'Vaněková','Kladno','Hovard',92720,'1805-05-24','žena','katolík');
INSERT INTO "Person" (_id_person,surname,village,street,descr,birth,sex,religion) VALUES (170,'Vaněk','Kladno','Hovard',92720,'1809-10-13','muž','katolík');
INSERT INTO "Person" (_id_person,surname,village,street,descr,birth,sex,religion,mother_id,father_id) VALUES (171,'Vaněk','Kladno','Hovard',92720,'1832-05-03','muž','katolík',169,170);
INSERT INTO "Person" (_id_person,surname,village,street,descr,birth,sex,religion) VALUES (172,'Mareková','Brno','Zbyněk',08609,'1805-06-25','žena','katolík');
INSERT INTO "Person" (_id_person,surname,village,street,descr,birth,sex,religion) VALUES (173,'Marek','Brno','Zbyněk',08609,'1806-10-25','muž','katolík');
INSERT INTO "Person" (_id_person,surname,village,street,descr,birth,sex,religion,mother_id,father_id) VALUES (174,'Marek','Brno','Zbyněk',08609,'1829-11-30','muž','katolík',172,173);
INSERT INTO "Person" (_id_person,surname,village,street,descr,birth,sex,religion,father_id) VALUES (175,'Marek','Brno','Melisa',54727,'1856-07-14','muž','katolík',174);
INSERT INTO "Person" (_id_person,surname,village,street,descr,birth,sex,religion,father_id) VALUES (176,'Mareková','Brno','Evan',05836,'1868-07-17','žena','katolík',174);
INSERT INTO "Person" (_id_person,surname,village,street,descr,birth,sex,religion,father_id) VALUES (177,'Marek','Brno','Jan',1077,'1855-04-14','muž','nepokřtěn',174);
INSERT INTO "Person" (_id_person,surname,village,street,descr,birth,sex,religion,father_id) VALUES (178,'Marek','Brno','Daniela',820,'1856-10-04','muž','katolík',174);
INSERT INTO "Person" (_id_person,surname,village,street,descr,birth,sex,religion) VALUES (179,'Musilová','Olomouc','Věduna',77784,'1801-06-26','žena','nepokřtěn');
INSERT INTO "Person" (_id_person,surname,village,street,descr,birth,sex,religion) VALUES (180,'Musil','Olomouc','Věduna',77784,'1806-04-02','muž','nepokřtěn');
INSERT INTO "Person" (_id_person,surname,village,street,descr,birth,sex,religion,mother_id,father_id) VALUES (181,'Musilová','Olomouc','Věduna',77784,'1828-01-02','žena','nepokřtěn',179,180);
INSERT INTO "Person" (_id_person,surname,village,street,descr,birth,sex,religion,mother_id) VALUES (182,'Musilová','Karviná','Horymír',9869,'1866-04-21','žena','nepokřtěn',181);
INSERT INTO "Person" (_id_person,surname,village,street,descr,birth,sex,religion) VALUES (183,'Jelíneková','Olomouc','Selena',40517,'1809-04-20','žena','nepokřtěn');
INSERT INTO "Person" (_id_person,surname,village,street,descr,birth,sex,religion) VALUES (184,'Jelínek','Olomouc','Selena',40517,'1809-04-27','muž','nepokřtěn');
INSERT INTO "Person" (_id_person,surname,village,street,descr,birth,sex,religion,mother_id,father_id) VALUES (185,'Jelíneková','Olomouc','Selena',40517,'1828-09-16','žena','nepokřtěn',183,184);
INSERT INTO "Person" (_id_person,surname,village,street,descr,birth,sex,religion,mother_id) VALUES (186,'Jelíneková','Olomouc','Flavius',18711,'1865-01-09','žena','nepokřtěn',185);
INSERT INTO "Person" (_id_person,surname,village,street,descr,birth,sex,religion,mother_id) VALUES (187,'Jelíneková','Olomouc','Orest',70158,'1858-03-06','žena','nepokřtěn',185);
INSERT INTO "Person" (_id_person,surname,village,street,descr,birth,sex,religion,mother_id) VALUES (188,'Jelíneková','Olomouc','Vymazalová',905,'1864-04-13','žena','nepokřtěn',185);
INSERT INTO "Person" (_id_person,surname,village,street,descr,birth,sex,religion) VALUES (189,'Krausová','Most','Modest',956,'1804-12-18','žena','nepokřtěn');
INSERT INTO "Person" (_id_person,surname,village,street,descr,birth,sex,religion) VALUES (190,'Kraus','Most','Modest',956,'1806-08-14','muž','nepokřtěn');
INSERT INTO "Person" (_id_person,surname,village,street,descr,birth,sex,religion,mother_id,father_id) VALUES (191,'Kraus','Most','Modest',956,'1832-02-13','muž','nepokřtěn',189,190);
INSERT INTO "Person" (_id_person,surname,village,street,descr,birth,sex,religion) VALUES (192,'Víteková','Liberec','Hanuš',537,'1808-03-11','žena','katolík');
INSERT INTO "Person" (_id_person,surname,village,street,descr,birth,sex,religion) VALUES (193,'Vítek','Liberec','Hanuš',537,'1803-03-16','muž','katolík');
INSERT INTO "Person" (_id_person,surname,village,street,descr,birth,sex,religion,mother_id,father_id) VALUES (194,'Víteková','Liberec','Hanuš',537,'1832-02-14','žena','katolík',192,193);
INSERT INTO "Person" (_id_person,surname,village,street,descr,birth,sex,religion,mother_id) VALUES (195,'Vítek','Liberec','Manuela',1550,'1862-10-21','muž','katolík',194);
INSERT INTO "Person" (_id_person,surname,village,street,descr,birth,sex,religion,mother_id) VALUES (196,'Vítek','Liberec','Váchová',737,'1869-09-17','muž','katolík',194);
INSERT INTO "Person" (_id_person,surname,village,street,descr,birth,sex,religion) VALUES (197,'Dostálová','Zlín','Pilát',54653,'1805-12-07','žena','nepokřtěn');
INSERT INTO "Person" (_id_person,surname,village,street,descr,birth,sex,religion) VALUES (198,'Dostál','Zlín','Pilát',54653,'1806-04-01','muž','nepokřtěn');
INSERT INTO "Person" (_id_person,surname,village,street,descr,birth,sex,religion,mother_id,father_id) VALUES (199,'Dostál','Zlín','Pilát',54653,'1837-03-09','muž','nepokřtěn',197,198);
INSERT INTO "Person" (_id_person,surname,village,street,descr,birth,sex,religion) VALUES (200,'Vaceková','Pardubice','Bohuslav',533,'1805-08-18','žena','nepokřtěn');
INSERT INTO "Person" (_id_person,surname,village,street,descr,birth,sex,religion) VALUES (201,'Vacek','Pardubice','Bohuslav',533,'1806-06-11','muž','katolík');
INSERT INTO "Person" (_id_person,surname,village,street,descr,birth,sex,religion,mother_id,father_id) VALUES (202,'Vacek','Pardubice','Bohuslav',533,'1827-12-22','muž','nepokřtěn',200,201);
INSERT INTO "Person" (_id_person,surname,village,street,descr,birth,sex,religion) VALUES (203,'Moravecová','Ústí nad Labem','Dag',8893,'1807-11-18','žena','katolík');
INSERT INTO "Person" (_id_person,surname,village,street,descr,birth,sex,religion) VALUES (204,'Moravec','Ústí nad Labem','Dag',8893,'1802-01-19','muž','katolík');
INSERT INTO "Person" (_id_person,surname,village,street,descr,birth,sex,religion,mother_id,father_id) VALUES (205,'Moravecová','Ústí nad Labem','Dag',8893,'1836-12-27','žena','katolík',203,204);
INSERT INTO "Person" (_id_person,surname,village,street,descr,birth,sex,religion) VALUES (206,'Zemanová','Ostrava','Iva',8567,'1803-03-07','žena','nepokřtěn');
INSERT INTO "Person" (_id_person,surname,village,street,descr,birth,sex,religion) VALUES (207,'Zeman','Ostrava','Iva',8567,'1801-07-17','muž','nepokřtěn');
INSERT INTO "Person" (_id_person,surname,village,street,descr,birth,sex,religion,mother_id,father_id) VALUES (208,'Zemanová','Ostrava','Iva',8567,'1826-11-28','žena','nepokřtěn',206,207);
INSERT INTO "Person" (_id_person,surname,village,street,descr,birth,sex,religion,mother_id) VALUES (209,'Zemanová','Ostrava','Holík',03009,'1862-12-30','žena','nepokřtěn',208);
INSERT INTO "Person" (_id_person,surname,village,street,descr,birth,sex,religion) VALUES (210,'Benešová','Ústí nad Labem','Divišová',8959,'1800-05-20','žena','katolík');
INSERT INTO "Person" (_id_person,surname,village,street,descr,birth,sex,religion) VALUES (211,'Beneš','Ústí nad Labem','Divišová',8959,'1801-07-01','muž','katolík');
INSERT INTO "Person" (_id_person,surname,village,street,descr,birth,sex,religion,mother_id,father_id) VALUES (212,'Beneš','Ústí nad Labem','Divišová',8959,'1832-05-07','muž','katolík',210,211);
INSERT INTO "Person" (_id_person,surname,village,street,descr,birth,sex,religion,father_id) VALUES (213,'Benešová','Ústí nad Labem','Ria',20139,'1868-07-05','žena','katolík',212);
INSERT INTO "Person" (_id_person,surname,village,street,descr,birth,sex,religion) VALUES (214,'Horváthová','Ústí nad Labem','Zlatan',1490,'1809-08-21','žena','katolík');
INSERT INTO "Person" (_id_person,surname,village,street,descr,birth,sex,religion) VALUES (215,'Horváth','Ústí nad Labem','Zlatan',1490,'1803-03-02','muž','katolík');
INSERT INTO "Person" (_id_person,surname,village,street,descr,birth,sex,religion,mother_id,father_id) VALUES (216,'Horváthová','Ústí nad Labem','Zlatan',1490,'1833-03-12','žena','katolík',214,215);
INSERT INTO "Person" (_id_person,surname,village,street,descr,birth,sex,religion) VALUES (217,'Hájeková','Praha','Prokop',53915,'1808-06-17','žena','evangelík');
INSERT INTO "Person" (_id_person,surname,village,street,descr,birth,sex,religion) VALUES (218,'Hájek','Praha','Prokop',53915,'1809-09-24','muž','katolík');
INSERT INTO "Person" (_id_person,surname,village,street,descr,birth,sex,religion,mother_id,father_id) VALUES (219,'Hájek','Praha','Prokop',53915,'1837-06-26','muž','katolík',217,218);
INSERT INTO "Person" (_id_person,surname,village,street,descr,birth,sex,religion) VALUES (220,'Kovařová','Brno','Arsen',3047,'1807-11-19','žena','nepokřtěn');
INSERT INTO "Person" (_id_person,surname,village,street,descr,birth,sex,religion) VALUES (221,'Kovař','Brno','Arsen',3047,'1801-12-26','muž','nepokřtěn');
INSERT INTO "Person" (_id_person,surname,village,street,descr,birth,sex,religion,mother_id,father_id) VALUES (222,'Kovařová','Brno','Arsen',3047,'1832-02-28','žena','nepokřtěn',220,221);
INSERT INTO "Person" (_id_person,surname,village,street,descr,birth,sex,religion) VALUES (223,'Víteková','České Budějovice','Knotková',1578,'1801-05-16','žena','katolík');
INSERT INTO "Person" (_id_person,surname,village,street,descr,birth,sex,religion) VALUES (224,'Vítek','České Budějovice','Knotková',1578,'1806-05-05','muž','katolík');
INSERT INTO "Person" (_id_person,surname,village,street,descr,birth,sex,religion,mother_id,father_id) VALUES (225,'Vítek','České Budějovice','Knotková',1578,'1831-02-20','muž','katolík',223,224);
INSERT INTO "Person" (_id_person,surname,village,street,descr,birth,sex,religion) VALUES (226,'Stejskalová','Plzeň','Bernarda',258,'1809-03-31','žena','evangelík');
INSERT INTO "Person" (_id_person,surname,village,street,descr,birth,sex,religion) VALUES (227,'Stejskal','Plzeň','Bernarda',258,'1809-10-01','muž','evangelík');
INSERT INTO "Person" (_id_person,surname,village,street,descr,birth,sex,religion,mother_id,father_id) VALUES (228,'Stejskalová','Plzeň','Bernarda',258,'1825-07-19','žena','evangelík',226,227);
INSERT INTO "Person" (_id_person,surname,village,street,descr,birth,sex,religion) VALUES (229,'Bednářová','Pardubice','Vidor',91572,'1801-03-01','žena','nepokřtěn');
INSERT INTO "Person" (_id_person,surname,village,street,descr,birth,sex,religion) VALUES (230,'Bednář','Pardubice','Vidor',91572,'1801-07-31','muž','nepokřtěn');
INSERT INTO "Person" (_id_person,surname,village,street,descr,birth,sex,religion,mother_id,father_id) VALUES (231,'Bednář','Pardubice','Vidor',91572,'1827-03-08','muž','nepokřtěn',229,230);
INSERT INTO "Person" (_id_person,surname,village,street,descr,birth,sex,religion) VALUES (232,'Mašeková','Opava','Mlad',724,'1808-03-14','žena','katolík');
INSERT INTO "Person" (_id_person,surname,village,street,descr,birth,sex,religion) VALUES (233,'Mašek','Opava','Mlad',724,'1809-03-03','muž','katolík');
INSERT INTO "Person" (_id_person,surname,village,street,descr,birth,sex,religion,mother_id,father_id) VALUES (234,'Mašeková','Opava','Mlad',724,'1829-07-06','žena','katolík',232,233);
INSERT INTO "Person" (_id_person,surname,village,street,descr,birth,sex,religion) VALUES (235,'Štěpáneková','Liberec','Bauer',645,'1808-08-12','žena','nepokřtěn');
INSERT INTO "Person" (_id_person,surname,village,street,descr,birth,sex,religion) VALUES (236,'Štěpánek','Liberec','Bauer',645,'1800-12-25','muž','nepokřtěn');
INSERT INTO "Person" (_id_person,surname,village,street,descr,birth,sex,religion,mother_id,father_id) VALUES (237,'Štěpánek','Liberec','Bauer',645,'1826-09-26','muž','nepokřtěn',235,236);
INSERT INTO "Person" (_id_person,surname,village,street,descr,birth,sex,religion,father_id) VALUES (238,'Štěpáneková','Liberec','Justina',235,'1868-03-31','žena','nepokřtěn',237);
INSERT INTO "Person" (_id_person,surname,village,street,descr,birth,sex,religion,father_id) VALUES (239,'Štěpánek','Liberec','Regina',888,'1862-05-24','muž','nepokřtěn',237);
INSERT INTO "Person" (_id_person,surname,village,street,descr,birth,sex,religion) VALUES (240,'Holubová','Most','šváb',742,'1800-01-18','žena','nepokřtěn');
INSERT INTO "Person" (_id_person,surname,village,street,descr,birth,sex,religion) VALUES (241,'Holub','Most','šváb',742,'1805-09-09','muž','katolík');
INSERT INTO "Person" (_id_person,surname,village,street,descr,birth,sex,religion,mother_id,father_id) VALUES (242,'Holubová','Most','šváb',742,'1829-01-09','žena','nepokřtěn',240,241);
INSERT INTO "Person" (_id_person,surname,village,street,descr,birth,sex,religion,mother_id) VALUES (243,'Holub','Plzeň','Jančová',260,'1862-11-03','muž','nepokřtěn',242);
INSERT INTO "Person" (_id_person,surname,village,street,descr,birth,sex,religion,mother_id) VALUES (244,'Holubová','Havířov','Vítek',3536,'1864-03-02','žena','nepokřtěn',242);
INSERT INTO "Person" (_id_person,surname,village,street,descr,birth,sex,religion,mother_id) VALUES (245,'Holub','Liberec','Ladislav',58943,'1860-02-08','muž','nepokřtěn',242);
INSERT INTO "Person" (_id_person,surname,village,street,descr,birth,sex,religion,mother_id) VALUES (246,'Holub','Hradec Králové','Fencl',77000,'1866-09-10','muž','nepokřtěn',242);
INSERT INTO "Person" (_id_person,surname,village,street,descr,birth,sex,religion) VALUES (247,'Mašeková','Ostrava','Kopečnýová',298,'1805-06-24','žena','nepokřtěn');
INSERT INTO "Person" (_id_person,surname,village,street,descr,birth,sex,religion) VALUES (248,'Mašek','Ostrava','Kopečnýová',298,'1801-04-27','muž','nepokřtěn');
INSERT INTO "Person" (_id_person,surname,village,street,descr,birth,sex,religion,mother_id,father_id) VALUES (249,'Mašek','Ostrava','Kopečnýová',298,'1829-04-22','muž','nepokřtěn',247,248);
INSERT INTO "Person" (_id_person,surname,village,street,descr,birth,sex,religion,father_id) VALUES (250,'Mašeková','Ostrava','Zatloukal',46716,'1861-03-07','žena','nepokřtěn',249);
INSERT INTO "Person" (_id_person,surname,village,street,descr,birth,sex,religion) VALUES (251,'Horáková','Kladno','Brit',40686,'1800-12-21','žena','katolík');
INSERT INTO "Person" (_id_person,surname,village,street,descr,birth,sex,religion) VALUES (252,'Horák','Kladno','Brit',40686,'1802-09-29','muž','katolík');
INSERT INTO "Person" (_id_person,surname,village,street,descr,birth,sex,religion,mother_id,father_id) VALUES (253,'Horáková','Kladno','Brit',40686,'1839-01-29','žena','katolík',251,252);
INSERT INTO "Person" (_id_person,surname,village,street,descr,birth,sex,religion,mother_id) VALUES (254,'Horáková','Kladno','Hrnčířová',2780,'1855-04-28','žena','katolík',253);
INSERT INTO "Person" (_id_person,surname,village,street,descr,birth,sex,religion,mother_id) VALUES (255,'Horáková','Kladno','Milivoj',58680,'1867-01-08','žena','katolík',253);
INSERT INTO "Person" (_id_person,surname,village,street,descr,birth,sex,religion) VALUES (256,'Poláková','Brno','Fabiánová',08707,'1800-12-21','žena','nepokřtěn');
INSERT INTO "Person" (_id_person,surname,village,street,descr,birth,sex,religion) VALUES (257,'Polák','Brno','Fabiánová',08707,'1808-08-29','muž','nepokřtěn');
INSERT INTO "Person" (_id_person,surname,village,street,descr,birth,sex,religion,mother_id,father_id) VALUES (258,'Poláková','Brno','Fabiánová',08707,'1832-12-05','žena','nepokřtěn',256,257);
INSERT INTO "Person" (_id_person,surname,village,street,descr,birth,sex,religion,mother_id) VALUES (259,'Polák','Brno','Rezek',28386,'1863-12-02','muž','nepokřtěn',258);
INSERT INTO "Person" (_id_person,surname,village,street,descr,birth,sex,religion,mother_id) VALUES (260,'Poláková','Brno','Tancoš',47414,'1866-06-29','žena','nepokřtěn',258);
INSERT INTO "Person" (_id_person,surname,village,street,descr,birth,sex,religion,mother_id) VALUES (261,'Polák','Brno','Astrida',309,'1856-03-02','muž','nepokřtěn',258);
INSERT INTO "Person" (_id_person,surname,village,street,descr,birth,sex,religion,mother_id) VALUES (262,'Polák','Brno','Sotira',63266,'1856-03-03','muž','nepokřtěn',258);
INSERT INTO "Person" (_id_person,surname,village,street,descr,birth,sex,religion) VALUES (263,'Jarošová','Zlín','Vorlíčková',350,'1800-10-27','žena','katolík');
INSERT INTO "Person" (_id_person,surname,village,street,descr,birth,sex,religion) VALUES (264,'Jaroš','Zlín','Vorlíčková',350,'1804-09-18','muž','katolík');
INSERT INTO "Person" (_id_person,surname,village,street,descr,birth,sex,religion,mother_id,father_id) VALUES (265,'Jarošová','Zlín','Vorlíčková',350,'1835-04-10','žena','katolík',263,264);
INSERT INTO "Person" (_id_person,surname,village,street,descr,birth,sex,religion,mother_id) VALUES (266,'Jarošová','Zlín','Zenon',20820,'1856-04-20','žena','katolík',265);
INSERT INTO "Person" (_id_person,surname,village,street,descr,birth,sex,religion,mother_id) VALUES (267,'Jarošová','Kladno','šanda',419,'1865-10-15','žena','katolík',265);
INSERT INTO "PersonName" (person_id,name_id) VALUES (0,363);
INSERT INTO "PersonName" (person_id,name_id) VALUES (1,167);
INSERT INTO "PersonName" (person_id,name_id) VALUES (1,33);
INSERT INTO "PersonName" (person_id,name_id) VALUES (2,143);
INSERT INTO "PersonName" (person_id,name_id) VALUES (3,193);
INSERT INTO "PersonName" (person_id,name_id) VALUES (4,11);
INSERT INTO "PersonName" (person_id,name_id) VALUES (5,323);
INSERT INTO "PersonName" (person_id,name_id) VALUES (6,286);
INSERT INTO "PersonName" (person_id,name_id) VALUES (7,361);
INSERT INTO "PersonName" (person_id,name_id) VALUES (8,5);
INSERT INTO "PersonName" (person_id,name_id) VALUES (9,160);
INSERT INTO "PersonName" (person_id,name_id) VALUES (10,231);
INSERT INTO "PersonName" (person_id,name_id) VALUES (11,100);
INSERT INTO "PersonName" (person_id,name_id) VALUES (11,155);
INSERT INTO "PersonName" (person_id,name_id) VALUES (12,196);
INSERT INTO "PersonName" (person_id,name_id) VALUES (13,201);
INSERT INTO "PersonName" (person_id,name_id) VALUES (14,76);
INSERT INTO "PersonName" (person_id,name_id) VALUES (15,296);
INSERT INTO "PersonName" (person_id,name_id) VALUES (16,91);
INSERT INTO "PersonName" (person_id,name_id) VALUES (17,321);
INSERT INTO "PersonName" (person_id,name_id) VALUES (18,105);
INSERT INTO "PersonName" (person_id,name_id) VALUES (19,215);
INSERT INTO "PersonName" (person_id,name_id) VALUES (20,85);
INSERT INTO "PersonName" (person_id,name_id) VALUES (21,197);
INSERT INTO "PersonName" (person_id,name_id) VALUES (22,48);
INSERT INTO "PersonName" (person_id,name_id) VALUES (23,146);
INSERT INTO "PersonName" (person_id,name_id) VALUES (24,204);
INSERT INTO "PersonName" (person_id,name_id) VALUES (25,34);
INSERT INTO "PersonName" (person_id,name_id) VALUES (26,90);
INSERT INTO "PersonName" (person_id,name_id) VALUES (27,242);
INSERT INTO "PersonName" (person_id,name_id) VALUES (28,253);
INSERT INTO "PersonName" (person_id,name_id) VALUES (29,16);
INSERT INTO "PersonName" (person_id,name_id) VALUES (30,348);
INSERT INTO "PersonName" (person_id,name_id) VALUES (31,337);
INSERT INTO "PersonName" (person_id,name_id) VALUES (32,287);
INSERT INTO "PersonName" (person_id,name_id) VALUES (33,172);
INSERT INTO "PersonName" (person_id,name_id) VALUES (34,184);
INSERT INTO "PersonName" (person_id,name_id) VALUES (35,194);
INSERT INTO "PersonName" (person_id,name_id) VALUES (36,10);
INSERT INTO "PersonName" (person_id,name_id) VALUES (36,178);
INSERT INTO "PersonName" (person_id,name_id) VALUES (37,331);
INSERT INTO "PersonName" (person_id,name_id) VALUES (38,330);
INSERT INTO "PersonName" (person_id,name_id) VALUES (39,134);
INSERT INTO "PersonName" (person_id,name_id) VALUES (39,127);
INSERT INTO "PersonName" (person_id,name_id) VALUES (40,140);
INSERT INTO "PersonName" (person_id,name_id) VALUES (41,233);
INSERT INTO "PersonName" (person_id,name_id) VALUES (42,77);
INSERT INTO "PersonName" (person_id,name_id) VALUES (43,2);
INSERT INTO "PersonName" (person_id,name_id) VALUES (44,282);
INSERT INTO "PersonName" (person_id,name_id) VALUES (45,67);
INSERT INTO "PersonName" (person_id,name_id) VALUES (45,99);
INSERT INTO "PersonName" (person_id,name_id) VALUES (46,359);
INSERT INTO "PersonName" (person_id,name_id) VALUES (47,324);
INSERT INTO "PersonName" (person_id,name_id) VALUES (48,162);
INSERT INTO "PersonName" (person_id,name_id) VALUES (49,117);
INSERT INTO "PersonName" (person_id,name_id) VALUES (49,28);
INSERT INTO "PersonName" (person_id,name_id) VALUES (50,174);
INSERT INTO "PersonName" (person_id,name_id) VALUES (51,199);
INSERT INTO "PersonName" (person_id,name_id) VALUES (52,131);
INSERT INTO "PersonName" (person_id,name_id) VALUES (53,283);
INSERT INTO "PersonName" (person_id,name_id) VALUES (54,310);
INSERT INTO "PersonName" (person_id,name_id) VALUES (55,153);
INSERT INTO "PersonName" (person_id,name_id) VALUES (56,195);
INSERT INTO "PersonName" (person_id,name_id) VALUES (57,121);
INSERT INTO "PersonName" (person_id,name_id) VALUES (58,261);
INSERT INTO "PersonName" (person_id,name_id) VALUES (59,285);
INSERT INTO "PersonName" (person_id,name_id) VALUES (60,280);
INSERT INTO "PersonName" (person_id,name_id) VALUES (61,223);
INSERT INTO "PersonName" (person_id,name_id) VALUES (62,128);
INSERT INTO "PersonName" (person_id,name_id) VALUES (63,356);
INSERT INTO "PersonName" (person_id,name_id) VALUES (64,247);
INSERT INTO "PersonName" (person_id,name_id) VALUES (65,147);
INSERT INTO "PersonName" (person_id,name_id) VALUES (66,72);
INSERT INTO "PersonName" (person_id,name_id) VALUES (67,43);
INSERT INTO "PersonName" (person_id,name_id) VALUES (68,268);
INSERT INTO "PersonName" (person_id,name_id) VALUES (69,225);
INSERT INTO "PersonName" (person_id,name_id) VALUES (70,71);
INSERT INTO "PersonName" (person_id,name_id) VALUES (71,30);
INSERT INTO "PersonName" (person_id,name_id) VALUES (72,302);
INSERT INTO "PersonName" (person_id,name_id) VALUES (73,161);
INSERT INTO "PersonName" (person_id,name_id) VALUES (74,44);
INSERT INTO "PersonName" (person_id,name_id) VALUES (75,181);
INSERT INTO "PersonName" (person_id,name_id) VALUES (76,360);
INSERT INTO "PersonName" (person_id,name_id) VALUES (77,270);
INSERT INTO "PersonName" (person_id,name_id) VALUES (78,8);
INSERT INTO "PersonName" (person_id,name_id) VALUES (78,6);
INSERT INTO "PersonName" (person_id,name_id) VALUES (79,111);
INSERT INTO "PersonName" (person_id,name_id) VALUES (80,300);
INSERT INTO "PersonName" (person_id,name_id) VALUES (81,102);
INSERT INTO "PersonName" (person_id,name_id) VALUES (82,125);
INSERT INTO "PersonName" (person_id,name_id) VALUES (83,297);
INSERT INTO "PersonName" (person_id,name_id) VALUES (84,24);
INSERT INTO "PersonName" (person_id,name_id) VALUES (85,265);
INSERT INTO "PersonName" (person_id,name_id) VALUES (86,335);
INSERT INTO "PersonName" (person_id,name_id) VALUES (87,230);
INSERT INTO "PersonName" (person_id,name_id) VALUES (88,313);
INSERT INTO "PersonName" (person_id,name_id) VALUES (89,284);
INSERT INTO "PersonName" (person_id,name_id) VALUES (90,235);
INSERT INTO "PersonName" (person_id,name_id) VALUES (91,82);
INSERT INTO "PersonName" (person_id,name_id) VALUES (92,239);
INSERT INTO "PersonName" (person_id,name_id) VALUES (93,341);
INSERT INTO "PersonName" (person_id,name_id) VALUES (94,66);
INSERT INTO "PersonName" (person_id,name_id) VALUES (95,353);
INSERT INTO "PersonName" (person_id,name_id) VALUES (96,241);
INSERT INTO "PersonName" (person_id,name_id) VALUES (97,232);
INSERT INTO "PersonName" (person_id,name_id) VALUES (98,157);
INSERT INTO "PersonName" (person_id,name_id) VALUES (98,87);
INSERT INTO "PersonName" (person_id,name_id) VALUES (99,173);
INSERT INTO "PersonName" (person_id,name_id) VALUES (100,62);
INSERT INTO "PersonName" (person_id,name_id) VALUES (101,92);
INSERT INTO "PersonName" (person_id,name_id) VALUES (102,60);
INSERT INTO "PersonName" (person_id,name_id) VALUES (103,354);
INSERT INTO "PersonName" (person_id,name_id) VALUES (104,139);
INSERT INTO "PersonName" (person_id,name_id) VALUES (104,89);
INSERT INTO "PersonName" (person_id,name_id) VALUES (105,256);
INSERT INTO "PersonName" (person_id,name_id) VALUES (106,191);
INSERT INTO "PersonName" (person_id,name_id) VALUES (107,166);
INSERT INTO "PersonName" (person_id,name_id) VALUES (107,53);
INSERT INTO "PersonName" (person_id,name_id) VALUES (108,64);
INSERT INTO "PersonName" (person_id,name_id) VALUES (108,180);
INSERT INTO "PersonName" (person_id,name_id) VALUES (109,14);
INSERT INTO "PersonName" (person_id,name_id) VALUES (110,110);
INSERT INTO "PersonName" (person_id,name_id) VALUES (110,118);
INSERT INTO "PersonName" (person_id,name_id) VALUES (111,315);
INSERT INTO "PersonName" (person_id,name_id) VALUES (112,305);
INSERT INTO "PersonName" (person_id,name_id) VALUES (113,303);
INSERT INTO "PersonName" (person_id,name_id) VALUES (114,108);
INSERT INTO "PersonName" (person_id,name_id) VALUES (114,154);
INSERT INTO "PersonName" (person_id,name_id) VALUES (115,80);
INSERT INTO "PersonName" (person_id,name_id) VALUES (116,113);
INSERT INTO "PersonName" (person_id,name_id) VALUES (117,333);
INSERT INTO "PersonName" (person_id,name_id) VALUES (118,0);
INSERT INTO "PersonName" (person_id,name_id) VALUES (119,211);
INSERT INTO "PersonName" (person_id,name_id) VALUES (120,32);
INSERT INTO "PersonName" (person_id,name_id) VALUES (121,328);
INSERT INTO "PersonName" (person_id,name_id) VALUES (122,312);
INSERT INTO "PersonName" (person_id,name_id) VALUES (123,288);
INSERT INTO "PersonName" (person_id,name_id) VALUES (124,163);
INSERT INTO "PersonName" (person_id,name_id) VALUES (125,46);
INSERT INTO "PersonName" (person_id,name_id) VALUES (126,220);
INSERT INTO "PersonName" (person_id,name_id) VALUES (127,177);
INSERT INTO "PersonName" (person_id,name_id) VALUES (127,109);
INSERT INTO "PersonName" (person_id,name_id) VALUES (128,276);
INSERT INTO "PersonName" (person_id,name_id) VALUES (129,277);
INSERT INTO "PersonName" (person_id,name_id) VALUES (130,124);
INSERT INTO "PersonName" (person_id,name_id) VALUES (130,144);
INSERT INTO "PersonName" (person_id,name_id) VALUES (131,349);
INSERT INTO "PersonName" (person_id,name_id) VALUES (132,75);
INSERT INTO "PersonName" (person_id,name_id) VALUES (133,74);
INSERT INTO "PersonName" (person_id,name_id) VALUES (133,95);
INSERT INTO "PersonName" (person_id,name_id) VALUES (134,332);
INSERT INTO "PersonName" (person_id,name_id) VALUES (135,29);
INSERT INTO "PersonName" (person_id,name_id) VALUES (135,115);
INSERT INTO "PersonName" (person_id,name_id) VALUES (136,208);
INSERT INTO "PersonName" (person_id,name_id) VALUES (137,281);
INSERT INTO "PersonName" (person_id,name_id) VALUES (138,37);
INSERT INTO "PersonName" (person_id,name_id) VALUES (139,112);
INSERT INTO "PersonName" (person_id,name_id) VALUES (140,186);
INSERT INTO "PersonName" (person_id,name_id) VALUES (141,12);
INSERT INTO "PersonName" (person_id,name_id) VALUES (141,61);
INSERT INTO "PersonName" (person_id,name_id) VALUES (142,170);
INSERT INTO "PersonName" (person_id,name_id) VALUES (143,275);
INSERT INTO "PersonName" (person_id,name_id) VALUES (144,137);
INSERT INTO "PersonName" (person_id,name_id) VALUES (145,355);
INSERT INTO "PersonName" (person_id,name_id) VALUES (146,260);
INSERT INTO "PersonName" (person_id,name_id) VALUES (147,19);
INSERT INTO "PersonName" (person_id,name_id) VALUES (148,136);
INSERT INTO "PersonName" (person_id,name_id) VALUES (149,358);
INSERT INTO "PersonName" (person_id,name_id) VALUES (150,54);
INSERT INTO "PersonName" (person_id,name_id) VALUES (151,164);
INSERT INTO "PersonName" (person_id,name_id) VALUES (151,150);
INSERT INTO "PersonName" (person_id,name_id) VALUES (152,252);
INSERT INTO "PersonName" (person_id,name_id) VALUES (153,55);
INSERT INTO "PersonName" (person_id,name_id) VALUES (153,9);
INSERT INTO "PersonName" (person_id,name_id) VALUES (154,103);
INSERT INTO "PersonName" (person_id,name_id) VALUES (154,31);
INSERT INTO "PersonName" (person_id,name_id) VALUES (155,187);
INSERT INTO "PersonName" (person_id,name_id) VALUES (156,120);
INSERT INTO "PersonName" (person_id,name_id) VALUES (157,79);
INSERT INTO "PersonName" (person_id,name_id) VALUES (157,142);
INSERT INTO "PersonName" (person_id,name_id) VALUES (158,213);
INSERT INTO "PersonName" (person_id,name_id) VALUES (159,93);
INSERT INTO "PersonName" (person_id,name_id) VALUES (160,318);
INSERT INTO "PersonName" (person_id,name_id) VALUES (161,73);
INSERT INTO "PersonName" (person_id,name_id) VALUES (161,70);
INSERT INTO "PersonName" (person_id,name_id) VALUES (162,298);
INSERT INTO "PersonName" (person_id,name_id) VALUES (163,227);
INSERT INTO "PersonName" (person_id,name_id) VALUES (164,35);
INSERT INTO "PersonName" (person_id,name_id) VALUES (165,169);
INSERT INTO "PersonName" (person_id,name_id) VALUES (166,339);
INSERT INTO "PersonName" (person_id,name_id) VALUES (167,203);
INSERT INTO "PersonName" (person_id,name_id) VALUES (168,243);
INSERT INTO "PersonName" (person_id,name_id) VALUES (169,291);
INSERT INTO "PersonName" (person_id,name_id) VALUES (170,1);
INSERT INTO "PersonName" (person_id,name_id) VALUES (171,41);
INSERT INTO "PersonName" (person_id,name_id) VALUES (172,226);
INSERT INTO "PersonName" (person_id,name_id) VALUES (173,88);
INSERT INTO "PersonName" (person_id,name_id) VALUES (173,56);
INSERT INTO "PersonName" (person_id,name_id) VALUES (174,27);
INSERT INTO "PersonName" (person_id,name_id) VALUES (174,39);
INSERT INTO "PersonName" (person_id,name_id) VALUES (175,13);
INSERT INTO "PersonName" (person_id,name_id) VALUES (176,248);
INSERT INTO "PersonName" (person_id,name_id) VALUES (177,149);
INSERT INTO "PersonName" (person_id,name_id) VALUES (178,3);
INSERT INTO "PersonName" (person_id,name_id) VALUES (179,345);
INSERT INTO "PersonName" (person_id,name_id) VALUES (180,145);
INSERT INTO "PersonName" (person_id,name_id) VALUES (181,269);
INSERT INTO "PersonName" (person_id,name_id) VALUES (182,273);
INSERT INTO "PersonName" (person_id,name_id) VALUES (183,343);
INSERT INTO "PersonName" (person_id,name_id) VALUES (184,168);
INSERT INTO "PersonName" (person_id,name_id) VALUES (185,314);
INSERT INTO "PersonName" (person_id,name_id) VALUES (186,293);
INSERT INTO "PersonName" (person_id,name_id) VALUES (187,329);
INSERT INTO "PersonName" (person_id,name_id) VALUES (188,266);
INSERT INTO "PersonName" (person_id,name_id) VALUES (189,244);
INSERT INTO "PersonName" (person_id,name_id) VALUES (190,7);
INSERT INTO "PersonName" (person_id,name_id) VALUES (191,175);
INSERT INTO "PersonName" (person_id,name_id) VALUES (192,189);
INSERT INTO "PersonName" (person_id,name_id) VALUES (193,45);
INSERT INTO "PersonName" (person_id,name_id) VALUES (194,278);
INSERT INTO "PersonName" (person_id,name_id) VALUES (195,68);
INSERT INTO "PersonName" (person_id,name_id) VALUES (196,122);
INSERT INTO "PersonName" (person_id,name_id) VALUES (197,344);
INSERT INTO "PersonName" (person_id,name_id) VALUES (198,18);
INSERT INTO "PersonName" (person_id,name_id) VALUES (198,119);
INSERT INTO "PersonName" (person_id,name_id) VALUES (199,138);
INSERT INTO "PersonName" (person_id,name_id) VALUES (200,258);
INSERT INTO "PersonName" (person_id,name_id) VALUES (201,52);
INSERT INTO "PersonName" (person_id,name_id) VALUES (201,36);
INSERT INTO "PersonName" (person_id,name_id) VALUES (202,47);
INSERT INTO "PersonName" (person_id,name_id) VALUES (203,259);
INSERT INTO "PersonName" (person_id,name_id) VALUES (204,132);
INSERT INTO "PersonName" (person_id,name_id) VALUES (204,176);
INSERT INTO "PersonName" (person_id,name_id) VALUES (205,319);
INSERT INTO "PersonName" (person_id,name_id) VALUES (206,351);
INSERT INTO "PersonName" (person_id,name_id) VALUES (207,158);
INSERT INTO "PersonName" (person_id,name_id) VALUES (208,368);
INSERT INTO "PersonName" (person_id,name_id) VALUES (209,212);
INSERT INTO "PersonName" (person_id,name_id) VALUES (210,322);
INSERT INTO "PersonName" (person_id,name_id) VALUES (211,59);
INSERT INTO "PersonName" (person_id,name_id) VALUES (212,58);
INSERT INTO "PersonName" (person_id,name_id) VALUES (212,26);
INSERT INTO "PersonName" (person_id,name_id) VALUES (213,274);
INSERT INTO "PersonName" (person_id,name_id) VALUES (214,255);
INSERT INTO "PersonName" (person_id,name_id) VALUES (215,38);
INSERT INTO "PersonName" (person_id,name_id) VALUES (216,299);
INSERT INTO "PersonName" (person_id,name_id) VALUES (217,365);
INSERT INTO "PersonName" (person_id,name_id) VALUES (218,42);
INSERT INTO "PersonName" (person_id,name_id) VALUES (219,4);
INSERT INTO "PersonName" (person_id,name_id) VALUES (219,17);
INSERT INTO "PersonName" (person_id,name_id) VALUES (220,290);
INSERT INTO "PersonName" (person_id,name_id) VALUES (221,63);
INSERT INTO "PersonName" (person_id,name_id) VALUES (222,301);
INSERT INTO "PersonName" (person_id,name_id) VALUES (223,289);
INSERT INTO "PersonName" (person_id,name_id) VALUES (224,148);
INSERT INTO "PersonName" (person_id,name_id) VALUES (224,65);
INSERT INTO "PersonName" (person_id,name_id) VALUES (225,23);
INSERT INTO "PersonName" (person_id,name_id) VALUES (226,327);
INSERT INTO "PersonName" (person_id,name_id) VALUES (227,22);
INSERT INTO "PersonName" (person_id,name_id) VALUES (228,192);
INSERT INTO "PersonName" (person_id,name_id) VALUES (229,325);
INSERT INTO "PersonName" (person_id,name_id) VALUES (230,78);
INSERT INTO "PersonName" (person_id,name_id) VALUES (230,15);
INSERT INTO "PersonName" (person_id,name_id) VALUES (231,49);
INSERT INTO "PersonName" (person_id,name_id) VALUES (232,240);
INSERT INTO "PersonName" (person_id,name_id) VALUES (233,101);
INSERT INTO "PersonName" (person_id,name_id) VALUES (234,306);
INSERT INTO "PersonName" (person_id,name_id) VALUES (235,350);
INSERT INTO "PersonName" (person_id,name_id) VALUES (236,156);
INSERT INTO "PersonName" (person_id,name_id) VALUES (236,183);
INSERT INTO "PersonName" (person_id,name_id) VALUES (237,123);
INSERT INTO "PersonName" (person_id,name_id) VALUES (238,308);
INSERT INTO "PersonName" (person_id,name_id) VALUES (239,151);
INSERT INTO "PersonName" (person_id,name_id) VALUES (240,362);
INSERT INTO "PersonName" (person_id,name_id) VALUES (241,179);
INSERT INTO "PersonName" (person_id,name_id) VALUES (241,86);
INSERT INTO "PersonName" (person_id,name_id) VALUES (242,342);
INSERT INTO "PersonName" (person_id,name_id) VALUES (243,141);
INSERT INTO "PersonName" (person_id,name_id) VALUES (244,207);
INSERT INTO "PersonName" (person_id,name_id) VALUES (245,159);
INSERT INTO "PersonName" (person_id,name_id) VALUES (245,96);
INSERT INTO "PersonName" (person_id,name_id) VALUES (246,130);
INSERT INTO "PersonName" (person_id,name_id) VALUES (247,221);
INSERT INTO "PersonName" (person_id,name_id) VALUES (248,21);
INSERT INTO "PersonName" (person_id,name_id) VALUES (249,182);
INSERT INTO "PersonName" (person_id,name_id) VALUES (250,340);
INSERT INTO "PersonName" (person_id,name_id) VALUES (251,316);
INSERT INTO "PersonName" (person_id,name_id) VALUES (252,20);
INSERT INTO "PersonName" (person_id,name_id) VALUES (253,214);
INSERT INTO "PersonName" (person_id,name_id) VALUES (254,338);
INSERT INTO "PersonName" (person_id,name_id) VALUES (255,317);
INSERT INTO "PersonName" (person_id,name_id) VALUES (256,367);
INSERT INTO "PersonName" (person_id,name_id) VALUES (257,83);
INSERT INTO "PersonName" (person_id,name_id) VALUES (258,346);
INSERT INTO "PersonName" (person_id,name_id) VALUES (259,97);
INSERT INTO "PersonName" (person_id,name_id) VALUES (260,272);
INSERT INTO "PersonName" (person_id,name_id) VALUES (261,57);
INSERT INTO "PersonName" (person_id,name_id) VALUES (261,165);
INSERT INTO "PersonName" (person_id,name_id) VALUES (262,106);
INSERT INTO "PersonName" (person_id,name_id) VALUES (262,152);
INSERT INTO "PersonName" (person_id,name_id) VALUES (263,267);
INSERT INTO "PersonName" (person_id,name_id) VALUES (264,185);
INSERT INTO "PersonName" (person_id,name_id) VALUES (265,238);
INSERT INTO "PersonName" (person_id,name_id) VALUES (266,262);
INSERT INTO "PersonName" (person_id,name_id) VALUES (267,369);
INSERT INTO "PersonOccupation" (person_id,occup_id) VALUES (0,49);
INSERT INTO "PersonOccupation" (person_id,occup_id) VALUES (0,3);
INSERT INTO "PersonOccupation" (person_id,occup_id) VALUES (0,4);
INSERT INTO "PersonOccupation" (person_id,occup_id) VALUES (1,25);
INSERT INTO "PersonOccupation" (person_id,occup_id) VALUES (1,3);
INSERT INTO "PersonOccupation" (person_id,occup_id) VALUES (1,40);
INSERT INTO "PersonOccupation" (person_id,occup_id) VALUES (3,14);
INSERT INTO "PersonOccupation" (person_id,occup_id) VALUES (3,31);
INSERT INTO "PersonOccupation" (person_id,occup_id) VALUES (4,0);
INSERT INTO "PersonOccupation" (person_id,occup_id) VALUES (4,46);
INSERT INTO "PersonOccupation" (person_id,occup_id) VALUES (4,26);
INSERT INTO "PersonOccupation" (person_id,occup_id) VALUES (5,48);
INSERT INTO "PersonOccupation" (person_id,occup_id) VALUES (5,28);
INSERT INTO "PersonOccupation" (person_id,occup_id) VALUES (5,3);
INSERT INTO "PersonOccupation" (person_id,occup_id) VALUES (6,34);
INSERT INTO "PersonOccupation" (person_id,occup_id) VALUES (6,25);
INSERT INTO "PersonOccupation" (person_id,occup_id) VALUES (6,17);
INSERT INTO "PersonOccupation" (person_id,occup_id) VALUES (7,44);
INSERT INTO "PersonOccupation" (person_id,occup_id) VALUES (7,6);
INSERT INTO "PersonOccupation" (person_id,occup_id) VALUES (7,22);
INSERT INTO "PersonOccupation" (person_id,occup_id) VALUES (8,29);
INSERT INTO "PersonOccupation" (person_id,occup_id) VALUES (9,0);
INSERT INTO "PersonOccupation" (person_id,occup_id) VALUES (9,3);
INSERT INTO "PersonOccupation" (person_id,occup_id) VALUES (9,17);
INSERT INTO "PersonOccupation" (person_id,occup_id) VALUES (10,22);
INSERT INTO "PersonOccupation" (person_id,occup_id) VALUES (11,27);
INSERT INTO "PersonOccupation" (person_id,occup_id) VALUES (11,40);
INSERT INTO "PersonOccupation" (person_id,occup_id) VALUES (12,44);
INSERT INTO "PersonOccupation" (person_id,occup_id) VALUES (12,6);
INSERT INTO "PersonOccupation" (person_id,occup_id) VALUES (12,27);
INSERT INTO "PersonOccupation" (person_id,occup_id) VALUES (15,16);
INSERT INTO "PersonOccupation" (person_id,occup_id) VALUES (15,38);
INSERT INTO "PersonOccupation" (person_id,occup_id) VALUES (16,26);
INSERT INTO "PersonOccupation" (person_id,occup_id) VALUES (17,24);
INSERT INTO "PersonOccupation" (person_id,occup_id) VALUES (17,3);
INSERT INTO "PersonOccupation" (person_id,occup_id) VALUES (17,23);
INSERT INTO "PersonOccupation" (person_id,occup_id) VALUES (18,18);
INSERT INTO "PersonOccupation" (person_id,occup_id) VALUES (18,46);
INSERT INTO "PersonOccupation" (person_id,occup_id) VALUES (18,26);
INSERT INTO "PersonOccupation" (person_id,occup_id) VALUES (19,47);
INSERT INTO "PersonOccupation" (person_id,occup_id) VALUES (20,22);
INSERT INTO "PersonOccupation" (person_id,occup_id) VALUES (20,21);
INSERT INTO "PersonOccupation" (person_id,occup_id) VALUES (20,4);
INSERT INTO "PersonOccupation" (person_id,occup_id) VALUES (21,10);
INSERT INTO "PersonOccupation" (person_id,occup_id) VALUES (21,17);
INSERT INTO "PersonOccupation" (person_id,occup_id) VALUES (22,43);
INSERT INTO "PersonOccupation" (person_id,occup_id) VALUES (23,31);
INSERT INTO "PersonOccupation" (person_id,occup_id) VALUES (24,44);
INSERT INTO "PersonOccupation" (person_id,occup_id) VALUES (27,25);
INSERT INTO "PersonOccupation" (person_id,occup_id) VALUES (27,16);
INSERT INTO "PersonOccupation" (person_id,occup_id) VALUES (28,8);
INSERT INTO "PersonOccupation" (person_id,occup_id) VALUES (28,7);
INSERT INTO "PersonOccupation" (person_id,occup_id) VALUES (28,4);
INSERT INTO "PersonOccupation" (person_id,occup_id) VALUES (29,10);
INSERT INTO "PersonOccupation" (person_id,occup_id) VALUES (29,16);
INSERT INTO "PersonOccupation" (person_id,occup_id) VALUES (30,20);
INSERT INTO "PersonOccupation" (person_id,occup_id) VALUES (30,49);
INSERT INTO "PersonOccupation" (person_id,occup_id) VALUES (30,47);
INSERT INTO "PersonOccupation" (person_id,occup_id) VALUES (32,2);
INSERT INTO "PersonOccupation" (person_id,occup_id) VALUES (33,11);
INSERT INTO "PersonOccupation" (person_id,occup_id) VALUES (33,40);
INSERT INTO "PersonOccupation" (person_id,occup_id) VALUES (33,34);
INSERT INTO "PersonOccupation" (person_id,occup_id) VALUES (34,23);
INSERT INTO "PersonOccupation" (person_id,occup_id) VALUES (36,30);
INSERT INTO "PersonOccupation" (person_id,occup_id) VALUES (36,34);
INSERT INTO "PersonOccupation" (person_id,occup_id) VALUES (37,29);
INSERT INTO "PersonOccupation" (person_id,occup_id) VALUES (38,21);
INSERT INTO "PersonOccupation" (person_id,occup_id) VALUES (38,28);
INSERT INTO "PersonOccupation" (person_id,occup_id) VALUES (38,46);
INSERT INTO "PersonOccupation" (person_id,occup_id) VALUES (41,1);
INSERT INTO "PersonOccupation" (person_id,occup_id) VALUES (42,27);
INSERT INTO "PersonOccupation" (person_id,occup_id) VALUES (42,15);
INSERT INTO "PersonOccupation" (person_id,occup_id) VALUES (42,28);
INSERT INTO "PersonOccupation" (person_id,occup_id) VALUES (44,20);
INSERT INTO "PersonOccupation" (person_id,occup_id) VALUES (44,48);
INSERT INTO "PersonOccupation" (person_id,occup_id) VALUES (44,24);
INSERT INTO "PersonOccupation" (person_id,occup_id) VALUES (45,24);
INSERT INTO "PersonOccupation" (person_id,occup_id) VALUES (45,29);
INSERT INTO "PersonOccupation" (person_id,occup_id) VALUES (45,26);
INSERT INTO "PersonOccupation" (person_id,occup_id) VALUES (46,43);
INSERT INTO "PersonOccupation" (person_id,occup_id) VALUES (46,1);
INSERT INTO "PersonOccupation" (person_id,occup_id) VALUES (47,28);
INSERT INTO "PersonOccupation" (person_id,occup_id) VALUES (47,4);
INSERT INTO "PersonOccupation" (person_id,occup_id) VALUES (48,7);
INSERT INTO "PersonOccupation" (person_id,occup_id) VALUES (48,30);
INSERT INTO "PersonOccupation" (person_id,occup_id) VALUES (48,2);
INSERT INTO "PersonOccupation" (person_id,occup_id) VALUES (49,26);
INSERT INTO "PersonOccupation" (person_id,occup_id) VALUES (50,8);
INSERT INTO "PersonOccupation" (person_id,occup_id) VALUES (50,14);
INSERT INTO "PersonOccupation" (person_id,occup_id) VALUES (50,19);
INSERT INTO "PersonOccupation" (person_id,occup_id) VALUES (51,9);
INSERT INTO "PersonOccupation" (person_id,occup_id) VALUES (51,8);
INSERT INTO "PersonOccupation" (person_id,occup_id) VALUES (52,31);
INSERT INTO "PersonOccupation" (person_id,occup_id) VALUES (52,14);
INSERT INTO "PersonOccupation" (person_id,occup_id) VALUES (52,16);
INSERT INTO "PersonOccupation" (person_id,occup_id) VALUES (53,22);
INSERT INTO "PersonOccupation" (person_id,occup_id) VALUES (53,27);
INSERT INTO "PersonOccupation" (person_id,occup_id) VALUES (53,43);
INSERT INTO "PersonOccupation" (person_id,occup_id) VALUES (54,41);
INSERT INTO "PersonOccupation" (person_id,occup_id) VALUES (54,4);
INSERT INTO "PersonOccupation" (person_id,occup_id) VALUES (55,37);
INSERT INTO "PersonOccupation" (person_id,occup_id) VALUES (55,17);
INSERT INTO "PersonOccupation" (person_id,occup_id) VALUES (56,25);
INSERT INTO "PersonOccupation" (person_id,occup_id) VALUES (57,42);
INSERT INTO "PersonOccupation" (person_id,occup_id) VALUES (58,32);
INSERT INTO "PersonOccupation" (person_id,occup_id) VALUES (59,3);
INSERT INTO "PersonOccupation" (person_id,occup_id) VALUES (59,21);
INSERT INTO "PersonOccupation" (person_id,occup_id) VALUES (59,29);
INSERT INTO "PersonOccupation" (person_id,occup_id) VALUES (60,31);
INSERT INTO "PersonOccupation" (person_id,occup_id) VALUES (60,33);
INSERT INTO "PersonOccupation" (person_id,occup_id) VALUES (61,14);
INSERT INTO "PersonOccupation" (person_id,occup_id) VALUES (61,13);
INSERT INTO "PersonOccupation" (person_id,occup_id) VALUES (61,32);
INSERT INTO "PersonOccupation" (person_id,occup_id) VALUES (62,42);
INSERT INTO "PersonOccupation" (person_id,occup_id) VALUES (62,39);
INSERT INTO "PersonOccupation" (person_id,occup_id) VALUES (63,11);
INSERT INTO "PersonOccupation" (person_id,occup_id) VALUES (63,27);
INSERT INTO "PersonOccupation" (person_id,occup_id) VALUES (65,17);
INSERT INTO "PersonOccupation" (person_id,occup_id) VALUES (65,43);
INSERT INTO "PersonOccupation" (person_id,occup_id) VALUES (65,6);
INSERT INTO "PersonOccupation" (person_id,occup_id) VALUES (66,42);
INSERT INTO "PersonOccupation" (person_id,occup_id) VALUES (69,8);
INSERT INTO "PersonOccupation" (person_id,occup_id) VALUES (69,48);
INSERT INTO "PersonOccupation" (person_id,occup_id) VALUES (70,33);
INSERT INTO "PersonOccupation" (person_id,occup_id) VALUES (70,9);
INSERT INTO "PersonOccupation" (person_id,occup_id) VALUES (71,29);
INSERT INTO "PersonOccupation" (person_id,occup_id) VALUES (71,48);
INSERT INTO "PersonOccupation" (person_id,occup_id) VALUES (73,45);
INSERT INTO "PersonOccupation" (person_id,occup_id) VALUES (73,44);
INSERT INTO "PersonOccupation" (person_id,occup_id) VALUES (75,26);
INSERT INTO "PersonOccupation" (person_id,occup_id) VALUES (75,4);
INSERT INTO "PersonOccupation" (person_id,occup_id) VALUES (76,21);
INSERT INTO "PersonOccupation" (person_id,occup_id) VALUES (76,6);
INSERT INTO "PersonOccupation" (person_id,occup_id) VALUES (76,28);
INSERT INTO "PersonOccupation" (person_id,occup_id) VALUES (78,18);
INSERT INTO "PersonOccupation" (person_id,occup_id) VALUES (79,3);
INSERT INTO "PersonOccupation" (person_id,occup_id) VALUES (79,22);
INSERT INTO "PersonOccupation" (person_id,occup_id) VALUES (79,5);
INSERT INTO "PersonOccupation" (person_id,occup_id) VALUES (80,42);
INSERT INTO "PersonOccupation" (person_id,occup_id) VALUES (80,8);
INSERT INTO "PersonOccupation" (person_id,occup_id) VALUES (80,10);
INSERT INTO "PersonOccupation" (person_id,occup_id) VALUES (81,19);
INSERT INTO "PersonOccupation" (person_id,occup_id) VALUES (81,32);
INSERT INTO "PersonOccupation" (person_id,occup_id) VALUES (81,38);
INSERT INTO "PersonOccupation" (person_id,occup_id) VALUES (82,27);
INSERT INTO "PersonOccupation" (person_id,occup_id) VALUES (84,26);
INSERT INTO "PersonOccupation" (person_id,occup_id) VALUES (86,37);
INSERT INTO "PersonOccupation" (person_id,occup_id) VALUES (86,47);
INSERT INTO "PersonOccupation" (person_id,occup_id) VALUES (86,27);
INSERT INTO "PersonOccupation" (person_id,occup_id) VALUES (87,37);
INSERT INTO "PersonOccupation" (person_id,occup_id) VALUES (87,35);
INSERT INTO "PersonOccupation" (person_id,occup_id) VALUES (87,18);
INSERT INTO "PersonOccupation" (person_id,occup_id) VALUES (88,17);
INSERT INTO "PersonOccupation" (person_id,occup_id) VALUES (88,11);
INSERT INTO "PersonOccupation" (person_id,occup_id) VALUES (89,12);
INSERT INTO "PersonOccupation" (person_id,occup_id) VALUES (89,28);
INSERT INTO "PersonOccupation" (person_id,occup_id) VALUES (89,1);
INSERT INTO "PersonOccupation" (person_id,occup_id) VALUES (91,16);
INSERT INTO "PersonOccupation" (person_id,occup_id) VALUES (93,22);
INSERT INTO "PersonOccupation" (person_id,occup_id) VALUES (94,10);
INSERT INTO "PersonOccupation" (person_id,occup_id) VALUES (94,47);
INSERT INTO "PersonOccupation" (person_id,occup_id) VALUES (96,15);
INSERT INTO "PersonOccupation" (person_id,occup_id) VALUES (97,47);
INSERT INTO "PersonOccupation" (person_id,occup_id) VALUES (97,25);
INSERT INTO "PersonOccupation" (person_id,occup_id) VALUES (97,44);
INSERT INTO "PersonOccupation" (person_id,occup_id) VALUES (99,5);
INSERT INTO "PersonOccupation" (person_id,occup_id) VALUES (100,44);
INSERT INTO "PersonOccupation" (person_id,occup_id) VALUES (100,47);
INSERT INTO "PersonOccupation" (person_id,occup_id) VALUES (100,46);
INSERT INTO "PersonOccupation" (person_id,occup_id) VALUES (101,34);
INSERT INTO "PersonOccupation" (person_id,occup_id) VALUES (101,19);
INSERT INTO "PersonOccupation" (person_id,occup_id) VALUES (102,14);
INSERT INTO "PersonOccupation" (person_id,occup_id) VALUES (102,43);
INSERT INTO "PersonOccupation" (person_id,occup_id) VALUES (102,9);
INSERT INTO "PersonOccupation" (person_id,occup_id) VALUES (104,20);
INSERT INTO "PersonOccupation" (person_id,occup_id) VALUES (104,24);
INSERT INTO "PersonOccupation" (person_id,occup_id) VALUES (106,4);
INSERT INTO "PersonOccupation" (person_id,occup_id) VALUES (106,46);
INSERT INTO "PersonOccupation" (person_id,occup_id) VALUES (107,31);
INSERT INTO "PersonOccupation" (person_id,occup_id) VALUES (108,17);
INSERT INTO "PersonOccupation" (person_id,occup_id) VALUES (108,46);
INSERT INTO "PersonOccupation" (person_id,occup_id) VALUES (110,48);
INSERT INTO "PersonOccupation" (person_id,occup_id) VALUES (111,26);
INSERT INTO "PersonOccupation" (person_id,occup_id) VALUES (113,15);
INSERT INTO "PersonOccupation" (person_id,occup_id) VALUES (114,35);
INSERT INTO "PersonOccupation" (person_id,occup_id) VALUES (116,25);
INSERT INTO "PersonOccupation" (person_id,occup_id) VALUES (117,39);
INSERT INTO "PersonOccupation" (person_id,occup_id) VALUES (118,37);
INSERT INTO "PersonOccupation" (person_id,occup_id) VALUES (119,14);
INSERT INTO "PersonOccupation" (person_id,occup_id) VALUES (120,27);
INSERT INTO "PersonOccupation" (person_id,occup_id) VALUES (120,1);
INSERT INTO "PersonOccupation" (person_id,occup_id) VALUES (121,15);
INSERT INTO "PersonOccupation" (person_id,occup_id) VALUES (121,44);
INSERT INTO "PersonOccupation" (person_id,occup_id) VALUES (123,6);
INSERT INTO "PersonOccupation" (person_id,occup_id) VALUES (124,43);
INSERT INTO "PersonOccupation" (person_id,occup_id) VALUES (124,36);
INSERT INTO "PersonOccupation" (person_id,occup_id) VALUES (124,37);
INSERT INTO "PersonOccupation" (person_id,occup_id) VALUES (125,30);
INSERT INTO "PersonOccupation" (person_id,occup_id) VALUES (125,41);
INSERT INTO "PersonOccupation" (person_id,occup_id) VALUES (125,19);
INSERT INTO "PersonOccupation" (person_id,occup_id) VALUES (127,36);
INSERT INTO "PersonOccupation" (person_id,occup_id) VALUES (127,23);
INSERT INTO "PersonOccupation" (person_id,occup_id) VALUES (127,24);
INSERT INTO "PersonOccupation" (person_id,occup_id) VALUES (128,15);
INSERT INTO "PersonOccupation" (person_id,occup_id) VALUES (128,22);
INSERT INTO "PersonOccupation" (person_id,occup_id) VALUES (130,31);
INSERT INTO "PersonOccupation" (person_id,occup_id) VALUES (130,42);
INSERT INTO "PersonOccupation" (person_id,occup_id) VALUES (130,23);
INSERT INTO "PersonOccupation" (person_id,occup_id) VALUES (133,18);
INSERT INTO "PersonOccupation" (person_id,occup_id) VALUES (133,22);
INSERT INTO "PersonOccupation" (person_id,occup_id) VALUES (133,21);
INSERT INTO "PersonOccupation" (person_id,occup_id) VALUES (134,47);
INSERT INTO "PersonOccupation" (person_id,occup_id) VALUES (135,43);
INSERT INTO "PersonOccupation" (person_id,occup_id) VALUES (136,5);
INSERT INTO "PersonOccupation" (person_id,occup_id) VALUES (137,39);
INSERT INTO "PersonOccupation" (person_id,occup_id) VALUES (137,46);
INSERT INTO "PersonOccupation" (person_id,occup_id) VALUES (138,26);
INSERT INTO "PersonOccupation" (person_id,occup_id) VALUES (138,29);
INSERT INTO "PersonOccupation" (person_id,occup_id) VALUES (138,41);
INSERT INTO "PersonOccupation" (person_id,occup_id) VALUES (140,35);
INSERT INTO "PersonOccupation" (person_id,occup_id) VALUES (140,36);
INSERT INTO "PersonOccupation" (person_id,occup_id) VALUES (140,28);
INSERT INTO "PersonOccupation" (person_id,occup_id) VALUES (141,32);
INSERT INTO "PersonOccupation" (person_id,occup_id) VALUES (141,6);
INSERT INTO "PersonOccupation" (person_id,occup_id) VALUES (141,36);
INSERT INTO "PersonOccupation" (person_id,occup_id) VALUES (142,49);
INSERT INTO "PersonOccupation" (person_id,occup_id) VALUES (143,42);
INSERT INTO "PersonOccupation" (person_id,occup_id) VALUES (143,4);
INSERT INTO "PersonOccupation" (person_id,occup_id) VALUES (144,31);
INSERT INTO "PersonOccupation" (person_id,occup_id) VALUES (144,15);
INSERT INTO "PersonOccupation" (person_id,occup_id) VALUES (145,4);
INSERT INTO "PersonOccupation" (person_id,occup_id) VALUES (145,31);
INSERT INTO "PersonOccupation" (person_id,occup_id) VALUES (145,22);
INSERT INTO "PersonOccupation" (person_id,occup_id) VALUES (146,37);
INSERT INTO "PersonOccupation" (person_id,occup_id) VALUES (146,47);
INSERT INTO "PersonOccupation" (person_id,occup_id) VALUES (147,23);
INSERT INTO "PersonOccupation" (person_id,occup_id) VALUES (148,6);
INSERT INTO "PersonOccupation" (person_id,occup_id) VALUES (149,16);
INSERT INTO "PersonOccupation" (person_id,occup_id) VALUES (150,21);
INSERT INTO "PersonOccupation" (person_id,occup_id) VALUES (151,39);
INSERT INTO "PersonOccupation" (person_id,occup_id) VALUES (153,15);
INSERT INTO "PersonOccupation" (person_id,occup_id) VALUES (153,12);
INSERT INTO "PersonOccupation" (person_id,occup_id) VALUES (153,41);
INSERT INTO "PersonOccupation" (person_id,occup_id) VALUES (154,24);
INSERT INTO "PersonOccupation" (person_id,occup_id) VALUES (155,22);
INSERT INTO "PersonOccupation" (person_id,occup_id) VALUES (155,4);
INSERT INTO "PersonOccupation" (person_id,occup_id) VALUES (155,46);
INSERT INTO "PersonOccupation" (person_id,occup_id) VALUES (156,35);
INSERT INTO "PersonOccupation" (person_id,occup_id) VALUES (156,18);
INSERT INTO "PersonOccupation" (person_id,occup_id) VALUES (156,42);
INSERT INTO "PersonOccupation" (person_id,occup_id) VALUES (158,16);
INSERT INTO "PersonOccupation" (person_id,occup_id) VALUES (161,45);
INSERT INTO "PersonOccupation" (person_id,occup_id) VALUES (162,24);
INSERT INTO "PersonOccupation" (person_id,occup_id) VALUES (162,10);
INSERT INTO "PersonOccupation" (person_id,occup_id) VALUES (163,20);
INSERT INTO "PersonOccupation" (person_id,occup_id) VALUES (163,24);
INSERT INTO "PersonOccupation" (person_id,occup_id) VALUES (166,28);
INSERT INTO "PersonOccupation" (person_id,occup_id) VALUES (166,19);
INSERT INTO "PersonOccupation" (person_id,occup_id) VALUES (166,39);
INSERT INTO "PersonOccupation" (person_id,occup_id) VALUES (167,11);
INSERT INTO "PersonOccupation" (person_id,occup_id) VALUES (167,19);
INSERT INTO "PersonOccupation" (person_id,occup_id) VALUES (167,35);
INSERT INTO "PersonOccupation" (person_id,occup_id) VALUES (168,22);
INSERT INTO "PersonOccupation" (person_id,occup_id) VALUES (169,4);
INSERT INTO "PersonOccupation" (person_id,occup_id) VALUES (171,8);
INSERT INTO "PersonOccupation" (person_id,occup_id) VALUES (173,41);
INSERT INTO "PersonOccupation" (person_id,occup_id) VALUES (173,4);
INSERT INTO "PersonOccupation" (person_id,occup_id) VALUES (174,17);
INSERT INTO "PersonOccupation" (person_id,occup_id) VALUES (174,35);
INSERT INTO "PersonOccupation" (person_id,occup_id) VALUES (175,16);
INSERT INTO "PersonOccupation" (person_id,occup_id) VALUES (175,4);
INSERT INTO "PersonOccupation" (person_id,occup_id) VALUES (176,20);
INSERT INTO "PersonOccupation" (person_id,occup_id) VALUES (176,12);
INSERT INTO "PersonOccupation" (person_id,occup_id) VALUES (177,49);
INSERT INTO "PersonOccupation" (person_id,occup_id) VALUES (177,3);
INSERT INTO "PersonOccupation" (person_id,occup_id) VALUES (179,14);
INSERT INTO "PersonOccupation" (person_id,occup_id) VALUES (180,48);
INSERT INTO "PersonOccupation" (person_id,occup_id) VALUES (180,23);
INSERT INTO "PersonOccupation" (person_id,occup_id) VALUES (181,19);
INSERT INTO "PersonOccupation" (person_id,occup_id) VALUES (181,39);
INSERT INTO "PersonOccupation" (person_id,occup_id) VALUES (181,42);
INSERT INTO "PersonOccupation" (person_id,occup_id) VALUES (183,22);
INSERT INTO "PersonOccupation" (person_id,occup_id) VALUES (184,22);
INSERT INTO "PersonOccupation" (person_id,occup_id) VALUES (184,31);
INSERT INTO "PersonOccupation" (person_id,occup_id) VALUES (184,5);
INSERT INTO "PersonOccupation" (person_id,occup_id) VALUES (185,13);
INSERT INTO "PersonOccupation" (person_id,occup_id) VALUES (185,2);
INSERT INTO "PersonOccupation" (person_id,occup_id) VALUES (186,32);
INSERT INTO "PersonOccupation" (person_id,occup_id) VALUES (186,12);
INSERT INTO "PersonOccupation" (person_id,occup_id) VALUES (188,41);
INSERT INTO "PersonOccupation" (person_id,occup_id) VALUES (188,30);
INSERT INTO "PersonOccupation" (person_id,occup_id) VALUES (188,23);
INSERT INTO "PersonOccupation" (person_id,occup_id) VALUES (189,36);
INSERT INTO "PersonOccupation" (person_id,occup_id) VALUES (189,10);
INSERT INTO "PersonOccupation" (person_id,occup_id) VALUES (190,22);
INSERT INTO "PersonOccupation" (person_id,occup_id) VALUES (190,13);
INSERT INTO "PersonOccupation" (person_id,occup_id) VALUES (190,31);
INSERT INTO "PersonOccupation" (person_id,occup_id) VALUES (191,46);
INSERT INTO "PersonOccupation" (person_id,occup_id) VALUES (191,14);
INSERT INTO "PersonOccupation" (person_id,occup_id) VALUES (192,39);
INSERT INTO "PersonOccupation" (person_id,occup_id) VALUES (192,3);
INSERT INTO "PersonOccupation" (person_id,occup_id) VALUES (193,15);
INSERT INTO "PersonOccupation" (person_id,occup_id) VALUES (194,30);
INSERT INTO "PersonOccupation" (person_id,occup_id) VALUES (194,20);
INSERT INTO "PersonOccupation" (person_id,occup_id) VALUES (196,29);
INSERT INTO "PersonOccupation" (person_id,occup_id) VALUES (196,4);
INSERT INTO "PersonOccupation" (person_id,occup_id) VALUES (197,23);
INSERT INTO "PersonOccupation" (person_id,occup_id) VALUES (197,31);
INSERT INTO "PersonOccupation" (person_id,occup_id) VALUES (198,3);
INSERT INTO "PersonOccupation" (person_id,occup_id) VALUES (199,18);
INSERT INTO "PersonOccupation" (person_id,occup_id) VALUES (199,27);
INSERT INTO "PersonOccupation" (person_id,occup_id) VALUES (199,37);
INSERT INTO "PersonOccupation" (person_id,occup_id) VALUES (200,41);
INSERT INTO "PersonOccupation" (person_id,occup_id) VALUES (200,43);
INSERT INTO "PersonOccupation" (person_id,occup_id) VALUES (201,45);
INSERT INTO "PersonOccupation" (person_id,occup_id) VALUES (202,8);
INSERT INTO "PersonOccupation" (person_id,occup_id) VALUES (202,31);
INSERT INTO "PersonOccupation" (person_id,occup_id) VALUES (202,10);
INSERT INTO "PersonOccupation" (person_id,occup_id) VALUES (203,45);
INSERT INTO "PersonOccupation" (person_id,occup_id) VALUES (204,11);
INSERT INTO "PersonOccupation" (person_id,occup_id) VALUES (205,35);
INSERT INTO "PersonOccupation" (person_id,occup_id) VALUES (205,4);
INSERT INTO "PersonOccupation" (person_id,occup_id) VALUES (206,43);
INSERT INTO "PersonOccupation" (person_id,occup_id) VALUES (206,18);
INSERT INTO "PersonOccupation" (person_id,occup_id) VALUES (206,19);
INSERT INTO "PersonOccupation" (person_id,occup_id) VALUES (207,33);
INSERT INTO "PersonOccupation" (person_id,occup_id) VALUES (207,28);
INSERT INTO "PersonOccupation" (person_id,occup_id) VALUES (208,48);
INSERT INTO "PersonOccupation" (person_id,occup_id) VALUES (208,36);
INSERT INTO "PersonOccupation" (person_id,occup_id) VALUES (208,26);
INSERT INTO "PersonOccupation" (person_id,occup_id) VALUES (209,42);
INSERT INTO "PersonOccupation" (person_id,occup_id) VALUES (209,37);
INSERT INTO "PersonOccupation" (person_id,occup_id) VALUES (209,14);
INSERT INTO "PersonOccupation" (person_id,occup_id) VALUES (212,33);
INSERT INTO "PersonOccupation" (person_id,occup_id) VALUES (212,34);
INSERT INTO "PersonOccupation" (person_id,occup_id) VALUES (213,24);
INSERT INTO "PersonOccupation" (person_id,occup_id) VALUES (213,32);
INSERT INTO "PersonOccupation" (person_id,occup_id) VALUES (217,24);
INSERT INTO "PersonOccupation" (person_id,occup_id) VALUES (217,19);
INSERT INTO "PersonOccupation" (person_id,occup_id) VALUES (217,18);
INSERT INTO "PersonOccupation" (person_id,occup_id) VALUES (218,39);
INSERT INTO "PersonOccupation" (person_id,occup_id) VALUES (218,18);
INSERT INTO "PersonOccupation" (person_id,occup_id) VALUES (219,10);
INSERT INTO "PersonOccupation" (person_id,occup_id) VALUES (219,27);
INSERT INTO "PersonOccupation" (person_id,occup_id) VALUES (220,31);
INSERT INTO "PersonOccupation" (person_id,occup_id) VALUES (220,16);
INSERT INTO "PersonOccupation" (person_id,occup_id) VALUES (221,18);
INSERT INTO "PersonOccupation" (person_id,occup_id) VALUES (221,16);
INSERT INTO "PersonOccupation" (person_id,occup_id) VALUES (223,30);
INSERT INTO "PersonOccupation" (person_id,occup_id) VALUES (225,1);
INSERT INTO "PersonOccupation" (person_id,occup_id) VALUES (226,23);
INSERT INTO "PersonOccupation" (person_id,occup_id) VALUES (226,6);
INSERT INTO "PersonOccupation" (person_id,occup_id) VALUES (226,13);
INSERT INTO "PersonOccupation" (person_id,occup_id) VALUES (227,12);
INSERT INTO "PersonOccupation" (person_id,occup_id) VALUES (228,38);
INSERT INTO "PersonOccupation" (person_id,occup_id) VALUES (228,44);
INSERT INTO "PersonOccupation" (person_id,occup_id) VALUES (229,4);
INSERT INTO "PersonOccupation" (person_id,occup_id) VALUES (229,7);
INSERT INTO "PersonOccupation" (person_id,occup_id) VALUES (229,36);
INSERT INTO "PersonOccupation" (person_id,occup_id) VALUES (230,31);
INSERT INTO "PersonOccupation" (person_id,occup_id) VALUES (232,32);
INSERT INTO "PersonOccupation" (person_id,occup_id) VALUES (232,17);
INSERT INTO "PersonOccupation" (person_id,occup_id) VALUES (234,29);
INSERT INTO "PersonOccupation" (person_id,occup_id) VALUES (234,46);
INSERT INTO "PersonOccupation" (person_id,occup_id) VALUES (234,3);
INSERT INTO "PersonOccupation" (person_id,occup_id) VALUES (235,4);
INSERT INTO "PersonOccupation" (person_id,occup_id) VALUES (236,33);
INSERT INTO "PersonOccupation" (person_id,occup_id) VALUES (236,2);
INSERT INTO "PersonOccupation" (person_id,occup_id) VALUES (236,5);
INSERT INTO "PersonOccupation" (person_id,occup_id) VALUES (237,10);
INSERT INTO "PersonOccupation" (person_id,occup_id) VALUES (237,16);
INSERT INTO "PersonOccupation" (person_id,occup_id) VALUES (238,39);
INSERT INTO "PersonOccupation" (person_id,occup_id) VALUES (238,46);
INSERT INTO "PersonOccupation" (person_id,occup_id) VALUES (238,35);
INSERT INTO "PersonOccupation" (person_id,occup_id) VALUES (241,11);
INSERT INTO "PersonOccupation" (person_id,occup_id) VALUES (241,38);
INSERT INTO "PersonOccupation" (person_id,occup_id) VALUES (241,19);
INSERT INTO "PersonOccupation" (person_id,occup_id) VALUES (242,47);
INSERT INTO "PersonOccupation" (person_id,occup_id) VALUES (242,17);
INSERT INTO "PersonOccupation" (person_id,occup_id) VALUES (243,31);
INSERT INTO "PersonOccupation" (person_id,occup_id) VALUES (243,19);
INSERT INTO "PersonOccupation" (person_id,occup_id) VALUES (243,16);
INSERT INTO "PersonOccupation" (person_id,occup_id) VALUES (245,37);
INSERT INTO "PersonOccupation" (person_id,occup_id) VALUES (247,5);
INSERT INTO "PersonOccupation" (person_id,occup_id) VALUES (247,17);
INSERT INTO "PersonOccupation" (person_id,occup_id) VALUES (247,20);
INSERT INTO "PersonOccupation" (person_id,occup_id) VALUES (248,20);
INSERT INTO "PersonOccupation" (person_id,occup_id) VALUES (249,30);
INSERT INTO "PersonOccupation" (person_id,occup_id) VALUES (249,41);
INSERT INTO "PersonOccupation" (person_id,occup_id) VALUES (249,31);
INSERT INTO "PersonOccupation" (person_id,occup_id) VALUES (250,23);
INSERT INTO "PersonOccupation" (person_id,occup_id) VALUES (251,46);
INSERT INTO "PersonOccupation" (person_id,occup_id) VALUES (251,16);
INSERT INTO "PersonOccupation" (person_id,occup_id) VALUES (251,45);
INSERT INTO "PersonOccupation" (person_id,occup_id) VALUES (252,48);
INSERT INTO "PersonOccupation" (person_id,occup_id) VALUES (252,42);
INSERT INTO "PersonOccupation" (person_id,occup_id) VALUES (253,17);
INSERT INTO "PersonOccupation" (person_id,occup_id) VALUES (253,4);
INSERT INTO "PersonOccupation" (person_id,occup_id) VALUES (254,4);
INSERT INTO "PersonOccupation" (person_id,occup_id) VALUES (254,22);
INSERT INTO "PersonOccupation" (person_id,occup_id) VALUES (255,46);
INSERT INTO "PersonOccupation" (person_id,occup_id) VALUES (255,41);
INSERT INTO "PersonOccupation" (person_id,occup_id) VALUES (255,45);
INSERT INTO "PersonOccupation" (person_id,occup_id) VALUES (257,22);
INSERT INTO "PersonOccupation" (person_id,occup_id) VALUES (257,24);
INSERT INTO "PersonOccupation" (person_id,occup_id) VALUES (257,19);
INSERT INTO "PersonOccupation" (person_id,occup_id) VALUES (258,31);
INSERT INTO "PersonOccupation" (person_id,occup_id) VALUES (259,27);
INSERT INTO "PersonOccupation" (person_id,occup_id) VALUES (261,22);
INSERT INTO "PersonOccupation" (person_id,occup_id) VALUES (262,3);
INSERT INTO "PersonOccupation" (person_id,occup_id) VALUES (262,14);
INSERT INTO "PersonOccupation" (person_id,occup_id) VALUES (263,38);
INSERT INTO "PersonOccupation" (person_id,occup_id) VALUES (263,20);
INSERT INTO "PersonOccupation" (person_id,occup_id) VALUES (263,18);
INSERT INTO "PersonOccupation" (person_id,occup_id) VALUES (264,23);
INSERT INTO "PersonOccupation" (person_id,occup_id) VALUES (264,26);
INSERT INTO "PersonOccupation" (person_id,occup_id) VALUES (265,41);
INSERT INTO "PersonOccupation" (person_id,occup_id) VALUES (265,25);
INSERT INTO "PersonOccupation" (person_id,occup_id) VALUES (266,48);
INSERT INTO "PersonOccupation" (person_id,occup_id) VALUES (267,28);
INSERT INTO "PersonOccupation" (person_id,occup_id) VALUES (267,41);
INSERT INTO "Marriage" (_id_marriage,rec_ready,rec_order,scan_order,scan_layout,date,village,groom_y,groom_m,groom_d,bride_y,bride_m,bride_d,groom_adult,bride_adult,relationship,groom_id,bride_id,user_id,register_id,officiant_id,banns_1,banns_2,banns_3) VALUES (0,true,522,267,'P','1854-06-25','Opava',19,0,13,17,6,4,true,false,'ne',108,205,0,1,1,'1854-06-18','1854-06-11','1854-06-04');
INSERT INTO "Witness" (person_id,marriage_id,side,relationship) VALUES (61,0,'ženicha','přítel');
INSERT INTO "Witness" (person_id,marriage_id,side,relationship) VALUES (224,0,'ženicha','jiné');
INSERT INTO "Witness" (person_id,marriage_id,side,relationship) VALUES (12,0,'nevěsty','jiné');
INSERT INTO "Witness" (person_id,marriage_id,side,relationship) VALUES (60,0,'nevěsty','přítel');
INSERT INTO "Marriage" (_id_marriage,rec_ready,rec_order,scan_order,scan_layout,date,village,groom_y,groom_m,groom_d,bride_y,bride_m,bride_d,groom_adult,bride_adult,relationship,groom_id,bride_id,user_id,register_id,officiant_id,banns_1) VALUES (1,true,277,87,'C','1847-10-10','Ostrava',18,6,28,18,3,15,true,true,'ne',151,19,1,11,0,'1847-10-03');
INSERT INTO "Witness" (person_id,marriage_id,side,relationship) VALUES (262,1,'ženicha','přítel');
INSERT INTO "Witness" (person_id,marriage_id,side,relationship) VALUES (15,1,'ženicha','sourozenec');
INSERT INTO "Witness" (person_id,marriage_id,side,relationship) VALUES (99,1,'nevěsty','přítel');
INSERT INTO "Witness" (person_id,marriage_id,side,relationship) VALUES (139,1,'nevěsty','jiné');
INSERT INTO "Marriage" (_id_marriage,rec_ready,rec_order,scan_order,scan_layout,date,village,groom_y,groom_m,groom_d,bride_y,bride_m,bride_d,groom_adult,bride_adult,relationship,groom_id,bride_id,user_id,register_id,officiant_id) VALUES (2,true,720,430,'P','1858-01-27','Most',28,5,13,23,8,15,true,true,'ne',74,121,0,103,2);
INSERT INTO "Witness" (person_id,marriage_id,side,relationship) VALUES (146,2,'ženicha','jiné');
INSERT INTO "Witness" (person_id,marriage_id,side,relationship) VALUES (79,2,'ženicha','přítel');
INSERT INTO "Witness" (person_id,marriage_id,side,relationship) VALUES (198,2,'nevěsty','jiné');
INSERT INTO "Witness" (person_id,marriage_id,side,relationship) VALUES (96,2,'nevěsty','sourozenec');
INSERT INTO "Marriage" (_id_marriage,rec_ready,rec_order,scan_order,scan_layout,date,village,groom_y,groom_m,groom_d,bride_y,bride_m,bride_d,groom_adult,bride_adult,relationship,groom_id,bride_id,user_id,register_id,officiant_id) VALUES (3,true,272,120,'C','1868-04-15','Most',31,0,10,33,3,1,true,true,'ne',148,136,0,70,1);
INSERT INTO "Witness" (person_id,marriage_id,side,relationship) VALUES (163,3,'ženicha','sourozenec');
INSERT INTO "Witness" (person_id,marriage_id,side,relationship) VALUES (56,3,'ženicha','jiné');
INSERT INTO "Witness" (person_id,marriage_id,side,relationship) VALUES (103,3,'nevěsty','sourozenec');
INSERT INTO "Witness" (person_id,marriage_id,side,relationship) VALUES (93,3,'nevěsty','přítel');
INSERT INTO "Marriage" (_id_marriage,rec_ready,rec_order,scan_order,scan_layout,date,village,groom_y,groom_m,groom_d,bride_y,bride_m,bride_d,groom_adult,bride_adult,relationship,groom_id,bride_id,user_id,register_id,officiant_id) VALUES (4,false,859,274,'C','1854-05-06','Ústí nad Labem',23,10,27,22,2,27,true,true,'ne',9,194,1,31,2);
INSERT INTO "Witness" (person_id,marriage_id,side,relationship) VALUES (213,4,'ženicha','sourozenec');
INSERT INTO "Witness" (person_id,marriage_id,side,relationship) VALUES (225,4,'ženicha','jiné');
INSERT INTO "Witness" (person_id,marriage_id,side,relationship) VALUES (261,4,'nevěsty','sourozenec');
INSERT INTO "Witness" (person_id,marriage_id,side,relationship) VALUES (47,4,'nevěsty','sourozenec');
INSERT INTO "Marriage" (_id_marriage,rec_ready,rec_order,scan_order,scan_layout,date,village,groom_y,groom_m,groom_d,bride_y,bride_m,bride_d,groom_adult,bride_adult,relationship,groom_id,bride_id,user_id,register_id,officiant_id) VALUES (5,true,245,70,'L','1852-09-14','Ústí nad Labem',26,7,0,26,1,13,true,true,'ne',82,145,0,97,0);
INSERT INTO "Witness" (person_id,marriage_id,side,relationship) VALUES (245,5,'ženicha','sourozenec');
INSERT INTO "Witness" (person_id,marriage_id,side,relationship) VALUES (144,5,'ženicha','sourozenec');
INSERT INTO "Witness" (person_id,marriage_id,side,relationship) VALUES (135,5,'nevěsty','sourozenec');
INSERT INTO "Witness" (person_id,marriage_id,side,relationship) VALUES (180,5,'nevěsty','přítel');
INSERT INTO "Marriage" (_id_marriage,rec_ready,rec_order,scan_order,scan_layout,date,village,groom_y,groom_m,groom_d,bride_y,bride_m,bride_d,groom_adult,bride_adult,relationship,groom_id,bride_id,user_id,register_id,officiant_id,banns_1) VALUES (6,true,78,778,'C','1865-10-27','Zlín',33,6,1,30,6,28,true,true,'ne',212,265,1,96,2,'1865-10-20');
INSERT INTO "Witness" (person_id,marriage_id,side,relationship) VALUES (76,6,'ženicha','sourozenec');
INSERT INTO "Witness" (person_id,marriage_id,side,relationship) VALUES (28,6,'ženicha','jiné');
INSERT INTO "Witness" (person_id,marriage_id,side,relationship) VALUES (115,6,'nevěsty','sourozenec');
INSERT INTO "Witness" (person_id,marriage_id,side,relationship) VALUES (244,6,'nevěsty','přítel');
INSERT INTO "Marriage" (_id_marriage,rec_ready,rec_order,scan_order,scan_layout,date,village,groom_y,groom_m,groom_d,bride_y,bride_m,bride_d,groom_adult,bride_adult,relationship,groom_id,bride_id,user_id,register_id,officiant_id) VALUES (7,true,342,533,'C','1864-11-03','Ostrava',24,11,23,37,2,19,true,true,'ne',125,85,0,206,0);
INSERT INTO "Witness" (person_id,marriage_id,side,relationship) VALUES (132,7,'ženicha','sourozenec');
INSERT INTO "Witness" (person_id,marriage_id,side,relationship) VALUES (185,7,'ženicha','sourozenec');
INSERT INTO "Witness" (person_id,marriage_id,side,relationship) VALUES (240,7,'nevěsty','jiné');
INSERT INTO "Witness" (person_id,marriage_id,side,relationship) VALUES (2,7,'nevěsty','sourozenec');
INSERT INTO "Marriage" (_id_marriage,rec_ready,rec_order,scan_order,scan_layout,date,village,groom_y,groom_m,groom_d,bride_y,bride_m,bride_d,groom_adult,bride_adult,relationship,groom_id,bride_id,user_id,register_id,officiant_id) VALUES (8,true,989,399,'C','1861-02-10','Praha',33,5,4,30,4,15,true,true,'ne',26,30,1,153,2);
INSERT INTO "Witness" (person_id,marriage_id,side,relationship) VALUES (140,8,'ženicha','sourozenec');
INSERT INTO "Witness" (person_id,marriage_id,side,relationship) VALUES (178,8,'ženicha','sourozenec');
INSERT INTO "Witness" (person_id,marriage_id,side,relationship) VALUES (23,8,'nevěsty','přítel');
INSERT INTO "Witness" (person_id,marriage_id,side,relationship) VALUES (83,8,'nevěsty','jiné');
INSERT INTO "Marriage" (_id_marriage,rec_ready,rec_order,scan_order,scan_layout,date,village,groom_y,groom_m,groom_d,bride_y,bride_m,bride_d,groom_adult,bride_adult,relationship,groom_id,bride_id,user_id,register_id,officiant_id,banns_1,banns_2) VALUES (9,true,781,393,'P','1850-06-17','Olomouc',18,4,9,20,11,21,true,true,'ne',191,234,0,34,0,'1850-06-10','1850-06-03');
INSERT INTO "Witness" (person_id,marriage_id,side,relationship) VALUES (248,9,'ženicha','jiné');
INSERT INTO "Witness" (person_id,marriage_id,side,relationship) VALUES (194,9,'ženicha','sourozenec');
INSERT INTO "Witness" (person_id,marriage_id,side,relationship) VALUES (217,9,'nevěsty','přítel');
INSERT INTO "Witness" (person_id,marriage_id,side,relationship) VALUES (166,9,'nevěsty','sourozenec');
INSERT INTO "Marriage" (_id_marriage,rec_ready,rec_order,scan_order,scan_layout,date,village,groom_y,groom_m,groom_d,bride_y,bride_m,bride_d,groom_adult,bride_adult,relationship,groom_id,bride_id,user_id,register_id,officiant_id) VALUES (10,false,116,955,'P','1855-07-21','Hradec Králové',16,0,1,24,10,8,false,true,'sourozenci',115,12,0,111,2);
INSERT INTO "Witness" (person_id,marriage_id,side,relationship) VALUES (8,10,'ženicha','sourozenec');
INSERT INTO "Witness" (person_id,marriage_id,side,relationship) VALUES (141,10,'ženicha','jiné');
INSERT INTO "Witness" (person_id,marriage_id,side,relationship) VALUES (259,10,'nevěsty','jiné');
INSERT INTO "Witness" (person_id,marriage_id,side,relationship) VALUES (134,10,'nevěsty','sourozenec');
INSERT INTO "Marriage" (_id_marriage,rec_ready,rec_order,scan_order,scan_layout,date,village,groom_y,groom_m,groom_d,bride_y,bride_m,bride_d,groom_adult,bride_adult,relationship,groom_id,bride_id,user_id,register_id,officiant_id) VALUES (11,true,51,280,'L','1860-07-27','Zlín',23,4,26,32,5,8,true,true,'ne',199,63,0,54,1);
INSERT INTO "Witness" (person_id,marriage_id,side,relationship) VALUES (100,11,'ženicha','jiné');
INSERT INTO "Witness" (person_id,marriage_id,side,relationship) VALUES (67,11,'ženicha','sourozenec');
INSERT INTO "Witness" (person_id,marriage_id,side,relationship) VALUES (148,11,'nevěsty','jiné');
INSERT INTO "Witness" (person_id,marriage_id,side,relationship) VALUES (252,11,'nevěsty','jiné');
INSERT INTO "Marriage" (_id_marriage,rec_ready,rec_order,scan_order,scan_layout,date,village,groom_y,groom_m,groom_d,bride_y,bride_m,bride_d,groom_adult,bride_adult,relationship,groom_id,bride_id,user_id,register_id,officiant_id) VALUES (12,true,222,157,'P','1854-09-04','Ostrava',17,2,14,21,6,1,false,true,'sourozenci',219,216,1,167,2);
INSERT INTO "Witness" (person_id,marriage_id,side,relationship) VALUES (32,12,'ženicha','jiné');
INSERT INTO "Witness" (person_id,marriage_id,side,relationship) VALUES (244,12,'ženicha','sourozenec');
INSERT INTO "Witness" (person_id,marriage_id,side,relationship) VALUES (181,12,'nevěsty','sourozenec');
INSERT INTO "Witness" (person_id,marriage_id,side,relationship) VALUES (50,12,'nevěsty','jiné');
INSERT INTO "Marriage" (_id_marriage,rec_ready,rec_order,scan_order,scan_layout,date,village,groom_y,groom_m,groom_d,bride_y,bride_m,bride_d,groom_adult,bride_adult,relationship,groom_id,bride_id,user_id,register_id,officiant_id,banns_1,banns_2) VALUES (13,false,993,968,'C','1854-12-02','Olomouc',26,11,22,26,11,11,true,true,'ne',202,181,1,147,2,'1854-11-25','1854-11-18');
INSERT INTO "Witness" (person_id,marriage_id,side,relationship) VALUES (170,13,'ženicha','přítel');
INSERT INTO "Witness" (person_id,marriage_id,side,relationship) VALUES (106,13,'ženicha','jiné');
INSERT INTO "Witness" (person_id,marriage_id,side,relationship) VALUES (118,13,'nevěsty','sourozenec');
INSERT INTO "Witness" (person_id,marriage_id,side,relationship) VALUES (208,13,'nevěsty','jiné');
INSERT INTO "Marriage" (_id_marriage,rec_ready,rec_order,scan_order,scan_layout,date,village,groom_y,groom_m,groom_d,bride_y,bride_m,bride_d,groom_adult,bride_adult,relationship,groom_id,bride_id,user_id,register_id,officiant_id) VALUES (14,true,641,12,'C','1854-11-21','Most',17,8,29,25,10,22,false,true,'ne',139,242,0,190,1);
INSERT INTO "Witness" (person_id,marriage_id,side,relationship) VALUES (112,14,'ženicha','sourozenec');
INSERT INTO "Witness" (person_id,marriage_id,side,relationship) VALUES (45,14,'ženicha','jiné');
INSERT INTO "Witness" (person_id,marriage_id,side,relationship) VALUES (41,14,'nevěsty','přítel');
INSERT INTO "Witness" (person_id,marriage_id,side,relationship) VALUES (151,14,'nevěsty','sourozenec');
INSERT INTO "Marriage" (_id_marriage,rec_ready,rec_order,scan_order,scan_layout,date,village,groom_y,groom_m,groom_d,bride_y,bride_m,bride_d,groom_adult,bride_adult,relationship,groom_id,bride_id,user_id,register_id,officiant_id) VALUES (15,false,688,845,'C','1862-01-03','Opava',32,9,7,25,7,5,true,true,'ne',79,160,0,104,2);
INSERT INTO "Witness" (person_id,marriage_id,side,relationship) VALUES (32,15,'ženicha','sourozenec');
INSERT INTO "Witness" (person_id,marriage_id,side,relationship) VALUES (40,15,'ženicha','jiné');
INSERT INTO "Witness" (person_id,marriage_id,side,relationship) VALUES (48,15,'nevěsty','jiné');
INSERT INTO "Witness" (person_id,marriage_id,side,relationship) VALUES (47,15,'nevěsty','jiné');
INSERT INTO "Marriage" (_id_marriage,rec_ready,rec_order,scan_order,scan_layout,date,village,groom_y,groom_m,groom_d,bride_y,bride_m,bride_d,groom_adult,bride_adult,relationship,groom_id,bride_id,user_id,register_id,officiant_id,banns_1,banns_2,banns_3) VALUES (16,false,561,671,'C','1857-02-05','Kladno',22,11,25,17,4,7,true,false,'ne',49,56,0,194,0,'1857-01-29','1857-01-22','1857-01-15');
INSERT INTO "Witness" (person_id,marriage_id,side,relationship) VALUES (245,16,'ženicha','přítel');
INSERT INTO "Witness" (person_id,marriage_id,side,relationship) VALUES (73,16,'ženicha','sourozenec');
INSERT INTO "Witness" (person_id,marriage_id,side,relationship) VALUES (79,16,'nevěsty','sourozenec');
INSERT INTO "Witness" (person_id,marriage_id,side,relationship) VALUES (207,16,'nevěsty','sourozenec');
INSERT INTO "Marriage" (_id_marriage,rec_ready,rec_order,scan_order,scan_layout,date,village,groom_y,groom_m,groom_d,bride_y,bride_m,bride_d,groom_adult,bride_adult,relationship,groom_id,bride_id,user_id,register_id,officiant_id) VALUES (17,true,36,199,'C','1854-01-03','Ústí nad Labem',27,3,16,21,2,2,true,true,'ne',237,53,0,177,2);
INSERT INTO "Witness" (person_id,marriage_id,side,relationship) VALUES (92,17,'ženicha','sourozenec');
INSERT INTO "Witness" (person_id,marriage_id,side,relationship) VALUES (219,17,'ženicha','sourozenec');
INSERT INTO "Witness" (person_id,marriage_id,side,relationship) VALUES (144,17,'nevěsty','přítel');
INSERT INTO "Witness" (person_id,marriage_id,side,relationship) VALUES (183,17,'nevěsty','přítel');
INSERT INTO "Marriage" (_id_marriage,rec_ready,rec_order,scan_order,scan_layout,date,village,groom_y,groom_m,groom_d,bride_y,bride_m,bride_d,groom_adult,bride_adult,relationship,groom_id,bride_id,user_id,register_id,officiant_id,banns_1) VALUES (18,true,543,931,'C','1853-09-10','Ostrava',22,6,28,26,11,3,true,true,'ne',225,105,1,178,1,'1853-09-03');
INSERT INTO "Witness" (person_id,marriage_id,side,relationship) VALUES (125,18,'ženicha','jiné');
INSERT INTO "Witness" (person_id,marriage_id,side,relationship) VALUES (25,18,'ženicha','sourozenec');
INSERT INTO "Witness" (person_id,marriage_id,side,relationship) VALUES (127,18,'nevěsty','jiné');
INSERT INTO "Witness" (person_id,marriage_id,side,relationship) VALUES (254,18,'nevěsty','jiné');
INSERT INTO "Marriage" (_id_marriage,rec_ready,rec_order,scan_order,scan_layout,date,village,groom_y,groom_m,groom_d,bride_y,bride_m,bride_d,groom_adult,bride_adult,relationship,groom_id,bride_id,user_id,register_id,officiant_id,banns_1) VALUES (19,false,527,249,'C','1852-08-02','Opava',24,8,21,18,10,13,true,true,'ne',165,37,1,154,0,'1852-07-26');
INSERT INTO "Witness" (person_id,marriage_id,side,relationship) VALUES (183,19,'ženicha','sourozenec');
INSERT INTO "Witness" (person_id,marriage_id,side,relationship) VALUES (89,19,'ženicha','sourozenec');
INSERT INTO "Witness" (person_id,marriage_id,side,relationship) VALUES (56,19,'nevěsty','sourozenec');
INSERT INTO "Witness" (person_id,marriage_id,side,relationship) VALUES (166,19,'nevěsty','přítel');
INSERT INTO "Marriage" (_id_marriage,rec_ready,rec_order,scan_order,scan_layout,date,village,groom_y,groom_m,groom_d,bride_y,bride_m,bride_d,groom_adult,bride_adult,relationship,groom_id,bride_id,user_id,register_id,officiant_id) VALUES (20,false,906,8,'P','1854-04-10','Liberec',24,11,29,15,1,25,true,false,'ne',249,46,0,131,2);
INSERT INTO "Witness" (person_id,marriage_id,side,relationship) VALUES (248,20,'ženicha','sourozenec');
INSERT INTO "Witness" (person_id,marriage_id,side,relationship) VALUES (89,20,'ženicha','přítel');
INSERT INTO "Witness" (person_id,marriage_id,side,relationship) VALUES (164,20,'nevěsty','sourozenec');
INSERT INTO "Witness" (person_id,marriage_id,side,relationship) VALUES (76,20,'nevěsty','přítel');
INSERT INTO "Marriage" (_id_marriage,rec_ready,rec_order,scan_order,scan_layout,date,village,groom_y,groom_m,groom_d,bride_y,bride_m,bride_d,groom_adult,bride_adult,relationship,groom_id,bride_id,user_id,register_id,officiant_id,banns_1,banns_2) VALUES (21,true,318,807,'P','1856-07-19','Ústí nad Labem',31,0,29,25,8,11,true,true,'ne',66,15,1,92,0,'1856-07-12','1856-07-05');
INSERT INTO "Witness" (person_id,marriage_id,side,relationship) VALUES (52,21,'ženicha','jiné');
INSERT INTO "Witness" (person_id,marriage_id,side,relationship) VALUES (184,21,'ženicha','sourozenec');
INSERT INTO "Witness" (person_id,marriage_id,side,relationship) VALUES (234,21,'nevěsty','sourozenec');
INSERT INTO "Witness" (person_id,marriage_id,side,relationship) VALUES (118,21,'nevěsty','přítel');
INSERT INTO "Marriage" (_id_marriage,rec_ready,rec_order,scan_order,scan_layout,date,village,groom_y,groom_m,groom_d,bride_y,bride_m,bride_d,groom_adult,bride_adult,relationship,groom_id,bride_id,user_id,register_id,officiant_id,banns_1,banns_2) VALUES (22,true,276,677,'P','1853-01-14','Zlín',23,1,21,26,1,24,true,true,'ne',174,208,0,217,1,'1853-01-07','1852-12-31');
INSERT INTO "Witness" (person_id,marriage_id,side,relationship) VALUES (260,22,'ženicha','sourozenec');
INSERT INTO "Witness" (person_id,marriage_id,side,relationship) VALUES (262,22,'ženicha','jiné');
INSERT INTO "Witness" (person_id,marriage_id,side,relationship) VALUES (156,22,'nevěsty','sourozenec');
INSERT INTO "Witness" (person_id,marriage_id,side,relationship) VALUES (35,22,'nevěsty','jiné');
INSERT INTO "Marriage" (_id_marriage,rec_ready,rec_order,scan_order,scan_layout,date,village,groom_y,groom_m,groom_d,bride_y,bride_m,bride_d,groom_adult,bride_adult,relationship,groom_id,bride_id,user_id,register_id,officiant_id) VALUES (23,true,579,914,'L','1862-05-20','Brno',33,11,4,30,2,29,true,true,'ne',142,222,0,119,0);
INSERT INTO "Witness" (person_id,marriage_id,side,relationship) VALUES (63,23,'ženicha','jiné');
INSERT INTO "Witness" (person_id,marriage_id,side,relationship) VALUES (96,23,'ženicha','sourozenec');
INSERT INTO "Witness" (person_id,marriage_id,side,relationship) VALUES (113,23,'nevěsty','sourozenec');
INSERT INTO "Witness" (person_id,marriage_id,side,relationship) VALUES (163,23,'nevěsty','sourozenec');
INSERT INTO "Marriage" (_id_marriage,rec_ready,rec_order,scan_order,scan_layout,date,village,groom_y,groom_m,groom_d,bride_y,bride_m,bride_d,groom_adult,bride_adult,relationship,groom_id,bride_id,user_id,register_id,officiant_id,banns_1) VALUES (24,true,599,796,'P','1865-04-18','Kladno',29,1,14,26,2,26,true,true,'ne',154,253,0,110,2,'1865-04-11');
INSERT INTO "Witness" (person_id,marriage_id,side,relationship) VALUES (114,24,'ženicha','přítel');
INSERT INTO "Witness" (person_id,marriage_id,side,relationship) VALUES (96,24,'ženicha','jiné');
INSERT INTO "Witness" (person_id,marriage_id,side,relationship) VALUES (218,24,'nevěsty','přítel');
INSERT INTO "Witness" (person_id,marriage_id,side,relationship) VALUES (266,24,'nevěsty','jiné');
INSERT INTO "Marriage" (_id_marriage,rec_ready,rec_order,scan_order,scan_layout,date,village,groom_y,groom_m,groom_d,bride_y,bride_m,bride_d,groom_adult,bride_adult,relationship,groom_id,bride_id,user_id,register_id,officiant_id,banns_1) VALUES (25,true,521,806,'P','1861-09-06','Most',30,7,12,36,1,28,true,true,'ne',157,228,0,145,2,'1861-08-30');
INSERT INTO "Witness" (person_id,marriage_id,side,relationship) VALUES (225,25,'ženicha','sourozenec');
INSERT INTO "Witness" (person_id,marriage_id,side,relationship) VALUES (14,25,'ženicha','jiné');
INSERT INTO "Witness" (person_id,marriage_id,side,relationship) VALUES (151,25,'nevěsty','jiné');
INSERT INTO "Witness" (person_id,marriage_id,side,relationship) VALUES (259,25,'nevěsty','sourozenec');
INSERT INTO "Marriage" (_id_marriage,rec_ready,rec_order,scan_order,scan_layout,date,village,groom_y,groom_m,groom_d,bride_y,bride_m,bride_d,groom_adult,bride_adult,relationship,groom_id,bride_id,user_id,register_id,officiant_id,banns_1,banns_2,banns_3) VALUES (26,true,20,291,'L','1851-05-15','Kladno',24,2,14,23,7,13,true,true,'ne',231,131,0,169,1,'1851-05-08','1851-05-01','1851-04-24');
INSERT INTO "Witness" (person_id,marriage_id,side,relationship) VALUES (20,26,'ženicha','jiné');
INSERT INTO "Witness" (person_id,marriage_id,side,relationship) VALUES (104,26,'ženicha','jiné');
INSERT INTO "Witness" (person_id,marriage_id,side,relationship) VALUES (26,26,'nevěsty','sourozenec');
INSERT INTO "Witness" (person_id,marriage_id,side,relationship) VALUES (75,26,'nevěsty','jiné');
INSERT INTO "Marriage" (_id_marriage,rec_ready,rec_order,scan_order,scan_layout,date,village,groom_y,groom_m,groom_d,bride_y,bride_m,bride_d,groom_adult,bride_adult,relationship,groom_id,bride_id,user_id,register_id,officiant_id) VALUES (27,true,783,310,'P','1853-05-18','Hradec Králové',15,9,15,20,5,19,false,true,'ne',43,258,1,37,0);
INSERT INTO "Witness" (person_id,marriage_id,side,relationship) VALUES (29,27,'ženicha','jiné');
INSERT INTO "Witness" (person_id,marriage_id,side,relationship) VALUES (164,27,'ženicha','sourozenec');
INSERT INTO "Witness" (person_id,marriage_id,side,relationship) VALUES (68,27,'nevěsty','přítel');
INSERT INTO "Witness" (person_id,marriage_id,side,relationship) VALUES (262,27,'nevěsty','jiné');
INSERT INTO "Marriage" (_id_marriage,rec_ready,rec_order,scan_order,scan_layout,date,village,groom_y,groom_m,groom_d,bride_y,bride_m,bride_d,groom_adult,bride_adult,relationship,groom_id,bride_id,user_id,register_id,officiant_id) VALUES (28,true,536,400,'C','1844-09-22','Olomouc',17,2,12,16,0,10,false,false,'ne',71,185,1,94,0);
INSERT INTO "Witness" (person_id,marriage_id,side,relationship) VALUES (151,28,'ženicha','sourozenec');
INSERT INTO "Witness" (person_id,marriage_id,side,relationship) VALUES (261,28,'ženicha','přítel');
INSERT INTO "Witness" (person_id,marriage_id,side,relationship) VALUES (76,28,'nevěsty','jiné');
INSERT INTO "Witness" (person_id,marriage_id,side,relationship) VALUES (68,28,'nevěsty','jiné');
INSERT INTO "Marriage" (_id_marriage,rec_ready,rec_order,scan_order,scan_layout,date,village,groom_y,groom_m,groom_d,bride_y,bride_m,bride_d,groom_adult,bride_adult,relationship,groom_id,bride_id,user_id,register_id,officiant_id) VALUES (29,true,761,97,'P','1864-01-23','Kladno',25,2,19,31,9,3,true,true,'ne',99,92,1,162,2);
INSERT INTO "Witness" (person_id,marriage_id,side,relationship) VALUES (172,29,'ženicha','přítel');
INSERT INTO "Witness" (person_id,marriage_id,side,relationship) VALUES (219,29,'ženicha','sourozenec');
INSERT INTO "Witness" (person_id,marriage_id,side,relationship) VALUES (59,29,'nevěsty','sourozenec');
INSERT INTO "Witness" (person_id,marriage_id,side,relationship) VALUES (234,29,'nevěsty','sourozenec');
INSERT INTO "Marriage" (_id_marriage,rec_ready,rec_order,scan_order,scan_layout,date,village,groom_y,groom_m,groom_d,bride_y,bride_m,bride_d,groom_adult,bride_adult,relationship,groom_id,bride_id,user_id,register_id,officiant_id,banns_1) VALUES (30,true,139,892,'C','1857-09-10','Kladno',25,4,16,25,4,17,true,true,'ne',171,92,1,68,1,'1857-09-03');
INSERT INTO "Witness" (person_id,marriage_id,side,relationship) VALUES (205,30,'ženicha','jiné');
INSERT INTO "Witness" (person_id,marriage_id,side,relationship) VALUES (186,30,'ženicha','přítel');
INSERT INTO "Witness" (person_id,marriage_id,side,relationship) VALUES (220,30,'nevěsty','jiné');
INSERT INTO "Witness" (person_id,marriage_id,side,relationship) VALUES (76,30,'nevěsty','sourozenec');
INSERT INTO "Marriage" (_id_marriage,rec_ready,rec_order,scan_order,scan_layout,date,village,groom_y,groom_m,groom_d,bride_y,bride_m,bride_d,groom_adult,bride_adult,relationship,groom_id,bride_id,user_id,register_id,officiant_id,banns_1,banns_2) VALUES (31,true,65,60,'C','1848-08-16','Plzeň',18,2,3,23,1,4,true,true,'ne',9,228,0,128,1,'1848-08-09','1848-08-02');
INSERT INTO "Witness" (person_id,marriage_id,side,relationship) VALUES (8,31,'ženicha','sourozenec');
INSERT INTO "Witness" (person_id,marriage_id,side,relationship) VALUES (29,31,'ženicha','jiné');
INSERT INTO "Witness" (person_id,marriage_id,side,relationship) VALUES (196,31,'nevěsty','jiné');
INSERT INTO "Witness" (person_id,marriage_id,side,relationship) VALUES (237,31,'nevěsty','jiné');
INSERT INTO "Marriage" (_id_marriage,rec_ready,rec_order,scan_order,scan_layout,date,village,groom_y,groom_m,groom_d,bride_y,bride_m,bride_d,groom_adult,bride_adult,relationship,groom_id,bride_id,user_id,register_id,officiant_id,banns_1,banns_2) VALUES (32,true,443,433,'P','1846-05-14','Havířov',20,10,25,14,2,19,true,false,'ne',66,222,0,180,2,'1846-05-07','1846-04-30');
INSERT INTO "Witness" (person_id,marriage_id,side,relationship) VALUES (19,32,'ženicha','jiné');
INSERT INTO "Witness" (person_id,marriage_id,side,relationship) VALUES (2,32,'ženicha','sourozenec');
INSERT INTO "Witness" (person_id,marriage_id,side,relationship) VALUES (180,32,'nevěsty','sourozenec');
INSERT INTO "Witness" (person_id,marriage_id,side,relationship) VALUES (239,32,'nevěsty','sourozenec');
INSERT INTO "Marriage" (_id_marriage,rec_ready,rec_order,scan_order,scan_layout,date,village,groom_y,groom_m,groom_d,bride_y,bride_m,bride_d,groom_adult,bride_adult,relationship,groom_id,bride_id,user_id,register_id,officiant_id) VALUES (33,true,959,358,'P','1851-11-21','Havířov',21,12,1,26,4,11,true,true,'ne',174,228,1,82,0);
INSERT INTO "Witness" (person_id,marriage_id,side,relationship) VALUES (107,33,'ženicha','jiné');
INSERT INTO "Witness" (person_id,marriage_id,side,relationship) VALUES (206,33,'ženicha','jiné');
INSERT INTO "Witness" (person_id,marriage_id,side,relationship) VALUES (221,33,'nevěsty','sourozenec');
INSERT INTO "Witness" (person_id,marriage_id,side,relationship) VALUES (37,33,'nevěsty','přítel');
INSERT INTO "Marriage" (_id_marriage,rec_ready,rec_order,scan_order,scan_layout,date,village,groom_y,groom_m,groom_d,bride_y,bride_m,bride_d,groom_adult,bride_adult,relationship,groom_id,bride_id,user_id,register_id,officiant_id) VALUES (34,true,671,482,'P','1866-11-06','Havířov',35,9,14,31,7,8,true,true,'ne',157,265,0,2,1);
INSERT INTO "Witness" (person_id,marriage_id,side,relationship) VALUES (54,34,'ženicha','sourozenec');
INSERT INTO "Witness" (person_id,marriage_id,side,relationship) VALUES (151,34,'ženicha','sourozenec');
INSERT INTO "Witness" (person_id,marriage_id,side,relationship) VALUES (172,34,'nevěsty','sourozenec');
INSERT INTO "Witness" (person_id,marriage_id,side,relationship) VALUES (139,34,'nevěsty','sourozenec');
INSERT INTO "Marriage" (_id_marriage,rec_ready,rec_order,scan_order,scan_layout,date,village,groom_y,groom_m,groom_d,bride_y,bride_m,bride_d,groom_adult,bride_adult,relationship,groom_id,bride_id,user_id,register_id,officiant_id) VALUES (35,true,63,491,'C','1860-09-21','Kladno',32,3,3,27,10,25,true,true,'ne',142,53,0,18,2);
INSERT INTO "Witness" (person_id,marriage_id,side,relationship) VALUES (77,35,'ženicha','přítel');
INSERT INTO "Witness" (person_id,marriage_id,side,relationship) VALUES (170,35,'ženicha','sourozenec');
INSERT INTO "Witness" (person_id,marriage_id,side,relationship) VALUES (70,35,'nevěsty','přítel');
INSERT INTO "Witness" (person_id,marriage_id,side,relationship) VALUES (15,35,'nevěsty','jiné');
INSERT INTO "Death" (_id_death,rec_ready,rec_order,scan_order,scan_layout,death_village,death_street,death_descr,place_funeral,widowed,age_y,age_m,age_d,age_h,inspection,person_id,user_id,register_id,director_id,celebrant_id,place_death,death_cause,notes,death_date,funeral_date) VALUES (61,true,740,960,'P','Zlín','Vorlíčková',350,'Zlín',true,86,0,21,3,false,265,1,47,0,0,'nemocnice','angina','chyba zápisu, prohozené rubriky','1921-04-10','1921-04-12');
INSERT INTO "Death" (_id_death,rec_ready,rec_order,scan_order,scan_layout,death_village,death_street,death_descr,place_funeral,widowed,age_y,age_m,age_d,age_h,inspection,person_id,user_id,register_id,director_id,celebrant_id,death_cause,notes,death_date,funeral_date) VALUES (60,true,865,112,'P','Most','Aida',7592,'Brno',true,29,0,7,9,false,258,0,205,1,1,'zánět plic','chyba zápisu, prohozené rubriky','1861-12-05','1861-12-07');
INSERT INTO "Death" (_id_death,rec_ready,rec_order,scan_order,scan_layout,death_village,death_street,death_descr,place_funeral,widowed,age_y,age_m,age_d,age_h,inspection,person_id,user_id,register_id,director_id,celebrant_id,death_date,funeral_date) VALUES (59,true,441,840,'C','Plzeň','Grygar',1664,'Kladno',false,56,0,14,13,false,253,0,214,2,2,'1895-01-29','1895-01-31');
INSERT INTO "Death" (_id_death,rec_ready,rec_order,scan_order,scan_layout,death_village,death_street,death_descr,place_funeral,widowed,age_y,age_m,age_d,age_h,inspection,person_id,user_id,register_id,director_id,celebrant_id,death_date,funeral_date,inspection_by) VALUES (58,true,663,471,'P','Ostrava','Kopečnýová',298,'Ostrava',false,12,0,3,5,true,249,0,138,2,1,'1841-04-22','1841-04-24','Dr. Nováček');
INSERT INTO "Death" (_id_death,rec_ready,rec_order,scan_order,scan_layout,death_village,death_street,death_descr,place_funeral,widowed,age_y,age_m,age_d,age_h,inspection,person_id,user_id,register_id,director_id,celebrant_id,provision_date) VALUES (57,true,821,104,'C','Most','šváb',742,'Most',false,7,0,1,13,false,242,0,168,1,1,'1836-01-09');
INSERT INTO "Death" (_id_death,rec_ready,rec_order,scan_order,scan_layout,death_village,death_street,death_descr,place_funeral,widowed,age_y,age_m,age_d,age_h,inspection,person_id,user_id,register_id,director_id,celebrant_id,death_date,funeral_date) VALUES (56,true,291,874,'C','Liberec','Bauer',645,'Liberec',false,78,0,19,14,false,237,1,126,0,1,'1904-09-26','1904-09-28');
INSERT INTO "Death" (_id_death,rec_ready,rec_order,scan_order,scan_layout,death_village,death_street,death_descr,place_funeral,widowed,age_y,age_m,age_d,age_h,inspection,person_id,user_id,register_id,director_id,celebrant_id,place_death,death_cause,notes,provision_date) VALUES (55,false,211,740,'P','Opava','Mlad',724,'Opava',false,36,0,9,16,false,234,0,111,0,0,'v řece Svitavě u Bilovic','záškrt','chyba zápisu, prohozené rubriky','1865-07-06');
INSERT INTO "Death" (_id_death,rec_ready,rec_order,scan_order,scan_layout,death_village,death_street,death_descr,place_funeral,widowed,age_y,age_m,age_d,age_h,inspection,person_id,user_id,register_id,director_id,celebrant_id,death_cause,death_date,funeral_date) VALUES (54,true,332,633,'C','Kladno','Patočka',8109,'Pardubice',true,4,0,1,3,false,231,1,16,0,0,'osýpky','1831-03-08','1831-03-10');
INSERT INTO "Death" (_id_death,rec_ready,rec_order,scan_order,scan_layout,death_village,death_street,death_descr,place_funeral,widowed,age_y,age_m,age_d,age_h,inspection,person_id,user_id,register_id,director_id,celebrant_id,death_date,funeral_date,inspection_by) VALUES (53,true,951,599,'C','Plzeň','Bernarda',258,'Plzeň',false,47,0,12,5,true,228,1,188,2,0,'1872-07-19','1872-07-21','Dr. Nováček');
INSERT INTO "Death" (_id_death,rec_ready,rec_order,scan_order,scan_layout,death_village,death_street,death_descr,place_funeral,widowed,age_y,age_m,age_d,age_h,inspection,person_id,user_id,register_id,director_id,celebrant_id,notes,provision_date) VALUES (52,true,250,182,'P','Opava','šimák',34076,'České Budějovice',false,34,0,9,1,false,225,1,113,0,2,'poznámky...','1865-02-20');
INSERT INTO "Death" (_id_death,rec_ready,rec_order,scan_order,scan_layout,death_village,death_street,death_descr,place_funeral,widowed,age_y,age_m,age_d,age_h,inspection,person_id,user_id,register_id,director_id,celebrant_id,death_cause,death_date,funeral_date) VALUES (51,true,965,808,'P','Ústí nad Labem','Polák',6163,'Brno',false,53,0,14,5,false,222,0,109,0,0,'souchotiny','1885-02-28','1885-03-02');
INSERT INTO "Death" (_id_death,rec_ready,rec_order,scan_order,scan_layout,death_village,death_street,death_descr,place_funeral,widowed,age_y,age_m,age_d,age_h,inspection,person_id,user_id,register_id,director_id,celebrant_id,place_death,death_cause,death_date,funeral_date) VALUES (50,true,858,47,'C','Praha','Prokop',53915,'Praha',false,1,0,0,4,false,219,0,10,1,1,'nemocnice','záduch','1838-06-26','1838-06-28');
INSERT INTO "Death" (_id_death,rec_ready,rec_order,scan_order,scan_layout,death_village,death_street,death_descr,place_funeral,widowed,age_y,age_m,age_d,age_h,inspection,person_id,user_id,register_id,director_id,celebrant_id,death_date,funeral_date) VALUES (49,true,892,194,'C','Ústí nad Labem','Zlatan',1490,'Ústí nad Labem',false,47,0,12,16,false,216,1,99,2,0,'1880-03-12','1880-03-14');
INSERT INTO "Death" (_id_death,rec_ready,rec_order,scan_order,scan_layout,death_village,death_street,death_descr,place_funeral,widowed,age_y,age_m,age_d,age_h,inspection,person_id,user_id,register_id,director_id,celebrant_id,place_death,death_cause,provision_date,inspection_by) VALUES (48,true,847,352,'C','Pardubice','Vadim',667,'Ústí nad Labem',false,0,0,0,18,true,212,0,176,0,2,'nemocnice','chřadnutí','1832-05-07','Dr. Nováček');
INSERT INTO "Death" (_id_death,rec_ready,rec_order,scan_order,scan_layout,death_village,death_street,death_descr,place_funeral,widowed,age_y,age_m,age_d,age_h,inspection,person_id,user_id,register_id,director_id,celebrant_id,death_date,funeral_date) VALUES (47,true,121,27,'C','Ostrava','Iva',8567,'Ostrava',false,3,0,1,21,false,208,1,40,2,1,'1829-11-28','1829-11-30');
INSERT INTO "Death" (_id_death,rec_ready,rec_order,scan_order,scan_layout,death_village,death_street,death_descr,place_funeral,widowed,age_y,age_m,age_d,age_h,inspection,person_id,user_id,register_id,director_id,celebrant_id,death_date,funeral_date) VALUES (46,false,862,211,'P','Havířov','Hůlková',35605,'Ústí nad Labem',false,85,0,20,6,false,205,1,76,1,1,'1921-12-27','1921-12-29');
INSERT INTO "Death" (_id_death,rec_ready,rec_order,scan_order,scan_layout,death_village,death_street,death_descr,place_funeral,widowed,age_y,age_m,age_d,age_h,inspection,person_id,user_id,register_id,director_id,celebrant_id,death_date,funeral_date) VALUES (45,true,751,584,'C','Praha','Taťána',6277,'Pardubice',false,9,0,3,16,false,202,1,44,2,0,'1836-12-22','1836-12-24');
INSERT INTO "Death" (_id_death,rec_ready,rec_order,scan_order,scan_layout,death_village,death_street,death_descr,place_funeral,widowed,age_y,age_m,age_d,age_h,inspection,person_id,user_id,register_id,director_id,celebrant_id,place_death,death_cause,death_date,funeral_date) VALUES (44,true,697,176,'C','Zlín','Pilát',54653,'Zlín',false,73,0,17,16,false,199,0,151,0,2,'nemocnice','souchotiny','1910-03-09','1910-03-11');
INSERT INTO "Death" (_id_death,rec_ready,rec_order,scan_order,scan_layout,death_village,death_street,death_descr,place_funeral,widowed,age_y,age_m,age_d,age_h,inspection,person_id,user_id,register_id,director_id,celebrant_id,place_death,death_cause,death_date,funeral_date) VALUES (43,true,101,913,'C','Plzeň','Pešta',5324,'Liberec',false,22,0,6,13,false,194,1,81,0,0,'v řece Svitavě u Bilovic','ochrnutí plic','1854-02-14','1854-02-16');
INSERT INTO "Death" (_id_death,rec_ready,rec_order,scan_order,scan_layout,death_village,death_street,death_descr,place_funeral,widowed,age_y,age_m,age_d,age_h,inspection,person_id,user_id,register_id,director_id,celebrant_id,death_date,funeral_date) VALUES (42,false,157,182,'P','Liberec','Vorlová',829,'Most',false,86,0,21,2,false,191,0,73,0,1,'1918-02-13','1918-02-15');
INSERT INTO "Death" (_id_death,rec_ready,rec_order,scan_order,scan_layout,death_village,death_street,death_descr,place_funeral,widowed,age_y,age_m,age_d,age_h,inspection,person_id,user_id,register_id,director_id,celebrant_id,death_cause,death_date,funeral_date) VALUES (41,true,950,139,'C','Ostrava','Vaněček',64129,'Olomouc',true,50,0,12,5,false,185,0,135,0,0,'osýpky','1878-09-16','1878-09-18');
INSERT INTO "Death" (_id_death,rec_ready,rec_order,scan_order,scan_layout,death_village,death_street,death_descr,place_funeral,widowed,age_y,age_m,age_d,age_h,inspection,person_id,user_id,register_id,director_id,celebrant_id,place_death,death_cause,death_date,funeral_date,inspection_by) VALUES (40,true,784,559,'P','Brno','Huml',13388,'Olomouc',false,11,0,3,2,true,181,0,158,1,0,'nemocnice','souchotiny','1839-01-02','1839-01-04','Dr. Nováček');
INSERT INTO "Death" (_id_death,rec_ready,rec_order,scan_order,scan_layout,death_village,death_street,death_descr,place_funeral,widowed,age_y,age_m,age_d,age_h,inspection,person_id,user_id,register_id,director_id,celebrant_id,place_death,provision_date) VALUES (39,false,62,588,'C','Brno','Zbyněk',08609,'Brno',false,55,0,14,14,false,174,1,94,1,1,'v řece Svitavě u Bilovic','1884-11-30');
INSERT INTO "Death" (_id_death,rec_ready,rec_order,scan_order,scan_layout,death_village,death_street,death_descr,place_funeral,widowed,age_y,age_m,age_d,age_h,inspection,person_id,user_id,register_id,director_id,celebrant_id,death_date,funeral_date) VALUES (38,false,91,802,'C','Plzeň','Pravoslava',7340,'Kladno',true,87,0,20,8,false,171,1,192,1,2,'1919-05-03','1919-05-05');
INSERT INTO "Death" (_id_death,rec_ready,rec_order,scan_order,scan_layout,death_village,death_street,death_descr,place_funeral,widowed,age_y,age_m,age_d,age_h,inspection,person_id,user_id,register_id,director_id,celebrant_id,death_cause,provision_date,inspection_by) VALUES (37,true,452,82,'P','České Budějovice','Hudcová',01821,'Praha',true,15,0,4,7,true,165,1,29,0,1,'sešlost věkem','1842-11-21','Dr. Hrachovina');
INSERT INTO "Death" (_id_death,rec_ready,rec_order,scan_order,scan_layout,death_village,death_street,death_descr,place_funeral,widowed,age_y,age_m,age_d,age_h,inspection,person_id,user_id,register_id,director_id,celebrant_id,notes,death_date,funeral_date) VALUES (36,true,58,470,'L','Opava','Lukáš',531,'Havířov',false,67,0,15,0,false,160,1,4,2,0,'chyba zápisu, prohozené rubriky','1903-06-08','1903-06-10');
INSERT INTO "Death" (_id_death,rec_ready,rec_order,scan_order,scan_layout,death_village,death_street,death_descr,place_funeral,widowed,age_y,age_m,age_d,age_h,inspection,person_id,user_id,register_id,director_id,celebrant_id,place_death,death_date,funeral_date) VALUES (35,true,472,824,'C','Ústí nad Labem','štefan',99445,'Most',false,46,0,12,8,false,157,0,21,2,2,'nemocnice','1877-02-04','1877-02-06');
INSERT INTO "Death" (_id_death,rec_ready,rec_order,scan_order,scan_layout,death_village,death_street,death_descr,place_funeral,widowed,age_y,age_m,age_d,age_h,inspection,person_id,user_id,register_id,director_id,celebrant_id,death_cause,death_date,funeral_date) VALUES (34,true,863,169,'C','Most','Baran',08929,'Most',true,61,0,15,1,false,154,1,3,0,2,'souchotiny','1897-03-12','1897-03-14');
INSERT INTO "Death" (_id_death,rec_ready,rec_order,scan_order,scan_layout,death_village,death_street,death_descr,place_funeral,widowed,age_y,age_m,age_d,age_h,inspection,person_id,user_id,register_id,director_id,celebrant_id,place_death,death_cause,provision_date) VALUES (33,true,172,142,'C','Plzeň','Coufal',638,'Plzeň',true,67,0,17,23,false,151,0,124,1,0,'v řece Svitavě u Bilovic','osýpky','1896-03-20');
INSERT INTO "Death" (_id_death,rec_ready,rec_order,scan_order,scan_layout,death_village,death_street,death_descr,place_funeral,widowed,age_y,age_m,age_d,age_h,inspection,person_id,user_id,register_id,director_id,celebrant_id,death_date,funeral_date) VALUES (32,true,170,223,'C','Ústí nad Labem','Kouřil',98228,'Brno',true,73,0,17,6,false,148,1,86,1,0,'1910-04-13','1910-04-15');
INSERT INTO "Death" (_id_death,rec_ready,rec_order,scan_order,scan_layout,death_village,death_street,death_descr,place_funeral,widowed,age_y,age_m,age_d,age_h,inspection,person_id,user_id,register_id,director_id,celebrant_id,death_date,funeral_date,inspection_by) VALUES (31,true,122,583,'C','Most','Fabián',80178,'Zlín',true,74,0,18,12,true,145,0,210,1,0,'1900-08-09','1900-08-11','Dr. Nováček');
INSERT INTO "Death" (_id_death,rec_ready,rec_order,scan_order,scan_layout,death_village,death_street,death_descr,place_funeral,widowed,age_y,age_m,age_d,age_h,inspection,person_id,user_id,register_id,director_id,celebrant_id,notes,death_date,funeral_date) VALUES (30,true,674,104,'C','Most','Jasmína',90375,'Liberec',false,77,0,18,8,false,142,0,59,2,0,'chyba zápisu, prohozené rubriky','1905-06-28','1905-06-30');
INSERT INTO "Death" (_id_death,rec_ready,rec_order,scan_order,scan_layout,death_village,death_street,death_descr,place_funeral,widowed,age_y,age_m,age_d,age_h,inspection,person_id,user_id,register_id,director_id,celebrant_id,provision_date,inspection_by) VALUES (29,true,778,687,'C','Ostrava','Zuzana',6501,'Pardubice',false,32,0,8,19,true,139,1,34,2,1,'1869-03-01','Dr. Nováček');
INSERT INTO "Death" (_id_death,rec_ready,rec_order,scan_order,scan_layout,death_village,death_street,death_descr,place_funeral,widowed,age_y,age_m,age_d,age_h,inspection,person_id,user_id,register_id,director_id,celebrant_id,death_date,funeral_date,inspection_by) VALUES (28,true,152,369,'P','Praha','Beatus',610,'Praha',true,78,0,19,15,true,136,1,182,0,1,'1913-01-23','1913-01-25','Dr. Nováček');
INSERT INTO "Death" (_id_death,rec_ready,rec_order,scan_order,scan_layout,death_village,death_street,death_descr,place_funeral,widowed,age_y,age_m,age_d,age_h,inspection,person_id,user_id,register_id,director_id,celebrant_id,death_date,funeral_date) VALUES (27,true,362,392,'C','Brno','Tibor',7479,'Brno',false,2,0,1,7,false,131,0,220,1,2,'1829-10-10','1829-10-12');
INSERT INTO "Death" (_id_death,rec_ready,rec_order,scan_order,scan_layout,death_village,death_street,death_descr,place_funeral,widowed,age_y,age_m,age_d,age_h,inspection,person_id,user_id,register_id,director_id,celebrant_id,place_death,death_date,funeral_date,inspection_by) VALUES (26,false,875,134,'C','Plzeň','Minářová',07114,'Havířov',false,7,0,2,12,true,125,1,90,0,2,'nemocnice','1846-11-22','1846-11-24','Dr. Nováček');
INSERT INTO "Death" (_id_death,rec_ready,rec_order,scan_order,scan_layout,death_village,death_street,death_descr,place_funeral,widowed,age_y,age_m,age_d,age_h,inspection,person_id,user_id,register_id,director_id,celebrant_id,death_cause,notes,death_date,funeral_date,inspection_by) VALUES (25,false,210,95,'P','Brno','Valburga',3280,'Brno',false,74,0,18,7,true,121,0,49,2,1,'utopený','chyba zápisu, prohozené rubriky','1908-05-23','1908-05-25','Dr. Hrachovina');
INSERT INTO "Death" (_id_death,rec_ready,rec_order,scan_order,scan_layout,death_village,death_street,death_descr,place_funeral,widowed,age_y,age_m,age_d,age_h,inspection,person_id,user_id,register_id,director_id,celebrant_id,death_date,funeral_date) VALUES (24,true,720,808,'L','Kladno','štefan',54106,'Hradec Králové',false,79,0,19,3,false,115,0,219,2,2,'1918-07-24','1918-07-26');
INSERT INTO "Death" (_id_death,rec_ready,rec_order,scan_order,scan_layout,death_village,death_street,death_descr,place_funeral,widowed,age_y,age_m,age_d,age_h,inspection,person_id,user_id,register_id,director_id,celebrant_id,death_cause,death_date,funeral_date,inspection_by) VALUES (23,true,537,205,'P','Most','Augusta',2076,'Opava',false,95,0,23,10,true,108,1,186,1,1,'souchotiny','1930-06-17','1930-06-19','Dr. Nováček');
INSERT INTO "Death" (_id_death,rec_ready,rec_order,scan_order,scan_layout,death_village,death_street,death_descr,place_funeral,widowed,age_y,age_m,age_d,age_h,inspection,person_id,user_id,register_id,director_id,celebrant_id,death_cause,death_date,funeral_date) VALUES (22,true,105,929,'C','Most','Sergej',99439,'Havířov',false,64,0,16,22,false,105,1,127,1,1,'srdečná vada','1890-10-19','1890-10-21');
INSERT INTO "Death" (_id_death,rec_ready,rec_order,scan_order,scan_layout,death_village,death_street,death_descr,place_funeral,widowed,age_y,age_m,age_d,age_h,inspection,person_id,user_id,register_id,director_id,celebrant_id,provision_date) VALUES (21,true,468,843,'C','Kladno','Bartůněková',973,'Kladno',true,70,0,17,7,false,99,0,159,1,0,'1908-11-11');
INSERT INTO "Death" (_id_death,rec_ready,rec_order,scan_order,scan_layout,death_village,death_street,death_descr,place_funeral,widowed,age_y,age_m,age_d,age_h,inspection,person_id,user_id,register_id,director_id,celebrant_id,place_death,death_cause,provision_date) VALUES (20,true,186,203,'C','Ostrava','Svatopluk',7999,'Brno',true,29,0,7,14,false,92,1,70,1,0,'nemocnice','osýpky','1861-05-02');
INSERT INTO "Death" (_id_death,rec_ready,rec_order,scan_order,scan_layout,death_village,death_street,death_descr,place_funeral,widowed,age_y,age_m,age_d,age_h,inspection,person_id,user_id,register_id,director_id,celebrant_id,death_cause,death_date,funeral_date,inspection_by) VALUES (19,false,808,387,'C','Ostrava','Růžková',34112,'Ostrava',false,75,0,18,22,true,85,0,27,2,2,'slabost těla','1902-08-26','1902-08-28','Dr. Nováček');
INSERT INTO "Death" (_id_death,rec_ready,rec_order,scan_order,scan_layout,death_village,death_street,death_descr,place_funeral,widowed,age_y,age_m,age_d,age_h,inspection,person_id,user_id,register_id,director_id,celebrant_id,death_date,funeral_date) VALUES (18,false,781,308,'C','Most','Přibyslav',7870,'Most',false,17,0,4,19,false,82,1,125,0,2,'1843-02-23','1843-02-25');
INSERT INTO "Death" (_id_death,rec_ready,rec_order,scan_order,scan_layout,death_village,death_street,death_descr,place_funeral,widowed,age_y,age_m,age_d,age_h,inspection,person_id,user_id,register_id,director_id,celebrant_id,place_death,death_date,funeral_date) VALUES (17,false,389,816,'C','Praha','Vysloužilová',292,'Opava',false,80,0,19,19,false,79,0,43,0,1,'v řece Svitavě u Bilovic','1909-04-09','1909-04-11');
INSERT INTO "Death" (_id_death,rec_ready,rec_order,scan_order,scan_layout,death_village,death_street,death_descr,place_funeral,widowed,age_y,age_m,age_d,age_h,inspection,person_id,user_id,register_id,director_id,celebrant_id,death_cause,death_date,funeral_date) VALUES (16,true,157,289,'C','Most','Rolf',5600,'Most',false,67,0,17,6,false,74,0,95,2,2,'osýpky','1896-08-24','1896-08-26');
INSERT INTO "Death" (_id_death,rec_ready,rec_order,scan_order,scan_layout,death_village,death_street,death_descr,place_funeral,widowed,age_y,age_m,age_d,age_h,inspection,person_id,user_id,register_id,director_id,celebrant_id,death_cause,death_date,funeral_date,inspection_by) VALUES (15,false,650,564,'P','Zlín','Šalomoun',86840,'Pardubice',true,4,0,1,8,true,71,1,179,0,2,'zánět plic','1831-07-17','1831-07-19','Dr. Hrachovina');
INSERT INTO "Death" (_id_death,rec_ready,rec_order,scan_order,scan_layout,death_village,death_street,death_descr,place_funeral,widowed,age_y,age_m,age_d,age_h,inspection,person_id,user_id,register_id,director_id,celebrant_id,provision_date) VALUES (14,true,152,942,'L','Praha','Pravdomila',550,'Praha',false,15,0,4,1,false,66,0,106,1,2,'1840-06-28');
INSERT INTO "Death" (_id_death,rec_ready,rec_order,scan_order,scan_layout,death_village,death_street,death_descr,place_funeral,widowed,age_y,age_m,age_d,age_h,inspection,person_id,user_id,register_id,director_id,celebrant_id,death_cause,death_date,funeral_date,inspection_by) VALUES (13,true,65,795,'C','Kladno','Jadranka',1659,'Most',false,51,0,13,16,true,63,1,196,2,1,'souchotiny','1879-02-28','1879-03-02','Dr. Nováček');
INSERT INTO "Death" (_id_death,rec_ready,rec_order,scan_order,scan_layout,death_village,death_street,death_descr,place_funeral,widowed,age_y,age_m,age_d,age_h,inspection,person_id,user_id,register_id,director_id,celebrant_id,death_cause,death_date,funeral_date) VALUES (12,true,920,529,'C','Ústí nad Labem','Metod',1789,'Kladno',true,71,0,17,7,false,56,0,87,2,1,'záškrt','1910-10-06','1910-10-08');
INSERT INTO "Death" (_id_death,rec_ready,rec_order,scan_order,scan_layout,death_village,death_street,death_descr,place_funeral,widowed,age_y,age_m,age_d,age_h,inspection,person_id,user_id,register_id,director_id,celebrant_id,death_cause,death_date,funeral_date) VALUES (11,false,440,542,'P','Praha','Julián',3099,'Havířov',true,91,0,21,18,false,53,0,55,0,2,'osýpky','1923-11-07','1923-11-09');
INSERT INTO "Death" (_id_death,rec_ready,rec_order,scan_order,scan_layout,death_village,death_street,death_descr,place_funeral,widowed,age_y,age_m,age_d,age_h,inspection,person_id,user_id,register_id,director_id,celebrant_id,death_cause,notes,death_date,funeral_date,inspection_by) VALUES (10,true,384,312,'C','Zlín','Krupička',406,'Zlín',true,65,0,16,4,true,49,1,143,0,1,'souchotiny','poznámky...','1899-02-21','1899-02-23','Dr. Nováček');
INSERT INTO "Death" (_id_death,rec_ready,rec_order,scan_order,scan_layout,death_village,death_street,death_descr,place_funeral,widowed,age_y,age_m,age_d,age_h,inspection,person_id,user_id,register_id,director_id,celebrant_id,death_cause,death_date,funeral_date) VALUES (9,false,913,563,'C','Liberec','Marian',59078,'Liberec',false,13,0,3,11,false,46,1,66,2,1,'souchotiny','1852-02-18','1852-02-20');
INSERT INTO "Death" (_id_death,rec_ready,rec_order,scan_order,scan_layout,death_village,death_street,death_descr,place_funeral,widowed,age_y,age_m,age_d,age_h,inspection,person_id,user_id,register_id,director_id,celebrant_id,death_cause,death_date,funeral_date,inspection_by) VALUES (8,true,576,756,'C','Ostrava','Dobešová',48754,'České Budějovice',false,74,0,17,9,true,43,0,201,0,2,'chřadnutí','1911-08-10','1911-08-12','Dr. Hrachovina');
INSERT INTO "Death" (_id_death,rec_ready,rec_order,scan_order,scan_layout,death_village,death_street,death_descr,place_funeral,widowed,age_y,age_m,age_d,age_h,inspection,person_id,user_id,register_id,director_id,celebrant_id,death_date,funeral_date) VALUES (7,true,451,362,'C','Opava','Smolíková',495,'Opava',true,75,0,18,18,false,37,0,140,1,2,'1908-09-28','1908-09-30');
INSERT INTO "Death" (_id_death,rec_ready,rec_order,scan_order,scan_layout,death_village,death_street,death_descr,place_funeral,widowed,age_y,age_m,age_d,age_h,inspection,person_id,user_id,register_id,director_id,celebrant_id,provision_date,inspection_by) VALUES (6,true,807,452,'C','Praha','Fuksová',4512,'Pardubice',false,72,0,17,18,true,30,0,110,2,2,'1902-10-06','Dr. Hrachovina');
INSERT INTO "Death" (_id_death,rec_ready,rec_order,scan_order,scan_layout,death_village,death_street,death_descr,place_funeral,widowed,age_y,age_m,age_d,age_h,inspection,person_id,user_id,register_id,director_id,celebrant_id,death_date,funeral_date) VALUES (5,true,674,750,'C','Olomouc','šípová',273,'Olomouc',false,70,0,18,20,false,26,0,20,2,2,'1897-09-18','1897-09-20');
INSERT INTO "Death" (_id_death,rec_ready,rec_order,scan_order,scan_layout,death_village,death_street,death_descr,place_funeral,widowed,age_y,age_m,age_d,age_h,inspection,person_id,user_id,register_id,director_id,celebrant_id,death_cause,death_date,funeral_date) VALUES (4,true,774,847,'P','Ústí nad Labem','Gita',4864,'Ostrava',false,66,0,16,13,false,19,0,31,0,0,'souchotiny','1895-07-01','1895-07-03');
INSERT INTO "Death" (_id_death,rec_ready,rec_order,scan_order,scan_layout,death_village,death_street,death_descr,place_funeral,widowed,age_y,age_m,age_d,age_h,inspection,person_id,user_id,register_id,director_id,celebrant_id,death_cause,death_date,funeral_date) VALUES (3,false,705,342,'P','Brno','Torsten',804,'Brno',false,50,0,13,16,false,15,0,28,1,2,'záduch','1880-11-17','1880-11-19');
INSERT INTO "Death" (_id_death,rec_ready,rec_order,scan_order,scan_layout,death_village,death_street,death_descr,place_funeral,widowed,age_y,age_m,age_d,age_h,inspection,person_id,user_id,register_id,director_id,celebrant_id,provision_date) VALUES (2,true,965,931,'C','Zlín','Bartoš',717,'Hradec Králové',true,71,0,17,10,false,12,0,112,1,0,'1901-09-22');
INSERT INTO "Death" (_id_death,rec_ready,rec_order,scan_order,scan_layout,death_village,death_street,death_descr,place_funeral,widowed,age_y,age_m,age_d,age_h,inspection,person_id,user_id,register_id,director_id,celebrant_id,death_date,funeral_date) VALUES (1,true,519,865,'C','Ústí nad Labem','Krausová',80082,'Ústí nad Labem',false,39,0,10,9,false,9,0,85,1,1,'1869-06-19','1869-06-21');
