INSERT INTO "User" (_id_user,name) VALUES (0,'Alen řeháčková');
INSERT INTO "User" (_id_user,name) VALUES (1,'Šárka Kuchta');
INSERT INTO "Register" (_id_register,archive,fond,signature) VALUES (0,'ARCH0','FOND0',0);
INSERT INTO "Register" (_id_register,archive,fond,signature) VALUES (1,'ARCH0','FOND0',1);
INSERT INTO "Register" (_id_register,archive,fond,signature) VALUES (2,'ARCH0','FOND0',2);
INSERT INTO "Register" (_id_register,archive,fond,signature) VALUES (3,'ARCH0','FOND0',3);
INSERT INTO "Register" (_id_register,archive,fond,signature) VALUES (4,'ARCH0','FOND0',4);
INSERT INTO "Register" (_id_register,archive,fond,signature) VALUES (5,'ARCH0','FOND0',5);
INSERT INTO "Register" (_id_register,archive,fond,signature) VALUES (6,'ARCH0','FOND0',6);
INSERT INTO "Register" (_id_register,archive,fond,signature) VALUES (7,'ARCH0','FOND0',7);
INSERT INTO "Register" (_id_register,archive,fond,signature) VALUES (8,'ARCH0','FOND0',8);
INSERT INTO "Register" (_id_register,archive,fond,signature) VALUES (9,'ARCH0','FOND0',9);
INSERT INTO "Register" (_id_register,archive,fond,signature) VALUES (10,'ARCH0','FOND0',10);
INSERT INTO "Register" (_id_register,archive,fond,signature) VALUES (11,'ARCH0','FOND0',11);
INSERT INTO "Register" (_id_register,archive,fond,signature) VALUES (12,'ARCH0','FOND0',12);
INSERT INTO "Register" (_id_register,archive,fond,signature) VALUES (13,'ARCH0','FOND0',13);
INSERT INTO "Register" (_id_register,archive,fond,signature) VALUES (14,'ARCH0','FOND0',14);
INSERT INTO "Register" (_id_register,archive,fond,signature) VALUES (15,'ARCH0','FOND1',0);
INSERT INTO "Register" (_id_register,archive,fond,signature) VALUES (16,'ARCH0','FOND1',1);
INSERT INTO "Register" (_id_register,archive,fond,signature) VALUES (17,'ARCH0','FOND1',2);
INSERT INTO "Register" (_id_register,archive,fond,signature) VALUES (18,'ARCH0','FOND1',3);
INSERT INTO "Register" (_id_register,archive,fond,signature) VALUES (19,'ARCH0','FOND1',4);
INSERT INTO "Register" (_id_register,archive,fond,signature) VALUES (20,'ARCH0','FOND1',5);
INSERT INTO "Register" (_id_register,archive,fond,signature) VALUES (21,'ARCH0','FOND1',6);
INSERT INTO "Register" (_id_register,archive,fond,signature) VALUES (22,'ARCH0','FOND1',7);
INSERT INTO "Register" (_id_register,archive,fond,signature) VALUES (23,'ARCH0','FOND1',8);
INSERT INTO "Register" (_id_register,archive,fond,signature) VALUES (24,'ARCH0','FOND1',9);
INSERT INTO "Register" (_id_register,archive,fond,signature) VALUES (25,'ARCH0','FOND1',10);
INSERT INTO "Register" (_id_register,archive,fond,signature) VALUES (26,'ARCH0','FOND1',11);
INSERT INTO "Register" (_id_register,archive,fond,signature) VALUES (27,'ARCH0','FOND1',12);
INSERT INTO "Register" (_id_register,archive,fond,signature) VALUES (28,'ARCH0','FOND1',13);
INSERT INTO "Register" (_id_register,archive,fond,signature) VALUES (29,'ARCH0','FOND1',14);
INSERT INTO "Register" (_id_register,archive,fond,signature) VALUES (30,'ARCH0','FOND2',0);
INSERT INTO "Register" (_id_register,archive,fond,signature) VALUES (31,'ARCH0','FOND2',1);
INSERT INTO "Register" (_id_register,archive,fond,signature) VALUES (32,'ARCH0','FOND2',2);
INSERT INTO "Register" (_id_register,archive,fond,signature) VALUES (33,'ARCH0','FOND2',3);
INSERT INTO "Register" (_id_register,archive,fond,signature) VALUES (34,'ARCH0','FOND2',4);
INSERT INTO "Register" (_id_register,archive,fond,signature) VALUES (35,'ARCH0','FOND2',5);
INSERT INTO "Register" (_id_register,archive,fond,signature) VALUES (36,'ARCH0','FOND2',6);
INSERT INTO "Register" (_id_register,archive,fond,signature) VALUES (37,'ARCH0','FOND2',7);
INSERT INTO "Register" (_id_register,archive,fond,signature) VALUES (38,'ARCH0','FOND2',8);
INSERT INTO "Register" (_id_register,archive,fond,signature) VALUES (39,'ARCH0','FOND2',9);
INSERT INTO "Register" (_id_register,archive,fond,signature) VALUES (40,'ARCH0','FOND2',10);
INSERT INTO "Register" (_id_register,archive,fond,signature) VALUES (41,'ARCH0','FOND2',11);
INSERT INTO "Register" (_id_register,archive,fond,signature) VALUES (42,'ARCH0','FOND2',12);
INSERT INTO "Register" (_id_register,archive,fond,signature) VALUES (43,'ARCH0','FOND2',13);
INSERT INTO "Register" (_id_register,archive,fond,signature) VALUES (44,'ARCH0','FOND2',14);
INSERT INTO "Register" (_id_register,archive,fond,signature) VALUES (45,'ARCH0','FOND3',0);
INSERT INTO "Register" (_id_register,archive,fond,signature) VALUES (46,'ARCH0','FOND3',1);
INSERT INTO "Register" (_id_register,archive,fond,signature) VALUES (47,'ARCH0','FOND3',2);
INSERT INTO "Register" (_id_register,archive,fond,signature) VALUES (48,'ARCH0','FOND3',3);
INSERT INTO "Register" (_id_register,archive,fond,signature) VALUES (49,'ARCH0','FOND3',4);
INSERT INTO "Register" (_id_register,archive,fond,signature) VALUES (50,'ARCH0','FOND3',5);
INSERT INTO "Register" (_id_register,archive,fond,signature) VALUES (51,'ARCH0','FOND3',6);
INSERT INTO "Register" (_id_register,archive,fond,signature) VALUES (52,'ARCH0','FOND3',7);
INSERT INTO "Register" (_id_register,archive,fond,signature) VALUES (53,'ARCH0','FOND3',8);
INSERT INTO "Register" (_id_register,archive,fond,signature) VALUES (54,'ARCH0','FOND3',9);
INSERT INTO "Register" (_id_register,archive,fond,signature) VALUES (55,'ARCH0','FOND3',10);
INSERT INTO "Register" (_id_register,archive,fond,signature) VALUES (56,'ARCH0','FOND3',11);
INSERT INTO "Register" (_id_register,archive,fond,signature) VALUES (57,'ARCH0','FOND3',12);
INSERT INTO "Register" (_id_register,archive,fond,signature) VALUES (58,'ARCH0','FOND3',13);
INSERT INTO "Register" (_id_register,archive,fond,signature) VALUES (59,'ARCH0','FOND3',14);
INSERT INTO "Register" (_id_register,archive,fond,signature) VALUES (60,'ARCH0','FOND4',0);
INSERT INTO "Register" (_id_register,archive,fond,signature) VALUES (61,'ARCH0','FOND4',1);
INSERT INTO "Register" (_id_register,archive,fond,signature) VALUES (62,'ARCH0','FOND4',2);
INSERT INTO "Register" (_id_register,archive,fond,signature) VALUES (63,'ARCH0','FOND4',3);
INSERT INTO "Register" (_id_register,archive,fond,signature) VALUES (64,'ARCH0','FOND4',4);
INSERT INTO "Register" (_id_register,archive,fond,signature) VALUES (65,'ARCH0','FOND4',5);
INSERT INTO "Register" (_id_register,archive,fond,signature) VALUES (66,'ARCH0','FOND4',6);
INSERT INTO "Register" (_id_register,archive,fond,signature) VALUES (67,'ARCH0','FOND4',7);
INSERT INTO "Register" (_id_register,archive,fond,signature) VALUES (68,'ARCH0','FOND4',8);
INSERT INTO "Register" (_id_register,archive,fond,signature) VALUES (69,'ARCH0','FOND4',9);
INSERT INTO "Register" (_id_register,archive,fond,signature) VALUES (70,'ARCH0','FOND4',10);
INSERT INTO "Register" (_id_register,archive,fond,signature) VALUES (71,'ARCH0','FOND4',11);
INSERT INTO "Register" (_id_register,archive,fond,signature) VALUES (72,'ARCH0','FOND4',12);
INSERT INTO "Register" (_id_register,archive,fond,signature) VALUES (73,'ARCH0','FOND4',13);
INSERT INTO "Register" (_id_register,archive,fond,signature) VALUES (74,'ARCH0','FOND4',14);
INSERT INTO "Register" (_id_register,archive,fond,signature) VALUES (75,'ARCH1','FOND0',0);
INSERT INTO "Register" (_id_register,archive,fond,signature) VALUES (76,'ARCH1','FOND0',1);
INSERT INTO "Register" (_id_register,archive,fond,signature) VALUES (77,'ARCH1','FOND0',2);
INSERT INTO "Register" (_id_register,archive,fond,signature) VALUES (78,'ARCH1','FOND0',3);
INSERT INTO "Register" (_id_register,archive,fond,signature) VALUES (79,'ARCH1','FOND0',4);
INSERT INTO "Register" (_id_register,archive,fond,signature) VALUES (80,'ARCH1','FOND0',5);
INSERT INTO "Register" (_id_register,archive,fond,signature) VALUES (81,'ARCH1','FOND0',6);
INSERT INTO "Register" (_id_register,archive,fond,signature) VALUES (82,'ARCH1','FOND0',7);
INSERT INTO "Register" (_id_register,archive,fond,signature) VALUES (83,'ARCH1','FOND0',8);
INSERT INTO "Register" (_id_register,archive,fond,signature) VALUES (84,'ARCH1','FOND0',9);
INSERT INTO "Register" (_id_register,archive,fond,signature) VALUES (85,'ARCH1','FOND0',10);
INSERT INTO "Register" (_id_register,archive,fond,signature) VALUES (86,'ARCH1','FOND0',11);
INSERT INTO "Register" (_id_register,archive,fond,signature) VALUES (87,'ARCH1','FOND0',12);
INSERT INTO "Register" (_id_register,archive,fond,signature) VALUES (88,'ARCH1','FOND0',13);
INSERT INTO "Register" (_id_register,archive,fond,signature) VALUES (89,'ARCH1','FOND0',14);
INSERT INTO "Register" (_id_register,archive,fond,signature) VALUES (90,'ARCH1','FOND1',0);
INSERT INTO "Register" (_id_register,archive,fond,signature) VALUES (91,'ARCH1','FOND1',1);
INSERT INTO "Register" (_id_register,archive,fond,signature) VALUES (92,'ARCH1','FOND1',2);
INSERT INTO "Register" (_id_register,archive,fond,signature) VALUES (93,'ARCH1','FOND1',3);
INSERT INTO "Register" (_id_register,archive,fond,signature) VALUES (94,'ARCH1','FOND1',4);
INSERT INTO "Register" (_id_register,archive,fond,signature) VALUES (95,'ARCH1','FOND1',5);
INSERT INTO "Register" (_id_register,archive,fond,signature) VALUES (96,'ARCH1','FOND1',6);
INSERT INTO "Register" (_id_register,archive,fond,signature) VALUES (97,'ARCH1','FOND1',7);
INSERT INTO "Register" (_id_register,archive,fond,signature) VALUES (98,'ARCH1','FOND1',8);
INSERT INTO "Register" (_id_register,archive,fond,signature) VALUES (99,'ARCH1','FOND1',9);
INSERT INTO "Register" (_id_register,archive,fond,signature) VALUES (100,'ARCH1','FOND1',10);
INSERT INTO "Register" (_id_register,archive,fond,signature) VALUES (101,'ARCH1','FOND1',11);
INSERT INTO "Register" (_id_register,archive,fond,signature) VALUES (102,'ARCH1','FOND1',12);
INSERT INTO "Register" (_id_register,archive,fond,signature) VALUES (103,'ARCH1','FOND1',13);
INSERT INTO "Register" (_id_register,archive,fond,signature) VALUES (104,'ARCH1','FOND1',14);
INSERT INTO "Register" (_id_register,archive,fond,signature) VALUES (105,'ARCH1','FOND2',0);
INSERT INTO "Register" (_id_register,archive,fond,signature) VALUES (106,'ARCH1','FOND2',1);
INSERT INTO "Register" (_id_register,archive,fond,signature) VALUES (107,'ARCH1','FOND2',2);
INSERT INTO "Register" (_id_register,archive,fond,signature) VALUES (108,'ARCH1','FOND2',3);
INSERT INTO "Register" (_id_register,archive,fond,signature) VALUES (109,'ARCH1','FOND2',4);
INSERT INTO "Register" (_id_register,archive,fond,signature) VALUES (110,'ARCH1','FOND2',5);
INSERT INTO "Register" (_id_register,archive,fond,signature) VALUES (111,'ARCH1','FOND2',6);
INSERT INTO "Register" (_id_register,archive,fond,signature) VALUES (112,'ARCH1','FOND2',7);
INSERT INTO "Register" (_id_register,archive,fond,signature) VALUES (113,'ARCH1','FOND2',8);
INSERT INTO "Register" (_id_register,archive,fond,signature) VALUES (114,'ARCH1','FOND2',9);
INSERT INTO "Register" (_id_register,archive,fond,signature) VALUES (115,'ARCH1','FOND2',10);
INSERT INTO "Register" (_id_register,archive,fond,signature) VALUES (116,'ARCH1','FOND2',11);
INSERT INTO "Register" (_id_register,archive,fond,signature) VALUES (117,'ARCH1','FOND2',12);
INSERT INTO "Register" (_id_register,archive,fond,signature) VALUES (118,'ARCH1','FOND2',13);
INSERT INTO "Register" (_id_register,archive,fond,signature) VALUES (119,'ARCH1','FOND2',14);
INSERT INTO "Register" (_id_register,archive,fond,signature) VALUES (120,'ARCH1','FOND3',0);
INSERT INTO "Register" (_id_register,archive,fond,signature) VALUES (121,'ARCH1','FOND3',1);
INSERT INTO "Register" (_id_register,archive,fond,signature) VALUES (122,'ARCH1','FOND3',2);
INSERT INTO "Register" (_id_register,archive,fond,signature) VALUES (123,'ARCH1','FOND3',3);
INSERT INTO "Register" (_id_register,archive,fond,signature) VALUES (124,'ARCH1','FOND3',4);
INSERT INTO "Register" (_id_register,archive,fond,signature) VALUES (125,'ARCH1','FOND3',5);
INSERT INTO "Register" (_id_register,archive,fond,signature) VALUES (126,'ARCH1','FOND3',6);
INSERT INTO "Register" (_id_register,archive,fond,signature) VALUES (127,'ARCH1','FOND3',7);
INSERT INTO "Register" (_id_register,archive,fond,signature) VALUES (128,'ARCH1','FOND3',8);
INSERT INTO "Register" (_id_register,archive,fond,signature) VALUES (129,'ARCH1','FOND3',9);
INSERT INTO "Register" (_id_register,archive,fond,signature) VALUES (130,'ARCH1','FOND3',10);
INSERT INTO "Register" (_id_register,archive,fond,signature) VALUES (131,'ARCH1','FOND3',11);
INSERT INTO "Register" (_id_register,archive,fond,signature) VALUES (132,'ARCH1','FOND3',12);
INSERT INTO "Register" (_id_register,archive,fond,signature) VALUES (133,'ARCH1','FOND3',13);
INSERT INTO "Register" (_id_register,archive,fond,signature) VALUES (134,'ARCH1','FOND3',14);
INSERT INTO "Register" (_id_register,archive,fond,signature) VALUES (135,'ARCH1','FOND4',0);
INSERT INTO "Register" (_id_register,archive,fond,signature) VALUES (136,'ARCH1','FOND4',1);
INSERT INTO "Register" (_id_register,archive,fond,signature) VALUES (137,'ARCH1','FOND4',2);
INSERT INTO "Register" (_id_register,archive,fond,signature) VALUES (138,'ARCH1','FOND4',3);
INSERT INTO "Register" (_id_register,archive,fond,signature) VALUES (139,'ARCH1','FOND4',4);
INSERT INTO "Register" (_id_register,archive,fond,signature) VALUES (140,'ARCH1','FOND4',5);
INSERT INTO "Register" (_id_register,archive,fond,signature) VALUES (141,'ARCH1','FOND4',6);
INSERT INTO "Register" (_id_register,archive,fond,signature) VALUES (142,'ARCH1','FOND4',7);
INSERT INTO "Register" (_id_register,archive,fond,signature) VALUES (143,'ARCH1','FOND4',8);
INSERT INTO "Register" (_id_register,archive,fond,signature) VALUES (144,'ARCH1','FOND4',9);
INSERT INTO "Register" (_id_register,archive,fond,signature) VALUES (145,'ARCH1','FOND4',10);
INSERT INTO "Register" (_id_register,archive,fond,signature) VALUES (146,'ARCH1','FOND4',11);
INSERT INTO "Register" (_id_register,archive,fond,signature) VALUES (147,'ARCH1','FOND4',12);
INSERT INTO "Register" (_id_register,archive,fond,signature) VALUES (148,'ARCH1','FOND4',13);
INSERT INTO "Register" (_id_register,archive,fond,signature) VALUES (149,'ARCH1','FOND4',14);
INSERT INTO "Register" (_id_register,archive,fond,signature) VALUES (150,'ARCH2','FOND0',0);
INSERT INTO "Register" (_id_register,archive,fond,signature) VALUES (151,'ARCH2','FOND0',1);
INSERT INTO "Register" (_id_register,archive,fond,signature) VALUES (152,'ARCH2','FOND0',2);
INSERT INTO "Register" (_id_register,archive,fond,signature) VALUES (153,'ARCH2','FOND0',3);
INSERT INTO "Register" (_id_register,archive,fond,signature) VALUES (154,'ARCH2','FOND0',4);
INSERT INTO "Register" (_id_register,archive,fond,signature) VALUES (155,'ARCH2','FOND0',5);
INSERT INTO "Register" (_id_register,archive,fond,signature) VALUES (156,'ARCH2','FOND0',6);
INSERT INTO "Register" (_id_register,archive,fond,signature) VALUES (157,'ARCH2','FOND0',7);
INSERT INTO "Register" (_id_register,archive,fond,signature) VALUES (158,'ARCH2','FOND0',8);
INSERT INTO "Register" (_id_register,archive,fond,signature) VALUES (159,'ARCH2','FOND0',9);
INSERT INTO "Register" (_id_register,archive,fond,signature) VALUES (160,'ARCH2','FOND0',10);
INSERT INTO "Register" (_id_register,archive,fond,signature) VALUES (161,'ARCH2','FOND0',11);
INSERT INTO "Register" (_id_register,archive,fond,signature) VALUES (162,'ARCH2','FOND0',12);
INSERT INTO "Register" (_id_register,archive,fond,signature) VALUES (163,'ARCH2','FOND0',13);
INSERT INTO "Register" (_id_register,archive,fond,signature) VALUES (164,'ARCH2','FOND0',14);
INSERT INTO "Register" (_id_register,archive,fond,signature) VALUES (165,'ARCH2','FOND1',0);
INSERT INTO "Register" (_id_register,archive,fond,signature) VALUES (166,'ARCH2','FOND1',1);
INSERT INTO "Register" (_id_register,archive,fond,signature) VALUES (167,'ARCH2','FOND1',2);
INSERT INTO "Register" (_id_register,archive,fond,signature) VALUES (168,'ARCH2','FOND1',3);
INSERT INTO "Register" (_id_register,archive,fond,signature) VALUES (169,'ARCH2','FOND1',4);
INSERT INTO "Register" (_id_register,archive,fond,signature) VALUES (170,'ARCH2','FOND1',5);
INSERT INTO "Register" (_id_register,archive,fond,signature) VALUES (171,'ARCH2','FOND1',6);
INSERT INTO "Register" (_id_register,archive,fond,signature) VALUES (172,'ARCH2','FOND1',7);
INSERT INTO "Register" (_id_register,archive,fond,signature) VALUES (173,'ARCH2','FOND1',8);
INSERT INTO "Register" (_id_register,archive,fond,signature) VALUES (174,'ARCH2','FOND1',9);
INSERT INTO "Register" (_id_register,archive,fond,signature) VALUES (175,'ARCH2','FOND1',10);
INSERT INTO "Register" (_id_register,archive,fond,signature) VALUES (176,'ARCH2','FOND1',11);
INSERT INTO "Register" (_id_register,archive,fond,signature) VALUES (177,'ARCH2','FOND1',12);
INSERT INTO "Register" (_id_register,archive,fond,signature) VALUES (178,'ARCH2','FOND1',13);
INSERT INTO "Register" (_id_register,archive,fond,signature) VALUES (179,'ARCH2','FOND1',14);
INSERT INTO "Register" (_id_register,archive,fond,signature) VALUES (180,'ARCH2','FOND2',0);
INSERT INTO "Register" (_id_register,archive,fond,signature) VALUES (181,'ARCH2','FOND2',1);
INSERT INTO "Register" (_id_register,archive,fond,signature) VALUES (182,'ARCH2','FOND2',2);
INSERT INTO "Register" (_id_register,archive,fond,signature) VALUES (183,'ARCH2','FOND2',3);
INSERT INTO "Register" (_id_register,archive,fond,signature) VALUES (184,'ARCH2','FOND2',4);
INSERT INTO "Register" (_id_register,archive,fond,signature) VALUES (185,'ARCH2','FOND2',5);
INSERT INTO "Register" (_id_register,archive,fond,signature) VALUES (186,'ARCH2','FOND2',6);
INSERT INTO "Register" (_id_register,archive,fond,signature) VALUES (187,'ARCH2','FOND2',7);
INSERT INTO "Register" (_id_register,archive,fond,signature) VALUES (188,'ARCH2','FOND2',8);
INSERT INTO "Register" (_id_register,archive,fond,signature) VALUES (189,'ARCH2','FOND2',9);
INSERT INTO "Register" (_id_register,archive,fond,signature) VALUES (190,'ARCH2','FOND2',10);
INSERT INTO "Register" (_id_register,archive,fond,signature) VALUES (191,'ARCH2','FOND2',11);
INSERT INTO "Register" (_id_register,archive,fond,signature) VALUES (192,'ARCH2','FOND2',12);
INSERT INTO "Register" (_id_register,archive,fond,signature) VALUES (193,'ARCH2','FOND2',13);
INSERT INTO "Register" (_id_register,archive,fond,signature) VALUES (194,'ARCH2','FOND2',14);
INSERT INTO "Register" (_id_register,archive,fond,signature) VALUES (195,'ARCH2','FOND3',0);
INSERT INTO "Register" (_id_register,archive,fond,signature) VALUES (196,'ARCH2','FOND3',1);
INSERT INTO "Register" (_id_register,archive,fond,signature) VALUES (197,'ARCH2','FOND3',2);
INSERT INTO "Register" (_id_register,archive,fond,signature) VALUES (198,'ARCH2','FOND3',3);
INSERT INTO "Register" (_id_register,archive,fond,signature) VALUES (199,'ARCH2','FOND3',4);
INSERT INTO "Register" (_id_register,archive,fond,signature) VALUES (200,'ARCH2','FOND3',5);
INSERT INTO "Register" (_id_register,archive,fond,signature) VALUES (201,'ARCH2','FOND3',6);
INSERT INTO "Register" (_id_register,archive,fond,signature) VALUES (202,'ARCH2','FOND3',7);
INSERT INTO "Register" (_id_register,archive,fond,signature) VALUES (203,'ARCH2','FOND3',8);
INSERT INTO "Register" (_id_register,archive,fond,signature) VALUES (204,'ARCH2','FOND3',9);
INSERT INTO "Register" (_id_register,archive,fond,signature) VALUES (205,'ARCH2','FOND3',10);
INSERT INTO "Register" (_id_register,archive,fond,signature) VALUES (206,'ARCH2','FOND3',11);
INSERT INTO "Register" (_id_register,archive,fond,signature) VALUES (207,'ARCH2','FOND3',12);
INSERT INTO "Register" (_id_register,archive,fond,signature) VALUES (208,'ARCH2','FOND3',13);
INSERT INTO "Register" (_id_register,archive,fond,signature) VALUES (209,'ARCH2','FOND3',14);
INSERT INTO "Register" (_id_register,archive,fond,signature) VALUES (210,'ARCH2','FOND4',0);
INSERT INTO "Register" (_id_register,archive,fond,signature) VALUES (211,'ARCH2','FOND4',1);
INSERT INTO "Register" (_id_register,archive,fond,signature) VALUES (212,'ARCH2','FOND4',2);
INSERT INTO "Register" (_id_register,archive,fond,signature) VALUES (213,'ARCH2','FOND4',3);
INSERT INTO "Register" (_id_register,archive,fond,signature) VALUES (214,'ARCH2','FOND4',4);
INSERT INTO "Register" (_id_register,archive,fond,signature) VALUES (215,'ARCH2','FOND4',5);
INSERT INTO "Register" (_id_register,archive,fond,signature) VALUES (216,'ARCH2','FOND4',6);
INSERT INTO "Register" (_id_register,archive,fond,signature) VALUES (217,'ARCH2','FOND4',7);
INSERT INTO "Register" (_id_register,archive,fond,signature) VALUES (218,'ARCH2','FOND4',8);
INSERT INTO "Register" (_id_register,archive,fond,signature) VALUES (219,'ARCH2','FOND4',9);
INSERT INTO "Register" (_id_register,archive,fond,signature) VALUES (220,'ARCH2','FOND4',10);
INSERT INTO "Register" (_id_register,archive,fond,signature) VALUES (221,'ARCH2','FOND4',11);
INSERT INTO "Register" (_id_register,archive,fond,signature) VALUES (222,'ARCH2','FOND4',12);
INSERT INTO "Register" (_id_register,archive,fond,signature) VALUES (223,'ARCH2','FOND4',13);
INSERT INTO "Register" (_id_register,archive,fond,signature) VALUES (224,'ARCH2','FOND4',14);
INSERT INTO "Name" (_id_name,name) VALUES (0,'Adam');
INSERT INTO "Name" (_id_name,name) VALUES (1,'Adolf');
INSERT INTO "Name" (_id_name,name) VALUES (2,'Alan');
INSERT INTO "Name" (_id_name,name) VALUES (3,'Albert');
INSERT INTO "Name" (_id_name,name) VALUES (4,'Aleš');
INSERT INTO "Name" (_id_name,name) VALUES (5,'Alexandr');
INSERT INTO "Name" (_id_name,name) VALUES (6,'Alexej');
INSERT INTO "Name" (_id_name,name) VALUES (7,'Alois');
INSERT INTO "Name" (_id_name,name) VALUES (8,'Ambrož');
INSERT INTO "Name" (_id_name,name) VALUES (9,'Benjamín');
INSERT INTO "Name" (_id_name,name) VALUES (10,'Andrej');
INSERT INTO "Name" (_id_name,name) VALUES (11,'Antonín');
INSERT INTO "Name" (_id_name,name) VALUES (12,'Arnošt');
INSERT INTO "Name" (_id_name,name) VALUES (13,'Artur');
INSERT INTO "Name" (_id_name,name) VALUES (14,'Augustýn');
INSERT INTO "Name" (_id_name,name) VALUES (15,'Bartoloměj');
INSERT INTO "Name" (_id_name,name) VALUES (16,'Bedřich');
INSERT INTO "Name" (_id_name,name) VALUES (17,'Benedikt');
INSERT INTO "Name" (_id_name,name) VALUES (18,'Bernard');
INSERT INTO "Name" (_id_name,name) VALUES (19,'Blahoslav');
INSERT INTO "Name" (_id_name,name) VALUES (20,'Blažej');
INSERT INTO "Name" (_id_name,name) VALUES (21,'Bohdan');
INSERT INTO "Name" (_id_name,name) VALUES (22,'Bohumil');
INSERT INTO "Name" (_id_name,name) VALUES (23,'Bohumír');
INSERT INTO "Name" (_id_name,name) VALUES (24,'Bohuslav');
INSERT INTO "Name" (_id_name,name) VALUES (25,'Boleslav');
INSERT INTO "Name" (_id_name,name) VALUES (26,'Bonifác');
INSERT INTO "Name" (_id_name,name) VALUES (27,'Boris');
INSERT INTO "Name" (_id_name,name) VALUES (28,'Bořek');
INSERT INTO "Name" (_id_name,name) VALUES (29,'Bořivoj');
INSERT INTO "Name" (_id_name,name) VALUES (30,'Bronislav');
INSERT INTO "Name" (_id_name,name) VALUES (31,'Bruno');
INSERT INTO "Name" (_id_name,name) VALUES (32,'Břetislav');
INSERT INTO "Name" (_id_name,name) VALUES (33,'Ctibor');
INSERT INTO "Name" (_id_name,name) VALUES (34,'Ctirad');
INSERT INTO "Name" (_id_name,name) VALUES (35,'Cyril');
INSERT INTO "Name" (_id_name,name) VALUES (36,'Metoděj');
INSERT INTO "Name" (_id_name,name) VALUES (37,'Čeněk');
INSERT INTO "Name" (_id_name,name) VALUES (38,'Čestmír');
INSERT INTO "Name" (_id_name,name) VALUES (39,'Dalibor');
INSERT INTO "Name" (_id_name,name) VALUES (40,'Dalimil');
INSERT INTO "Name" (_id_name,name) VALUES (41,'Daniel');
INSERT INTO "Name" (_id_name,name) VALUES (42,'David');
INSERT INTO "Name" (_id_name,name) VALUES (43,'Dobroslav');
INSERT INTO "Name" (_id_name,name) VALUES (44,'Dominik');
INSERT INTO "Name" (_id_name,name) VALUES (45,'Drahoslav');
INSERT INTO "Name" (_id_name,name) VALUES (46,'Dušan');
INSERT INTO "Name" (_id_name,name) VALUES (47,'Eduard');
INSERT INTO "Name" (_id_name,name) VALUES (48,'Herbert');
INSERT INTO "Name" (_id_name,name) VALUES (49,'Emanuel');
INSERT INTO "Name" (_id_name,name) VALUES (50,'Emil');
INSERT INTO "Name" (_id_name,name) VALUES (51,'Erik');
INSERT INTO "Name" (_id_name,name) VALUES (52,'Evžen');
INSERT INTO "Name" (_id_name,name) VALUES (53,'Felix');
INSERT INTO "Name" (_id_name,name) VALUES (54,'Ferdinand');
INSERT INTO "Name" (_id_name,name) VALUES (55,'Filip');
INSERT INTO "Name" (_id_name,name) VALUES (56,'František');
INSERT INTO "Name" (_id_name,name) VALUES (57,'Gabriel');
INSERT INTO "Name" (_id_name,name) VALUES (58,'Gustav');
INSERT INTO "Name" (_id_name,name) VALUES (59,'Hanuš');
INSERT INTO "Name" (_id_name,name) VALUES (60,'Havel');
INSERT INTO "Name" (_id_name,name) VALUES (61,'Heřman');
INSERT INTO "Name" (_id_name,name) VALUES (62,'Hubert');
INSERT INTO "Name" (_id_name,name) VALUES (63,'Hugo');
INSERT INTO "Name" (_id_name,name) VALUES (64,'Hynek');
INSERT INTO "Name" (_id_name,name) VALUES (65,'Ignác');
INSERT INTO "Name" (_id_name,name) VALUES (66,'Igor');
INSERT INTO "Name" (_id_name,name) VALUES (67,'Ivan');
INSERT INTO "Name" (_id_name,name) VALUES (68,'Slavoj');
INSERT INTO "Name" (_id_name,name) VALUES (69,'Ivo');
INSERT INTO "Name" (_id_name,name) VALUES (70,'Jáchym');
INSERT INTO "Name" (_id_name,name) VALUES (71,'Jakub');
INSERT INTO "Name" (_id_name,name) VALUES (72,'Jan');
INSERT INTO "Name" (_id_name,name) VALUES (73,'Jarmil');
INSERT INTO "Name" (_id_name,name) VALUES (74,'Jaromír');
INSERT INTO "Name" (_id_name,name) VALUES (75,'Jaroslav');
INSERT INTO "Name" (_id_name,name) VALUES (76,'Jeroným');
INSERT INTO "Name" (_id_name,name) VALUES (77,'Jindřich');
INSERT INTO "Name" (_id_name,name) VALUES (78,'Jiří');
INSERT INTO "Name" (_id_name,name) VALUES (79,'Jonáš');
INSERT INTO "Name" (_id_name,name) VALUES (80,'Josef');
INSERT INTO "Name" (_id_name,name) VALUES (81,'Julius');
INSERT INTO "Name" (_id_name,name) VALUES (82,'Kamil');
INSERT INTO "Name" (_id_name,name) VALUES (83,'Karel');
INSERT INTO "Name" (_id_name,name) VALUES (84,'Kazimir');
INSERT INTO "Name" (_id_name,name) VALUES (85,'Klement');
INSERT INTO "Name" (_id_name,name) VALUES (86,'Kristian');
INSERT INTO "Name" (_id_name,name) VALUES (87,'Kryštof');
INSERT INTO "Name" (_id_name,name) VALUES (88,'Květoslav');
INSERT INTO "Name" (_id_name,name) VALUES (89,'Kvido');
INSERT INTO "Name" (_id_name,name) VALUES (90,'Ladislav');
INSERT INTO "Name" (_id_name,name) VALUES (91,'Leopold');
INSERT INTO "Name" (_id_name,name) VALUES (92,'Leoš');
INSERT INTO "Name" (_id_name,name) VALUES (93,'Libor');
INSERT INTO "Name" (_id_name,name) VALUES (94,'Samuel');
INSERT INTO "Name" (_id_name,name) VALUES (95,'Lubomír');
INSERT INTO "Name" (_id_name,name) VALUES (96,'Lubor');
INSERT INTO "Name" (_id_name,name) VALUES (97,'Luboš');
INSERT INTO "Name" (_id_name,name) VALUES (98,'Luděk');
INSERT INTO "Name" (_id_name,name) VALUES (99,'Ludvík');
INSERT INTO "Name" (_id_name,name) VALUES (100,'Lukáš');
INSERT INTO "Name" (_id_name,name) VALUES (101,'Lumír');
INSERT INTO "Name" (_id_name,name) VALUES (102,'Marcel');
INSERT INTO "Name" (_id_name,name) VALUES (103,'Marek');
INSERT INTO "Name" (_id_name,name) VALUES (104,'Marian');
INSERT INTO "Name" (_id_name,name) VALUES (105,'Martin');
INSERT INTO "Name" (_id_name,name) VALUES (106,'Matěj');
INSERT INTO "Name" (_id_name,name) VALUES (107,'Matouš');
INSERT INTO "Name" (_id_name,name) VALUES (108,'Maxmilián');
INSERT INTO "Name" (_id_name,name) VALUES (109,'Medard');
INSERT INTO "Name" (_id_name,name) VALUES (110,'Michal');
INSERT INTO "Name" (_id_name,name) VALUES (111,'Mikuláš');
INSERT INTO "Name" (_id_name,name) VALUES (112,'Milan');
INSERT INTO "Name" (_id_name,name) VALUES (113,'Miloslav');
INSERT INTO "Name" (_id_name,name) VALUES (114,'Miloš');
INSERT INTO "Name" (_id_name,name) VALUES (115,'Miroslav');
INSERT INTO "Name" (_id_name,name) VALUES (116,'Mojmír');
INSERT INTO "Name" (_id_name,name) VALUES (117,'Norbert');
INSERT INTO "Name" (_id_name,name) VALUES (118,'Oldřich');
INSERT INTO "Name" (_id_name,name) VALUES (119,'Oleg');
INSERT INTO "Name" (_id_name,name) VALUES (120,'Oliver');
INSERT INTO "Name" (_id_name,name) VALUES (121,'Ondřej');
INSERT INTO "Name" (_id_name,name) VALUES (122,'Oskar');
INSERT INTO "Name" (_id_name,name) VALUES (123,'Otakar');
INSERT INTO "Name" (_id_name,name) VALUES (124,'Otmar');
INSERT INTO "Name" (_id_name,name) VALUES (125,'Oto');
INSERT INTO "Name" (_id_name,name) VALUES (126,'Pankrác');
INSERT INTO "Name" (_id_name,name) VALUES (127,'Patrik');
INSERT INTO "Name" (_id_name,name) VALUES (128,'Petr');
INSERT INTO "Name" (_id_name,name) VALUES (129,'Petr');
INSERT INTO "Name" (_id_name,name) VALUES (130,'Pavel');
INSERT INTO "Name" (_id_name,name) VALUES (131,'Pravoslav');
INSERT INTO "Name" (_id_name,name) VALUES (132,'Prokop');
INSERT INTO "Name" (_id_name,name) VALUES (133,'Přemysl');
INSERT INTO "Name" (_id_name,name) VALUES (134,'Radan');
INSERT INTO "Name" (_id_name,name) VALUES (135,'Radek');
INSERT INTO "Name" (_id_name,name) VALUES (136,'Radim');
INSERT INTO "Name" (_id_name,name) VALUES (137,'Radomír');
INSERT INTO "Name" (_id_name,name) VALUES (138,'Radoslav');
INSERT INTO "Name" (_id_name,name) VALUES (139,'Radovan');
INSERT INTO "Name" (_id_name,name) VALUES (140,'René');
INSERT INTO "Name" (_id_name,name) VALUES (141,'Richard');
INSERT INTO "Name" (_id_name,name) VALUES (142,'Robert');
INSERT INTO "Name" (_id_name,name) VALUES (143,'Robin');
INSERT INTO "Name" (_id_name,name) VALUES (144,'Roland');
INSERT INTO "Name" (_id_name,name) VALUES (145,'Roman');
INSERT INTO "Name" (_id_name,name) VALUES (146,'Rostislav');
INSERT INTO "Name" (_id_name,name) VALUES (147,'Rudolf');
INSERT INTO "Name" (_id_name,name) VALUES (148,'Řehoř');
INSERT INTO "Name" (_id_name,name) VALUES (149,'Servác');
INSERT INTO "Name" (_id_name,name) VALUES (150,'Silvestr');
INSERT INTO "Name" (_id_name,name) VALUES (151,'Slavomír');
INSERT INTO "Name" (_id_name,name) VALUES (152,'Soběslav');
INSERT INTO "Name" (_id_name,name) VALUES (153,'Stanislav');
INSERT INTO "Name" (_id_name,name) VALUES (154,'Svatopluk');
INSERT INTO "Name" (_id_name,name) VALUES (155,'Svatoslav');
INSERT INTO "Name" (_id_name,name) VALUES (156,'Šimon');
INSERT INTO "Name" (_id_name,name) VALUES (157,'Štefan');
INSERT INTO "Name" (_id_name,name) VALUES (158,'Štěpán');
INSERT INTO "Name" (_id_name,name) VALUES (159,'Tadeáš');
INSERT INTO "Name" (_id_name,name) VALUES (160,'Teodor');
INSERT INTO "Name" (_id_name,name) VALUES (161,'Tibor');
INSERT INTO "Name" (_id_name,name) VALUES (162,'Tomáš');
INSERT INTO "Name" (_id_name,name) VALUES (163,'Václav');
INSERT INTO "Name" (_id_name,name) VALUES (164,'Valdemar');
INSERT INTO "Name" (_id_name,name) VALUES (165,'Valentýn');
INSERT INTO "Name" (_id_name,name) VALUES (166,'Vavřinec');
INSERT INTO "Name" (_id_name,name) VALUES (167,'Věnceslav');
INSERT INTO "Name" (_id_name,name) VALUES (168,'Vendelín');
INSERT INTO "Name" (_id_name,name) VALUES (169,'Věroslav');
INSERT INTO "Name" (_id_name,name) VALUES (170,'Viktor');
INSERT INTO "Name" (_id_name,name) VALUES (171,'Vilém');
INSERT INTO "Name" (_id_name,name) VALUES (172,'Vincenc');
INSERT INTO "Name" (_id_name,name) VALUES (173,'Vít');
INSERT INTO "Name" (_id_name,name) VALUES (174,'Vítězslav');
INSERT INTO "Name" (_id_name,name) VALUES (175,'Vladan');
INSERT INTO "Name" (_id_name,name) VALUES (176,'Vladimír');
INSERT INTO "Name" (_id_name,name) VALUES (177,'Vladislav');
INSERT INTO "Name" (_id_name,name) VALUES (178,'Vlastimil');
INSERT INTO "Name" (_id_name,name) VALUES (179,'Vlastislav');
INSERT INTO "Name" (_id_name,name) VALUES (180,'Vojtěch');
INSERT INTO "Name" (_id_name,name) VALUES (181,'Vratislav');
INSERT INTO "Name" (_id_name,name) VALUES (182,'Zbyněk');
INSERT INTO "Name" (_id_name,name) VALUES (183,'Zbyšek');
INSERT INTO "Name" (_id_name,name) VALUES (184,'Zdeněk');
INSERT INTO "Name" (_id_name,name) VALUES (185,'Zikmund');
INSERT INTO "Name" (_id_name,name) VALUES (186,'Eva');
INSERT INTO "Name" (_id_name,name) VALUES (187,'Adéla');
INSERT INTO "Name" (_id_name,name) VALUES (188,'Adriana');
INSERT INTO "Name" (_id_name,name) VALUES (189,'Agáta');
INSERT INTO "Name" (_id_name,name) VALUES (190,'Albína');
INSERT INTO "Name" (_id_name,name) VALUES (191,'Alena');
INSERT INTO "Name" (_id_name,name) VALUES (192,'Alexandra');
INSERT INTO "Name" (_id_name,name) VALUES (193,'Alžběta');
INSERT INTO "Name" (_id_name,name) VALUES (194,'Anděla');
INSERT INTO "Name" (_id_name,name) VALUES (195,'Andrea');
INSERT INTO "Name" (_id_name,name) VALUES (196,'Aneta');
INSERT INTO "Name" (_id_name,name) VALUES (197,'Anežka');
INSERT INTO "Name" (_id_name,name) VALUES (198,'Anna');
INSERT INTO "Name" (_id_name,name) VALUES (199,'Apolena');
INSERT INTO "Name" (_id_name,name) VALUES (200,'Barbora');
INSERT INTO "Name" (_id_name,name) VALUES (201,'Beáta');
INSERT INTO "Name" (_id_name,name) VALUES (202,'Běla');
INSERT INTO "Name" (_id_name,name) VALUES (203,'Berta');
INSERT INTO "Name" (_id_name,name) VALUES (204,'Blanka');
INSERT INTO "Name" (_id_name,name) VALUES (205,'Blažena');
INSERT INTO "Name" (_id_name,name) VALUES (206,'Bohdana');
INSERT INTO "Name" (_id_name,name) VALUES (207,'Bohumila');
INSERT INTO "Name" (_id_name,name) VALUES (208,'Bohuslava');
INSERT INTO "Name" (_id_name,name) VALUES (209,'Božena');
INSERT INTO "Name" (_id_name,name) VALUES (210,'Brigita');
INSERT INTO "Name" (_id_name,name) VALUES (211,'Dana');
INSERT INTO "Name" (_id_name,name) VALUES (212,'Daniela');
INSERT INTO "Name" (_id_name,name) VALUES (213,'Darina');
INSERT INTO "Name" (_id_name,name) VALUES (214,'Darja');
INSERT INTO "Name" (_id_name,name) VALUES (215,'Denisa');
INSERT INTO "Name" (_id_name,name) VALUES (216,'Diana');
INSERT INTO "Name" (_id_name,name) VALUES (217,'Dita');
INSERT INTO "Name" (_id_name,name) VALUES (218,'Dobromila');
INSERT INTO "Name" (_id_name,name) VALUES (219,'Dorota');
INSERT INTO "Name" (_id_name,name) VALUES (220,'Doubravka');
INSERT INTO "Name" (_id_name,name) VALUES (221,'Drahomíra');
INSERT INTO "Name" (_id_name,name) VALUES (222,'Drahoslava');
INSERT INTO "Name" (_id_name,name) VALUES (223,'Edita');
INSERT INTO "Name" (_id_name,name) VALUES (224,'Elena');
INSERT INTO "Name" (_id_name,name) VALUES (225,'Eliška');
INSERT INTO "Name" (_id_name,name) VALUES (226,'Ema');
INSERT INTO "Name" (_id_name,name) VALUES (227,'Erika');
INSERT INTO "Name" (_id_name,name) VALUES (228,'Evelína');
INSERT INTO "Name" (_id_name,name) VALUES (229,'Františka');
INSERT INTO "Name" (_id_name,name) VALUES (230,'Gabriela');
INSERT INTO "Name" (_id_name,name) VALUES (231,'Gita');
INSERT INTO "Name" (_id_name,name) VALUES (232,'Gizela');
INSERT INTO "Name" (_id_name,name) VALUES (233,'Hana');
INSERT INTO "Name" (_id_name,name) VALUES (234,'Hedvika');
INSERT INTO "Name" (_id_name,name) VALUES (235,'Helena');
INSERT INTO "Name" (_id_name,name) VALUES (236,'Hermína');
INSERT INTO "Name" (_id_name,name) VALUES (237,'Ida');
INSERT INTO "Name" (_id_name,name) VALUES (238,'Ilja');
INSERT INTO "Name" (_id_name,name) VALUES (239,'Ilona');
INSERT INTO "Name" (_id_name,name) VALUES (240,'Irena');
INSERT INTO "Name" (_id_name,name) VALUES (241,'Irma');
INSERT INTO "Name" (_id_name,name) VALUES (242,'Iva');
INSERT INTO "Name" (_id_name,name) VALUES (243,'Ivana');
INSERT INTO "Name" (_id_name,name) VALUES (244,'Iveta');
INSERT INTO "Name" (_id_name,name) VALUES (245,'Ivona');
INSERT INTO "Name" (_id_name,name) VALUES (246,'Izabela');
INSERT INTO "Name" (_id_name,name) VALUES (247,'Jana');
INSERT INTO "Name" (_id_name,name) VALUES (248,'Jarmila');
INSERT INTO "Name" (_id_name,name) VALUES (249,'Jaroslava');
INSERT INTO "Name" (_id_name,name) VALUES (250,'Jindřiška');
INSERT INTO "Name" (_id_name,name) VALUES (251,'Jiřina');
INSERT INTO "Name" (_id_name,name) VALUES (252,'Jitka');
INSERT INTO "Name" (_id_name,name) VALUES (253,'Johana');
INSERT INTO "Name" (_id_name,name) VALUES (254,'Jolana');
INSERT INTO "Name" (_id_name,name) VALUES (255,'Judita');
INSERT INTO "Name" (_id_name,name) VALUES (256,'Justýna');
INSERT INTO "Name" (_id_name,name) VALUES (257,'Kamila');
INSERT INTO "Name" (_id_name,name) VALUES (258,'Karina');
INSERT INTO "Name" (_id_name,name) VALUES (259,'Karolína');
INSERT INTO "Name" (_id_name,name) VALUES (260,'Kateřina');
INSERT INTO "Name" (_id_name,name) VALUES (261,'Klára');
INSERT INTO "Name" (_id_name,name) VALUES (262,'Kristýna');
INSERT INTO "Name" (_id_name,name) VALUES (263,'Květa');
INSERT INTO "Name" (_id_name,name) VALUES (264,'Květoslava');
INSERT INTO "Name" (_id_name,name) VALUES (265,'Lada');
INSERT INTO "Name" (_id_name,name) VALUES (266,'Laura');
INSERT INTO "Name" (_id_name,name) VALUES (267,'Lenka');
INSERT INTO "Name" (_id_name,name) VALUES (268,'Leona');
INSERT INTO "Name" (_id_name,name) VALUES (269,'Liběna');
INSERT INTO "Name" (_id_name,name) VALUES (270,'Liliana');
INSERT INTO "Name" (_id_name,name) VALUES (271,'Linda');
INSERT INTO "Name" (_id_name,name) VALUES (272,'Ljuba');
INSERT INTO "Name" (_id_name,name) VALUES (273,'Ludmila');
INSERT INTO "Name" (_id_name,name) VALUES (274,'Magdaléna');
INSERT INTO "Name" (_id_name,name) VALUES (275,'Mahulena');
INSERT INTO "Name" (_id_name,name) VALUES (276,'Marcela');
INSERT INTO "Name" (_id_name,name) VALUES (277,'Mariana');
INSERT INTO "Name" (_id_name,name) VALUES (278,'Marika');
INSERT INTO "Name" (_id_name,name) VALUES (279,'Marina');
INSERT INTO "Name" (_id_name,name) VALUES (280,'Markéta');
INSERT INTO "Name" (_id_name,name) VALUES (281,'Marta');
INSERT INTO "Name" (_id_name,name) VALUES (282,'Martina');
INSERT INTO "Name" (_id_name,name) VALUES (283,'Michaela');
INSERT INTO "Name" (_id_name,name) VALUES (284,'Milada');
INSERT INTO "Name" (_id_name,name) VALUES (285,'Milena');
INSERT INTO "Name" (_id_name,name) VALUES (286,'Miloslava');
INSERT INTO "Name" (_id_name,name) VALUES (287,'Miroslava');
INSERT INTO "Name" (_id_name,name) VALUES (288,'Monika');
INSERT INTO "Name" (_id_name,name) VALUES (289,'Naděžda');
INSERT INTO "Name" (_id_name,name) VALUES (290,'Nataša');
INSERT INTO "Name" (_id_name,name) VALUES (291,'Nela');
INSERT INTO "Name" (_id_name,name) VALUES (292,'Nikola');
INSERT INTO "Name" (_id_name,name) VALUES (293,'Nina');
INSERT INTO "Name" (_id_name,name) VALUES (294,'Nora');
INSERT INTO "Name" (_id_name,name) VALUES (295,'Oldřiška');
INSERT INTO "Name" (_id_name,name) VALUES (296,'Olga');
INSERT INTO "Name" (_id_name,name) VALUES (297,'Pavla');
INSERT INTO "Name" (_id_name,name) VALUES (298,'Pavlína');
INSERT INTO "Name" (_id_name,name) VALUES (299,'Petra');
INSERT INTO "Name" (_id_name,name) VALUES (300,'Radana');
INSERT INTO "Name" (_id_name,name) VALUES (301,'Radka');
INSERT INTO "Name" (_id_name,name) VALUES (302,'Radmila');
INSERT INTO "Name" (_id_name,name) VALUES (303,'Regína');
INSERT INTO "Name" (_id_name,name) VALUES (304,'Renáta');
INSERT INTO "Name" (_id_name,name) VALUES (305,'Romana');
INSERT INTO "Name" (_id_name,name) VALUES (306,'Matylda');
INSERT INTO "Name" (_id_name,name) VALUES (307,'Růžena');
INSERT INTO "Name" (_id_name,name) VALUES (308,'Sabina');
INSERT INTO "Name" (_id_name,name) VALUES (309,'Sandra');
INSERT INTO "Name" (_id_name,name) VALUES (310,'Sáva');
INSERT INTO "Name" (_id_name,name) VALUES (311,'Simona');
INSERT INTO "Name" (_id_name,name) VALUES (312,'Slavěna');
INSERT INTO "Name" (_id_name,name) VALUES (313,'Soňa');
INSERT INTO "Name" (_id_name,name) VALUES (314,'Stanislava');
INSERT INTO "Name" (_id_name,name) VALUES (315,'Stela');
INSERT INTO "Name" (_id_name,name) VALUES (316,'Svatava');
INSERT INTO "Name" (_id_name,name) VALUES (317,'Světlana');
INSERT INTO "Name" (_id_name,name) VALUES (318,'Šárka');
INSERT INTO "Name" (_id_name,name) VALUES (319,'Šarlota');
INSERT INTO "Name" (_id_name,name) VALUES (320,'Sára');
INSERT INTO "Name" (_id_name,name) VALUES (321,'Štěpánka');
INSERT INTO "Name" (_id_name,name) VALUES (322,'Tamara');
INSERT INTO "Name" (_id_name,name) VALUES (323,'Taťána');
INSERT INTO "Name" (_id_name,name) VALUES (324,'Tereza');
INSERT INTO "Name" (_id_name,name) VALUES (325,'Vanda');
INSERT INTO "Name" (_id_name,name) VALUES (326,'Vendula');
INSERT INTO "Name" (_id_name,name) VALUES (327,'Věra');
INSERT INTO "Name" (_id_name,name) VALUES (328,'Veronika');
INSERT INTO "Name" (_id_name,name) VALUES (329,'Vilma');
INSERT INTO "Name" (_id_name,name) VALUES (330,'Viola');
INSERT INTO "Name" (_id_name,name) VALUES (331,'Vladěna');
INSERT INTO "Name" (_id_name,name) VALUES (332,'Vlasta');
INSERT INTO "Name" (_id_name,name) VALUES (333,'Zdeňka');
INSERT INTO "Name" (_id_name,name) VALUES (334,'Zdislava');
INSERT INTO "Name" (_id_name,name) VALUES (335,'Zina');
INSERT INTO "Name" (_id_name,name) VALUES (336,'Zita');
INSERT INTO "Name" (_id_name,name) VALUES (337,'Zlata');
INSERT INTO "Name" (_id_name,name) VALUES (338,'Zora');
INSERT INTO "Name" (_id_name,name) VALUES (339,'Zuzana');
INSERT INTO "Name" (_id_name,name) VALUES (340,'Alice');
INSERT INTO "Name" (_id_name,name) VALUES (341,'Anastázie');
INSERT INTO "Name" (_id_name,name) VALUES (342,'Antonie');
INSERT INTO "Name" (_id_name,name) VALUES (343,'Cecílie');
INSERT INTO "Name" (_id_name,name) VALUES (344,'Emílie');
INSERT INTO "Name" (_id_name,name) VALUES (345,'Evženie');
INSERT INTO "Name" (_id_name,name) VALUES (346,'Julie');
INSERT INTO "Name" (_id_name,name) VALUES (347,'Klaudie');
INSERT INTO "Name" (_id_name,name) VALUES (348,'Libuše');
INSERT INTO "Name" (_id_name,name) VALUES (349,'Amálie');
INSERT INTO "Name" (_id_name,name) VALUES (350,'Lucie');
INSERT INTO "Name" (_id_name,name) VALUES (351,'Lýdie');
INSERT INTO "Name" (_id_name,name) VALUES (352,'Marie');
INSERT INTO "Name" (_id_name,name) VALUES (353,'Miluše');
INSERT INTO "Name" (_id_name,name) VALUES (354,'Natálie');
INSERT INTO "Name" (_id_name,name) VALUES (355,'Olivie');
INSERT INTO "Name" (_id_name,name) VALUES (356,'Otýlie');
INSERT INTO "Name" (_id_name,name) VALUES (357,'Patricie');
INSERT INTO "Name" (_id_name,name) VALUES (358,'Saskie');
INSERT INTO "Name" (_id_name,name) VALUES (359,'Silvie');
INSERT INTO "Name" (_id_name,name) VALUES (360,'Zoe');
INSERT INTO "Name" (_id_name,name) VALUES (361,'Valérie');
INSERT INTO "Name" (_id_name,name) VALUES (362,'Viktorie');
INSERT INTO "Name" (_id_name,name) VALUES (363,'Xenie');
INSERT INTO "Name" (_id_name,name) VALUES (364,'Žofie');
INSERT INTO "Name" (_id_name,name) VALUES (365,'Dagmar');
INSERT INTO "Name" (_id_name,name) VALUES (366,'Ester');
INSERT INTO "Name" (_id_name,name) VALUES (367,'Ingrid');
INSERT INTO "Name" (_id_name,name) VALUES (368,'Miriam');
INSERT INTO "Name" (_id_name,name) VALUES (369,'Růt');
INSERT INTO "Occupation" (_id_occup,name) VALUES (0,'dřev');
INSERT INTO "Occupation" (_id_occup,name) VALUES (1,'Lékař');
INSERT INTO "Occupation" (_id_occup,name) VALUES (2,'Hokyník');
INSERT INTO "Occupation" (_id_occup,name) VALUES (3,'Zuvač');
INSERT INTO "Occupation" (_id_occup,name) VALUES (4,'Bába jalovcová');
INSERT INTO "Occupation" (_id_occup,name) VALUES (5,'Šlejfíř');
INSERT INTO "Occupation" (_id_occup,name) VALUES (6,'Trubák');
INSERT INTO "Occupation" (_id_occup,name) VALUES (7,'Lukař');
INSERT INTO "Occupation" (_id_occup,name) VALUES (8,'Miškař');
INSERT INTO "Occupation" (_id_occup,name) VALUES (9,'Výčepn');
INSERT INTO "Occupation" (_id_occup,name) VALUES (10,'Presař');
INSERT INTO "Occupation" (_id_occup,name) VALUES (11,'Pan otec');
INSERT INTO "Occupation" (_id_occup,name) VALUES (12,'ík');
INSERT INTO "Occupation" (_id_occup,name) VALUES (13,'Obročný');
INSERT INTO "Occupation" (_id_occup,name) VALUES (14,'Ližník');
INSERT INTO "Occupation" (_id_occup,name) VALUES (15,'Bába herynkářka');
INSERT INTO "Occupation" (_id_occup,name) VALUES (16,'Štítař');
INSERT INTO "Occupation" (_id_occup,name) VALUES (17,'Pouzdrník');
INSERT INTO "Occupation" (_id_occup,name) VALUES (18,'Posel');
INSERT INTO "Occupation" (_id_occup,name) VALUES (19,'Hospodářka');
INSERT INTO "Occupation" (_id_occup,name) VALUES (20,'Medník');
INSERT INTO "Occupation" (_id_occup,name) VALUES (21,'Tkaničkář');
INSERT INTO "Occupation" (_id_occup,name) VALUES (22,'Sýrník');
INSERT INTO "Occupation" (_id_occup,name) VALUES (23,'Hospodář domovní');
INSERT INTO "Occupation" (_id_occup,name) VALUES (24,'Mastičkář');
INSERT INTO "Occupation" (_id_occup,name) VALUES (25,'Dršťkař');
INSERT INTO "Occupation" (_id_occup,name) VALUES (26,'Pouzdrař');
INSERT INTO "Occupation" (_id_occup,name) VALUES (27,'Cihlář');
INSERT INTO "Occupation" (_id_occup,name) VALUES (28,'Kolomazník');
INSERT INTO "Occupation" (_id_occup,name) VALUES (29,'Kytléř');
INSERT INTO "Occupation" (_id_occup,name) VALUES (30,'Studnikář');
INSERT INTO "Occupation" (_id_occup,name) VALUES (31,'Sádelník');
INSERT INTO "Occupation" (_id_occup,name) VALUES (32,'Kat');
INSERT INTO "Occupation" (_id_occup,name) VALUES (33,'Houslař');
INSERT INTO "Occupation" (_id_occup,name) VALUES (34,'Semínkář');
INSERT INTO "Occupation" (_id_occup,name) VALUES (35,'Prýmkař');
INSERT INTO "Occupation" (_id_occup,name) VALUES (36,'Kuchyník');
INSERT INTO "Occupation" (_id_occup,name) VALUES (37,'Ladýř');
INSERT INTO "Occupation" (_id_occup,name) VALUES (38,'Přádkář');
INSERT INTO "Occupation" (_id_occup,name) VALUES (39,'Poštář');
INSERT INTO "Occupation" (_id_occup,name) VALUES (40,'Austrakař');
INSERT INTO "Occupation" (_id_occup,name) VALUES (41,'Bába andělíčkářka');
INSERT INTO "Occupation" (_id_occup,name) VALUES (42,'Bába jalovcová');
INSERT INTO "Occupation" (_id_occup,name) VALUES (43,'Sítař');
INSERT INTO "Occupation" (_id_occup,name) VALUES (44,'Bradýř');
INSERT INTO "Occupation" (_id_occup,name) VALUES (45,'Tiskař');
INSERT INTO "Occupation" (_id_occup,name) VALUES (46,'Hospodář domovní');
INSERT INTO "Occupation" (_id_occup,name) VALUES (47,'Kuléř');
INSERT INTO "Occupation" (_id_occup,name) VALUES (48,'Farář');
INSERT INTO "Occupation" (_id_occup,name) VALUES (49,'Kárník');
INSERT INTO "Director" (_id_director,surname,title) VALUES (0,'Horáček','kooperátor');
INSERT INTO "Director" (_id_director,surname,title) VALUES (1,'Soukup','kurát');
INSERT INTO "Director" (_id_director,surname,title) VALUES (2,'Vlček','admininstrátor');
INSERT INTO "DirectorName" (director_id,name_id) VALUES (0,27);
INSERT INTO "DirectorName" (director_id,name_id) VALUES (1,24);
INSERT INTO "DirectorName" (director_id,name_id) VALUES (2,122);
INSERT INTO "Celebrant" (_id_celebrant,surname,title_occup) VALUES (0,'Horváth','farář');
INSERT INTO "Celebrant" (_id_celebrant,surname,title_occup) VALUES (1,'Němec','kooperátor');
INSERT INTO "Celebrant" (_id_celebrant,surname,title_occup) VALUES (2,'Fišer','kaplan');
INSERT INTO "CelebrantName" (celebrant_id,name_id) VALUES (0,132);
INSERT INTO "CelebrantName" (celebrant_id,name_id) VALUES (1,123);
INSERT INTO "CelebrantName" (celebrant_id,name_id) VALUES (2,6);
INSERT INTO "Officiant" (_id_officiant,surname,title) VALUES (0,'Mareš','admininstrátor');
INSERT INTO "Officiant" (_id_officiant,surname,title) VALUES (1,'Ševčík','kooperátor');
INSERT INTO "Officiant" (_id_officiant,surname,title) VALUES (2,'Pavlík','farář');
INSERT INTO "OfficiantName" (officiant_id,name_id) VALUES (0,65);
INSERT INTO "OfficiantName" (officiant_id,name_id) VALUES (1,146);
INSERT INTO "OfficiantName" (officiant_id,name_id) VALUES (2,106);
INSERT INTO "Person" (_id_person,surname,village,street,descr,birth,sex,religion) VALUES (0,'Tomanová','Opava','Truhlář',86999,'1801-05-21','žena','katolík');
INSERT INTO "Person" (_id_person,surname,village,street,descr,birth,sex,religion) VALUES (1,'Toman','Opava','Truhlář',86999,'1801-08-28','muž','katolík');
INSERT INTO "Person" (_id_person,surname,village,street,descr,birth,sex,religion,mother_id,father_id) VALUES (2,'Toman','Opava','Truhlář',86999,'1839-11-04','muž','katolík',0,1);
INSERT INTO "Person" (_id_person,surname,village,street,descr,birth,sex,religion) VALUES (3,'Poláková','Most','Krasoslav',1990,'1808-03-29','žena','katolík');
INSERT INTO "Person" (_id_person,surname,village,street,descr,birth,sex,religion) VALUES (4,'Polák','Most','Krasoslav',1990,'1809-02-27','muž','katolík');
INSERT INTO "Person" (_id_person,surname,village,street,descr,birth,sex,religion,mother_id,father_id) VALUES (5,'Poláková','Most','Krasoslav',1990,'1827-07-14','žena','katolík',3,4);
INSERT INTO "Person" (_id_person,surname,village,street,descr,birth,sex,religion) VALUES (6,'Urbanová','Liberec','Baurová',882,'1801-06-07','žena','katolík');
INSERT INTO "Person" (_id_person,surname,village,street,descr,birth,sex,religion) VALUES (7,'Urban','Liberec','Baurová',882,'1806-07-09','muž','katolík');
INSERT INTO "Person" (_id_person,surname,village,street,descr,birth,sex,religion,mother_id,father_id) VALUES (8,'Urbanová','Liberec','Baurová',882,'1828-06-18','žena','katolík',6,7);
INSERT INTO "Person" (_id_person,surname,village,street,descr,birth,sex,religion) VALUES (9,'Dušeková','Havířov','Jelen',9930,'1809-08-08','žena','katolík');
INSERT INTO "Person" (_id_person,surname,village,street,descr,birth,sex,religion) VALUES (10,'Dušek','Havířov','Jelen',9930,'1808-09-24','muž','katolík');
INSERT INTO "Person" (_id_person,surname,village,street,descr,birth,sex,religion,mother_id,father_id) VALUES (11,'Dušek','Havířov','Jelen',9930,'1839-05-01','muž','katolík',9,10);
INSERT INTO "Person" (_id_person,surname,village,street,descr,birth,sex,religion,father_id) VALUES (12,'Dušek','Havířov','Doris',06229,'1859-03-23','muž','katolík',11);
INSERT INTO "Person" (_id_person,surname,village,street,descr,birth,sex,religion,father_id) VALUES (13,'Dušeková','Frýdek-Místek','Odolen',039,'1864-08-02','žena','katolík',11);
INSERT INTO "Person" (_id_person,surname,village,street,descr,birth,sex,religion,father_id) VALUES (14,'Dušek','Liberec','Maximilián',53600,'1866-12-26','muž','katolík',11);
INSERT INTO "Person" (_id_person,surname,village,street,descr,birth,sex,religion) VALUES (15,'Havlíčeková','Plzeň','Gaja',94156,'1804-10-31','žena','katolík');
INSERT INTO "Person" (_id_person,surname,village,street,descr,birth,sex,religion) VALUES (16,'Havlíček','Plzeň','Gaja',94156,'1804-08-25','muž','katolík');
INSERT INTO "Person" (_id_person,surname,village,street,descr,birth,sex,religion,mother_id,father_id) VALUES (17,'Havlíček','Plzeň','Gaja',94156,'1833-03-06','muž','katolík',15,16);
INSERT INTO "Person" (_id_person,surname,village,street,descr,birth,sex,religion,father_id) VALUES (18,'Havlíčeková','Plzeň','Mirko',6596,'1858-12-30','žena','katolík',17);
INSERT INTO "Person" (_id_person,surname,village,street,descr,birth,sex,religion) VALUES (19,'Müllerová','Kladno','švarc',5146,'1809-08-15','žena','nepokřtěn');
INSERT INTO "Person" (_id_person,surname,village,street,descr,birth,sex,religion) VALUES (20,'Müller','Kladno','švarc',5146,'1805-06-09','muž','katolík');
INSERT INTO "Person" (_id_person,surname,village,street,descr,birth,sex,religion,mother_id,father_id) VALUES (21,'Müllerová','Kladno','švarc',5146,'1832-03-23','žena','katolík',19,20);
INSERT INTO "Person" (_id_person,surname,village,street,descr,birth,sex,religion,mother_id) VALUES (22,'Müller','Kladno','Kristina',24720,'1869-05-31','muž','nepokřtěn',21);
INSERT INTO "Person" (_id_person,surname,village,street,descr,birth,sex,religion,mother_id) VALUES (23,'Müller','Kladno','Slováček',3112,'1859-10-06','muž','katolík',21);
INSERT INTO "Person" (_id_person,surname,village,street,descr,birth,sex,religion,mother_id) VALUES (24,'Müller','Praha','Verner',3804,'1862-09-18','muž','nepokřtěn',21);
INSERT INTO "Person" (_id_person,surname,village,street,descr,birth,sex,religion) VALUES (25,'Čechová','Hradec Králové','Jirásek',8330,'1802-05-20','žena','nepokřtěn');
INSERT INTO "Person" (_id_person,surname,village,street,descr,birth,sex,religion) VALUES (26,'Čech','Hradec Králové','Jirásek',8330,'1807-04-26','muž','nepokřtěn');
INSERT INTO "Person" (_id_person,surname,village,street,descr,birth,sex,religion,mother_id,father_id) VALUES (27,'Čechová','Hradec Králové','Jirásek',8330,'1838-03-24','žena','nepokřtěn',25,26);
INSERT INTO "Person" (_id_person,surname,village,street,descr,birth,sex,religion,mother_id) VALUES (28,'Čech','Hradec Králové','Hejna',52994,'1866-07-06','muž','nepokřtěn',27);
INSERT INTO "Person" (_id_person,surname,village,street,descr,birth,sex,religion,mother_id) VALUES (29,'Čech','Hradec Králové','Lukáč',385,'1866-09-05','muž','nepokřtěn',27);
INSERT INTO "Person" (_id_person,surname,village,street,descr,birth,sex,religion) VALUES (30,'Musilová','Praha','žáková',642,'1802-06-21','žena','nepokřtěn');
INSERT INTO "Person" (_id_person,surname,village,street,descr,birth,sex,religion) VALUES (31,'Musil','Praha','žáková',642,'1807-12-23','muž','nepokřtěn');
INSERT INTO "Person" (_id_person,surname,village,street,descr,birth,sex,religion,mother_id,father_id) VALUES (32,'Musilová','Praha','žáková',642,'1831-11-20','žena','nepokřtěn',30,31);
INSERT INTO "Person" (_id_person,surname,village,street,descr,birth,sex,religion) VALUES (33,'Čechová','České Budějovice','Svitáková',772,'1801-09-09','žena','nepokřtěn');
INSERT INTO "Person" (_id_person,surname,village,street,descr,birth,sex,religion) VALUES (34,'Čech','České Budějovice','Svitáková',772,'1800-12-19','muž','nepokřtěn');
INSERT INTO "Person" (_id_person,surname,village,street,descr,birth,sex,religion,mother_id,father_id) VALUES (35,'Čech','České Budějovice','Svitáková',772,'1833-05-31','muž','nepokřtěn',33,34);
INSERT INTO "Person" (_id_person,surname,village,street,descr,birth,sex,religion,father_id) VALUES (36,'Čech','České Budějovice','Hrochová',45588,'1865-12-06','muž','nepokřtěn',35);
INSERT INTO "Person" (_id_person,surname,village,street,descr,birth,sex,religion) VALUES (37,'Švecová','Zlín','Koutný',1079,'1800-08-27','žena','nepokřtěn');
INSERT INTO "Person" (_id_person,surname,village,street,descr,birth,sex,religion) VALUES (38,'Švec','Zlín','Koutný',1079,'1802-06-04','muž','nepokřtěn');
INSERT INTO "Person" (_id_person,surname,village,street,descr,birth,sex,religion,mother_id,father_id) VALUES (39,'Švec','Zlín','Koutný',1079,'1830-10-28','muž','nepokřtěn',37,38);
INSERT INTO "Person" (_id_person,surname,village,street,descr,birth,sex,religion) VALUES (40,'Kočíová','Pardubice','Ždan',881,'1808-10-29','žena','katolík');
INSERT INTO "Person" (_id_person,surname,village,street,descr,birth,sex,religion) VALUES (41,'Kočí','Pardubice','Ždan',881,'1803-05-24','muž','katolík');
INSERT INTO "Person" (_id_person,surname,village,street,descr,birth,sex,religion,mother_id,father_id) VALUES (42,'Kočíová','Pardubice','Ždan',881,'1826-09-10','žena','katolík',40,41);
INSERT INTO "Person" (_id_person,surname,village,street,descr,birth,sex,religion) VALUES (43,'Kolářová','Ostrava','Polášková',000,'1807-02-28','žena','katolík');
INSERT INTO "Person" (_id_person,surname,village,street,descr,birth,sex,religion) VALUES (44,'Kolář','Ostrava','Polášková',000,'1808-05-10','muž','katolík');
INSERT INTO "Person" (_id_person,surname,village,street,descr,birth,sex,religion,mother_id,father_id) VALUES (45,'Kolář','Ostrava','Polášková',000,'1826-05-28','muž','katolík',43,44);
INSERT INTO "Person" (_id_person,surname,village,street,descr,birth,sex,religion,father_id) VALUES (46,'Kolářová','Ostrava','Sklenářová',81150,'1861-11-28','žena','nepokřtěn',45);
INSERT INTO "Person" (_id_person,surname,village,street,descr,birth,sex,religion) VALUES (47,'Sedláčeková','Brno','Brožková',7313,'1807-04-26','žena','nepokřtěn');
INSERT INTO "Person" (_id_person,surname,village,street,descr,birth,sex,religion) VALUES (48,'Sedláček','Brno','Brožková',7313,'1808-07-25','muž','nepokřtěn');
INSERT INTO "Person" (_id_person,surname,village,street,descr,birth,sex,religion,mother_id,father_id) VALUES (49,'Sedláček','Brno','Brožková',7313,'1839-07-03','muž','nepokřtěn',47,48);
INSERT INTO "Person" (_id_person,surname,village,street,descr,birth,sex,religion) VALUES (50,'Horváthová','Ústí nad Labem','Bojislava',4186,'1802-09-25','žena','katolík');
INSERT INTO "Person" (_id_person,surname,village,street,descr,birth,sex,religion) VALUES (51,'Horváth','Ústí nad Labem','Bojislava',4186,'1809-12-02','muž','katolík');
INSERT INTO "Person" (_id_person,surname,village,street,descr,birth,sex,religion,mother_id,father_id) VALUES (52,'Horváthová','Ústí nad Labem','Bojislava',4186,'1829-05-26','žena','katolík',50,51);
INSERT INTO "Person" (_id_person,surname,village,street,descr,birth,sex,religion,mother_id) VALUES (53,'Horváthová','Ústí nad Labem','Gustava',0100,'1859-05-13','žena','katolík',52);
INSERT INTO "Person" (_id_person,surname,village,street,descr,birth,sex,religion,mother_id) VALUES (54,'Horváth','Ústí nad Labem','Píchová',8627,'1858-09-12','muž','katolík',52);
INSERT INTO "Person" (_id_person,surname,village,street,descr,birth,sex,religion,mother_id) VALUES (55,'Horváthová','Ústí nad Labem','Albena',642,'1857-07-30','žena','katolík',52);
INSERT INTO "Person" (_id_person,surname,village,street,descr,birth,sex,religion,mother_id) VALUES (56,'Horváth','Ústí nad Labem','Petráš',847,'1858-09-07','muž','katolík',52);
INSERT INTO "Person" (_id_person,surname,village,street,descr,birth,sex,religion) VALUES (57,'Jarošová','Olomouc','Aglaja',13681,'1806-07-15','žena','katolík');
INSERT INTO "Person" (_id_person,surname,village,street,descr,birth,sex,religion) VALUES (58,'Jaroš','Olomouc','Aglaja',13681,'1808-05-10','muž','katolík');
INSERT INTO "Person" (_id_person,surname,village,street,descr,birth,sex,religion,mother_id,father_id) VALUES (59,'Jarošová','Olomouc','Aglaja',13681,'1834-03-07','žena','katolík',57,58);
INSERT INTO "Person" (_id_person,surname,village,street,descr,birth,sex,religion) VALUES (60,'Staněková','Most','Janáčková',2662,'1804-03-26','žena','nepokřtěn');
INSERT INTO "Person" (_id_person,surname,village,street,descr,birth,sex,religion) VALUES (61,'Staněk','Most','Janáčková',2662,'1804-10-03','muž','nepokřtěn');
INSERT INTO "Person" (_id_person,surname,village,street,descr,birth,sex,religion,mother_id,father_id) VALUES (62,'Staněk','Most','Janáčková',2662,'1828-11-22','muž','nepokřtěn',60,61);
INSERT INTO "Person" (_id_person,surname,village,street,descr,birth,sex,religion) VALUES (63,'Králová','Havířov','Stojan',09410,'1809-07-22','žena','katolík');
INSERT INTO "Person" (_id_person,surname,village,street,descr,birth,sex,religion) VALUES (64,'Král','Havířov','Stojan',09410,'1808-01-07','muž','nepokřtěn');
INSERT INTO "Person" (_id_person,surname,village,street,descr,birth,sex,religion,mother_id,father_id) VALUES (65,'Král','Havířov','Stojan',09410,'1831-01-12','muž','katolík',63,64);
INSERT INTO "Person" (_id_person,surname,village,street,descr,birth,sex,religion) VALUES (66,'Macháčeková','Zlín','Plšková',4860,'1803-12-16','žena','katolík');
INSERT INTO "Person" (_id_person,surname,village,street,descr,birth,sex,religion) VALUES (67,'Macháček','Zlín','Plšková',4860,'1808-09-11','muž','katolík');
INSERT INTO "Person" (_id_person,surname,village,street,descr,birth,sex,religion,mother_id,father_id) VALUES (68,'Macháček','Zlín','Plšková',4860,'1837-01-14','muž','katolík',66,67);
INSERT INTO "Person" (_id_person,surname,village,street,descr,birth,sex,religion,father_id) VALUES (69,'Macháček','Zlín','Zoja',0880,'1860-05-06','muž','nepokřtěn',68);
INSERT INTO "Person" (_id_person,surname,village,street,descr,birth,sex,religion,father_id) VALUES (70,'Macháčeková','Zlín','Eulálie',3445,'1863-02-28','žena','katolík',68);
INSERT INTO "Person" (_id_person,surname,village,street,descr,birth,sex,religion) VALUES (71,'Kočíová','Kladno','Voříšková',1033,'1805-01-20','žena','nepokřtěn');
INSERT INTO "Person" (_id_person,surname,village,street,descr,birth,sex,religion) VALUES (72,'Kočí','Kladno','Voříšková',1033,'1803-04-01','muž','nepokřtěn');
INSERT INTO "Person" (_id_person,surname,village,street,descr,birth,sex,religion,mother_id,father_id) VALUES (73,'Kočí','Kladno','Voříšková',1033,'1831-08-29','muž','nepokřtěn',71,72);
INSERT INTO "Person" (_id_person,surname,village,street,descr,birth,sex,religion,father_id) VALUES (74,'Kočíová','Kladno','Branimíra',302,'1863-12-27','žena','nepokřtěn',73);
INSERT INTO "Person" (_id_person,surname,village,street,descr,birth,sex,religion) VALUES (75,'Pavlíková','Praha','Norma',8293,'1804-11-22','žena','katolík');
INSERT INTO "Person" (_id_person,surname,village,street,descr,birth,sex,religion) VALUES (76,'Pavlík','Praha','Norma',8293,'1804-12-25','muž','katolík');
INSERT INTO "Person" (_id_person,surname,village,street,descr,birth,sex,religion,mother_id,father_id) VALUES (77,'Pavlíková','Praha','Norma',8293,'1831-06-15','žena','katolík',75,76);
INSERT INTO "Person" (_id_person,surname,village,street,descr,birth,sex,religion) VALUES (78,'Müllerová','Most','Šimona',41760,'1803-02-04','žena','katolík');
INSERT INTO "Person" (_id_person,surname,village,street,descr,birth,sex,religion) VALUES (79,'Müller','Most','Šimona',41760,'1807-05-06','muž','katolík');
INSERT INTO "Person" (_id_person,surname,village,street,descr,birth,sex,religion,mother_id,father_id) VALUES (80,'Müller','Most','Šimona',41760,'1831-07-29','muž','katolík',78,79);
INSERT INTO "Person" (_id_person,surname,village,street,descr,birth,sex,religion,father_id) VALUES (81,'Müllerová','Most','Chranislava',12920,'1867-01-05','žena','katolík',80);
INSERT INTO "Person" (_id_person,surname,village,street,descr,birth,sex,religion,father_id) VALUES (82,'Müller','Most','švejdová',8755,'1860-06-06','muž','katolík',80);
INSERT INTO "Person" (_id_person,surname,village,street,descr,birth,sex,religion,father_id) VALUES (83,'Müllerová','Ústí nad Labem','Martin',930,'1868-09-17','žena','katolík',80);
INSERT INTO "Person" (_id_person,surname,village,street,descr,birth,sex,religion) VALUES (84,'Kašparová','Plzeň','Sixtus',56096,'1804-07-15','žena','katolík');
INSERT INTO "Person" (_id_person,surname,village,street,descr,birth,sex,religion) VALUES (85,'Kašpar','Plzeň','Sixtus',56096,'1801-02-21','muž','katolík');
INSERT INTO "Person" (_id_person,surname,village,street,descr,birth,sex,religion,mother_id,father_id) VALUES (86,'Kašpar','Plzeň','Sixtus',56096,'1827-03-10','muž','katolík',84,85);
INSERT INTO "Person" (_id_person,surname,village,street,descr,birth,sex,religion,father_id) VALUES (87,'Kašparová','Most','Svatomír',3461,'1867-04-05','žena','nepokřtěn',86);
INSERT INTO "Person" (_id_person,surname,village,street,descr,birth,sex,religion,father_id) VALUES (88,'Kašparová','Kladno','Píšová',868,'1863-03-02','žena','katolík',86);
INSERT INTO "Person" (_id_person,surname,village,street,descr,birth,sex,religion) VALUES (89,'Ševčíková','Pardubice','Boček',21086,'1806-10-02','žena','katolík');
INSERT INTO "Person" (_id_person,surname,village,street,descr,birth,sex,religion) VALUES (90,'Ševčík','Pardubice','Boček',21086,'1802-02-21','muž','katolík');
INSERT INTO "Person" (_id_person,surname,village,street,descr,birth,sex,religion,mother_id,father_id) VALUES (91,'Ševčíková','Pardubice','Boček',21086,'1826-10-11','žena','katolík',89,90);
INSERT INTO "Person" (_id_person,surname,village,street,descr,birth,sex,religion) VALUES (92,'Bednářová','Ústí nad Labem','Boháč',43123,'1805-05-04','žena','katolík');
INSERT INTO "Person" (_id_person,surname,village,street,descr,birth,sex,religion) VALUES (93,'Bednář','Ústí nad Labem','Boháč',43123,'1801-12-03','muž','katolík');
INSERT INTO "Person" (_id_person,surname,village,street,descr,birth,sex,religion,mother_id,father_id) VALUES (94,'Bednář','Ústí nad Labem','Boháč',43123,'1827-09-06','muž','katolík',92,93);
INSERT INTO "Person" (_id_person,surname,village,street,descr,birth,sex,religion,father_id) VALUES (95,'Bednář','Ústí nad Labem','Radan',6187,'1858-04-03','muž','katolík',94);
INSERT INTO "Person" (_id_person,surname,village,street,descr,birth,sex,religion,father_id) VALUES (96,'Bednář','Ústí nad Labem','Zelinková',77802,'1861-05-04','muž','nepokřtěn',94);
INSERT INTO "Person" (_id_person,surname,village,street,descr,birth,sex,religion,father_id) VALUES (97,'Bednář','Frýdek-Místek','Pravomila',860,'1858-08-22','muž','katolík',94);
INSERT INTO "Person" (_id_person,surname,village,street,descr,birth,sex,religion) VALUES (98,'Marešová','Olomouc','Daněková',5302,'1803-06-20','žena','katolík');
INSERT INTO "Person" (_id_person,surname,village,street,descr,birth,sex,religion) VALUES (99,'Mareš','Olomouc','Daněková',5302,'1800-03-23','muž','katolík');
INSERT INTO "Person" (_id_person,surname,village,street,descr,birth,sex,religion,mother_id,father_id) VALUES (100,'Marešová','Olomouc','Daněková',5302,'1839-08-01','žena','katolík',98,99);
INSERT INTO "Person" (_id_person,surname,village,street,descr,birth,sex,religion,mother_id) VALUES (101,'Mareš','Olomouc','Emanuel',7528,'1859-02-19','muž','katolík',100);
INSERT INTO "Person" (_id_person,surname,village,street,descr,birth,sex,religion) VALUES (102,'Horáková','Pardubice','Líbalová',40964,'1807-05-10','žena','katolík');
INSERT INTO "Person" (_id_person,surname,village,street,descr,birth,sex,religion) VALUES (103,'Horák','Pardubice','Líbalová',40964,'1804-03-04','muž','katolík');
INSERT INTO "Person" (_id_person,surname,village,street,descr,birth,sex,religion,mother_id,father_id) VALUES (104,'Horák','Pardubice','Líbalová',40964,'1825-09-04','muž','katolík',102,103);
INSERT INTO "Person" (_id_person,surname,village,street,descr,birth,sex,religion,father_id) VALUES (105,'Horák','Pardubice','Kysela',4093,'1858-08-04','muž','katolík',104);
INSERT INTO "Person" (_id_person,surname,village,street,descr,birth,sex,religion) VALUES (106,'Kašparová','Olomouc','Otáhalová',414,'1806-09-10','žena','katolík');
INSERT INTO "Person" (_id_person,surname,village,street,descr,birth,sex,religion) VALUES (107,'Kašpar','Olomouc','Otáhalová',414,'1804-08-17','muž','katolík');
INSERT INTO "Person" (_id_person,surname,village,street,descr,birth,sex,religion,mother_id,father_id) VALUES (108,'Kašparová','Olomouc','Otáhalová',414,'1833-06-28','žena','katolík',106,107);
INSERT INTO "Person" (_id_person,surname,village,street,descr,birth,sex,religion,mother_id) VALUES (109,'Kašparová','Olomouc','Poláková',551,'1855-12-06','žena','katolík',108);
INSERT INTO "Person" (_id_person,surname,village,street,descr,birth,sex,religion,mother_id) VALUES (110,'Kašparová','Olomouc','Ludvíková',683,'1868-11-13','žena','katolík',108);
INSERT INTO "Person" (_id_person,surname,village,street,descr,birth,sex,religion,mother_id) VALUES (111,'Kašpar','Olomouc','Izabela',63773,'1855-04-08','muž','katolík',108);
INSERT INTO "Person" (_id_person,surname,village,street,descr,birth,sex,religion,mother_id) VALUES (112,'Kašpar','Ostrava','švehlová',3732,'1865-06-07','muž','katolík',108);
INSERT INTO "Person" (_id_person,surname,village,street,descr,birth,sex,religion) VALUES (113,'Kratochvílová','České Budějovice','Alois',68233,'1805-11-25','žena','katolík');
INSERT INTO "Person" (_id_person,surname,village,street,descr,birth,sex,religion) VALUES (114,'Kratochvíl','České Budějovice','Alois',68233,'1802-10-22','muž','katolík');
INSERT INTO "Person" (_id_person,surname,village,street,descr,birth,sex,religion,mother_id,father_id) VALUES (115,'Kratochvílová','České Budějovice','Alois',68233,'1839-04-13','žena','katolík',113,114);
INSERT INTO "Person" (_id_person,surname,village,street,descr,birth,sex,religion) VALUES (116,'Horáčeková','Olomouc','šimčík',2027,'1809-05-05','žena','katolík');
INSERT INTO "Person" (_id_person,surname,village,street,descr,birth,sex,religion) VALUES (117,'Horáček','Olomouc','šimčík',2027,'1806-06-26','muž','katolík');
INSERT INTO "Person" (_id_person,surname,village,street,descr,birth,sex,religion,mother_id,father_id) VALUES (118,'Horáčeková','Olomouc','šimčík',2027,'1826-11-22','žena','katolík',116,117);
INSERT INTO "Person" (_id_person,surname,village,street,descr,birth,sex,religion,mother_id) VALUES (119,'Horáček','Olomouc','Zámečník',84270,'1869-03-19','muž','katolík',118);
INSERT INTO "Person" (_id_person,surname,village,street,descr,birth,sex,religion,mother_id) VALUES (120,'Horáček','Olomouc','Zálešáková',788,'1862-05-10','muž','katolík',118);
INSERT INTO "Person" (_id_person,surname,village,street,descr,birth,sex,religion) VALUES (121,'Ježeková','Liberec','Chranibor',964,'1800-11-24','žena','nepokřtěn');
INSERT INTO "Person" (_id_person,surname,village,street,descr,birth,sex,religion) VALUES (122,'Ježek','Liberec','Chranibor',964,'1800-12-10','muž','nepokřtěn');
INSERT INTO "Person" (_id_person,surname,village,street,descr,birth,sex,religion,mother_id,father_id) VALUES (123,'Ježeková','Liberec','Chranibor',964,'1828-06-17','žena','nepokřtěn',121,122);
INSERT INTO "Person" (_id_person,surname,village,street,descr,birth,sex,religion,mother_id) VALUES (124,'Ježek','Liberec','Alida',3525,'1859-03-01','muž','nepokřtěn',123);
INSERT INTO "Person" (_id_person,surname,village,street,descr,birth,sex,religion,mother_id) VALUES (125,'Ježeková','Liberec','Potůčková',087,'1860-11-07','žena','nepokřtěn',123);
INSERT INTO "Person" (_id_person,surname,village,street,descr,birth,sex,religion,mother_id) VALUES (126,'Ježeková','Liberec','Romul',63219,'1858-07-29','žena','nepokřtěn',123);
INSERT INTO "Person" (_id_person,surname,village,street,descr,birth,sex,religion,mother_id) VALUES (127,'Ježeková','Liberec','Teplýová',0487,'1869-06-06','žena','nepokřtěn',123);
INSERT INTO "Person" (_id_person,surname,village,street,descr,birth,sex,religion) VALUES (128,'Sedláková','Liberec','Jeníčková',37663,'1802-04-10','žena','katolík');
INSERT INTO "Person" (_id_person,surname,village,street,descr,birth,sex,religion) VALUES (129,'Sedlák','Liberec','Jeníčková',37663,'1802-09-08','muž','katolík');
INSERT INTO "Person" (_id_person,surname,village,street,descr,birth,sex,religion,mother_id,father_id) VALUES (130,'Sedláková','Liberec','Jeníčková',37663,'1827-03-31','žena','katolík',128,129);
INSERT INTO "Person" (_id_person,surname,village,street,descr,birth,sex,religion) VALUES (131,'Vlčeková','Olomouc','Drahoš',79896,'1800-12-25','žena','katolík');
INSERT INTO "Person" (_id_person,surname,village,street,descr,birth,sex,religion) VALUES (132,'Vlček','Olomouc','Drahoš',79896,'1800-07-13','muž','katolík');
INSERT INTO "Person" (_id_person,surname,village,street,descr,birth,sex,religion,mother_id,father_id) VALUES (133,'Vlček','Olomouc','Drahoš',79896,'1829-10-04','muž','katolík',131,132);
INSERT INTO "Person" (_id_person,surname,village,street,descr,birth,sex,religion,father_id) VALUES (134,'Vlčeková','Olomouc','Abelard',576,'1856-07-23','žena','katolík',133);
INSERT INTO "Person" (_id_person,surname,village,street,descr,birth,sex,religion,father_id) VALUES (135,'Vlček','Pardubice','Francová',664,'1861-07-08','muž','nepokřtěn',133);
INSERT INTO "Person" (_id_person,surname,village,street,descr,birth,sex,religion,father_id) VALUES (136,'Vlček','Havířov','Vlastislava',0691,'1865-05-19','muž','katolík',133);
INSERT INTO "Person" (_id_person,surname,village,street,descr,birth,sex,religion) VALUES (137,'Machová','Hradec Králové','Pavlas',222,'1806-10-30','žena','katolík');
INSERT INTO "Person" (_id_person,surname,village,street,descr,birth,sex,religion) VALUES (138,'Mach','Hradec Králové','Pavlas',222,'1800-07-04','muž','katolík');
INSERT INTO "Person" (_id_person,surname,village,street,descr,birth,sex,religion,mother_id,father_id) VALUES (139,'Machová','Hradec Králové','Pavlas',222,'1836-03-19','žena','katolík',137,138);
INSERT INTO "Person" (_id_person,surname,village,street,descr,birth,sex,religion,mother_id) VALUES (140,'Machová','Hradec Králové','Jandová',55003,'1861-07-31','žena','katolík',139);
INSERT INTO "Person" (_id_person,surname,village,street,descr,birth,sex,religion) VALUES (141,'Žáková','Zlín','Ondra',296,'1801-09-30','žena','nepokřtěn');
INSERT INTO "Person" (_id_person,surname,village,street,descr,birth,sex,religion) VALUES (142,'Žák','Zlín','Ondra',296,'1806-12-13','muž','nepokřtěn');
INSERT INTO "Person" (_id_person,surname,village,street,descr,birth,sex,religion,mother_id,father_id) VALUES (143,'Žáková','Zlín','Ondra',296,'1834-02-13','žena','nepokřtěn',141,142);
INSERT INTO "Person" (_id_person,surname,village,street,descr,birth,sex,religion) VALUES (144,'Jelíneková','Hradec Králové','Bojana',82696,'1804-11-05','žena','evangelík');
INSERT INTO "Person" (_id_person,surname,village,street,descr,birth,sex,religion) VALUES (145,'Jelínek','Hradec Králové','Bojana',82696,'1806-04-01','muž','evangelík');
INSERT INTO "Person" (_id_person,surname,village,street,descr,birth,sex,religion,mother_id,father_id) VALUES (146,'Jelínek','Hradec Králové','Bojana',82696,'1832-07-04','muž','evangelík',144,145);
INSERT INTO "Person" (_id_person,surname,village,street,descr,birth,sex,religion,father_id) VALUES (147,'Jelínek','Hradec Králové','Tvrdíková',634,'1857-06-03','muž','evangelík',146);
INSERT INTO "Person" (_id_person,surname,village,street,descr,birth,sex,religion,father_id) VALUES (148,'Jelínek','Hradec Králové','Ježová',96830,'1869-05-05','muž','evangelík',146);
INSERT INTO "Person" (_id_person,surname,village,street,descr,birth,sex,religion,father_id) VALUES (149,'Jelínek','Hradec Králové','Ludvík',4270,'1869-05-25','muž','nepokřtěn',146);
INSERT INTO "Person" (_id_person,surname,village,street,descr,birth,sex,religion,father_id) VALUES (150,'Jelíneková','Hradec Králové','Baran',12051,'1865-10-08','žena','evangelík',146);
INSERT INTO "Person" (_id_person,surname,village,street,descr,birth,sex,religion) VALUES (151,'Šimeková','Brno','Mikulová',80692,'1806-08-27','žena','nepokřtěn');
INSERT INTO "Person" (_id_person,surname,village,street,descr,birth,sex,religion) VALUES (152,'Šimek','Brno','Mikulová',80692,'1806-05-13','muž','nepokřtěn');
INSERT INTO "Person" (_id_person,surname,village,street,descr,birth,sex,religion,mother_id,father_id) VALUES (153,'Šimek','Brno','Mikulová',80692,'1830-08-08','muž','nepokřtěn',151,152);
INSERT INTO "Person" (_id_person,surname,village,street,descr,birth,sex,religion) VALUES (154,'Víteková','Opava','Rainold',4048,'1805-10-20','žena','nepokřtěn');
INSERT INTO "Person" (_id_person,surname,village,street,descr,birth,sex,religion) VALUES (155,'Vítek','Opava','Rainold',4048,'1805-06-13','muž','nepokřtěn');
INSERT INTO "Person" (_id_person,surname,village,street,descr,birth,sex,religion,mother_id,father_id) VALUES (156,'Vítek','Opava','Rainold',4048,'1827-05-18','muž','nepokřtěn',154,155);
INSERT INTO "Person" (_id_person,surname,village,street,descr,birth,sex,religion) VALUES (157,'Krejčíová','Brno','Pospíchalová',3135,'1805-09-26','žena','nepokřtěn');
INSERT INTO "Person" (_id_person,surname,village,street,descr,birth,sex,religion) VALUES (158,'Krejčí','Brno','Pospíchalová',3135,'1809-05-22','muž','nepokřtěn');
INSERT INTO "Person" (_id_person,surname,village,street,descr,birth,sex,religion,mother_id,father_id) VALUES (159,'Krejčí','Brno','Pospíchalová',3135,'1830-11-02','muž','nepokřtěn',157,158);
INSERT INTO "Person" (_id_person,surname,village,street,descr,birth,sex,religion,father_id) VALUES (160,'Krejčí','Brno','Kristina',388,'1865-01-06','muž','nepokřtěn',159);
INSERT INTO "Person" (_id_person,surname,village,street,descr,birth,sex,religion,father_id) VALUES (161,'Krejčíová','Brno','Václava',1077,'1867-10-12','žena','nepokřtěn',159);
INSERT INTO "Person" (_id_person,surname,village,street,descr,birth,sex,religion,father_id) VALUES (162,'Krejčíová','Brno','Trčka',4241,'1855-06-26','žena','nepokřtěn',159);
INSERT INTO "Person" (_id_person,surname,village,street,descr,birth,sex,religion,father_id) VALUES (163,'Krejčíová','Brno','Bradáč',4587,'1866-09-24','žena','nepokřtěn',159);
INSERT INTO "Person" (_id_person,surname,village,street,descr,birth,sex,religion) VALUES (164,'Urbanová','Hradec Králové','Livie',4007,'1806-09-11','žena','nepokřtěn');
INSERT INTO "Person" (_id_person,surname,village,street,descr,birth,sex,religion) VALUES (165,'Urban','Hradec Králové','Livie',4007,'1806-07-26','muž','nepokřtěn');
INSERT INTO "Person" (_id_person,surname,village,street,descr,birth,sex,religion,mother_id,father_id) VALUES (166,'Urban','Hradec Králové','Livie',4007,'1839-06-04','muž','nepokřtěn',164,165);
INSERT INTO "Person" (_id_person,surname,village,street,descr,birth,sex,religion,father_id) VALUES (167,'Urbanová','Teplice','Redmond',960,'1858-07-12','žena','nepokřtěn',166);
INSERT INTO "Person" (_id_person,surname,village,street,descr,birth,sex,religion,father_id) VALUES (168,'Urban','Hradec Králové','Ralf',07378,'1868-01-18','muž','nepokřtěn',166);
INSERT INTO "Person" (_id_person,surname,village,street,descr,birth,sex,religion) VALUES (169,'Němečeková','Olomouc','Voráček',3284,'1805-11-30','žena','katolík');
INSERT INTO "Person" (_id_person,surname,village,street,descr,birth,sex,religion) VALUES (170,'Němeček','Olomouc','Voráček',3284,'1804-12-03','muž','katolík');
INSERT INTO "Person" (_id_person,surname,village,street,descr,birth,sex,religion,mother_id,father_id) VALUES (171,'Němečeková','Olomouc','Voráček',3284,'1834-04-19','žena','katolík',169,170);
INSERT INTO "Person" (_id_person,surname,village,street,descr,birth,sex,religion) VALUES (172,'Štěpáneková','Most','řeháková',755,'1801-11-04','žena','katolík');
INSERT INTO "Person" (_id_person,surname,village,street,descr,birth,sex,religion) VALUES (173,'Štěpánek','Most','řeháková',755,'1807-04-29','muž','katolík');
INSERT INTO "Person" (_id_person,surname,village,street,descr,birth,sex,religion,mother_id,father_id) VALUES (174,'Štěpánek','Most','řeháková',755,'1835-09-27','muž','katolík',172,173);
INSERT INTO "Person" (_id_person,surname,village,street,descr,birth,sex,religion) VALUES (175,'Blažeková','Ostrava','Stránskýová',805,'1804-07-09','žena','nepokřtěn');
INSERT INTO "Person" (_id_person,surname,village,street,descr,birth,sex,religion) VALUES (176,'Blažek','Ostrava','Stránskýová',805,'1809-06-06','muž','nepokřtěn');
INSERT INTO "Person" (_id_person,surname,village,street,descr,birth,sex,religion,mother_id,father_id) VALUES (177,'Blažek','Ostrava','Stránskýová',805,'1834-07-29','muž','nepokřtěn',175,176);
INSERT INTO "Person" (_id_person,surname,village,street,descr,birth,sex,religion) VALUES (178,'Holubová','Olomouc','Marek',26016,'1807-11-23','žena','evangelík');
INSERT INTO "Person" (_id_person,surname,village,street,descr,birth,sex,religion) VALUES (179,'Holub','Olomouc','Marek',26016,'1806-02-22','muž','katolík');
INSERT INTO "Person" (_id_person,surname,village,street,descr,birth,sex,religion,mother_id,father_id) VALUES (180,'Holubová','Olomouc','Marek',26016,'1836-04-03','žena','katolík',178,179);
INSERT INTO "Person" (_id_person,surname,village,street,descr,birth,sex,religion,mother_id) VALUES (181,'Holub','Kladno','Hrabal',238,'1864-10-29','muž','katolík',180);
INSERT INTO "Person" (_id_person,surname,village,street,descr,birth,sex,religion) VALUES (182,'Křížová','Liberec','Kolumbína',77357,'1802-05-01','žena','katolík');
INSERT INTO "Person" (_id_person,surname,village,street,descr,birth,sex,religion) VALUES (183,'Kříž','Liberec','Kolumbína',77357,'1806-05-13','muž','katolík');
INSERT INTO "Person" (_id_person,surname,village,street,descr,birth,sex,religion,mother_id,father_id) VALUES (184,'Křížová','Liberec','Kolumbína',77357,'1828-09-20','žena','katolík',182,183);
INSERT INTO "Person" (_id_person,surname,village,street,descr,birth,sex,religion,mother_id) VALUES (185,'Křížová','Opava','Horác',053,'1856-09-03','žena','katolík',184);
INSERT INTO "Person" (_id_person,surname,village,street,descr,birth,sex,religion,mother_id) VALUES (186,'Křížová','Liberec','Buriánek',24763,'1857-08-13','žena','katolík',184);
INSERT INTO "Person" (_id_person,surname,village,street,descr,birth,sex,religion) VALUES (187,'Tesařová','Plzeň','Smolová',35535,'1802-08-01','žena','katolík');
INSERT INTO "Person" (_id_person,surname,village,street,descr,birth,sex,religion) VALUES (188,'Tesař','Plzeň','Smolová',35535,'1809-04-12','muž','katolík');
INSERT INTO "Person" (_id_person,surname,village,street,descr,birth,sex,religion,mother_id,father_id) VALUES (189,'Tesařová','Plzeň','Smolová',35535,'1838-02-02','žena','katolík',187,188);
INSERT INTO "Person" (_id_person,surname,village,street,descr,birth,sex,religion) VALUES (190,'Křížová','Liberec','Anděla',018,'1804-04-13','žena','evangelík');
INSERT INTO "Person" (_id_person,surname,village,street,descr,birth,sex,religion) VALUES (191,'Kříž','Liberec','Anděla',018,'1803-01-06','muž','evangelík');
INSERT INTO "Person" (_id_person,surname,village,street,descr,birth,sex,religion,mother_id,father_id) VALUES (192,'Kříž','Liberec','Anděla',018,'1831-09-24','muž','evangelík',190,191);
INSERT INTO "Person" (_id_person,surname,village,street,descr,birth,sex,religion) VALUES (193,'Dvořáková','Ostrava','Amadeus',22922,'1809-07-17','žena','katolík');
INSERT INTO "Person" (_id_person,surname,village,street,descr,birth,sex,religion) VALUES (194,'Dvořák','Ostrava','Amadeus',22922,'1807-12-29','muž','katolík');
INSERT INTO "Person" (_id_person,surname,village,street,descr,birth,sex,religion,mother_id,father_id) VALUES (195,'Dvořáková','Ostrava','Amadeus',22922,'1838-10-14','žena','katolík',193,194);
INSERT INTO "Person" (_id_person,surname,village,street,descr,birth,sex,religion,mother_id) VALUES (196,'Dvořák','Ostrava','Laura',265,'1866-08-06','muž','katolík',195);
INSERT INTO "Person" (_id_person,surname,village,street,descr,birth,sex,religion) VALUES (197,'Musilová','Ústí nad Labem','Svačina',1798,'1803-07-24','žena','nepokřtěn');
INSERT INTO "Person" (_id_person,surname,village,street,descr,birth,sex,religion) VALUES (198,'Musil','Ústí nad Labem','Svačina',1798,'1806-01-11','muž','nepokřtěn');
INSERT INTO "Person" (_id_person,surname,village,street,descr,birth,sex,religion,mother_id,father_id) VALUES (199,'Musil','Ústí nad Labem','Svačina',1798,'1833-11-22','muž','nepokřtěn',197,198);
INSERT INTO "Person" (_id_person,surname,village,street,descr,birth,sex,religion) VALUES (200,'Štěpáneková','Zlín','Grundzová',380,'1805-09-29','žena','katolík');
INSERT INTO "Person" (_id_person,surname,village,street,descr,birth,sex,religion) VALUES (201,'Štěpánek','Zlín','Grundzová',380,'1808-03-16','muž','katolík');
INSERT INTO "Person" (_id_person,surname,village,street,descr,birth,sex,religion,mother_id,father_id) VALUES (202,'Štěpáneková','Zlín','Grundzová',380,'1827-05-20','žena','katolík',200,201);
INSERT INTO "Person" (_id_person,surname,village,street,descr,birth,sex,religion,mother_id) VALUES (203,'Štěpánek','Zlín','Jasněna',57618,'1856-02-01','muž','katolík',202);
INSERT INTO "Person" (_id_person,surname,village,street,descr,birth,sex,religion) VALUES (204,'Horváthová','Havířov','Urbanec',658,'1801-05-01','žena','nepokřtěn');
INSERT INTO "Person" (_id_person,surname,village,street,descr,birth,sex,religion) VALUES (205,'Horváth','Havířov','Urbanec',658,'1800-12-16','muž','nepokřtěn');
INSERT INTO "Person" (_id_person,surname,village,street,descr,birth,sex,religion,mother_id,father_id) VALUES (206,'Horváth','Havířov','Urbanec',658,'1839-11-03','muž','nepokřtěn',204,205);
INSERT INTO "Person" (_id_person,surname,village,street,descr,birth,sex,religion,father_id) VALUES (207,'Horváthová','Havířov','Hůlka',5652,'1856-06-28','žena','nepokřtěn',206);
INSERT INTO "Person" (_id_person,surname,village,street,descr,birth,sex,religion,father_id) VALUES (208,'Horváthová','Havířov','Albína',605,'1857-03-13','žena','nepokřtěn',206);
INSERT INTO "Person" (_id_person,surname,village,street,descr,birth,sex,religion,father_id) VALUES (209,'Horváthová','Havířov','Vlček',1895,'1866-03-31','žena','nepokřtěn',206);
INSERT INTO "Person" (_id_person,surname,village,street,descr,birth,sex,religion) VALUES (210,'Beranová','Plzeň','Michal',239,'1803-04-15','žena','evangelík');
INSERT INTO "Person" (_id_person,surname,village,street,descr,birth,sex,religion) VALUES (211,'Beran','Plzeň','Michal',239,'1806-10-03','muž','evangelík');
INSERT INTO "Person" (_id_person,surname,village,street,descr,birth,sex,religion,mother_id,father_id) VALUES (212,'Beranová','Plzeň','Michal',239,'1831-04-07','žena','evangelík',210,211);
INSERT INTO "Person" (_id_person,surname,village,street,descr,birth,sex,religion,mother_id) VALUES (213,'Beran','Plzeň','Benjamin',5018,'1861-12-19','muž','evangelík',212);
INSERT INTO "Person" (_id_person,surname,village,street,descr,birth,sex,religion,mother_id) VALUES (214,'Beranová','Plzeň','Růžička',11589,'1869-05-29','žena','evangelík',212);
INSERT INTO "Person" (_id_person,surname,village,street,descr,birth,sex,religion) VALUES (215,'Stejskalová','Havířov','Naneta',15901,'1806-02-03','žena','katolík');
INSERT INTO "Person" (_id_person,surname,village,street,descr,birth,sex,religion) VALUES (216,'Stejskal','Havířov','Naneta',15901,'1801-09-10','muž','katolík');
INSERT INTO "Person" (_id_person,surname,village,street,descr,birth,sex,religion,mother_id,father_id) VALUES (217,'Stejskal','Havířov','Naneta',15901,'1830-12-19','muž','katolík',215,216);
INSERT INTO "Person" (_id_person,surname,village,street,descr,birth,sex,religion,father_id) VALUES (218,'Stejskalová','České Budějovice','Evarist',48566,'1868-05-04','žena','nepokřtěn',217);
INSERT INTO "Person" (_id_person,surname,village,street,descr,birth,sex,religion,father_id) VALUES (219,'Stejskal','Havířov','Palmira',53249,'1862-12-22','muž','katolík',217);
INSERT INTO "Person" (_id_person,surname,village,street,descr,birth,sex,religion) VALUES (220,'Bartošová','Kladno','Hartmanová',340,'1805-01-16','žena','katolík');
INSERT INTO "Person" (_id_person,surname,village,street,descr,birth,sex,religion) VALUES (221,'Bartoš','Kladno','Hartmanová',340,'1806-09-09','muž','katolík');
INSERT INTO "Person" (_id_person,surname,village,street,descr,birth,sex,religion,mother_id,father_id) VALUES (222,'Bartošová','Kladno','Hartmanová',340,'1834-10-19','žena','katolík',220,221);
INSERT INTO "Person" (_id_person,surname,village,street,descr,birth,sex,religion) VALUES (223,'Čermáková','Liberec','Knut',916,'1808-12-11','žena','katolík');
INSERT INTO "Person" (_id_person,surname,village,street,descr,birth,sex,religion) VALUES (224,'Čermák','Liberec','Knut',916,'1800-01-18','muž','katolík');
INSERT INTO "Person" (_id_person,surname,village,street,descr,birth,sex,religion,mother_id,father_id) VALUES (225,'Čermák','Liberec','Knut',916,'1829-03-25','muž','katolík',223,224);
INSERT INTO "Person" (_id_person,surname,village,street,descr,birth,sex,religion,father_id) VALUES (226,'Čermáková','Liberec','Břízová',68886,'1858-01-12','žena','nepokřtěn',225);
INSERT INTO "Person" (_id_person,surname,village,street,descr,birth,sex,religion) VALUES (227,'Kovařová','Kladno','Dvořák',6205,'1806-06-01','žena','nepokřtěn');
INSERT INTO "Person" (_id_person,surname,village,street,descr,birth,sex,religion) VALUES (228,'Kovař','Kladno','Dvořák',6205,'1803-06-30','muž','nepokřtěn');
INSERT INTO "Person" (_id_person,surname,village,street,descr,birth,sex,religion,mother_id,father_id) VALUES (229,'Kovař','Kladno','Dvořák',6205,'1839-04-10','muž','nepokřtěn',227,228);
INSERT INTO "Person" (_id_person,surname,village,street,descr,birth,sex,religion) VALUES (230,'Staněková','Ústí nad Labem','Bernard',157,'1807-12-10','žena','nepokřtěn');
INSERT INTO "Person" (_id_person,surname,village,street,descr,birth,sex,religion) VALUES (231,'Staněk','Ústí nad Labem','Bernard',157,'1807-01-22','muž','nepokřtěn');
INSERT INTO "Person" (_id_person,surname,village,street,descr,birth,sex,religion,mother_id,father_id) VALUES (232,'Staněková','Ústí nad Labem','Bernard',157,'1839-10-05','žena','nepokřtěn',230,231);
INSERT INTO "Person" (_id_person,surname,village,street,descr,birth,sex,religion) VALUES (233,'Bartošová','Most','Mužík',4490,'1803-09-06','žena','katolík');
INSERT INTO "Person" (_id_person,surname,village,street,descr,birth,sex,religion) VALUES (234,'Bartoš','Most','Mužík',4490,'1809-01-24','muž','katolík');
INSERT INTO "Person" (_id_person,surname,village,street,descr,birth,sex,religion,mother_id,father_id) VALUES (235,'Bartoš','Most','Mužík',4490,'1835-01-02','muž','katolík',233,234);
INSERT INTO "Person" (_id_person,surname,village,street,descr,birth,sex,religion,father_id) VALUES (236,'Bartošová','Most','Radegast',31366,'1858-12-18','žena','katolík',235);
INSERT INTO "Person" (_id_person,surname,village,street,descr,birth,sex,religion,father_id) VALUES (237,'Bartoš','Most','Grygarová',053,'1867-10-03','muž','nepokřtěn',235);
INSERT INTO "Person" (_id_person,surname,village,street,descr,birth,sex,religion) VALUES (238,'Žáková','Havířov','Pavlíčková',7746,'1807-02-20','žena','nepokřtěn');
INSERT INTO "Person" (_id_person,surname,village,street,descr,birth,sex,religion) VALUES (239,'Žák','Havířov','Pavlíčková',7746,'1805-07-15','muž','nepokřtěn');
INSERT INTO "Person" (_id_person,surname,village,street,descr,birth,sex,religion,mother_id,father_id) VALUES (240,'Žák','Havířov','Pavlíčková',7746,'1838-11-04','muž','nepokřtěn',238,239);
INSERT INTO "Person" (_id_person,surname,village,street,descr,birth,sex,religion) VALUES (241,'Hájeková','Olomouc','Elvis',506,'1807-07-25','žena','katolík');
INSERT INTO "Person" (_id_person,surname,village,street,descr,birth,sex,religion) VALUES (242,'Hájek','Olomouc','Elvis',506,'1803-10-23','muž','katolík');
INSERT INTO "Person" (_id_person,surname,village,street,descr,birth,sex,religion,mother_id,father_id) VALUES (243,'Hájeková','Olomouc','Elvis',506,'1839-11-19','žena','katolík',241,242);
INSERT INTO "Person" (_id_person,surname,village,street,descr,birth,sex,religion) VALUES (244,'Poláková','Opava','Tristan',891,'1804-02-08','žena','katolík');
INSERT INTO "Person" (_id_person,surname,village,street,descr,birth,sex,religion) VALUES (245,'Polák','Opava','Tristan',891,'1803-08-20','muž','katolík');
INSERT INTO "Person" (_id_person,surname,village,street,descr,birth,sex,religion,mother_id,father_id) VALUES (246,'Polák','Opava','Tristan',891,'1825-08-25','muž','katolík',244,245);
INSERT INTO "Person" (_id_person,surname,village,street,descr,birth,sex,religion,father_id) VALUES (247,'Poláková','Opava','Terencius',060,'1868-07-31','žena','nepokřtěn',246);
INSERT INTO "Person" (_id_person,surname,village,street,descr,birth,sex,religion,father_id) VALUES (248,'Polák','Opava','Synková',056,'1864-07-10','muž','katolík',246);
INSERT INTO "Person" (_id_person,surname,village,street,descr,birth,sex,religion,father_id) VALUES (249,'Polák','Opava','Mrázková',3778,'1869-07-29','muž','katolík',246);
INSERT INTO "Person" (_id_person,surname,village,street,descr,birth,sex,religion,father_id) VALUES (250,'Polák','Opava','Dezider',3981,'1867-02-18','muž','katolík',246);
INSERT INTO "Person" (_id_person,surname,village,street,descr,birth,sex,religion) VALUES (251,'Horáčeková','Opava','Vlasáková',292,'1806-04-07','žena','nepokřtěn');
INSERT INTO "Person" (_id_person,surname,village,street,descr,birth,sex,religion) VALUES (252,'Horáček','Opava','Vlasáková',292,'1809-02-08','muž','katolík');
INSERT INTO "Person" (_id_person,surname,village,street,descr,birth,sex,religion,mother_id,father_id) VALUES (253,'Horáček','Opava','Vlasáková',292,'1839-04-14','muž','nepokřtěn',251,252);
INSERT INTO "Person" (_id_person,surname,village,street,descr,birth,sex,religion,father_id) VALUES (254,'Horáček','Opava','Florentina',829,'1857-07-26','muž','nepokřtěn',253);
INSERT INTO "Person" (_id_person,surname,village,street,descr,birth,sex,religion,father_id) VALUES (255,'Horáček','Opava','Vilma',00601,'1861-12-19','muž','nepokřtěn',253);
INSERT INTO "Person" (_id_person,surname,village,street,descr,birth,sex,religion,father_id) VALUES (256,'Horáčeková','Zlín','Loreta',58053,'1863-07-10','žena','nepokřtěn',253);
INSERT INTO "Person" (_id_person,surname,village,street,descr,birth,sex,religion) VALUES (257,'Novaková','Zlín','Geraldina',2444,'1801-12-27','žena','katolík');
INSERT INTO "Person" (_id_person,surname,village,street,descr,birth,sex,religion) VALUES (258,'Novak','Zlín','Geraldina',2444,'1809-10-09','muž','katolík');
INSERT INTO "Person" (_id_person,surname,village,street,descr,birth,sex,religion,mother_id,father_id) VALUES (259,'Novak','Zlín','Geraldina',2444,'1836-03-06','muž','katolík',257,258);
INSERT INTO "Person" (_id_person,surname,village,street,descr,birth,sex,religion,father_id) VALUES (260,'Novaková','Zlín','Kouřilová',04403,'1869-09-18','žena','katolík',259);
INSERT INTO "Person" (_id_person,surname,village,street,descr,birth,sex,religion,father_id) VALUES (261,'Novak','Brno','Tristan',365,'1856-05-05','muž','katolík',259);
INSERT INTO "Person" (_id_person,surname,village,street,descr,birth,sex,religion,father_id) VALUES (262,'Novaková','Zlín','Xenie',64030,'1868-08-30','žena','nepokřtěn',259);
INSERT INTO "Person" (_id_person,surname,village,street,descr,birth,sex,religion,father_id) VALUES (263,'Novak','Liberec','Apolena',636,'1865-01-14','muž','katolík',259);
INSERT INTO "PersonName" (person_id,name_id) VALUES (0,297);
INSERT INTO "PersonName" (person_id,name_id) VALUES (1,25);
INSERT INTO "PersonName" (person_id,name_id) VALUES (2,134);
INSERT INTO "PersonName" (person_id,name_id) VALUES (3,201);
INSERT INTO "PersonName" (person_id,name_id) VALUES (4,118);
INSERT INTO "PersonName" (person_id,name_id) VALUES (5,280);
INSERT INTO "PersonName" (person_id,name_id) VALUES (6,241);
INSERT INTO "PersonName" (person_id,name_id) VALUES (7,87);
INSERT INTO "PersonName" (person_id,name_id) VALUES (8,196);
INSERT INTO "PersonName" (person_id,name_id) VALUES (9,294);
INSERT INTO "PersonName" (person_id,name_id) VALUES (10,15);
INSERT INTO "PersonName" (person_id,name_id) VALUES (10,109);
INSERT INTO "PersonName" (person_id,name_id) VALUES (11,153);
INSERT INTO "PersonName" (person_id,name_id) VALUES (12,22);
INSERT INTO "PersonName" (person_id,name_id) VALUES (13,305);
INSERT INTO "PersonName" (person_id,name_id) VALUES (14,97);
INSERT INTO "PersonName" (person_id,name_id) VALUES (15,336);
INSERT INTO "PersonName" (person_id,name_id) VALUES (16,11);
INSERT INTO "PersonName" (person_id,name_id) VALUES (17,106);
INSERT INTO "PersonName" (person_id,name_id) VALUES (18,195);
INSERT INTO "PersonName" (person_id,name_id) VALUES (19,245);
INSERT INTO "PersonName" (person_id,name_id) VALUES (20,126);
INSERT INTO "PersonName" (person_id,name_id) VALUES (21,306);
INSERT INTO "PersonName" (person_id,name_id) VALUES (22,3);
INSERT INTO "PersonName" (person_id,name_id) VALUES (23,122);
INSERT INTO "PersonName" (person_id,name_id) VALUES (24,31);
INSERT INTO "PersonName" (person_id,name_id) VALUES (24,43);
INSERT INTO "PersonName" (person_id,name_id) VALUES (25,312);
INSERT INTO "PersonName" (person_id,name_id) VALUES (26,173);
INSERT INTO "PersonName" (person_id,name_id) VALUES (27,266);
INSERT INTO "PersonName" (person_id,name_id) VALUES (28,76);
INSERT INTO "PersonName" (person_id,name_id) VALUES (29,117);
INSERT INTO "PersonName" (person_id,name_id) VALUES (30,250);
INSERT INTO "PersonName" (person_id,name_id) VALUES (31,107);
INSERT INTO "PersonName" (person_id,name_id) VALUES (31,105);
INSERT INTO "PersonName" (person_id,name_id) VALUES (32,348);
INSERT INTO "PersonName" (person_id,name_id) VALUES (33,226);
INSERT INTO "PersonName" (person_id,name_id) VALUES (34,103);
INSERT INTO "PersonName" (person_id,name_id) VALUES (35,114);
INSERT INTO "PersonName" (person_id,name_id) VALUES (35,32);
INSERT INTO "PersonName" (person_id,name_id) VALUES (36,178);
INSERT INTO "PersonName" (person_id,name_id) VALUES (37,311);
INSERT INTO "PersonName" (person_id,name_id) VALUES (38,30);
INSERT INTO "PersonName" (person_id,name_id) VALUES (38,179);
INSERT INTO "PersonName" (person_id,name_id) VALUES (39,67);
INSERT INTO "PersonName" (person_id,name_id) VALUES (40,259);
INSERT INTO "PersonName" (person_id,name_id) VALUES (41,51);
INSERT INTO "PersonName" (person_id,name_id) VALUES (41,176);
INSERT INTO "PersonName" (person_id,name_id) VALUES (42,249);
INSERT INTO "PersonName" (person_id,name_id) VALUES (43,354);
INSERT INTO "PersonName" (person_id,name_id) VALUES (44,10);
INSERT INTO "PersonName" (person_id,name_id) VALUES (45,149);
INSERT INTO "PersonName" (person_id,name_id) VALUES (46,304);
INSERT INTO "PersonName" (person_id,name_id) VALUES (47,274);
INSERT INTO "PersonName" (person_id,name_id) VALUES (48,137);
INSERT INTO "PersonName" (person_id,name_id) VALUES (49,155);
INSERT INTO "PersonName" (person_id,name_id) VALUES (50,199);
INSERT INTO "PersonName" (person_id,name_id) VALUES (51,12);
INSERT INTO "PersonName" (person_id,name_id) VALUES (52,285);
INSERT INTO "PersonName" (person_id,name_id) VALUES (53,346);
INSERT INTO "PersonName" (person_id,name_id) VALUES (54,21);
INSERT INTO "PersonName" (person_id,name_id) VALUES (54,91);
INSERT INTO "PersonName" (person_id,name_id) VALUES (55,210);
INSERT INTO "PersonName" (person_id,name_id) VALUES (56,71);
INSERT INTO "PersonName" (person_id,name_id) VALUES (57,239);
INSERT INTO "PersonName" (person_id,name_id) VALUES (58,62);
INSERT INTO "PersonName" (person_id,name_id) VALUES (59,328);
INSERT INTO "PersonName" (person_id,name_id) VALUES (60,270);
INSERT INTO "PersonName" (person_id,name_id) VALUES (61,75);
INSERT INTO "PersonName" (person_id,name_id) VALUES (62,144);
INSERT INTO "PersonName" (person_id,name_id) VALUES (62,82);
INSERT INTO "PersonName" (person_id,name_id) VALUES (63,301);
INSERT INTO "PersonName" (person_id,name_id) VALUES (64,88);
INSERT INTO "PersonName" (person_id,name_id) VALUES (65,26);
INSERT INTO "PersonName" (person_id,name_id) VALUES (66,284);
INSERT INTO "PersonName" (person_id,name_id) VALUES (67,142);
INSERT INTO "PersonName" (person_id,name_id) VALUES (68,156);
INSERT INTO "PersonName" (person_id,name_id) VALUES (69,69);
INSERT INTO "PersonName" (person_id,name_id) VALUES (69,58);
INSERT INTO "PersonName" (person_id,name_id) VALUES (70,212);
INSERT INTO "PersonName" (person_id,name_id) VALUES (71,292);
INSERT INTO "PersonName" (person_id,name_id) VALUES (72,70);
INSERT INTO "PersonName" (person_id,name_id) VALUES (73,101);
INSERT INTO "PersonName" (person_id,name_id) VALUES (73,52);
INSERT INTO "PersonName" (person_id,name_id) VALUES (74,299);
INSERT INTO "PersonName" (person_id,name_id) VALUES (75,302);
INSERT INTO "PersonName" (person_id,name_id) VALUES (76,35);
INSERT INTO "PersonName" (person_id,name_id) VALUES (76,72);
INSERT INTO "PersonName" (person_id,name_id) VALUES (77,307);
INSERT INTO "PersonName" (person_id,name_id) VALUES (78,351);
INSERT INTO "PersonName" (person_id,name_id) VALUES (79,17);
INSERT INTO "PersonName" (person_id,name_id) VALUES (80,63);
INSERT INTO "PersonName" (person_id,name_id) VALUES (80,113);
INSERT INTO "PersonName" (person_id,name_id) VALUES (81,358);
INSERT INTO "PersonName" (person_id,name_id) VALUES (82,89);
INSERT INTO "PersonName" (person_id,name_id) VALUES (83,332);
INSERT INTO "PersonName" (person_id,name_id) VALUES (84,316);
INSERT INTO "PersonName" (person_id,name_id) VALUES (85,119);
INSERT INTO "PersonName" (person_id,name_id) VALUES (86,1);
INSERT INTO "PersonName" (person_id,name_id) VALUES (86,162);
INSERT INTO "PersonName" (person_id,name_id) VALUES (87,350);
INSERT INTO "PersonName" (person_id,name_id) VALUES (88,288);
INSERT INTO "PersonName" (person_id,name_id) VALUES (89,369);
INSERT INTO "PersonName" (person_id,name_id) VALUES (90,34);
INSERT INTO "PersonName" (person_id,name_id) VALUES (91,257);
INSERT INTO "PersonName" (person_id,name_id) VALUES (92,200);
INSERT INTO "PersonName" (person_id,name_id) VALUES (93,83);
INSERT INTO "PersonName" (person_id,name_id) VALUES (93,157);
INSERT INTO "PersonName" (person_id,name_id) VALUES (94,77);
INSERT INTO "PersonName" (person_id,name_id) VALUES (94,38);
INSERT INTO "PersonName" (person_id,name_id) VALUES (95,151);
INSERT INTO "PersonName" (person_id,name_id) VALUES (95,171);
INSERT INTO "PersonName" (person_id,name_id) VALUES (96,45);
INSERT INTO "PersonName" (person_id,name_id) VALUES (96,130);
INSERT INTO "PersonName" (person_id,name_id) VALUES (97,60);
INSERT INTO "PersonName" (person_id,name_id) VALUES (98,325);
INSERT INTO "PersonName" (person_id,name_id) VALUES (99,129);
INSERT INTO "PersonName" (person_id,name_id) VALUES (100,232);
INSERT INTO "PersonName" (person_id,name_id) VALUES (101,54);
INSERT INTO "PersonName" (person_id,name_id) VALUES (102,235);
INSERT INTO "PersonName" (person_id,name_id) VALUES (103,19);
INSERT INTO "PersonName" (person_id,name_id) VALUES (104,95);
INSERT INTO "PersonName" (person_id,name_id) VALUES (104,57);
INSERT INTO "PersonName" (person_id,name_id) VALUES (105,174);
INSERT INTO "PersonName" (person_id,name_id) VALUES (106,317);
INSERT INTO "PersonName" (person_id,name_id) VALUES (107,78);
INSERT INTO "PersonName" (person_id,name_id) VALUES (107,79);
INSERT INTO "PersonName" (person_id,name_id) VALUES (108,189);
INSERT INTO "PersonName" (person_id,name_id) VALUES (109,252);
INSERT INTO "PersonName" (person_id,name_id) VALUES (110,209);
INSERT INTO "PersonName" (person_id,name_id) VALUES (111,0);
INSERT INTO "PersonName" (person_id,name_id) VALUES (112,170);
INSERT INTO "PersonName" (person_id,name_id) VALUES (113,237);
INSERT INTO "PersonName" (person_id,name_id) VALUES (114,98);
INSERT INTO "PersonName" (person_id,name_id) VALUES (114,181);
INSERT INTO "PersonName" (person_id,name_id) VALUES (115,365);
INSERT INTO "PersonName" (person_id,name_id) VALUES (116,366);
INSERT INTO "PersonName" (person_id,name_id) VALUES (117,49);
INSERT INTO "PersonName" (person_id,name_id) VALUES (118,215);
INSERT INTO "PersonName" (person_id,name_id) VALUES (119,180);
INSERT INTO "PersonName" (person_id,name_id) VALUES (119,44);
INSERT INTO "PersonName" (person_id,name_id) VALUES (120,28);
INSERT INTO "PersonName" (person_id,name_id) VALUES (121,331);
INSERT INTO "PersonName" (person_id,name_id) VALUES (122,50);
INSERT INTO "PersonName" (person_id,name_id) VALUES (122,85);
INSERT INTO "PersonName" (person_id,name_id) VALUES (123,208);
INSERT INTO "PersonName" (person_id,name_id) VALUES (124,41);
INSERT INTO "PersonName" (person_id,name_id) VALUES (125,289);
INSERT INTO "PersonName" (person_id,name_id) VALUES (126,269);
INSERT INTO "PersonName" (person_id,name_id) VALUES (127,229);
INSERT INTO "PersonName" (person_id,name_id) VALUES (128,324);
INSERT INTO "PersonName" (person_id,name_id) VALUES (129,116);
INSERT INTO "PersonName" (person_id,name_id) VALUES (129,24);
INSERT INTO "PersonName" (person_id,name_id) VALUES (130,213);
INSERT INTO "PersonName" (person_id,name_id) VALUES (131,279);
INSERT INTO "PersonName" (person_id,name_id) VALUES (132,14);
INSERT INTO "PersonName" (person_id,name_id) VALUES (133,16);
INSERT INTO "PersonName" (person_id,name_id) VALUES (134,265);
INSERT INTO "PersonName" (person_id,name_id) VALUES (135,131);
INSERT INTO "PersonName" (person_id,name_id) VALUES (136,74);
INSERT INTO "PersonName" (person_id,name_id) VALUES (137,298);
INSERT INTO "PersonName" (person_id,name_id) VALUES (138,86);
INSERT INTO "PersonName" (person_id,name_id) VALUES (139,293);
INSERT INTO "PersonName" (person_id,name_id) VALUES (140,314);
INSERT INTO "PersonName" (person_id,name_id) VALUES (141,246);
INSERT INTO "PersonName" (person_id,name_id) VALUES (142,33);
INSERT INTO "PersonName" (person_id,name_id) VALUES (143,247);
INSERT INTO "PersonName" (person_id,name_id) VALUES (144,191);
INSERT INTO "PersonName" (person_id,name_id) VALUES (145,160);
INSERT INTO "PersonName" (person_id,name_id) VALUES (146,141);
INSERT INTO "PersonName" (person_id,name_id) VALUES (147,183);
INSERT INTO "PersonName" (person_id,name_id) VALUES (147,104);
INSERT INTO "PersonName" (person_id,name_id) VALUES (148,154);
INSERT INTO "PersonName" (person_id,name_id) VALUES (148,185);
INSERT INTO "PersonName" (person_id,name_id) VALUES (149,23);
INSERT INTO "PersonName" (person_id,name_id) VALUES (150,286);
INSERT INTO "PersonName" (person_id,name_id) VALUES (151,342);
INSERT INTO "PersonName" (person_id,name_id) VALUES (152,100);
INSERT INTO "PersonName" (person_id,name_id) VALUES (153,65);
INSERT INTO "PersonName" (person_id,name_id) VALUES (154,368);
INSERT INTO "PersonName" (person_id,name_id) VALUES (155,110);
INSERT INTO "PersonName" (person_id,name_id) VALUES (156,18);
INSERT INTO "PersonName" (person_id,name_id) VALUES (156,120);
INSERT INTO "PersonName" (person_id,name_id) VALUES (157,260);
INSERT INTO "PersonName" (person_id,name_id) VALUES (158,96);
INSERT INTO "PersonName" (person_id,name_id) VALUES (158,172);
INSERT INTO "PersonName" (person_id,name_id) VALUES (159,175);
INSERT INTO "PersonName" (person_id,name_id) VALUES (159,53);
INSERT INTO "PersonName" (person_id,name_id) VALUES (160,8);
INSERT INTO "PersonName" (person_id,name_id) VALUES (160,112);
INSERT INTO "PersonName" (person_id,name_id) VALUES (161,240);
INSERT INTO "PersonName" (person_id,name_id) VALUES (162,262);
INSERT INTO "PersonName" (person_id,name_id) VALUES (163,290);
INSERT INTO "PersonName" (person_id,name_id) VALUES (164,287);
INSERT INTO "PersonName" (person_id,name_id) VALUES (165,143);
INSERT INTO "PersonName" (person_id,name_id) VALUES (165,39);
INSERT INTO "PersonName" (person_id,name_id) VALUES (166,182);
INSERT INTO "PersonName" (person_id,name_id) VALUES (167,188);
INSERT INTO "PersonName" (person_id,name_id) VALUES (168,42);
INSERT INTO "PersonName" (person_id,name_id) VALUES (168,6);
INSERT INTO "PersonName" (person_id,name_id) VALUES (169,258);
INSERT INTO "PersonName" (person_id,name_id) VALUES (170,184);
INSERT INTO "PersonName" (person_id,name_id) VALUES (171,221);
INSERT INTO "PersonName" (person_id,name_id) VALUES (172,309);
INSERT INTO "PersonName" (person_id,name_id) VALUES (173,163);
INSERT INTO "PersonName" (person_id,name_id) VALUES (173,128);
INSERT INTO "PersonName" (person_id,name_id) VALUES (174,121);
INSERT INTO "PersonName" (person_id,name_id) VALUES (174,168);
INSERT INTO "PersonName" (person_id,name_id) VALUES (175,330);
INSERT INTO "PersonName" (person_id,name_id) VALUES (176,59);
INSERT INTO "PersonName" (person_id,name_id) VALUES (176,47);
INSERT INTO "PersonName" (person_id,name_id) VALUES (177,140);
INSERT INTO "PersonName" (person_id,name_id) VALUES (178,310);
INSERT INTO "PersonName" (person_id,name_id) VALUES (179,73);
INSERT INTO "PersonName" (person_id,name_id) VALUES (180,315);
INSERT INTO "PersonName" (person_id,name_id) VALUES (181,99);
INSERT INTO "PersonName" (person_id,name_id) VALUES (182,341);
INSERT INTO "PersonName" (person_id,name_id) VALUES (183,135);
INSERT INTO "PersonName" (person_id,name_id) VALUES (184,313);
INSERT INTO "PersonName" (person_id,name_id) VALUES (185,321);
INSERT INTO "PersonName" (person_id,name_id) VALUES (186,187);
INSERT INTO "PersonName" (person_id,name_id) VALUES (187,349);
INSERT INTO "PersonName" (person_id,name_id) VALUES (188,133);
INSERT INTO "PersonName" (person_id,name_id) VALUES (189,363);
INSERT INTO "PersonName" (person_id,name_id) VALUES (190,255);
INSERT INTO "PersonName" (person_id,name_id) VALUES (191,136);
INSERT INTO "PersonName" (person_id,name_id) VALUES (192,61);
INSERT INTO "PersonName" (person_id,name_id) VALUES (193,355);
INSERT INTO "PersonName" (person_id,name_id) VALUES (194,46);
INSERT INTO "PersonName" (person_id,name_id) VALUES (195,224);
INSERT INTO "PersonName" (person_id,name_id) VALUES (196,29);
INSERT INTO "PersonName" (person_id,name_id) VALUES (196,66);
INSERT INTO "PersonName" (person_id,name_id) VALUES (197,220);
INSERT INTO "PersonName" (person_id,name_id) VALUES (198,115);
INSERT INTO "PersonName" (person_id,name_id) VALUES (199,111);
INSERT INTO "PersonName" (person_id,name_id) VALUES (200,254);
INSERT INTO "PersonName" (person_id,name_id) VALUES (201,161);
INSERT INTO "PersonName" (person_id,name_id) VALUES (201,90);
INSERT INTO "PersonName" (person_id,name_id) VALUES (202,356);
INSERT INTO "PersonName" (person_id,name_id) VALUES (203,123);
INSERT INTO "PersonName" (person_id,name_id) VALUES (203,148);
INSERT INTO "PersonName" (person_id,name_id) VALUES (204,233);
INSERT INTO "PersonName" (person_id,name_id) VALUES (205,164);
INSERT INTO "PersonName" (person_id,name_id) VALUES (206,102);
INSERT INTO "PersonName" (person_id,name_id) VALUES (207,198);
INSERT INTO "PersonName" (person_id,name_id) VALUES (208,190);
INSERT INTO "PersonName" (person_id,name_id) VALUES (209,278);
INSERT INTO "PersonName" (person_id,name_id) VALUES (210,261);
INSERT INTO "PersonName" (person_id,name_id) VALUES (211,68);
INSERT INTO "PersonName" (person_id,name_id) VALUES (212,202);
INSERT INTO "PersonName" (person_id,name_id) VALUES (213,150);
INSERT INTO "PersonName" (person_id,name_id) VALUES (214,244);
INSERT INTO "PersonName" (person_id,name_id) VALUES (215,275);
INSERT INTO "PersonName" (person_id,name_id) VALUES (216,7);
INSERT INTO "PersonName" (person_id,name_id) VALUES (217,56);
INSERT INTO "PersonName" (person_id,name_id) VALUES (218,238);
INSERT INTO "PersonName" (person_id,name_id) VALUES (219,92);
INSERT INTO "PersonName" (person_id,name_id) VALUES (220,335);
INSERT INTO "PersonName" (person_id,name_id) VALUES (221,138);
INSERT INTO "PersonName" (person_id,name_id) VALUES (221,27);
INSERT INTO "PersonName" (person_id,name_id) VALUES (222,272);
INSERT INTO "PersonName" (person_id,name_id) VALUES (223,271);
INSERT INTO "PersonName" (person_id,name_id) VALUES (224,5);
INSERT INTO "PersonName" (person_id,name_id) VALUES (225,55);
INSERT INTO "PersonName" (person_id,name_id) VALUES (226,211);
INSERT INTO "PersonName" (person_id,name_id) VALUES (227,203);
INSERT INTO "PersonName" (person_id,name_id) VALUES (228,165);
INSERT INTO "PersonName" (person_id,name_id) VALUES (228,81);
INSERT INTO "PersonName" (person_id,name_id) VALUES (229,13);
INSERT INTO "PersonName" (person_id,name_id) VALUES (229,158);
INSERT INTO "PersonName" (person_id,name_id) VALUES (230,276);
INSERT INTO "PersonName" (person_id,name_id) VALUES (231,40);
INSERT INTO "PersonName" (person_id,name_id) VALUES (232,318);
INSERT INTO "PersonName" (person_id,name_id) VALUES (233,339);
INSERT INTO "PersonName" (person_id,name_id) VALUES (234,4);
INSERT INTO "PersonName" (person_id,name_id) VALUES (235,127);
INSERT INTO "PersonName" (person_id,name_id) VALUES (235,94);
INSERT INTO "PersonName" (person_id,name_id) VALUES (236,303);
INSERT INTO "PersonName" (person_id,name_id) VALUES (237,48);
INSERT INTO "PersonName" (person_id,name_id) VALUES (238,206);
INSERT INTO "PersonName" (person_id,name_id) VALUES (239,125);
INSERT INTO "PersonName" (person_id,name_id) VALUES (240,145);
INSERT INTO "PersonName" (person_id,name_id) VALUES (240,124);
INSERT INTO "PersonName" (person_id,name_id) VALUES (241,296);
INSERT INTO "PersonName" (person_id,name_id) VALUES (242,20);
INSERT INTO "PersonName" (person_id,name_id) VALUES (242,93);
INSERT INTO "PersonName" (person_id,name_id) VALUES (243,352);
INSERT INTO "PersonName" (person_id,name_id) VALUES (244,267);
INSERT INTO "PersonName" (person_id,name_id) VALUES (245,80);
INSERT INTO "PersonName" (person_id,name_id) VALUES (246,152);
INSERT INTO "PersonName" (person_id,name_id) VALUES (247,359);
INSERT INTO "PersonName" (person_id,name_id) VALUES (248,37);
INSERT INTO "PersonName" (person_id,name_id) VALUES (248,159);
INSERT INTO "PersonName" (person_id,name_id) VALUES (249,132);
INSERT INTO "PersonName" (person_id,name_id) VALUES (250,64);
INSERT INTO "PersonName" (person_id,name_id) VALUES (251,223);
INSERT INTO "PersonName" (person_id,name_id) VALUES (252,177);
INSERT INTO "PersonName" (person_id,name_id) VALUES (253,166);
INSERT INTO "PersonName" (person_id,name_id) VALUES (253,167);
INSERT INTO "PersonName" (person_id,name_id) VALUES (254,9);
INSERT INTO "PersonName" (person_id,name_id) VALUES (255,108);
INSERT INTO "PersonName" (person_id,name_id) VALUES (256,248);
INSERT INTO "PersonName" (person_id,name_id) VALUES (257,192);
INSERT INTO "PersonName" (person_id,name_id) VALUES (258,36);
INSERT INTO "PersonName" (person_id,name_id) VALUES (259,146);
INSERT INTO "PersonName" (person_id,name_id) VALUES (259,139);
INSERT INTO "PersonName" (person_id,name_id) VALUES (260,222);
INSERT INTO "PersonName" (person_id,name_id) VALUES (261,169);
INSERT INTO "PersonName" (person_id,name_id) VALUES (262,268);
INSERT INTO "PersonName" (person_id,name_id) VALUES (263,84);
INSERT INTO "PersonName" (person_id,name_id) VALUES (263,2);
INSERT INTO "PersonOccupation" (person_id,occup_id) VALUES (0,6);
INSERT INTO "PersonOccupation" (person_id,occup_id) VALUES (0,21);
INSERT INTO "PersonOccupation" (person_id,occup_id) VALUES (0,47);
INSERT INTO "PersonOccupation" (person_id,occup_id) VALUES (2,3);
INSERT INTO "PersonOccupation" (person_id,occup_id) VALUES (2,13);
INSERT INTO "PersonOccupation" (person_id,occup_id) VALUES (4,28);
INSERT INTO "PersonOccupation" (person_id,occup_id) VALUES (4,11);
INSERT INTO "PersonOccupation" (person_id,occup_id) VALUES (4,29);
INSERT INTO "PersonOccupation" (person_id,occup_id) VALUES (5,45);
INSERT INTO "PersonOccupation" (person_id,occup_id) VALUES (5,11);
INSERT INTO "PersonOccupation" (person_id,occup_id) VALUES (6,38);
INSERT INTO "PersonOccupation" (person_id,occup_id) VALUES (6,19);
INSERT INTO "PersonOccupation" (person_id,occup_id) VALUES (9,48);
INSERT INTO "PersonOccupation" (person_id,occup_id) VALUES (9,0);
INSERT INTO "PersonOccupation" (person_id,occup_id) VALUES (10,46);
INSERT INTO "PersonOccupation" (person_id,occup_id) VALUES (10,28);
INSERT INTO "PersonOccupation" (person_id,occup_id) VALUES (10,7);
INSERT INTO "PersonOccupation" (person_id,occup_id) VALUES (11,40);
INSERT INTO "PersonOccupation" (person_id,occup_id) VALUES (14,20);
INSERT INTO "PersonOccupation" (person_id,occup_id) VALUES (15,24);
INSERT INTO "PersonOccupation" (person_id,occup_id) VALUES (15,22);
INSERT INTO "PersonOccupation" (person_id,occup_id) VALUES (16,4);
INSERT INTO "PersonOccupation" (person_id,occup_id) VALUES (16,39);
INSERT INTO "PersonOccupation" (person_id,occup_id) VALUES (19,33);
INSERT INTO "PersonOccupation" (person_id,occup_id) VALUES (19,2);
INSERT INTO "PersonOccupation" (person_id,occup_id) VALUES (20,14);
INSERT INTO "PersonOccupation" (person_id,occup_id) VALUES (20,1);
INSERT INTO "PersonOccupation" (person_id,occup_id) VALUES (23,44);
INSERT INTO "PersonOccupation" (person_id,occup_id) VALUES (23,9);
INSERT INTO "PersonOccupation" (person_id,occup_id) VALUES (24,2);
INSERT INTO "PersonOccupation" (person_id,occup_id) VALUES (24,37);
INSERT INTO "PersonOccupation" (person_id,occup_id) VALUES (26,6);
INSERT INTO "PersonOccupation" (person_id,occup_id) VALUES (26,2);
INSERT INTO "PersonOccupation" (person_id,occup_id) VALUES (26,24);
INSERT INTO "PersonOccupation" (person_id,occup_id) VALUES (27,9);
INSERT INTO "PersonOccupation" (person_id,occup_id) VALUES (27,43);
INSERT INTO "PersonOccupation" (person_id,occup_id) VALUES (27,33);
INSERT INTO "PersonOccupation" (person_id,occup_id) VALUES (29,21);
INSERT INTO "PersonOccupation" (person_id,occup_id) VALUES (30,33);
INSERT INTO "PersonOccupation" (person_id,occup_id) VALUES (31,28);
INSERT INTO "PersonOccupation" (person_id,occup_id) VALUES (31,46);
INSERT INTO "PersonOccupation" (person_id,occup_id) VALUES (33,46);
INSERT INTO "PersonOccupation" (person_id,occup_id) VALUES (33,33);
INSERT INTO "PersonOccupation" (person_id,occup_id) VALUES (33,45);
INSERT INTO "PersonOccupation" (person_id,occup_id) VALUES (34,29);
INSERT INTO "PersonOccupation" (person_id,occup_id) VALUES (37,20);
INSERT INTO "PersonOccupation" (person_id,occup_id) VALUES (37,27);
INSERT INTO "PersonOccupation" (person_id,occup_id) VALUES (37,28);
INSERT INTO "PersonOccupation" (person_id,occup_id) VALUES (39,15);
INSERT INTO "PersonOccupation" (person_id,occup_id) VALUES (40,0);
INSERT INTO "PersonOccupation" (person_id,occup_id) VALUES (41,19);
INSERT INTO "PersonOccupation" (person_id,occup_id) VALUES (41,26);
INSERT INTO "PersonOccupation" (person_id,occup_id) VALUES (42,43);
INSERT INTO "PersonOccupation" (person_id,occup_id) VALUES (42,6);
INSERT INTO "PersonOccupation" (person_id,occup_id) VALUES (42,24);
INSERT INTO "PersonOccupation" (person_id,occup_id) VALUES (43,22);
INSERT INTO "PersonOccupation" (person_id,occup_id) VALUES (44,3);
INSERT INTO "PersonOccupation" (person_id,occup_id) VALUES (44,7);
INSERT INTO "PersonOccupation" (person_id,occup_id) VALUES (44,47);
INSERT INTO "PersonOccupation" (person_id,occup_id) VALUES (45,28);
INSERT INTO "PersonOccupation" (person_id,occup_id) VALUES (47,4);
INSERT INTO "PersonOccupation" (person_id,occup_id) VALUES (47,37);
INSERT INTO "PersonOccupation" (person_id,occup_id) VALUES (47,6);
INSERT INTO "PersonOccupation" (person_id,occup_id) VALUES (48,29);
INSERT INTO "PersonOccupation" (person_id,occup_id) VALUES (48,27);
INSERT INTO "PersonOccupation" (person_id,occup_id) VALUES (49,32);
INSERT INTO "PersonOccupation" (person_id,occup_id) VALUES (50,30);
INSERT INTO "PersonOccupation" (person_id,occup_id) VALUES (51,36);
INSERT INTO "PersonOccupation" (person_id,occup_id) VALUES (52,5);
INSERT INTO "PersonOccupation" (person_id,occup_id) VALUES (52,12);
INSERT INTO "PersonOccupation" (person_id,occup_id) VALUES (53,35);
INSERT INTO "PersonOccupation" (person_id,occup_id) VALUES (53,9);
INSERT INTO "PersonOccupation" (person_id,occup_id) VALUES (54,17);
INSERT INTO "PersonOccupation" (person_id,occup_id) VALUES (55,43);
INSERT INTO "PersonOccupation" (person_id,occup_id) VALUES (57,12);
INSERT INTO "PersonOccupation" (person_id,occup_id) VALUES (58,33);
INSERT INTO "PersonOccupation" (person_id,occup_id) VALUES (59,43);
INSERT INTO "PersonOccupation" (person_id,occup_id) VALUES (59,26);
INSERT INTO "PersonOccupation" (person_id,occup_id) VALUES (59,42);
INSERT INTO "PersonOccupation" (person_id,occup_id) VALUES (60,10);
INSERT INTO "PersonOccupation" (person_id,occup_id) VALUES (61,4);
INSERT INTO "PersonOccupation" (person_id,occup_id) VALUES (62,13);
INSERT INTO "PersonOccupation" (person_id,occup_id) VALUES (62,39);
INSERT INTO "PersonOccupation" (person_id,occup_id) VALUES (62,4);
INSERT INTO "PersonOccupation" (person_id,occup_id) VALUES (63,4);
INSERT INTO "PersonOccupation" (person_id,occup_id) VALUES (63,22);
INSERT INTO "PersonOccupation" (person_id,occup_id) VALUES (64,42);
INSERT INTO "PersonOccupation" (person_id,occup_id) VALUES (64,15);
INSERT INTO "PersonOccupation" (person_id,occup_id) VALUES (65,41);
INSERT INTO "PersonOccupation" (person_id,occup_id) VALUES (65,5);
INSERT INTO "PersonOccupation" (person_id,occup_id) VALUES (66,27);
INSERT INTO "PersonOccupation" (person_id,occup_id) VALUES (67,30);
INSERT INTO "PersonOccupation" (person_id,occup_id) VALUES (67,8);
INSERT INTO "PersonOccupation" (person_id,occup_id) VALUES (67,28);
INSERT INTO "PersonOccupation" (person_id,occup_id) VALUES (68,25);
INSERT INTO "PersonOccupation" (person_id,occup_id) VALUES (68,3);
INSERT INTO "PersonOccupation" (person_id,occup_id) VALUES (68,35);
INSERT INTO "PersonOccupation" (person_id,occup_id) VALUES (70,46);
INSERT INTO "PersonOccupation" (person_id,occup_id) VALUES (70,44);
INSERT INTO "PersonOccupation" (person_id,occup_id) VALUES (71,0);
INSERT INTO "PersonOccupation" (person_id,occup_id) VALUES (71,4);
INSERT INTO "PersonOccupation" (person_id,occup_id) VALUES (72,2);
INSERT INTO "PersonOccupation" (person_id,occup_id) VALUES (75,48);
INSERT INTO "PersonOccupation" (person_id,occup_id) VALUES (75,17);
INSERT INTO "PersonOccupation" (person_id,occup_id) VALUES (75,45);
INSERT INTO "PersonOccupation" (person_id,occup_id) VALUES (76,35);
INSERT INTO "PersonOccupation" (person_id,occup_id) VALUES (77,33);
INSERT INTO "PersonOccupation" (person_id,occup_id) VALUES (78,3);
INSERT INTO "PersonOccupation" (person_id,occup_id) VALUES (78,23);
INSERT INTO "PersonOccupation" (person_id,occup_id) VALUES (78,47);
INSERT INTO "PersonOccupation" (person_id,occup_id) VALUES (79,20);
INSERT INTO "PersonOccupation" (person_id,occup_id) VALUES (79,15);
INSERT INTO "PersonOccupation" (person_id,occup_id) VALUES (79,5);
INSERT INTO "PersonOccupation" (person_id,occup_id) VALUES (80,1);
INSERT INTO "PersonOccupation" (person_id,occup_id) VALUES (80,22);
INSERT INTO "PersonOccupation" (person_id,occup_id) VALUES (81,18);
INSERT INTO "PersonOccupation" (person_id,occup_id) VALUES (82,12);
INSERT INTO "PersonOccupation" (person_id,occup_id) VALUES (83,31);
INSERT INTO "PersonOccupation" (person_id,occup_id) VALUES (84,11);
INSERT INTO "PersonOccupation" (person_id,occup_id) VALUES (84,16);
INSERT INTO "PersonOccupation" (person_id,occup_id) VALUES (84,36);
INSERT INTO "PersonOccupation" (person_id,occup_id) VALUES (85,19);
INSERT INTO "PersonOccupation" (person_id,occup_id) VALUES (85,21);
INSERT INTO "PersonOccupation" (person_id,occup_id) VALUES (88,17);
INSERT INTO "PersonOccupation" (person_id,occup_id) VALUES (88,49);
INSERT INTO "PersonOccupation" (person_id,occup_id) VALUES (88,3);
INSERT INTO "PersonOccupation" (person_id,occup_id) VALUES (89,6);
INSERT INTO "PersonOccupation" (person_id,occup_id) VALUES (90,24);
INSERT INTO "PersonOccupation" (person_id,occup_id) VALUES (90,12);
INSERT INTO "PersonOccupation" (person_id,occup_id) VALUES (91,11);
INSERT INTO "PersonOccupation" (person_id,occup_id) VALUES (91,43);
INSERT INTO "PersonOccupation" (person_id,occup_id) VALUES (91,23);
INSERT INTO "PersonOccupation" (person_id,occup_id) VALUES (92,32);
INSERT INTO "PersonOccupation" (person_id,occup_id) VALUES (92,40);
INSERT INTO "PersonOccupation" (person_id,occup_id) VALUES (92,29);
INSERT INTO "PersonOccupation" (person_id,occup_id) VALUES (94,32);
INSERT INTO "PersonOccupation" (person_id,occup_id) VALUES (95,28);
INSERT INTO "PersonOccupation" (person_id,occup_id) VALUES (95,4);
INSERT INTO "PersonOccupation" (person_id,occup_id) VALUES (95,24);
INSERT INTO "PersonOccupation" (person_id,occup_id) VALUES (96,19);
INSERT INTO "PersonOccupation" (person_id,occup_id) VALUES (96,35);
INSERT INTO "PersonOccupation" (person_id,occup_id) VALUES (96,15);
INSERT INTO "PersonOccupation" (person_id,occup_id) VALUES (97,12);
INSERT INTO "PersonOccupation" (person_id,occup_id) VALUES (97,16);
INSERT INTO "PersonOccupation" (person_id,occup_id) VALUES (97,29);
INSERT INTO "PersonOccupation" (person_id,occup_id) VALUES (98,20);
INSERT INTO "PersonOccupation" (person_id,occup_id) VALUES (99,13);
INSERT INTO "PersonOccupation" (person_id,occup_id) VALUES (99,8);
INSERT INTO "PersonOccupation" (person_id,occup_id) VALUES (102,47);
INSERT INTO "PersonOccupation" (person_id,occup_id) VALUES (102,9);
INSERT INTO "PersonOccupation" (person_id,occup_id) VALUES (102,39);
INSERT INTO "PersonOccupation" (person_id,occup_id) VALUES (104,3);
INSERT INTO "PersonOccupation" (person_id,occup_id) VALUES (104,25);
INSERT INTO "PersonOccupation" (person_id,occup_id) VALUES (104,22);
INSERT INTO "PersonOccupation" (person_id,occup_id) VALUES (105,13);
INSERT INTO "PersonOccupation" (person_id,occup_id) VALUES (106,10);
INSERT INTO "PersonOccupation" (person_id,occup_id) VALUES (107,13);
INSERT INTO "PersonOccupation" (person_id,occup_id) VALUES (107,41);
INSERT INTO "PersonOccupation" (person_id,occup_id) VALUES (107,44);
INSERT INTO "PersonOccupation" (person_id,occup_id) VALUES (108,33);
INSERT INTO "PersonOccupation" (person_id,occup_id) VALUES (108,46);
INSERT INTO "PersonOccupation" (person_id,occup_id) VALUES (109,44);
INSERT INTO "PersonOccupation" (person_id,occup_id) VALUES (110,23);
INSERT INTO "PersonOccupation" (person_id,occup_id) VALUES (111,24);
INSERT INTO "PersonOccupation" (person_id,occup_id) VALUES (111,40);
INSERT INTO "PersonOccupation" (person_id,occup_id) VALUES (111,12);
INSERT INTO "PersonOccupation" (person_id,occup_id) VALUES (112,49);
INSERT INTO "PersonOccupation" (person_id,occup_id) VALUES (112,1);
INSERT INTO "PersonOccupation" (person_id,occup_id) VALUES (112,3);
INSERT INTO "PersonOccupation" (person_id,occup_id) VALUES (113,20);
INSERT INTO "PersonOccupation" (person_id,occup_id) VALUES (114,20);
INSERT INTO "PersonOccupation" (person_id,occup_id) VALUES (114,40);
INSERT INTO "PersonOccupation" (person_id,occup_id) VALUES (114,19);
INSERT INTO "PersonOccupation" (person_id,occup_id) VALUES (115,5);
INSERT INTO "PersonOccupation" (person_id,occup_id) VALUES (115,44);
INSERT INTO "PersonOccupation" (person_id,occup_id) VALUES (115,18);
INSERT INTO "PersonOccupation" (person_id,occup_id) VALUES (116,14);
INSERT INTO "PersonOccupation" (person_id,occup_id) VALUES (116,17);
INSERT INTO "PersonOccupation" (person_id,occup_id) VALUES (116,32);
INSERT INTO "PersonOccupation" (person_id,occup_id) VALUES (117,39);
INSERT INTO "PersonOccupation" (person_id,occup_id) VALUES (117,31);
INSERT INTO "PersonOccupation" (person_id,occup_id) VALUES (117,8);
INSERT INTO "PersonOccupation" (person_id,occup_id) VALUES (118,16);
INSERT INTO "PersonOccupation" (person_id,occup_id) VALUES (118,12);
INSERT INTO "PersonOccupation" (person_id,occup_id) VALUES (119,47);
INSERT INTO "PersonOccupation" (person_id,occup_id) VALUES (119,26);
INSERT INTO "PersonOccupation" (person_id,occup_id) VALUES (120,40);
INSERT INTO "PersonOccupation" (person_id,occup_id) VALUES (120,19);
INSERT INTO "PersonOccupation" (person_id,occup_id) VALUES (121,14);
INSERT INTO "PersonOccupation" (person_id,occup_id) VALUES (122,0);
INSERT INTO "PersonOccupation" (person_id,occup_id) VALUES (122,4);
INSERT INTO "PersonOccupation" (person_id,occup_id) VALUES (123,26);
INSERT INTO "PersonOccupation" (person_id,occup_id) VALUES (123,13);
INSERT INTO "PersonOccupation" (person_id,occup_id) VALUES (124,15);
INSERT INTO "PersonOccupation" (person_id,occup_id) VALUES (124,31);
INSERT INTO "PersonOccupation" (person_id,occup_id) VALUES (124,23);
INSERT INTO "PersonOccupation" (person_id,occup_id) VALUES (125,4);
INSERT INTO "PersonOccupation" (person_id,occup_id) VALUES (125,7);
INSERT INTO "PersonOccupation" (person_id,occup_id) VALUES (125,45);
INSERT INTO "PersonOccupation" (person_id,occup_id) VALUES (126,4);
INSERT INTO "PersonOccupation" (person_id,occup_id) VALUES (126,33);
INSERT INTO "PersonOccupation" (person_id,occup_id) VALUES (127,17);
INSERT INTO "PersonOccupation" (person_id,occup_id) VALUES (128,20);
INSERT INTO "PersonOccupation" (person_id,occup_id) VALUES (128,22);
INSERT INTO "PersonOccupation" (person_id,occup_id) VALUES (128,49);
INSERT INTO "PersonOccupation" (person_id,occup_id) VALUES (129,20);
INSERT INTO "PersonOccupation" (person_id,occup_id) VALUES (129,10);
INSERT INTO "PersonOccupation" (person_id,occup_id) VALUES (130,45);
INSERT INTO "PersonOccupation" (person_id,occup_id) VALUES (130,11);
INSERT INTO "PersonOccupation" (person_id,occup_id) VALUES (132,9);
INSERT INTO "PersonOccupation" (person_id,occup_id) VALUES (132,5);
INSERT INTO "PersonOccupation" (person_id,occup_id) VALUES (133,7);
INSERT INTO "PersonOccupation" (person_id,occup_id) VALUES (133,48);
INSERT INTO "PersonOccupation" (person_id,occup_id) VALUES (133,24);
INSERT INTO "PersonOccupation" (person_id,occup_id) VALUES (134,5);
INSERT INTO "PersonOccupation" (person_id,occup_id) VALUES (135,32);
INSERT INTO "PersonOccupation" (person_id,occup_id) VALUES (135,46);
INSERT INTO "PersonOccupation" (person_id,occup_id) VALUES (136,30);
INSERT INTO "PersonOccupation" (person_id,occup_id) VALUES (138,44);
INSERT INTO "PersonOccupation" (person_id,occup_id) VALUES (141,28);
INSERT INTO "PersonOccupation" (person_id,occup_id) VALUES (142,31);
INSERT INTO "PersonOccupation" (person_id,occup_id) VALUES (142,40);
INSERT INTO "PersonOccupation" (person_id,occup_id) VALUES (142,12);
INSERT INTO "PersonOccupation" (person_id,occup_id) VALUES (143,16);
INSERT INTO "PersonOccupation" (person_id,occup_id) VALUES (144,4);
INSERT INTO "PersonOccupation" (person_id,occup_id) VALUES (144,9);
INSERT INTO "PersonOccupation" (person_id,occup_id) VALUES (144,24);
INSERT INTO "PersonOccupation" (person_id,occup_id) VALUES (145,23);
INSERT INTO "PersonOccupation" (person_id,occup_id) VALUES (146,43);
INSERT INTO "PersonOccupation" (person_id,occup_id) VALUES (149,41);
INSERT INTO "PersonOccupation" (person_id,occup_id) VALUES (149,48);
INSERT INTO "PersonOccupation" (person_id,occup_id) VALUES (149,7);
INSERT INTO "PersonOccupation" (person_id,occup_id) VALUES (150,14);
INSERT INTO "PersonOccupation" (person_id,occup_id) VALUES (150,4);
INSERT INTO "PersonOccupation" (person_id,occup_id) VALUES (150,40);
INSERT INTO "PersonOccupation" (person_id,occup_id) VALUES (151,30);
INSERT INTO "PersonOccupation" (person_id,occup_id) VALUES (151,18);
INSERT INTO "PersonOccupation" (person_id,occup_id) VALUES (152,37);
INSERT INTO "PersonOccupation" (person_id,occup_id) VALUES (153,34);
INSERT INTO "PersonOccupation" (person_id,occup_id) VALUES (155,1);
INSERT INTO "PersonOccupation" (person_id,occup_id) VALUES (155,26);
INSERT INTO "PersonOccupation" (person_id,occup_id) VALUES (155,6);
INSERT INTO "PersonOccupation" (person_id,occup_id) VALUES (156,47);
INSERT INTO "PersonOccupation" (person_id,occup_id) VALUES (156,46);
INSERT INTO "PersonOccupation" (person_id,occup_id) VALUES (158,31);
INSERT INTO "PersonOccupation" (person_id,occup_id) VALUES (158,38);
INSERT INTO "PersonOccupation" (person_id,occup_id) VALUES (159,1);
INSERT INTO "PersonOccupation" (person_id,occup_id) VALUES (159,35);
INSERT INTO "PersonOccupation" (person_id,occup_id) VALUES (160,28);
INSERT INTO "PersonOccupation" (person_id,occup_id) VALUES (161,31);
INSERT INTO "PersonOccupation" (person_id,occup_id) VALUES (161,39);
INSERT INTO "PersonOccupation" (person_id,occup_id) VALUES (161,21);
INSERT INTO "PersonOccupation" (person_id,occup_id) VALUES (162,14);
INSERT INTO "PersonOccupation" (person_id,occup_id) VALUES (164,27);
INSERT INTO "PersonOccupation" (person_id,occup_id) VALUES (165,48);
INSERT INTO "PersonOccupation" (person_id,occup_id) VALUES (165,22);
INSERT INTO "PersonOccupation" (person_id,occup_id) VALUES (166,10);
INSERT INTO "PersonOccupation" (person_id,occup_id) VALUES (166,15);
INSERT INTO "PersonOccupation" (person_id,occup_id) VALUES (166,24);
INSERT INTO "PersonOccupation" (person_id,occup_id) VALUES (168,6);
INSERT INTO "PersonOccupation" (person_id,occup_id) VALUES (168,45);
INSERT INTO "PersonOccupation" (person_id,occup_id) VALUES (168,5);
INSERT INTO "PersonOccupation" (person_id,occup_id) VALUES (169,33);
INSERT INTO "PersonOccupation" (person_id,occup_id) VALUES (169,1);
INSERT INTO "PersonOccupation" (person_id,occup_id) VALUES (170,4);
INSERT INTO "PersonOccupation" (person_id,occup_id) VALUES (170,11);
INSERT INTO "PersonOccupation" (person_id,occup_id) VALUES (171,15);
INSERT INTO "PersonOccupation" (person_id,occup_id) VALUES (172,20);
INSERT INTO "PersonOccupation" (person_id,occup_id) VALUES (172,46);
INSERT INTO "PersonOccupation" (person_id,occup_id) VALUES (174,13);
INSERT INTO "PersonOccupation" (person_id,occup_id) VALUES (175,33);
INSERT INTO "PersonOccupation" (person_id,occup_id) VALUES (175,28);
INSERT INTO "PersonOccupation" (person_id,occup_id) VALUES (176,44);
INSERT INTO "PersonOccupation" (person_id,occup_id) VALUES (176,34);
INSERT INTO "PersonOccupation" (person_id,occup_id) VALUES (176,35);
INSERT INTO "PersonOccupation" (person_id,occup_id) VALUES (177,25);
INSERT INTO "PersonOccupation" (person_id,occup_id) VALUES (178,15);
INSERT INTO "PersonOccupation" (person_id,occup_id) VALUES (179,11);
INSERT INTO "PersonOccupation" (person_id,occup_id) VALUES (182,40);
INSERT INTO "PersonOccupation" (person_id,occup_id) VALUES (183,33);
INSERT INTO "PersonOccupation" (person_id,occup_id) VALUES (185,37);
INSERT INTO "PersonOccupation" (person_id,occup_id) VALUES (186,43);
INSERT INTO "PersonOccupation" (person_id,occup_id) VALUES (186,3);
INSERT INTO "PersonOccupation" (person_id,occup_id) VALUES (186,4);
INSERT INTO "PersonOccupation" (person_id,occup_id) VALUES (187,45);
INSERT INTO "PersonOccupation" (person_id,occup_id) VALUES (187,32);
INSERT INTO "PersonOccupation" (person_id,occup_id) VALUES (187,19);
INSERT INTO "PersonOccupation" (person_id,occup_id) VALUES (188,44);
INSERT INTO "PersonOccupation" (person_id,occup_id) VALUES (189,27);
INSERT INTO "PersonOccupation" (person_id,occup_id) VALUES (189,4);
INSERT INTO "PersonOccupation" (person_id,occup_id) VALUES (189,45);
INSERT INTO "PersonOccupation" (person_id,occup_id) VALUES (191,48);
INSERT INTO "PersonOccupation" (person_id,occup_id) VALUES (192,11);
INSERT INTO "PersonOccupation" (person_id,occup_id) VALUES (192,32);
INSERT INTO "PersonOccupation" (person_id,occup_id) VALUES (192,10);
INSERT INTO "PersonOccupation" (person_id,occup_id) VALUES (193,45);
INSERT INTO "PersonOccupation" (person_id,occup_id) VALUES (194,16);
INSERT INTO "PersonOccupation" (person_id,occup_id) VALUES (195,34);
INSERT INTO "PersonOccupation" (person_id,occup_id) VALUES (196,44);
INSERT INTO "PersonOccupation" (person_id,occup_id) VALUES (196,21);
INSERT INTO "PersonOccupation" (person_id,occup_id) VALUES (197,46);
INSERT INTO "PersonOccupation" (person_id,occup_id) VALUES (197,42);
INSERT INTO "PersonOccupation" (person_id,occup_id) VALUES (197,43);
INSERT INTO "PersonOccupation" (person_id,occup_id) VALUES (198,19);
INSERT INTO "PersonOccupation" (person_id,occup_id) VALUES (199,34);
INSERT INTO "PersonOccupation" (person_id,occup_id) VALUES (199,46);
INSERT INTO "PersonOccupation" (person_id,occup_id) VALUES (199,48);
INSERT INTO "PersonOccupation" (person_id,occup_id) VALUES (200,16);
INSERT INTO "PersonOccupation" (person_id,occup_id) VALUES (200,43);
INSERT INTO "PersonOccupation" (person_id,occup_id) VALUES (201,8);
INSERT INTO "PersonOccupation" (person_id,occup_id) VALUES (201,47);
INSERT INTO "PersonOccupation" (person_id,occup_id) VALUES (202,41);
INSERT INTO "PersonOccupation" (person_id,occup_id) VALUES (202,9);
INSERT INTO "PersonOccupation" (person_id,occup_id) VALUES (202,45);
INSERT INTO "PersonOccupation" (person_id,occup_id) VALUES (203,26);
INSERT INTO "PersonOccupation" (person_id,occup_id) VALUES (203,18);
INSERT INTO "PersonOccupation" (person_id,occup_id) VALUES (204,40);
INSERT INTO "PersonOccupation" (person_id,occup_id) VALUES (204,5);
INSERT INTO "PersonOccupation" (person_id,occup_id) VALUES (204,44);
INSERT INTO "PersonOccupation" (person_id,occup_id) VALUES (205,5);
INSERT INTO "PersonOccupation" (person_id,occup_id) VALUES (206,36);
INSERT INTO "PersonOccupation" (person_id,occup_id) VALUES (206,33);
INSERT INTO "PersonOccupation" (person_id,occup_id) VALUES (207,36);
INSERT INTO "PersonOccupation" (person_id,occup_id) VALUES (207,17);
INSERT INTO "PersonOccupation" (person_id,occup_id) VALUES (207,19);
INSERT INTO "PersonOccupation" (person_id,occup_id) VALUES (208,13);
INSERT INTO "PersonOccupation" (person_id,occup_id) VALUES (208,12);
INSERT INTO "PersonOccupation" (person_id,occup_id) VALUES (209,4);
INSERT INTO "PersonOccupation" (person_id,occup_id) VALUES (210,48);
INSERT INTO "PersonOccupation" (person_id,occup_id) VALUES (210,8);
INSERT INTO "PersonOccupation" (person_id,occup_id) VALUES (211,30);
INSERT INTO "PersonOccupation" (person_id,occup_id) VALUES (211,46);
INSERT INTO "PersonOccupation" (person_id,occup_id) VALUES (211,20);
INSERT INTO "PersonOccupation" (person_id,occup_id) VALUES (212,19);
INSERT INTO "PersonOccupation" (person_id,occup_id) VALUES (212,35);
INSERT INTO "PersonOccupation" (person_id,occup_id) VALUES (212,45);
INSERT INTO "PersonOccupation" (person_id,occup_id) VALUES (213,36);
INSERT INTO "PersonOccupation" (person_id,occup_id) VALUES (214,28);
INSERT INTO "PersonOccupation" (person_id,occup_id) VALUES (215,36);
INSERT INTO "PersonOccupation" (person_id,occup_id) VALUES (215,23);
INSERT INTO "PersonOccupation" (person_id,occup_id) VALUES (218,11);
INSERT INTO "PersonOccupation" (person_id,occup_id) VALUES (219,47);
INSERT INTO "PersonOccupation" (person_id,occup_id) VALUES (221,3);
INSERT INTO "PersonOccupation" (person_id,occup_id) VALUES (223,41);
INSERT INTO "PersonOccupation" (person_id,occup_id) VALUES (223,12);
INSERT INTO "PersonOccupation" (person_id,occup_id) VALUES (224,16);
INSERT INTO "PersonOccupation" (person_id,occup_id) VALUES (225,5);
INSERT INTO "PersonOccupation" (person_id,occup_id) VALUES (225,43);
INSERT INTO "PersonOccupation" (person_id,occup_id) VALUES (226,27);
INSERT INTO "PersonOccupation" (person_id,occup_id) VALUES (226,44);
INSERT INTO "PersonOccupation" (person_id,occup_id) VALUES (226,31);
INSERT INTO "PersonOccupation" (person_id,occup_id) VALUES (227,34);
INSERT INTO "PersonOccupation" (person_id,occup_id) VALUES (227,47);
INSERT INTO "PersonOccupation" (person_id,occup_id) VALUES (228,27);
INSERT INTO "PersonOccupation" (person_id,occup_id) VALUES (228,48);
INSERT INTO "PersonOccupation" (person_id,occup_id) VALUES (230,21);
INSERT INTO "PersonOccupation" (person_id,occup_id) VALUES (233,43);
INSERT INTO "PersonOccupation" (person_id,occup_id) VALUES (234,32);
INSERT INTO "PersonOccupation" (person_id,occup_id) VALUES (234,22);
INSERT INTO "PersonOccupation" (person_id,occup_id) VALUES (235,23);
INSERT INTO "PersonOccupation" (person_id,occup_id) VALUES (236,15);
INSERT INTO "PersonOccupation" (person_id,occup_id) VALUES (236,29);
INSERT INTO "PersonOccupation" (person_id,occup_id) VALUES (239,40);
INSERT INTO "PersonOccupation" (person_id,occup_id) VALUES (239,45);
INSERT INTO "PersonOccupation" (person_id,occup_id) VALUES (240,16);
INSERT INTO "PersonOccupation" (person_id,occup_id) VALUES (240,15);
INSERT INTO "PersonOccupation" (person_id,occup_id) VALUES (241,22);
INSERT INTO "PersonOccupation" (person_id,occup_id) VALUES (243,16);
INSERT INTO "PersonOccupation" (person_id,occup_id) VALUES (244,15);
INSERT INTO "PersonOccupation" (person_id,occup_id) VALUES (245,46);
INSERT INTO "PersonOccupation" (person_id,occup_id) VALUES (246,47);
INSERT INTO "PersonOccupation" (person_id,occup_id) VALUES (247,1);
INSERT INTO "PersonOccupation" (person_id,occup_id) VALUES (248,8);
INSERT INTO "PersonOccupation" (person_id,occup_id) VALUES (250,4);
INSERT INTO "PersonOccupation" (person_id,occup_id) VALUES (250,5);
INSERT INTO "PersonOccupation" (person_id,occup_id) VALUES (251,4);
INSERT INTO "PersonOccupation" (person_id,occup_id) VALUES (253,9);
INSERT INTO "PersonOccupation" (person_id,occup_id) VALUES (253,21);
INSERT INTO "PersonOccupation" (person_id,occup_id) VALUES (254,7);
INSERT INTO "PersonOccupation" (person_id,occup_id) VALUES (254,35);
INSERT INTO "PersonOccupation" (person_id,occup_id) VALUES (255,32);
INSERT INTO "PersonOccupation" (person_id,occup_id) VALUES (258,47);
INSERT INTO "PersonOccupation" (person_id,occup_id) VALUES (258,46);
INSERT INTO "PersonOccupation" (person_id,occup_id) VALUES (259,46);
INSERT INTO "PersonOccupation" (person_id,occup_id) VALUES (259,0);
INSERT INTO "PersonOccupation" (person_id,occup_id) VALUES (259,39);
INSERT INTO "PersonOccupation" (person_id,occup_id) VALUES (260,28);
INSERT INTO "PersonOccupation" (person_id,occup_id) VALUES (260,35);
INSERT INTO "PersonOccupation" (person_id,occup_id) VALUES (262,35);
INSERT INTO "PersonOccupation" (person_id,occup_id) VALUES (262,15);
INSERT INTO "PersonOccupation" (person_id,occup_id) VALUES (263,13);
INSERT INTO "PersonOccupation" (person_id,occup_id) VALUES (263,24);
INSERT INTO "PersonOccupation" (person_id,occup_id) VALUES (263,3);
INSERT INTO "Marriage" (_id_marriage,rec_ready,rec_order,scan_order,scan_layout,date,village,groom_y,groom_m,groom_d,bride_y,bride_m,bride_d,groom_adult,bride_adult,relationship,groom_id,bride_id,user_id,register_id,officiant_id,banns_1,banns_2,banns_3) VALUES (0,true,14,881,'P','1858-09-17','Plzeň',18,10,23,27,3,11,true,true,'ne',206,77,1,17,1,'1858-09-10','1858-09-03','1858-08-27');
INSERT INTO "Witness" (person_id,marriage_id,side,relationship) VALUES (152,0,'ženicha','jiné');
INSERT INTO "Witness" (person_id,marriage_id,side,relationship) VALUES (241,0,'ženicha','přítel');
INSERT INTO "Witness" (person_id,marriage_id,side,relationship) VALUES (16,0,'nevěsty','jiné');
INSERT INTO "Witness" (person_id,marriage_id,side,relationship) VALUES (60,0,'nevěsty','jiné');
INSERT INTO "Marriage" (_id_marriage,rec_ready,rec_order,scan_order,scan_layout,date,village,groom_y,groom_m,groom_d,bride_y,bride_m,bride_d,groom_adult,bride_adult,relationship,groom_id,bride_id,user_id,register_id,officiant_id) VALUES (1,true,53,437,'C','1866-04-19','Ostrava',33,1,22,34,1,5,true,true,'bratranec-sestřenice 2. stupně',17,21,0,136,0);
INSERT INTO "Witness" (person_id,marriage_id,side,relationship) VALUES (66,1,'ženicha','jiné');
INSERT INTO "Witness" (person_id,marriage_id,side,relationship) VALUES (156,1,'ženicha','jiné');
INSERT INTO "Witness" (person_id,marriage_id,side,relationship) VALUES (47,1,'nevěsty','sourozenec');
INSERT INTO "Witness" (person_id,marriage_id,side,relationship) VALUES (166,1,'nevěsty','sourozenec');
INSERT INTO "Marriage" (_id_marriage,rec_ready,rec_order,scan_order,scan_layout,date,village,groom_y,groom_m,groom_d,bride_y,bride_m,bride_d,groom_adult,bride_adult,relationship,groom_id,bride_id,user_id,register_id,officiant_id,banns_1,banns_2,banns_3) VALUES (2,true,40,195,'C','1858-09-15','Liberec',27,8,13,30,3,7,true,true,'ne',65,123,1,185,2,'1858-09-08','1858-09-01','1858-08-25');
INSERT INTO "Witness" (person_id,marriage_id,side,relationship) VALUES (207,2,'ženicha','jiné');
INSERT INTO "Witness" (person_id,marriage_id,side,relationship) VALUES (255,2,'ženicha','přítel');
INSERT INTO "Witness" (person_id,marriage_id,side,relationship) VALUES (156,2,'nevěsty','sourozenec');
INSERT INTO "Witness" (person_id,marriage_id,side,relationship) VALUES (105,2,'nevěsty','přítel');
INSERT INTO "Marriage" (_id_marriage,rec_ready,rec_order,scan_order,scan_layout,date,village,groom_y,groom_m,groom_d,bride_y,bride_m,bride_d,groom_adult,bride_adult,relationship,groom_id,bride_id,user_id,register_id,officiant_id) VALUES (3,false,7,814,'C','1860-04-25','Plzeň',29,6,2,21,6,19,true,true,'ne',159,195,0,159,1);
INSERT INTO "Witness" (person_id,marriage_id,side,relationship) VALUES (217,3,'ženicha','jiné');
INSERT INTO "Witness" (person_id,marriage_id,side,relationship) VALUES (212,3,'ženicha','jiné');
INSERT INTO "Witness" (person_id,marriage_id,side,relationship) VALUES (127,3,'nevěsty','jiné');
INSERT INTO "Witness" (person_id,marriage_id,side,relationship) VALUES (200,3,'nevěsty','jiné');
INSERT INTO "Marriage" (_id_marriage,rec_ready,rec_order,scan_order,scan_layout,date,village,groom_y,groom_m,groom_d,bride_y,bride_m,bride_d,groom_adult,bride_adult,relationship,groom_id,bride_id,user_id,register_id,officiant_id) VALUES (4,false,862,533,'C','1859-12-09','Ostrava',24,2,19,25,8,0,true,true,'ne',174,171,0,163,1);
INSERT INTO "Witness" (person_id,marriage_id,side,relationship) VALUES (33,4,'ženicha','sourozenec');
INSERT INTO "Witness" (person_id,marriage_id,side,relationship) VALUES (65,4,'ženicha','jiné');
INSERT INTO "Witness" (person_id,marriage_id,side,relationship) VALUES (88,4,'nevěsty','sourozenec');
INSERT INTO "Witness" (person_id,marriage_id,side,relationship) VALUES (84,4,'nevěsty','sourozenec');
INSERT INTO "Marriage" (_id_marriage,rec_ready,rec_order,scan_order,scan_layout,date,village,groom_y,groom_m,groom_d,bride_y,bride_m,bride_d,groom_adult,bride_adult,relationship,groom_id,bride_id,user_id,register_id,officiant_id,banns_1,banns_2,banns_3) VALUES (5,true,524,304,'C','1859-04-24','Ústí nad Labem',27,9,6,19,5,11,true,true,'ne',80,243,0,97,2,'1859-04-17','1859-04-10','1859-04-03');
INSERT INTO "Witness" (person_id,marriage_id,side,relationship) VALUES (199,5,'ženicha','sourozenec');
INSERT INTO "Witness" (person_id,marriage_id,side,relationship) VALUES (12,5,'ženicha','jiné');
INSERT INTO "Witness" (person_id,marriage_id,side,relationship) VALUES (191,5,'nevěsty','jiné');
INSERT INTO "Witness" (person_id,marriage_id,side,relationship) VALUES (246,5,'nevěsty','sourozenec');
INSERT INTO "Marriage" (_id_marriage,rec_ready,rec_order,scan_order,scan_layout,date,village,groom_y,groom_m,groom_d,bride_y,bride_m,bride_d,groom_adult,bride_adult,relationship,groom_id,bride_id,user_id,register_id,officiant_id,banns_1,banns_2) VALUES (6,false,460,584,'C','1855-12-23','Ostrava',27,1,7,16,4,28,true,false,'ne',62,100,0,220,0,'1855-12-16','1855-12-09');
INSERT INTO "Witness" (person_id,marriage_id,side,relationship) VALUES (16,6,'ženicha','sourozenec');
INSERT INTO "Witness" (person_id,marriage_id,side,relationship) VALUES (188,6,'ženicha','jiné');
INSERT INTO "Witness" (person_id,marriage_id,side,relationship) VALUES (211,6,'nevěsty','jiné');
INSERT INTO "Witness" (person_id,marriage_id,side,relationship) VALUES (35,6,'nevěsty','jiné');
INSERT INTO "Marriage" (_id_marriage,rec_ready,rec_order,scan_order,scan_layout,date,village,groom_y,groom_m,groom_d,bride_y,bride_m,bride_d,groom_adult,bride_adult,relationship,groom_id,bride_id,user_id,register_id,officiant_id,banns_1) VALUES (7,true,610,167,'C','1854-12-07','Olomouc',25,8,23,20,9,10,true,true,'ne',225,59,1,194,2,'1854-11-30');
INSERT INTO "Witness" (person_id,marriage_id,side,relationship) VALUES (48,7,'ženicha','jiné');
INSERT INTO "Witness" (person_id,marriage_id,side,relationship) VALUES (260,7,'ženicha','jiné');
INSERT INTO "Witness" (person_id,marriage_id,side,relationship) VALUES (155,7,'nevěsty','jiné');
INSERT INTO "Witness" (person_id,marriage_id,side,relationship) VALUES (240,7,'nevěsty','sourozenec');
INSERT INTO "Marriage" (_id_marriage,rec_ready,rec_order,scan_order,scan_layout,date,village,groom_y,groom_m,groom_d,bride_y,bride_m,bride_d,groom_adult,bride_adult,relationship,groom_id,bride_id,user_id,register_id,officiant_id,banns_1) VALUES (8,true,730,590,'C','1864-02-17','Plzeň',24,10,15,26,0,21,true,true,'ne',253,189,1,40,0,'1864-02-10');
INSERT INTO "Witness" (person_id,marriage_id,side,relationship) VALUES (76,8,'ženicha','sourozenec');
INSERT INTO "Witness" (person_id,marriage_id,side,relationship) VALUES (90,8,'ženicha','přítel');
INSERT INTO "Witness" (person_id,marriage_id,side,relationship) VALUES (93,8,'nevěsty','sourozenec');
INSERT INTO "Witness" (person_id,marriage_id,side,relationship) VALUES (261,8,'nevěsty','jiné');
INSERT INTO "Marriage" (_id_marriage,rec_ready,rec_order,scan_order,scan_layout,date,village,groom_y,groom_m,groom_d,bride_y,bride_m,bride_d,groom_adult,bride_adult,relationship,groom_id,bride_id,user_id,register_id,officiant_id) VALUES (9,true,132,573,'C','1852-02-25','Most',15,11,29,25,5,24,false,true,'ne',259,42,0,152,2);
INSERT INTO "Witness" (person_id,marriage_id,side,relationship) VALUES (190,9,'ženicha','přítel');
INSERT INTO "Witness" (person_id,marriage_id,side,relationship) VALUES (108,9,'ženicha','sourozenec');
INSERT INTO "Witness" (person_id,marriage_id,side,relationship) VALUES (34,9,'nevěsty','sourozenec');
INSERT INTO "Witness" (person_id,marriage_id,side,relationship) VALUES (159,9,'nevěsty','sourozenec');
INSERT INTO "Marriage" (_id_marriage,rec_ready,rec_order,scan_order,scan_layout,date,village,groom_y,groom_m,groom_d,bride_y,bride_m,bride_d,groom_adult,bride_adult,relationship,groom_id,bride_id,user_id,register_id,officiant_id,banns_1) VALUES (10,true,478,447,'C','1855-12-01','Hradec Králové',30,3,15,17,8,16,true,false,'ne',246,27,1,192,0,'1855-11-24');
INSERT INTO "Witness" (person_id,marriage_id,side,relationship) VALUES (30,10,'ženicha','přítel');
INSERT INTO "Witness" (person_id,marriage_id,side,relationship) VALUES (128,10,'ženicha','přítel');
INSERT INTO "Witness" (person_id,marriage_id,side,relationship) VALUES (228,10,'nevěsty','přítel');
INSERT INTO "Witness" (person_id,marriage_id,side,relationship) VALUES (227,10,'nevěsty','jiné');
INSERT INTO "Marriage" (_id_marriage,rec_ready,rec_order,scan_order,scan_layout,date,village,groom_y,groom_m,groom_d,bride_y,bride_m,bride_d,groom_adult,bride_adult,relationship,groom_id,bride_id,user_id,register_id,officiant_id) VALUES (11,true,206,147,'C','1856-01-07','Ústí nad Labem',21,5,17,21,2,25,true,true,'ne',177,222,1,69,1);
INSERT INTO "Witness" (person_id,marriage_id,side,relationship) VALUES (157,11,'ženicha','jiné');
INSERT INTO "Witness" (person_id,marriage_id,side,relationship) VALUES (241,11,'ženicha','jiné');
INSERT INTO "Witness" (person_id,marriage_id,side,relationship) VALUES (173,11,'nevěsty','sourozenec');
INSERT INTO "Witness" (person_id,marriage_id,side,relationship) VALUES (150,11,'nevěsty','jiné');
INSERT INTO "Marriage" (_id_marriage,rec_ready,rec_order,scan_order,scan_layout,date,village,groom_y,groom_m,groom_d,bride_y,bride_m,bride_d,groom_adult,bride_adult,relationship,groom_id,bride_id,user_id,register_id,officiant_id) VALUES (12,true,339,604,'P','1862-11-27','Liberec',23,5,3,31,0,15,true,true,'ne',49,32,1,119,0);
INSERT INTO "Witness" (person_id,marriage_id,side,relationship) VALUES (187,12,'ženicha','jiné');
INSERT INTO "Witness" (person_id,marriage_id,side,relationship) VALUES (179,12,'ženicha','sourozenec');
INSERT INTO "Witness" (person_id,marriage_id,side,relationship) VALUES (96,12,'nevěsty','sourozenec');
INSERT INTO "Witness" (person_id,marriage_id,side,relationship) VALUES (146,12,'nevěsty','jiné');
INSERT INTO "Marriage" (_id_marriage,rec_ready,rec_order,scan_order,scan_layout,date,village,groom_y,groom_m,groom_d,bride_y,bride_m,bride_d,groom_adult,bride_adult,relationship,groom_id,bride_id,user_id,register_id,officiant_id,banns_1) VALUES (13,true,187,798,'P','1870-09-12','Havířov',31,10,20,34,5,20,true,true,'bratranec-sestřenice 2. stupně',240,180,0,170,2,'1870-09-05');
INSERT INTO "Witness" (person_id,marriage_id,side,relationship) VALUES (38,13,'ženicha','jiné');
INSERT INTO "Witness" (person_id,marriage_id,side,relationship) VALUES (138,13,'ženicha','jiné');
INSERT INTO "Witness" (person_id,marriage_id,side,relationship) VALUES (193,13,'nevěsty','jiné');
INSERT INTO "Witness" (person_id,marriage_id,side,relationship) VALUES (146,13,'nevěsty','sourozenec');
INSERT INTO "Marriage" (_id_marriage,rec_ready,rec_order,scan_order,scan_layout,date,village,groom_y,groom_m,groom_d,bride_y,bride_m,bride_d,groom_adult,bride_adult,relationship,groom_id,bride_id,user_id,register_id,officiant_id) VALUES (14,true,813,541,'L','1861-11-25','Olomouc',31,1,6,28,5,7,true,true,'polosourozenci',39,108,0,218,1);
INSERT INTO "Witness" (person_id,marriage_id,side,relationship) VALUES (35,14,'ženicha','jiné');
INSERT INTO "Witness" (person_id,marriage_id,side,relationship) VALUES (170,14,'ženicha','jiné');
INSERT INTO "Witness" (person_id,marriage_id,side,relationship) VALUES (215,14,'nevěsty','jiné');
INSERT INTO "Witness" (person_id,marriage_id,side,relationship) VALUES (231,14,'nevěsty','jiné');
INSERT INTO "Marriage" (_id_marriage,rec_ready,rec_order,scan_order,scan_layout,date,village,groom_y,groom_m,groom_d,bride_y,bride_m,bride_d,groom_adult,bride_adult,relationship,groom_id,bride_id,user_id,register_id,officiant_id) VALUES (15,true,191,67,'C','1859-10-13','Liberec',28,0,26,31,1,0,true,true,'ne',192,184,0,114,1);
INSERT INTO "Witness" (person_id,marriage_id,side,relationship) VALUES (246,15,'ženicha','sourozenec');
INSERT INTO "Witness" (person_id,marriage_id,side,relationship) VALUES (180,15,'ženicha','jiné');
INSERT INTO "Witness" (person_id,marriage_id,side,relationship) VALUES (119,15,'nevěsty','sourozenec');
INSERT INTO "Witness" (person_id,marriage_id,side,relationship) VALUES (142,15,'nevěsty','přítel');
INSERT INTO "Marriage" (_id_marriage,rec_ready,rec_order,scan_order,scan_layout,date,village,groom_y,groom_m,groom_d,bride_y,bride_m,bride_d,groom_adult,bride_adult,relationship,groom_id,bride_id,user_id,register_id,officiant_id,banns_1) VALUES (16,true,878,800,'L','1855-09-09','Praha',25,11,16,27,2,29,true,true,'ne',133,8,0,6,2,'1855-09-02');
INSERT INTO "Witness" (person_id,marriage_id,side,relationship) VALUES (217,16,'ženicha','sourozenec');
INSERT INTO "Witness" (person_id,marriage_id,side,relationship) VALUES (122,16,'ženicha','jiné');
INSERT INTO "Witness" (person_id,marriage_id,side,relationship) VALUES (81,16,'nevěsty','jiné');
INSERT INTO "Witness" (person_id,marriage_id,side,relationship) VALUES (35,16,'nevěsty','jiné');
INSERT INTO "Marriage" (_id_marriage,rec_ready,rec_order,scan_order,scan_layout,date,village,groom_y,groom_m,groom_d,bride_y,bride_m,bride_d,groom_adult,bride_adult,relationship,groom_id,bride_id,user_id,register_id,officiant_id,banns_1) VALUES (17,true,833,264,'C','1861-06-29','Hradec Králové',29,0,2,34,3,9,true,true,'ne',146,130,0,49,0,'1861-06-22');
INSERT INTO "Witness" (person_id,marriage_id,side,relationship) VALUES (136,17,'ženicha','přítel');
INSERT INTO "Witness" (person_id,marriage_id,side,relationship) VALUES (2,17,'ženicha','jiné');
INSERT INTO "Witness" (person_id,marriage_id,side,relationship) VALUES (225,17,'nevěsty','jiné');
INSERT INTO "Witness" (person_id,marriage_id,side,relationship) VALUES (205,17,'nevěsty','přítel');
INSERT INTO "Marriage" (_id_marriage,rec_ready,rec_order,scan_order,scan_layout,date,village,groom_y,groom_m,groom_d,bride_y,bride_m,bride_d,groom_adult,bride_adult,relationship,groom_id,bride_id,user_id,register_id,officiant_id) VALUES (18,false,565,657,'P','1856-03-31','Plzeň',30,7,6,16,11,27,true,false,'ne',104,115,1,118,2);
INSERT INTO "Witness" (person_id,marriage_id,side,relationship) VALUES (136,18,'ženicha','sourozenec');
INSERT INTO "Witness" (person_id,marriage_id,side,relationship) VALUES (242,18,'ženicha','sourozenec');
INSERT INTO "Witness" (person_id,marriage_id,side,relationship) VALUES (78,18,'nevěsty','sourozenec');
INSERT INTO "Witness" (person_id,marriage_id,side,relationship) VALUES (62,18,'nevěsty','sourozenec');
INSERT INTO "Marriage" (_id_marriage,rec_ready,rec_order,scan_order,scan_layout,date,village,groom_y,groom_m,groom_d,bride_y,bride_m,bride_d,groom_adult,bride_adult,relationship,groom_id,bride_id,user_id,register_id,officiant_id) VALUES (19,true,853,283,'P','1852-10-10','Plzeň',25,5,2,23,4,23,true,true,'ne',156,52,1,203,2);
INSERT INTO "Witness" (person_id,marriage_id,side,relationship) VALUES (71,19,'ženicha','jiné');
INSERT INTO "Witness" (person_id,marriage_id,side,relationship) VALUES (83,19,'ženicha','přítel');
INSERT INTO "Witness" (person_id,marriage_id,side,relationship) VALUES (194,19,'nevěsty','sourozenec');
INSERT INTO "Witness" (person_id,marriage_id,side,relationship) VALUES (4,19,'nevěsty','sourozenec');
INSERT INTO "Marriage" (_id_marriage,rec_ready,rec_order,scan_order,scan_layout,date,village,groom_y,groom_m,groom_d,bride_y,bride_m,bride_d,groom_adult,bride_adult,relationship,groom_id,bride_id,user_id,register_id,officiant_id,banns_1,banns_2) VALUES (20,true,184,632,'L','1857-04-10','Most',18,0,5,29,9,8,true,true,'ne',229,5,1,78,0,'1857-04-03','1857-03-27');
INSERT INTO "Witness" (person_id,marriage_id,side,relationship) VALUES (6,20,'ženicha','jiné');
INSERT INTO "Witness" (person_id,marriage_id,side,relationship) VALUES (90,20,'ženicha','sourozenec');
INSERT INTO "Witness" (person_id,marriage_id,side,relationship) VALUES (232,20,'nevěsty','sourozenec');
INSERT INTO "Witness" (person_id,marriage_id,side,relationship) VALUES (254,20,'nevěsty','sourozenec');
INSERT INTO "Marriage" (_id_marriage,rec_ready,rec_order,scan_order,scan_layout,date,village,groom_y,groom_m,groom_d,bride_y,bride_m,bride_d,groom_adult,bride_adult,relationship,groom_id,bride_id,user_id,register_id,officiant_id) VALUES (21,true,360,505,'C','1857-11-06','Brno',26,10,29,26,7,10,true,true,'ne',217,212,0,213,2);
INSERT INTO "Witness" (person_id,marriage_id,side,relationship) VALUES (245,21,'ženicha','jiné');
INSERT INTO "Witness" (person_id,marriage_id,side,relationship) VALUES (211,21,'ženicha','přítel');
INSERT INTO "Witness" (person_id,marriage_id,side,relationship) VALUES (7,21,'nevěsty','jiné');
INSERT INTO "Witness" (person_id,marriage_id,side,relationship) VALUES (174,21,'nevěsty','sourozenec');
INSERT INTO "Marriage" (_id_marriage,rec_ready,rec_order,scan_order,scan_layout,date,village,groom_y,groom_m,groom_d,bride_y,bride_m,bride_d,groom_adult,bride_adult,relationship,groom_id,bride_id,user_id,register_id,officiant_id,banns_1) VALUES (22,true,566,806,'C','1859-09-02','Most',28,0,11,32,3,23,true,true,'ne',73,202,1,222,0,'1859-08-26');
INSERT INTO "Witness" (person_id,marriage_id,side,relationship) VALUES (243,22,'ženicha','přítel');
INSERT INTO "Witness" (person_id,marriage_id,side,relationship) VALUES (215,22,'ženicha','sourozenec');
INSERT INTO "Witness" (person_id,marriage_id,side,relationship) VALUES (157,22,'nevěsty','sourozenec');
INSERT INTO "Witness" (person_id,marriage_id,side,relationship) VALUES (156,22,'nevěsty','sourozenec');
INSERT INTO "Marriage" (_id_marriage,rec_ready,rec_order,scan_order,scan_layout,date,village,groom_y,groom_m,groom_d,bride_y,bride_m,bride_d,groom_adult,bride_adult,relationship,groom_id,bride_id,user_id,register_id,officiant_id,banns_1) VALUES (23,true,709,616,'C','1846-06-23','Kladno',19,3,20,19,8,20,true,true,'ne',86,91,1,59,0,'1846-06-16');
INSERT INTO "Witness" (person_id,marriage_id,side,relationship) VALUES (240,23,'ženicha','sourozenec');
INSERT INTO "Witness" (person_id,marriage_id,side,relationship) VALUES (131,23,'ženicha','jiné');
INSERT INTO "Witness" (person_id,marriage_id,side,relationship) VALUES (217,23,'nevěsty','sourozenec');
INSERT INTO "Witness" (person_id,marriage_id,side,relationship) VALUES (245,23,'nevěsty','sourozenec');
INSERT INTO "Marriage" (_id_marriage,rec_ready,rec_order,scan_order,scan_layout,date,village,groom_y,groom_m,groom_d,bride_y,bride_m,bride_d,groom_adult,bride_adult,relationship,groom_id,bride_id,user_id,register_id,officiant_id,banns_1,banns_2,banns_3) VALUES (24,true,863,786,'P','1853-01-06','České Budějovice',19,7,15,26,1,22,true,true,'ne',35,118,0,19,2,'1852-12-30','1852-12-23','1852-12-16');
INSERT INTO "Witness" (person_id,marriage_id,side,relationship) VALUES (150,24,'ženicha','přítel');
INSERT INTO "Witness" (person_id,marriage_id,side,relationship) VALUES (188,24,'ženicha','jiné');
INSERT INTO "Witness" (person_id,marriage_id,side,relationship) VALUES (160,24,'nevěsty','přítel');
INSERT INTO "Witness" (person_id,marriage_id,side,relationship) VALUES (212,24,'nevěsty','jiné');
INSERT INTO "Marriage" (_id_marriage,rec_ready,rec_order,scan_order,scan_layout,date,village,groom_y,groom_m,groom_d,bride_y,bride_m,bride_d,groom_adult,bride_adult,relationship,groom_id,bride_id,user_id,register_id,officiant_id) VALUES (25,true,297,100,'C','1858-06-05','Most',19,1,10,18,8,8,true,true,'ne',11,232,0,65,1);
INSERT INTO "Witness" (person_id,marriage_id,side,relationship) VALUES (88,25,'ženicha','sourozenec');
INSERT INTO "Witness" (person_id,marriage_id,side,relationship) VALUES (134,25,'ženicha','sourozenec');
INSERT INTO "Witness" (person_id,marriage_id,side,relationship) VALUES (213,25,'nevěsty','sourozenec');
INSERT INTO "Witness" (person_id,marriage_id,side,relationship) VALUES (189,25,'nevěsty','jiné');
INSERT INTO "Marriage" (_id_marriage,rec_ready,rec_order,scan_order,scan_layout,date,village,groom_y,groom_m,groom_d,bride_y,bride_m,bride_d,groom_adult,bride_adult,relationship,groom_id,bride_id,user_id,register_id,officiant_id,banns_1,banns_2,banns_3) VALUES (26,true,569,151,'L','1864-01-16','Most',29,0,21,29,11,14,true,true,'ne',235,143,1,168,0,'1864-01-09','1864-01-02','1863-12-26');
INSERT INTO "Witness" (person_id,marriage_id,side,relationship) VALUES (215,26,'ženicha','jiné');
INSERT INTO "Witness" (person_id,marriage_id,side,relationship) VALUES (76,26,'ženicha','sourozenec');
INSERT INTO "Witness" (person_id,marriage_id,side,relationship) VALUES (171,26,'nevěsty','jiné');
INSERT INTO "Witness" (person_id,marriage_id,side,relationship) VALUES (190,26,'nevěsty','sourozenec');
INSERT INTO "Marriage" (_id_marriage,rec_ready,rec_order,scan_order,scan_layout,date,village,groom_y,groom_m,groom_d,bride_y,bride_m,bride_d,groom_adult,bride_adult,relationship,groom_id,bride_id,user_id,register_id,officiant_id,banns_1,banns_2,banns_3) VALUES (27,true,513,455,'C','1853-10-26','Ostrava',27,5,8,17,7,15,true,false,'ne',45,139,1,211,1,'1853-10-19','1853-10-12','1853-10-05');
INSERT INTO "Witness" (person_id,marriage_id,side,relationship) VALUES (14,27,'ženicha','jiné');
INSERT INTO "Witness" (person_id,marriage_id,side,relationship) VALUES (95,27,'ženicha','sourozenec');
INSERT INTO "Witness" (person_id,marriage_id,side,relationship) VALUES (1,27,'nevěsty','přítel');
INSERT INTO "Witness" (person_id,marriage_id,side,relationship) VALUES (193,27,'nevěsty','jiné');
INSERT INTO "Marriage" (_id_marriage,rec_ready,rec_order,scan_order,scan_layout,date,village,groom_y,groom_m,groom_d,bride_y,bride_m,bride_d,groom_adult,bride_adult,relationship,groom_id,bride_id,user_id,register_id,officiant_id) VALUES (28,true,15,961,'C','1863-05-16','Kladno',26,4,8,28,7,6,true,true,'ne',68,222,1,133,0);
INSERT INTO "Witness" (person_id,marriage_id,side,relationship) VALUES (188,28,'ženicha','sourozenec');
INSERT INTO "Witness" (person_id,marriage_id,side,relationship) VALUES (137,28,'ženicha','sourozenec');
INSERT INTO "Witness" (person_id,marriage_id,side,relationship) VALUES (200,28,'nevěsty','sourozenec');
INSERT INTO "Witness" (person_id,marriage_id,side,relationship) VALUES (79,28,'nevěsty','sourozenec');
INSERT INTO "Marriage" (_id_marriage,rec_ready,rec_order,scan_order,scan_layout,date,village,groom_y,groom_m,groom_d,bride_y,bride_m,bride_d,groom_adult,bride_adult,relationship,groom_id,bride_id,user_id,register_id,officiant_id,banns_1) VALUES (29,false,769,102,'C','1853-11-19','Kladno',23,3,19,21,8,6,true,true,'ne',153,21,0,29,2,'1853-11-12');
INSERT INTO "Witness" (person_id,marriage_id,side,relationship) VALUES (210,29,'ženicha','jiné');
INSERT INTO "Witness" (person_id,marriage_id,side,relationship) VALUES (253,29,'ženicha','přítel');
INSERT INTO "Witness" (person_id,marriage_id,side,relationship) VALUES (237,29,'nevěsty','sourozenec');
INSERT INTO "Witness" (person_id,marriage_id,side,relationship) VALUES (59,29,'nevěsty','sourozenec');
INSERT INTO "Marriage" (_id_marriage,rec_ready,rec_order,scan_order,scan_layout,date,village,groom_y,groom_m,groom_d,bride_y,bride_m,bride_d,groom_adult,bride_adult,relationship,groom_id,bride_id,user_id,register_id,officiant_id,banns_1) VALUES (30,true,36,192,'L','1848-08-10','Liberec',20,11,14,21,1,3,true,true,'ne',94,5,0,27,1,'1848-08-03');
INSERT INTO "Witness" (person_id,marriage_id,side,relationship) VALUES (15,30,'ženicha','přítel');
INSERT INTO "Witness" (person_id,marriage_id,side,relationship) VALUES (104,30,'ženicha','sourozenec');
INSERT INTO "Witness" (person_id,marriage_id,side,relationship) VALUES (154,30,'nevěsty','sourozenec');
INSERT INTO "Witness" (person_id,marriage_id,side,relationship) VALUES (218,30,'nevěsty','jiné');
INSERT INTO "Marriage" (_id_marriage,rec_ready,rec_order,scan_order,scan_layout,date,village,groom_y,groom_m,groom_d,bride_y,bride_m,bride_d,groom_adult,bride_adult,relationship,groom_id,bride_id,user_id,register_id,officiant_id) VALUES (31,true,788,545,'C','1862-04-22','Ostrava',22,10,28,33,7,12,true,true,'ne',166,184,1,56,0);
INSERT INTO "Witness" (person_id,marriage_id,side,relationship) VALUES (150,31,'ženicha','sourozenec');
INSERT INTO "Witness" (person_id,marriage_id,side,relationship) VALUES (91,31,'ženicha','sourozenec');
INSERT INTO "Witness" (person_id,marriage_id,side,relationship) VALUES (17,31,'nevěsty','jiné');
INSERT INTO "Witness" (person_id,marriage_id,side,relationship) VALUES (239,31,'nevěsty','jiné');
INSERT INTO "Marriage" (_id_marriage,rec_ready,rec_order,scan_order,scan_layout,date,village,groom_y,groom_m,groom_d,bride_y,bride_m,bride_d,groom_adult,bride_adult,relationship,groom_id,bride_id,user_id,register_id,officiant_id,banns_1) VALUES (32,false,483,872,'C','1857-06-30','Ústí nad Labem',23,7,16,26,3,1,true,true,'ne',199,212,0,10,0,'1857-06-23');
INSERT INTO "Witness" (person_id,marriage_id,side,relationship) VALUES (70,32,'ženicha','sourozenec');
INSERT INTO "Witness" (person_id,marriage_id,side,relationship) VALUES (31,32,'ženicha','sourozenec');
INSERT INTO "Witness" (person_id,marriage_id,side,relationship) VALUES (216,32,'nevěsty','sourozenec');
INSERT INTO "Witness" (person_id,marriage_id,side,relationship) VALUES (80,32,'nevěsty','sourozenec');
INSERT INTO "Death" (_id_death,rec_ready,rec_order,scan_order,scan_layout,death_village,death_street,death_descr,place_funeral,widowed,age_y,age_m,age_d,age_h,inspection,person_id,user_id,register_id,director_id,celebrant_id,death_date,funeral_date) VALUES (61,true,670,800,'C','Zlín','Geraldina',2444,'Zlín',false,93,0,22,16,false,259,1,107,0,2,'1929-03-06','1929-03-08');
INSERT INTO "Death" (_id_death,rec_ready,rec_order,scan_order,scan_layout,death_village,death_street,death_descr,place_funeral,widowed,age_y,age_m,age_d,age_h,inspection,person_id,user_id,register_id,director_id,celebrant_id,death_cause,notes,death_date,funeral_date) VALUES (60,true,673,751,'P','Opava','Vlasáková',292,'Opava',false,61,0,15,0,false,253,0,69,1,1,'slabost těla','poznámky...','1900-04-14','1900-04-16');
INSERT INTO "Death" (_id_death,rec_ready,rec_order,scan_order,scan_layout,death_village,death_street,death_descr,place_funeral,widowed,age_y,age_m,age_d,age_h,inspection,person_id,user_id,register_id,director_id,celebrant_id,death_cause,provision_date) VALUES (59,true,434,997,'P','Opava','Tristan',891,'Opava',false,43,0,11,23,false,246,0,106,2,0,'osýpky','1868-08-25');
INSERT INTO "Death" (_id_death,rec_ready,rec_order,scan_order,scan_layout,death_village,death_street,death_descr,place_funeral,widowed,age_y,age_m,age_d,age_h,inspection,person_id,user_id,register_id,director_id,celebrant_id,death_cause,death_date,funeral_date) VALUES (58,true,274,863,'C','Plzeň','Pelhřim',43256,'Olomouc',true,76,0,18,13,false,243,1,155,2,1,'souchotiny','1915-11-19','1915-11-21');
INSERT INTO "Death" (_id_death,rec_ready,rec_order,scan_order,scan_layout,death_village,death_street,death_descr,place_funeral,widowed,age_y,age_m,age_d,age_h,inspection,person_id,user_id,register_id,director_id,celebrant_id,death_cause,provision_date) VALUES (57,true,294,980,'C','Havířov','Pavlíčková',7746,'Havířov',false,82,0,20,20,false,240,1,100,1,1,'utopený','1920-11-04');
INSERT INTO "Death" (_id_death,rec_ready,rec_order,scan_order,scan_layout,death_village,death_street,death_descr,place_funeral,widowed,age_y,age_m,age_d,age_h,inspection,person_id,user_id,register_id,director_id,celebrant_id,place_death,death_date,funeral_date) VALUES (56,true,337,942,'C','Hradec Králové','Bivoj',25329,'Most',false,23,0,6,16,false,235,0,160,2,2,'v řece Svitavě u Bilovic','1858-01-02','1858-01-04');
INSERT INTO "Death" (_id_death,rec_ready,rec_order,scan_order,scan_layout,death_village,death_street,death_descr,place_funeral,widowed,age_y,age_m,age_d,age_h,inspection,person_id,user_id,register_id,director_id,celebrant_id,death_date,funeral_date,inspection_by) VALUES (55,true,774,809,'C','Plzeň','Bohumíra',868,'Ústí nad Labem',false,76,0,18,8,true,232,0,63,2,0,'1915-10-05','1915-10-07','Dr. Nováček');
INSERT INTO "Death" (_id_death,rec_ready,rec_order,scan_order,scan_layout,death_village,death_street,death_descr,place_funeral,widowed,age_y,age_m,age_d,age_h,inspection,person_id,user_id,register_id,director_id,celebrant_id,provision_date) VALUES (54,true,627,486,'P','Plzeň','Bojana',5143,'Kladno',false,84,0,20,22,false,229,0,132,2,1,'1923-04-10');
INSERT INTO "Death" (_id_death,rec_ready,rec_order,scan_order,scan_layout,death_village,death_street,death_descr,place_funeral,widowed,age_y,age_m,age_d,age_h,inspection,person_id,user_id,register_id,director_id,celebrant_id,death_date,funeral_date,inspection_by) VALUES (53,true,989,142,'L','Liberec','Knut',916,'Liberec',false,95,0,23,23,true,225,1,129,1,1,'1924-03-25','1924-03-27','Dr. Nováček');
INSERT INTO "Death" (_id_death,rec_ready,rec_order,scan_order,scan_layout,death_village,death_street,death_descr,place_funeral,widowed,age_y,age_m,age_d,age_h,inspection,person_id,user_id,register_id,director_id,celebrant_id,place_death,death_date,funeral_date) VALUES (52,false,384,394,'L','Zlín','Baltazar',85270,'Kladno',false,72,0,17,18,false,222,0,124,0,2,'v řece Svitavě u Bilovic','1906-10-19','1906-10-21');
INSERT INTO "Death" (_id_death,rec_ready,rec_order,scan_order,scan_layout,death_village,death_street,death_descr,place_funeral,widowed,age_y,age_m,age_d,age_h,inspection,person_id,user_id,register_id,director_id,celebrant_id,death_cause,provision_date) VALUES (51,false,831,130,'C','Ústí nad Labem','Drahomíra',0640,'Havířov',false,11,0,3,17,false,217,1,166,2,0,'osýpky','1841-12-19');
INSERT INTO "Death" (_id_death,rec_ready,rec_order,scan_order,scan_layout,death_village,death_street,death_descr,place_funeral,widowed,age_y,age_m,age_d,age_h,inspection,person_id,user_id,register_id,director_id,celebrant_id,death_date,funeral_date) VALUES (50,true,383,887,'C','Plzeň','Michal',239,'Plzeň',true,53,0,14,20,false,212,0,116,0,0,'1884-04-07','1884-04-09');
INSERT INTO "Death" (_id_death,rec_ready,rec_order,scan_order,scan_layout,death_village,death_street,death_descr,place_funeral,widowed,age_y,age_m,age_d,age_h,inspection,person_id,user_id,register_id,director_id,celebrant_id,provision_date) VALUES (49,true,414,459,'L','Havířov','Urbanec',658,'Havířov',false,5,0,2,9,false,206,0,1,2,1,'1844-11-03');
INSERT INTO "Death" (_id_death,rec_ready,rec_order,scan_order,scan_layout,death_village,death_street,death_descr,place_funeral,widowed,age_y,age_m,age_d,age_h,inspection,person_id,user_id,register_id,director_id,celebrant_id,death_date,funeral_date) VALUES (48,false,26,334,'C','Ústí nad Labem','Silvan',622,'Zlín',false,99,0,24,15,false,202,0,210,0,0,'1926-05-20','1926-05-22');
INSERT INTO "Death" (_id_death,rec_ready,rec_order,scan_order,scan_layout,death_village,death_street,death_descr,place_funeral,widowed,age_y,age_m,age_d,age_h,inspection,person_id,user_id,register_id,director_id,celebrant_id,provision_date) VALUES (47,true,367,885,'P','Liberec','Nataša',0387,'Ústí nad Labem',false,65,0,16,17,false,199,1,173,1,1,'1898-11-22');
INSERT INTO "Death" (_id_death,rec_ready,rec_order,scan_order,scan_layout,death_village,death_street,death_descr,place_funeral,widowed,age_y,age_m,age_d,age_h,inspection,person_id,user_id,register_id,director_id,celebrant_id,notes,death_date,funeral_date) VALUES (46,true,843,157,'L','Ostrava','Amadeus',22922,'Ostrava',false,27,0,7,1,false,195,1,83,1,2,'poznámky...','1865-10-14','1865-10-16');
INSERT INTO "Death" (_id_death,rec_ready,rec_order,scan_order,scan_layout,death_village,death_street,death_descr,place_funeral,widowed,age_y,age_m,age_d,age_h,inspection,person_id,user_id,register_id,director_id,celebrant_id,place_death,death_date,funeral_date,inspection_by) VALUES (45,true,4,139,'C','Zlín','Faustina',513,'Liberec',true,74,0,18,0,true,192,0,158,0,0,'nemocnice','1905-09-24','1905-09-26','Dr. Hrachovina');
INSERT INTO "Death" (_id_death,rec_ready,rec_order,scan_order,scan_layout,death_village,death_street,death_descr,place_funeral,widowed,age_y,age_m,age_d,age_h,inspection,person_id,user_id,register_id,director_id,celebrant_id,place_death,death_cause,death_date,funeral_date) VALUES (44,true,395,756,'C','Plzeň','Smolová',35535,'Plzeň',false,87,0,21,2,false,189,1,86,2,2,'v řece Svitavě u Bilovic','souchotiny','1925-02-02','1925-02-04');
INSERT INTO "Death" (_id_death,rec_ready,rec_order,scan_order,scan_layout,death_village,death_street,death_descr,place_funeral,widowed,age_y,age_m,age_d,age_h,inspection,person_id,user_id,register_id,director_id,celebrant_id,death_cause,provision_date) VALUES (43,false,536,407,'C','Kladno','Milan',8547,'Liberec',false,26,0,6,19,false,184,0,51,2,2,'záduch','1854-09-20');
INSERT INTO "Death" (_id_death,rec_ready,rec_order,scan_order,scan_layout,death_village,death_street,death_descr,place_funeral,widowed,age_y,age_m,age_d,age_h,inspection,person_id,user_id,register_id,director_id,celebrant_id,notes,provision_date,inspection_by) VALUES (42,true,763,732,'P','Most','Horáková',77426,'Olomouc',false,13,0,3,21,true,180,1,189,2,2,'chyba zápisu, prohozené rubriky','1849-04-03','Dr. Nováček');
INSERT INTO "Death" (_id_death,rec_ready,rec_order,scan_order,scan_layout,death_village,death_street,death_descr,place_funeral,widowed,age_y,age_m,age_d,age_h,inspection,person_id,user_id,register_id,director_id,celebrant_id,death_date,funeral_date) VALUES (41,true,163,352,'C','Zlín','Zoroslava',33359,'Ostrava',false,75,0,18,6,false,177,1,221,1,2,'1909-07-29','1909-07-31');
INSERT INTO "Death" (_id_death,rec_ready,rec_order,scan_order,scan_layout,death_village,death_street,death_descr,place_funeral,widowed,age_y,age_m,age_d,age_h,inspection,person_id,user_id,register_id,director_id,celebrant_id,place_death,notes,death_date,funeral_date) VALUES (40,true,736,721,'L','Most','řeháková',755,'Most',false,75,0,18,15,false,174,1,42,1,2,'v řece Svitavě u Bilovic','chyba zápisu, prohozené rubriky','1910-09-27','1910-09-29');
INSERT INTO "Death" (_id_death,rec_ready,rec_order,scan_order,scan_layout,death_village,death_street,death_descr,place_funeral,widowed,age_y,age_m,age_d,age_h,inspection,person_id,user_id,register_id,director_id,celebrant_id,notes,death_date,funeral_date) VALUES (39,true,205,107,'P','Olomouc','Voráček',3284,'Olomouc',false,38,0,10,6,false,171,1,167,2,1,'poznámky...','1872-04-19','1872-04-21');
INSERT INTO "Death" (_id_death,rec_ready,rec_order,scan_order,scan_layout,death_village,death_street,death_descr,place_funeral,widowed,age_y,age_m,age_d,age_h,inspection,person_id,user_id,register_id,director_id,celebrant_id,death_cause,death_date,funeral_date) VALUES (38,true,516,167,'C','České Budějovice','Linhart',96713,'Hradec Králové',true,58,0,15,4,false,166,0,139,1,2,'souchotiny','1897-06-04','1897-06-06');
INSERT INTO "Death" (_id_death,rec_ready,rec_order,scan_order,scan_layout,death_village,death_street,death_descr,place_funeral,widowed,age_y,age_m,age_d,age_h,inspection,person_id,user_id,register_id,director_id,celebrant_id,death_cause,death_date,funeral_date) VALUES (37,true,320,715,'P','Ostrava','Valdemara',9195,'Brno',false,48,0,12,0,false,159,0,103,1,0,'osýpky','1878-11-02','1878-11-04');
INSERT INTO "Death" (_id_death,rec_ready,rec_order,scan_order,scan_layout,death_village,death_street,death_descr,place_funeral,widowed,age_y,age_m,age_d,age_h,inspection,person_id,user_id,register_id,director_id,celebrant_id,provision_date) VALUES (36,true,788,558,'P','Opava','Rainold',4048,'Opava',false,58,0,15,2,false,156,0,7,2,1,'1885-05-18');
INSERT INTO "Death" (_id_death,rec_ready,rec_order,scan_order,scan_layout,death_village,death_street,death_descr,place_funeral,widowed,age_y,age_m,age_d,age_h,inspection,person_id,user_id,register_id,director_id,celebrant_id,death_cause,death_date,funeral_date,inspection_by) VALUES (35,true,564,333,'P','Brno','Mikulová',80692,'Brno',false,73,0,17,5,true,153,0,29,2,0,'souchotiny','1903-08-08','1903-08-10','Dr. Nováček');
INSERT INTO "Death" (_id_death,rec_ready,rec_order,scan_order,scan_layout,death_village,death_street,death_descr,place_funeral,widowed,age_y,age_m,age_d,age_h,inspection,person_id,user_id,register_id,director_id,celebrant_id,death_date,funeral_date,inspection_by) VALUES (34,false,860,53,'C','Hradec Králové','Bojana',82696,'Hradec Králové',true,65,0,16,15,true,146,1,137,0,2,'1897-07-04','1897-07-06','Dr. Hrachovina');
INSERT INTO "Death" (_id_death,rec_ready,rec_order,scan_order,scan_layout,death_village,death_street,death_descr,place_funeral,widowed,age_y,age_m,age_d,age_h,inspection,person_id,user_id,register_id,director_id,celebrant_id,death_date,funeral_date,inspection_by) VALUES (33,true,593,234,'L','Ostrava','Zdeněk',095,'Zlín',false,86,0,20,7,true,143,1,209,1,2,'1920-02-13','1920-02-15','Dr. Hrachovina');
INSERT INTO "Death" (_id_death,rec_ready,rec_order,scan_order,scan_layout,death_village,death_street,death_descr,place_funeral,widowed,age_y,age_m,age_d,age_h,inspection,person_id,user_id,register_id,director_id,celebrant_id,death_cause,death_date,funeral_date,inspection_by) VALUES (32,false,580,830,'P','Pardubice','Bernarda',49319,'Hradec Králové',false,36,0,9,23,true,139,1,56,2,2,'souchotiny','1872-03-19','1872-03-21','Dr. Nováček');
INSERT INTO "Death" (_id_death,rec_ready,rec_order,scan_order,scan_layout,death_village,death_street,death_descr,place_funeral,widowed,age_y,age_m,age_d,age_h,inspection,person_id,user_id,register_id,director_id,celebrant_id,death_date,funeral_date,inspection_by) VALUES (31,true,706,674,'L','Ústí nad Labem','Filoména',77800,'Olomouc',true,93,0,22,18,true,133,1,19,2,2,'1922-10-04','1922-10-06','Dr. Hrachovina');
INSERT INTO "Death" (_id_death,rec_ready,rec_order,scan_order,scan_layout,death_village,death_street,death_descr,place_funeral,widowed,age_y,age_m,age_d,age_h,inspection,person_id,user_id,register_id,director_id,celebrant_id,death_date,funeral_date) VALUES (30,true,639,715,'C','Liberec','Jeníčková',37663,'Liberec',false,15,0,4,6,false,130,1,3,2,1,'1842-03-31','1842-04-02');
INSERT INTO "Death" (_id_death,rec_ready,rec_order,scan_order,scan_layout,death_village,death_street,death_descr,place_funeral,widowed,age_y,age_m,age_d,age_h,inspection,person_id,user_id,register_id,director_id,celebrant_id,place_death,death_cause,death_date,funeral_date) VALUES (29,true,706,550,'C','Kladno','Birgit',5496,'Liberec',false,70,0,17,11,false,123,0,203,2,1,'nemocnice','osýpky','1898-06-17','1898-06-19');
INSERT INTO "Death" (_id_death,rec_ready,rec_order,scan_order,scan_layout,death_village,death_street,death_descr,place_funeral,widowed,age_y,age_m,age_d,age_h,inspection,person_id,user_id,register_id,director_id,celebrant_id,death_date,funeral_date) VALUES (28,true,363,168,'P','Zlín','Coufal',24243,'Olomouc',false,7,0,2,9,false,118,0,80,1,2,'1833-11-22','1833-11-24');
INSERT INTO "Death" (_id_death,rec_ready,rec_order,scan_order,scan_layout,death_village,death_street,death_descr,place_funeral,widowed,age_y,age_m,age_d,age_h,inspection,person_id,user_id,register_id,director_id,celebrant_id,notes,death_date,funeral_date,inspection_by) VALUES (27,true,379,537,'C','Ostrava','Hrabovskýová',1957,'České Budějovice',true,79,0,19,4,true,115,0,73,2,1,'chyba zápisu, prohozené rubriky','1918-04-13','1918-04-15','Dr. Nováček');
INSERT INTO "Death" (_id_death,rec_ready,rec_order,scan_order,scan_layout,death_village,death_street,death_descr,place_funeral,widowed,age_y,age_m,age_d,age_h,inspection,person_id,user_id,register_id,director_id,celebrant_id,place_death,death_cause,death_date,funeral_date,inspection_by) VALUES (26,true,63,316,'P','Ostrava','Vladimíra',42903,'Olomouc',true,4,0,1,13,true,108,1,26,1,0,'v řece Svitavě u Bilovic','souchotiny','1837-06-28','1837-06-30','Dr. Nováček');
INSERT INTO "Death" (_id_death,rec_ready,rec_order,scan_order,scan_layout,death_village,death_street,death_descr,place_funeral,widowed,age_y,age_m,age_d,age_h,inspection,person_id,user_id,register_id,director_id,celebrant_id,place_death,death_cause,death_date,funeral_date) VALUES (25,true,170,61,'C','Pardubice','Líbalová',40964,'Pardubice',false,4,0,1,6,false,104,0,223,1,0,'v řece Svitavě u Bilovic','souchotiny','1829-09-04','1829-09-06');
INSERT INTO "Death" (_id_death,rec_ready,rec_order,scan_order,scan_layout,death_village,death_street,death_descr,place_funeral,widowed,age_y,age_m,age_d,age_h,inspection,person_id,user_id,register_id,director_id,celebrant_id,death_cause,provision_date) VALUES (24,false,141,338,'P','Ústí nad Labem','Fejfar',82185,'Olomouc',false,94,0,23,10,false,100,0,48,2,1,'chřadnutí','1933-08-01');
INSERT INTO "Death" (_id_death,rec_ready,rec_order,scan_order,scan_layout,death_village,death_street,death_descr,place_funeral,widowed,age_y,age_m,age_d,age_h,inspection,person_id,user_id,register_id,director_id,celebrant_id,place_death,death_cause,death_date,funeral_date) VALUES (23,true,235,331,'C','Ostrava','Emanuel',77700,'Ústí nad Labem',false,84,0,20,10,false,94,0,176,2,1,'nemocnice','souchotiny','1911-09-06','1911-09-08');
INSERT INTO "Death" (_id_death,rec_ready,rec_order,scan_order,scan_layout,death_village,death_street,death_descr,place_funeral,widowed,age_y,age_m,age_d,age_h,inspection,person_id,user_id,register_id,director_id,celebrant_id,death_date,funeral_date,inspection_by) VALUES (22,true,995,37,'C','Pardubice','Boček',21086,'Pardubice',true,58,0,15,2,true,91,0,199,2,2,'1884-10-11','1884-10-13','Dr. Nováček');
INSERT INTO "Death" (_id_death,rec_ready,rec_order,scan_order,scan_layout,death_village,death_street,death_descr,place_funeral,widowed,age_y,age_m,age_d,age_h,inspection,person_id,user_id,register_id,director_id,celebrant_id,notes,death_date,funeral_date) VALUES (21,true,601,745,'C','Ostrava','Ferdinand',109,'Plzeň',true,8,0,2,19,false,86,1,109,1,2,'chyba zápisu, prohozené rubriky','1835-03-10','1835-03-12');
INSERT INTO "Death" (_id_death,rec_ready,rec_order,scan_order,scan_layout,death_village,death_street,death_descr,place_funeral,widowed,age_y,age_m,age_d,age_h,inspection,person_id,user_id,register_id,director_id,celebrant_id,death_cause,death_date,funeral_date) VALUES (20,true,217,322,'C','Most','Šimona',41760,'Most',false,69,0,17,5,false,80,0,23,0,2,'souchotiny','1900-07-29','1900-07-31');
INSERT INTO "Death" (_id_death,rec_ready,rec_order,scan_order,scan_layout,death_village,death_street,death_descr,place_funeral,widowed,age_y,age_m,age_d,age_h,inspection,person_id,user_id,register_id,director_id,celebrant_id,place_death,death_cause,provision_date,inspection_by) VALUES (19,false,674,503,'C','Praha','Norma',8293,'Praha',false,45,0,12,0,true,77,1,133,2,1,'v řece Svitavě u Bilovic','záškrt','1876-06-15','Dr. Nováček');
INSERT INTO "Death" (_id_death,rec_ready,rec_order,scan_order,scan_layout,death_village,death_street,death_descr,place_funeral,widowed,age_y,age_m,age_d,age_h,inspection,person_id,user_id,register_id,director_id,celebrant_id,death_cause,provision_date) VALUES (18,true,651,402,'L','Opava','Pourová',040,'Kladno',false,7,0,2,10,false,73,1,65,2,1,'angina','1838-08-29');
INSERT INTO "Death" (_id_death,rec_ready,rec_order,scan_order,scan_layout,death_village,death_street,death_descr,place_funeral,widowed,age_y,age_m,age_d,age_h,inspection,person_id,user_id,register_id,director_id,celebrant_id,place_death,death_cause,death_date,funeral_date,inspection_by) VALUES (17,true,295,828,'P','Liberec','Gedeon',6513,'Zlín',true,70,0,16,20,true,68,1,20,2,1,'v řece Svitavě u Bilovic','osýpky','1907-01-14','1907-01-16','Dr. Nováček');
INSERT INTO "Death" (_id_death,rec_ready,rec_order,scan_order,scan_layout,death_village,death_street,death_descr,place_funeral,widowed,age_y,age_m,age_d,age_h,inspection,person_id,user_id,register_id,director_id,celebrant_id,death_date,funeral_date) VALUES (16,true,472,339,'C','Havířov','Stojan',09410,'Havířov',true,15,0,4,10,false,65,0,114,2,0,'1846-01-12','1846-01-14');
INSERT INTO "Death" (_id_death,rec_ready,rec_order,scan_order,scan_layout,death_village,death_street,death_descr,place_funeral,widowed,age_y,age_m,age_d,age_h,inspection,person_id,user_id,register_id,director_id,celebrant_id,place_death,death_date,funeral_date) VALUES (15,true,783,580,'C','Pardubice','Beranová',50172,'Most',true,82,0,19,14,false,62,0,169,2,0,'v řece Svitavě u Bilovic','1910-11-22','1910-11-24');
INSERT INTO "Death" (_id_death,rec_ready,rec_order,scan_order,scan_layout,death_village,death_street,death_descr,place_funeral,widowed,age_y,age_m,age_d,age_h,inspection,person_id,user_id,register_id,director_id,celebrant_id,death_date,funeral_date) VALUES (14,true,87,215,'P','Havířov','Hrušková',90912,'Olomouc',false,6,0,2,15,false,59,1,198,1,2,'1840-03-07','1840-03-09');
INSERT INTO "Death" (_id_death,rec_ready,rec_order,scan_order,scan_layout,death_village,death_street,death_descr,place_funeral,widowed,age_y,age_m,age_d,age_h,inspection,person_id,user_id,register_id,director_id,celebrant_id,provision_date,inspection_by) VALUES (13,true,893,328,'C','Most','Barbora',35954,'Ústí nad Labem',false,5,0,1,1,true,52,0,58,0,0,'1834-05-26','Dr. Hrachovina');
INSERT INTO "Death" (_id_death,rec_ready,rec_order,scan_order,scan_layout,death_village,death_street,death_descr,place_funeral,widowed,age_y,age_m,age_d,age_h,inspection,person_id,user_id,register_id,director_id,celebrant_id,death_cause,death_date,funeral_date) VALUES (12,true,350,530,'L','Brno','Brožková',7313,'Brno',false,92,0,22,13,false,49,0,30,0,0,'souchotiny','1931-07-03','1931-07-05');
INSERT INTO "Death" (_id_death,rec_ready,rec_order,scan_order,scan_layout,death_village,death_street,death_descr,place_funeral,widowed,age_y,age_m,age_d,age_h,inspection,person_id,user_id,register_id,director_id,celebrant_id,death_cause,death_date,funeral_date) VALUES (11,false,491,155,'P','Liberec','Sylva',3037,'Ostrava',false,33,0,8,12,false,45,1,71,0,1,'souchotiny','1859-05-28','1859-05-30');
INSERT INTO "Death" (_id_death,rec_ready,rec_order,scan_order,scan_layout,death_village,death_street,death_descr,place_funeral,widowed,age_y,age_m,age_d,age_h,inspection,person_id,user_id,register_id,director_id,celebrant_id,death_date,funeral_date) VALUES (10,false,360,775,'C','Ústí nad Labem','Hostislava',481,'Pardubice',false,79,0,19,23,false,42,0,28,1,2,'1905-09-10','1905-09-12');
INSERT INTO "Death" (_id_death,rec_ready,rec_order,scan_order,scan_layout,death_village,death_street,death_descr,place_funeral,widowed,age_y,age_m,age_d,age_h,inspection,person_id,user_id,register_id,director_id,celebrant_id,notes,provision_date,inspection_by) VALUES (9,false,271,26,'C','Zlín','Koutný',1079,'Zlín',false,98,0,24,7,true,39,0,207,1,2,'chyba zápisu, prohozené rubriky','1928-10-28','Dr. Nováček');
INSERT INTO "Death" (_id_death,rec_ready,rec_order,scan_order,scan_layout,death_village,death_street,death_descr,place_funeral,widowed,age_y,age_m,age_d,age_h,inspection,person_id,user_id,register_id,director_id,celebrant_id,death_date,funeral_date) VALUES (8,true,626,719,'C','České Budějovice','Svitáková',772,'České Budějovice',false,60,0,15,23,false,35,1,92,2,0,'1893-05-31','1893-06-02');
INSERT INTO "Death" (_id_death,rec_ready,rec_order,scan_order,scan_layout,death_village,death_street,death_descr,place_funeral,widowed,age_y,age_m,age_d,age_h,inspection,person_id,user_id,register_id,director_id,celebrant_id,place_death,death_cause,death_date,funeral_date,inspection_by) VALUES (7,false,892,558,'L','Most','Musilová',6830,'Praha',true,77,0,19,13,true,32,0,10,2,1,'v řece Svitavě u Bilovic','sešlost věkem','1908-11-20','1908-11-22','Dr. Nováček');
INSERT INTO "Death" (_id_death,rec_ready,rec_order,scan_order,scan_layout,death_village,death_street,death_descr,place_funeral,widowed,age_y,age_m,age_d,age_h,inspection,person_id,user_id,register_id,director_id,celebrant_id,death_cause,provision_date) VALUES (6,true,355,9,'C','Hradec Králové','Jirásek',8330,'Hradec Králové',false,19,0,5,7,false,27,0,206,0,0,'srdečná vada','1857-03-24');
INSERT INTO "Death" (_id_death,rec_ready,rec_order,scan_order,scan_layout,death_village,death_street,death_descr,place_funeral,widowed,age_y,age_m,age_d,age_h,inspection,person_id,user_id,register_id,director_id,celebrant_id,death_cause,provision_date,inspection_by) VALUES (5,true,871,96,'C','Zlín','Votruba',14782,'Kladno',true,55,0,13,23,true,21,0,183,0,0,'souchotiny','1887-03-23','Dr. Hrachovina');
INSERT INTO "Death" (_id_death,rec_ready,rec_order,scan_order,scan_layout,death_village,death_street,death_descr,place_funeral,widowed,age_y,age_m,age_d,age_h,inspection,person_id,user_id,register_id,director_id,celebrant_id,death_cause,death_date,funeral_date) VALUES (4,true,645,598,'C','Plzeň','Gaja',94156,'Plzeň',true,86,0,20,3,false,17,1,182,0,2,'souchotiny','1919-03-06','1919-03-08');
INSERT INTO "Death" (_id_death,rec_ready,rec_order,scan_order,scan_layout,death_village,death_street,death_descr,place_funeral,widowed,age_y,age_m,age_d,age_h,inspection,person_id,user_id,register_id,director_id,celebrant_id,notes,death_date,funeral_date) VALUES (3,true,119,764,'C','Liberec','Rafaela',3090,'Havířov',false,85,0,21,7,false,11,0,61,1,0,'poznámky...','1924-05-01','1924-05-03');
INSERT INTO "Death" (_id_death,rec_ready,rec_order,scan_order,scan_layout,death_village,death_street,death_descr,place_funeral,widowed,age_y,age_m,age_d,age_h,inspection,person_id,user_id,register_id,director_id,celebrant_id,place_death,death_cause,notes,death_date,funeral_date) VALUES (2,false,782,944,'C','Liberec','Baurová',882,'Liberec',false,39,0,9,3,false,8,0,17,1,2,'v řece Svitavě u Bilovic','osýpky','chyba zápisu, prohozené rubriky','1867-06-18','1867-06-20');
INSERT INTO "Death" (_id_death,rec_ready,rec_order,scan_order,scan_layout,death_village,death_street,death_descr,place_funeral,widowed,age_y,age_m,age_d,age_h,inspection,person_id,user_id,register_id,director_id,celebrant_id,notes,provision_date) VALUES (1,true,712,219,'L','Praha','Rezková',4398,'Most',false,26,0,7,13,false,5,0,211,0,1,'poznámky...','1853-07-14');
