--------------------------User--------------------------
INSERT INTO "User" (_id_user,name) VALUES (0,'Remig Pavlík');
INSERT INTO "User" (_id_user,name) VALUES (1,'Slavoj Morávek');
--------------------------Register--------------------------
INSERT INTO "Register" (_id_register,archive,fond,signature) VALUES (0,'ARCH0','FOND0',0);
INSERT INTO "Register" (_id_register,archive,fond,signature) VALUES (1,'ARCH0','FOND0',1);
INSERT INTO "Register" (_id_register,archive,fond,signature) VALUES (2,'ARCH0','FOND0',2);
INSERT INTO "Register" (_id_register,archive,fond,signature) VALUES (3,'ARCH0','FOND0',3);
INSERT INTO "Register" (_id_register,archive,fond,signature) VALUES (4,'ARCH0','FOND0',4);
INSERT INTO "Register" (_id_register,archive,fond,signature) VALUES (5,'ARCH0','FOND0',5);
INSERT INTO "Register" (_id_register,archive,fond,signature) VALUES (6,'ARCH0','FOND0',6);
INSERT INTO "Register" (_id_register,archive,fond,signature) VALUES (7,'ARCH0','FOND0',7);
INSERT INTO "Register" (_id_register,archive,fond,signature) VALUES (8,'ARCH0','FOND0',8);
INSERT INTO "Register" (_id_register,archive,fond,signature) VALUES (9,'ARCH0','FOND0',9);
INSERT INTO "Register" (_id_register,archive,fond,signature) VALUES (10,'ARCH0','FOND0',10);
INSERT INTO "Register" (_id_register,archive,fond,signature) VALUES (11,'ARCH0','FOND0',11);
INSERT INTO "Register" (_id_register,archive,fond,signature) VALUES (12,'ARCH0','FOND0',12);
INSERT INTO "Register" (_id_register,archive,fond,signature) VALUES (13,'ARCH0','FOND0',13);
INSERT INTO "Register" (_id_register,archive,fond,signature) VALUES (14,'ARCH0','FOND0',14);
INSERT INTO "Register" (_id_register,archive,fond,signature) VALUES (15,'ARCH0','FOND1',0);
INSERT INTO "Register" (_id_register,archive,fond,signature) VALUES (16,'ARCH0','FOND1',1);
INSERT INTO "Register" (_id_register,archive,fond,signature) VALUES (17,'ARCH0','FOND1',2);
INSERT INTO "Register" (_id_register,archive,fond,signature) VALUES (18,'ARCH0','FOND1',3);
INSERT INTO "Register" (_id_register,archive,fond,signature) VALUES (19,'ARCH0','FOND1',4);
INSERT INTO "Register" (_id_register,archive,fond,signature) VALUES (20,'ARCH0','FOND1',5);
INSERT INTO "Register" (_id_register,archive,fond,signature) VALUES (21,'ARCH0','FOND1',6);
INSERT INTO "Register" (_id_register,archive,fond,signature) VALUES (22,'ARCH0','FOND1',7);
INSERT INTO "Register" (_id_register,archive,fond,signature) VALUES (23,'ARCH0','FOND1',8);
INSERT INTO "Register" (_id_register,archive,fond,signature) VALUES (24,'ARCH0','FOND1',9);
INSERT INTO "Register" (_id_register,archive,fond,signature) VALUES (25,'ARCH0','FOND1',10);
INSERT INTO "Register" (_id_register,archive,fond,signature) VALUES (26,'ARCH0','FOND1',11);
INSERT INTO "Register" (_id_register,archive,fond,signature) VALUES (27,'ARCH0','FOND1',12);
INSERT INTO "Register" (_id_register,archive,fond,signature) VALUES (28,'ARCH0','FOND1',13);
INSERT INTO "Register" (_id_register,archive,fond,signature) VALUES (29,'ARCH0','FOND1',14);
INSERT INTO "Register" (_id_register,archive,fond,signature) VALUES (30,'ARCH0','FOND2',0);
INSERT INTO "Register" (_id_register,archive,fond,signature) VALUES (31,'ARCH0','FOND2',1);
INSERT INTO "Register" (_id_register,archive,fond,signature) VALUES (32,'ARCH0','FOND2',2);
INSERT INTO "Register" (_id_register,archive,fond,signature) VALUES (33,'ARCH0','FOND2',3);
INSERT INTO "Register" (_id_register,archive,fond,signature) VALUES (34,'ARCH0','FOND2',4);
INSERT INTO "Register" (_id_register,archive,fond,signature) VALUES (35,'ARCH0','FOND2',5);
INSERT INTO "Register" (_id_register,archive,fond,signature) VALUES (36,'ARCH0','FOND2',6);
INSERT INTO "Register" (_id_register,archive,fond,signature) VALUES (37,'ARCH0','FOND2',7);
INSERT INTO "Register" (_id_register,archive,fond,signature) VALUES (38,'ARCH0','FOND2',8);
INSERT INTO "Register" (_id_register,archive,fond,signature) VALUES (39,'ARCH0','FOND2',9);
INSERT INTO "Register" (_id_register,archive,fond,signature) VALUES (40,'ARCH0','FOND2',10);
INSERT INTO "Register" (_id_register,archive,fond,signature) VALUES (41,'ARCH0','FOND2',11);
INSERT INTO "Register" (_id_register,archive,fond,signature) VALUES (42,'ARCH0','FOND2',12);
INSERT INTO "Register" (_id_register,archive,fond,signature) VALUES (43,'ARCH0','FOND2',13);
INSERT INTO "Register" (_id_register,archive,fond,signature) VALUES (44,'ARCH0','FOND2',14);
INSERT INTO "Register" (_id_register,archive,fond,signature) VALUES (45,'ARCH0','FOND3',0);
INSERT INTO "Register" (_id_register,archive,fond,signature) VALUES (46,'ARCH0','FOND3',1);
INSERT INTO "Register" (_id_register,archive,fond,signature) VALUES (47,'ARCH0','FOND3',2);
INSERT INTO "Register" (_id_register,archive,fond,signature) VALUES (48,'ARCH0','FOND3',3);
INSERT INTO "Register" (_id_register,archive,fond,signature) VALUES (49,'ARCH0','FOND3',4);
INSERT INTO "Register" (_id_register,archive,fond,signature) VALUES (50,'ARCH0','FOND3',5);
INSERT INTO "Register" (_id_register,archive,fond,signature) VALUES (51,'ARCH0','FOND3',6);
INSERT INTO "Register" (_id_register,archive,fond,signature) VALUES (52,'ARCH0','FOND3',7);
INSERT INTO "Register" (_id_register,archive,fond,signature) VALUES (53,'ARCH0','FOND3',8);
INSERT INTO "Register" (_id_register,archive,fond,signature) VALUES (54,'ARCH0','FOND3',9);
INSERT INTO "Register" (_id_register,archive,fond,signature) VALUES (55,'ARCH0','FOND3',10);
INSERT INTO "Register" (_id_register,archive,fond,signature) VALUES (56,'ARCH0','FOND3',11);
INSERT INTO "Register" (_id_register,archive,fond,signature) VALUES (57,'ARCH0','FOND3',12);
INSERT INTO "Register" (_id_register,archive,fond,signature) VALUES (58,'ARCH0','FOND3',13);
INSERT INTO "Register" (_id_register,archive,fond,signature) VALUES (59,'ARCH0','FOND3',14);
INSERT INTO "Register" (_id_register,archive,fond,signature) VALUES (60,'ARCH0','FOND4',0);
INSERT INTO "Register" (_id_register,archive,fond,signature) VALUES (61,'ARCH0','FOND4',1);
INSERT INTO "Register" (_id_register,archive,fond,signature) VALUES (62,'ARCH0','FOND4',2);
INSERT INTO "Register" (_id_register,archive,fond,signature) VALUES (63,'ARCH0','FOND4',3);
INSERT INTO "Register" (_id_register,archive,fond,signature) VALUES (64,'ARCH0','FOND4',4);
INSERT INTO "Register" (_id_register,archive,fond,signature) VALUES (65,'ARCH0','FOND4',5);
INSERT INTO "Register" (_id_register,archive,fond,signature) VALUES (66,'ARCH0','FOND4',6);
INSERT INTO "Register" (_id_register,archive,fond,signature) VALUES (67,'ARCH0','FOND4',7);
INSERT INTO "Register" (_id_register,archive,fond,signature) VALUES (68,'ARCH0','FOND4',8);
INSERT INTO "Register" (_id_register,archive,fond,signature) VALUES (69,'ARCH0','FOND4',9);
INSERT INTO "Register" (_id_register,archive,fond,signature) VALUES (70,'ARCH0','FOND4',10);
INSERT INTO "Register" (_id_register,archive,fond,signature) VALUES (71,'ARCH0','FOND4',11);
INSERT INTO "Register" (_id_register,archive,fond,signature) VALUES (72,'ARCH0','FOND4',12);
INSERT INTO "Register" (_id_register,archive,fond,signature) VALUES (73,'ARCH0','FOND4',13);
INSERT INTO "Register" (_id_register,archive,fond,signature) VALUES (74,'ARCH0','FOND4',14);
INSERT INTO "Register" (_id_register,archive,fond,signature) VALUES (75,'ARCH1','FOND0',0);
INSERT INTO "Register" (_id_register,archive,fond,signature) VALUES (76,'ARCH1','FOND0',1);
INSERT INTO "Register" (_id_register,archive,fond,signature) VALUES (77,'ARCH1','FOND0',2);
INSERT INTO "Register" (_id_register,archive,fond,signature) VALUES (78,'ARCH1','FOND0',3);
INSERT INTO "Register" (_id_register,archive,fond,signature) VALUES (79,'ARCH1','FOND0',4);
INSERT INTO "Register" (_id_register,archive,fond,signature) VALUES (80,'ARCH1','FOND0',5);
INSERT INTO "Register" (_id_register,archive,fond,signature) VALUES (81,'ARCH1','FOND0',6);
INSERT INTO "Register" (_id_register,archive,fond,signature) VALUES (82,'ARCH1','FOND0',7);
INSERT INTO "Register" (_id_register,archive,fond,signature) VALUES (83,'ARCH1','FOND0',8);
INSERT INTO "Register" (_id_register,archive,fond,signature) VALUES (84,'ARCH1','FOND0',9);
INSERT INTO "Register" (_id_register,archive,fond,signature) VALUES (85,'ARCH1','FOND0',10);
INSERT INTO "Register" (_id_register,archive,fond,signature) VALUES (86,'ARCH1','FOND0',11);
INSERT INTO "Register" (_id_register,archive,fond,signature) VALUES (87,'ARCH1','FOND0',12);
INSERT INTO "Register" (_id_register,archive,fond,signature) VALUES (88,'ARCH1','FOND0',13);
INSERT INTO "Register" (_id_register,archive,fond,signature) VALUES (89,'ARCH1','FOND0',14);
INSERT INTO "Register" (_id_register,archive,fond,signature) VALUES (90,'ARCH1','FOND1',0);
INSERT INTO "Register" (_id_register,archive,fond,signature) VALUES (91,'ARCH1','FOND1',1);
INSERT INTO "Register" (_id_register,archive,fond,signature) VALUES (92,'ARCH1','FOND1',2);
INSERT INTO "Register" (_id_register,archive,fond,signature) VALUES (93,'ARCH1','FOND1',3);
INSERT INTO "Register" (_id_register,archive,fond,signature) VALUES (94,'ARCH1','FOND1',4);
INSERT INTO "Register" (_id_register,archive,fond,signature) VALUES (95,'ARCH1','FOND1',5);
INSERT INTO "Register" (_id_register,archive,fond,signature) VALUES (96,'ARCH1','FOND1',6);
INSERT INTO "Register" (_id_register,archive,fond,signature) VALUES (97,'ARCH1','FOND1',7);
INSERT INTO "Register" (_id_register,archive,fond,signature) VALUES (98,'ARCH1','FOND1',8);
INSERT INTO "Register" (_id_register,archive,fond,signature) VALUES (99,'ARCH1','FOND1',9);
INSERT INTO "Register" (_id_register,archive,fond,signature) VALUES (100,'ARCH1','FOND1',10);
INSERT INTO "Register" (_id_register,archive,fond,signature) VALUES (101,'ARCH1','FOND1',11);
INSERT INTO "Register" (_id_register,archive,fond,signature) VALUES (102,'ARCH1','FOND1',12);
INSERT INTO "Register" (_id_register,archive,fond,signature) VALUES (103,'ARCH1','FOND1',13);
INSERT INTO "Register" (_id_register,archive,fond,signature) VALUES (104,'ARCH1','FOND1',14);
INSERT INTO "Register" (_id_register,archive,fond,signature) VALUES (105,'ARCH1','FOND2',0);
INSERT INTO "Register" (_id_register,archive,fond,signature) VALUES (106,'ARCH1','FOND2',1);
INSERT INTO "Register" (_id_register,archive,fond,signature) VALUES (107,'ARCH1','FOND2',2);
INSERT INTO "Register" (_id_register,archive,fond,signature) VALUES (108,'ARCH1','FOND2',3);
INSERT INTO "Register" (_id_register,archive,fond,signature) VALUES (109,'ARCH1','FOND2',4);
INSERT INTO "Register" (_id_register,archive,fond,signature) VALUES (110,'ARCH1','FOND2',5);
INSERT INTO "Register" (_id_register,archive,fond,signature) VALUES (111,'ARCH1','FOND2',6);
INSERT INTO "Register" (_id_register,archive,fond,signature) VALUES (112,'ARCH1','FOND2',7);
INSERT INTO "Register" (_id_register,archive,fond,signature) VALUES (113,'ARCH1','FOND2',8);
INSERT INTO "Register" (_id_register,archive,fond,signature) VALUES (114,'ARCH1','FOND2',9);
INSERT INTO "Register" (_id_register,archive,fond,signature) VALUES (115,'ARCH1','FOND2',10);
INSERT INTO "Register" (_id_register,archive,fond,signature) VALUES (116,'ARCH1','FOND2',11);
INSERT INTO "Register" (_id_register,archive,fond,signature) VALUES (117,'ARCH1','FOND2',12);
INSERT INTO "Register" (_id_register,archive,fond,signature) VALUES (118,'ARCH1','FOND2',13);
INSERT INTO "Register" (_id_register,archive,fond,signature) VALUES (119,'ARCH1','FOND2',14);
INSERT INTO "Register" (_id_register,archive,fond,signature) VALUES (120,'ARCH1','FOND3',0);
INSERT INTO "Register" (_id_register,archive,fond,signature) VALUES (121,'ARCH1','FOND3',1);
INSERT INTO "Register" (_id_register,archive,fond,signature) VALUES (122,'ARCH1','FOND3',2);
INSERT INTO "Register" (_id_register,archive,fond,signature) VALUES (123,'ARCH1','FOND3',3);
INSERT INTO "Register" (_id_register,archive,fond,signature) VALUES (124,'ARCH1','FOND3',4);
INSERT INTO "Register" (_id_register,archive,fond,signature) VALUES (125,'ARCH1','FOND3',5);
INSERT INTO "Register" (_id_register,archive,fond,signature) VALUES (126,'ARCH1','FOND3',6);
INSERT INTO "Register" (_id_register,archive,fond,signature) VALUES (127,'ARCH1','FOND3',7);
INSERT INTO "Register" (_id_register,archive,fond,signature) VALUES (128,'ARCH1','FOND3',8);
INSERT INTO "Register" (_id_register,archive,fond,signature) VALUES (129,'ARCH1','FOND3',9);
INSERT INTO "Register" (_id_register,archive,fond,signature) VALUES (130,'ARCH1','FOND3',10);
INSERT INTO "Register" (_id_register,archive,fond,signature) VALUES (131,'ARCH1','FOND3',11);
INSERT INTO "Register" (_id_register,archive,fond,signature) VALUES (132,'ARCH1','FOND3',12);
INSERT INTO "Register" (_id_register,archive,fond,signature) VALUES (133,'ARCH1','FOND3',13);
INSERT INTO "Register" (_id_register,archive,fond,signature) VALUES (134,'ARCH1','FOND3',14);
INSERT INTO "Register" (_id_register,archive,fond,signature) VALUES (135,'ARCH1','FOND4',0);
INSERT INTO "Register" (_id_register,archive,fond,signature) VALUES (136,'ARCH1','FOND4',1);
INSERT INTO "Register" (_id_register,archive,fond,signature) VALUES (137,'ARCH1','FOND4',2);
INSERT INTO "Register" (_id_register,archive,fond,signature) VALUES (138,'ARCH1','FOND4',3);
INSERT INTO "Register" (_id_register,archive,fond,signature) VALUES (139,'ARCH1','FOND4',4);
INSERT INTO "Register" (_id_register,archive,fond,signature) VALUES (140,'ARCH1','FOND4',5);
INSERT INTO "Register" (_id_register,archive,fond,signature) VALUES (141,'ARCH1','FOND4',6);
INSERT INTO "Register" (_id_register,archive,fond,signature) VALUES (142,'ARCH1','FOND4',7);
INSERT INTO "Register" (_id_register,archive,fond,signature) VALUES (143,'ARCH1','FOND4',8);
INSERT INTO "Register" (_id_register,archive,fond,signature) VALUES (144,'ARCH1','FOND4',9);
INSERT INTO "Register" (_id_register,archive,fond,signature) VALUES (145,'ARCH1','FOND4',10);
INSERT INTO "Register" (_id_register,archive,fond,signature) VALUES (146,'ARCH1','FOND4',11);
INSERT INTO "Register" (_id_register,archive,fond,signature) VALUES (147,'ARCH1','FOND4',12);
INSERT INTO "Register" (_id_register,archive,fond,signature) VALUES (148,'ARCH1','FOND4',13);
INSERT INTO "Register" (_id_register,archive,fond,signature) VALUES (149,'ARCH1','FOND4',14);
INSERT INTO "Register" (_id_register,archive,fond,signature) VALUES (150,'ARCH2','FOND0',0);
INSERT INTO "Register" (_id_register,archive,fond,signature) VALUES (151,'ARCH2','FOND0',1);
INSERT INTO "Register" (_id_register,archive,fond,signature) VALUES (152,'ARCH2','FOND0',2);
INSERT INTO "Register" (_id_register,archive,fond,signature) VALUES (153,'ARCH2','FOND0',3);
INSERT INTO "Register" (_id_register,archive,fond,signature) VALUES (154,'ARCH2','FOND0',4);
INSERT INTO "Register" (_id_register,archive,fond,signature) VALUES (155,'ARCH2','FOND0',5);
INSERT INTO "Register" (_id_register,archive,fond,signature) VALUES (156,'ARCH2','FOND0',6);
INSERT INTO "Register" (_id_register,archive,fond,signature) VALUES (157,'ARCH2','FOND0',7);
INSERT INTO "Register" (_id_register,archive,fond,signature) VALUES (158,'ARCH2','FOND0',8);
INSERT INTO "Register" (_id_register,archive,fond,signature) VALUES (159,'ARCH2','FOND0',9);
INSERT INTO "Register" (_id_register,archive,fond,signature) VALUES (160,'ARCH2','FOND0',10);
INSERT INTO "Register" (_id_register,archive,fond,signature) VALUES (161,'ARCH2','FOND0',11);
INSERT INTO "Register" (_id_register,archive,fond,signature) VALUES (162,'ARCH2','FOND0',12);
INSERT INTO "Register" (_id_register,archive,fond,signature) VALUES (163,'ARCH2','FOND0',13);
INSERT INTO "Register" (_id_register,archive,fond,signature) VALUES (164,'ARCH2','FOND0',14);
INSERT INTO "Register" (_id_register,archive,fond,signature) VALUES (165,'ARCH2','FOND1',0);
INSERT INTO "Register" (_id_register,archive,fond,signature) VALUES (166,'ARCH2','FOND1',1);
INSERT INTO "Register" (_id_register,archive,fond,signature) VALUES (167,'ARCH2','FOND1',2);
INSERT INTO "Register" (_id_register,archive,fond,signature) VALUES (168,'ARCH2','FOND1',3);
INSERT INTO "Register" (_id_register,archive,fond,signature) VALUES (169,'ARCH2','FOND1',4);
INSERT INTO "Register" (_id_register,archive,fond,signature) VALUES (170,'ARCH2','FOND1',5);
INSERT INTO "Register" (_id_register,archive,fond,signature) VALUES (171,'ARCH2','FOND1',6);
INSERT INTO "Register" (_id_register,archive,fond,signature) VALUES (172,'ARCH2','FOND1',7);
INSERT INTO "Register" (_id_register,archive,fond,signature) VALUES (173,'ARCH2','FOND1',8);
INSERT INTO "Register" (_id_register,archive,fond,signature) VALUES (174,'ARCH2','FOND1',9);
INSERT INTO "Register" (_id_register,archive,fond,signature) VALUES (175,'ARCH2','FOND1',10);
INSERT INTO "Register" (_id_register,archive,fond,signature) VALUES (176,'ARCH2','FOND1',11);
INSERT INTO "Register" (_id_register,archive,fond,signature) VALUES (177,'ARCH2','FOND1',12);
INSERT INTO "Register" (_id_register,archive,fond,signature) VALUES (178,'ARCH2','FOND1',13);
INSERT INTO "Register" (_id_register,archive,fond,signature) VALUES (179,'ARCH2','FOND1',14);
INSERT INTO "Register" (_id_register,archive,fond,signature) VALUES (180,'ARCH2','FOND2',0);
INSERT INTO "Register" (_id_register,archive,fond,signature) VALUES (181,'ARCH2','FOND2',1);
INSERT INTO "Register" (_id_register,archive,fond,signature) VALUES (182,'ARCH2','FOND2',2);
INSERT INTO "Register" (_id_register,archive,fond,signature) VALUES (183,'ARCH2','FOND2',3);
INSERT INTO "Register" (_id_register,archive,fond,signature) VALUES (184,'ARCH2','FOND2',4);
INSERT INTO "Register" (_id_register,archive,fond,signature) VALUES (185,'ARCH2','FOND2',5);
INSERT INTO "Register" (_id_register,archive,fond,signature) VALUES (186,'ARCH2','FOND2',6);
INSERT INTO "Register" (_id_register,archive,fond,signature) VALUES (187,'ARCH2','FOND2',7);
INSERT INTO "Register" (_id_register,archive,fond,signature) VALUES (188,'ARCH2','FOND2',8);
INSERT INTO "Register" (_id_register,archive,fond,signature) VALUES (189,'ARCH2','FOND2',9);
INSERT INTO "Register" (_id_register,archive,fond,signature) VALUES (190,'ARCH2','FOND2',10);
INSERT INTO "Register" (_id_register,archive,fond,signature) VALUES (191,'ARCH2','FOND2',11);
INSERT INTO "Register" (_id_register,archive,fond,signature) VALUES (192,'ARCH2','FOND2',12);
INSERT INTO "Register" (_id_register,archive,fond,signature) VALUES (193,'ARCH2','FOND2',13);
INSERT INTO "Register" (_id_register,archive,fond,signature) VALUES (194,'ARCH2','FOND2',14);
INSERT INTO "Register" (_id_register,archive,fond,signature) VALUES (195,'ARCH2','FOND3',0);
INSERT INTO "Register" (_id_register,archive,fond,signature) VALUES (196,'ARCH2','FOND3',1);
INSERT INTO "Register" (_id_register,archive,fond,signature) VALUES (197,'ARCH2','FOND3',2);
INSERT INTO "Register" (_id_register,archive,fond,signature) VALUES (198,'ARCH2','FOND3',3);
INSERT INTO "Register" (_id_register,archive,fond,signature) VALUES (199,'ARCH2','FOND3',4);
INSERT INTO "Register" (_id_register,archive,fond,signature) VALUES (200,'ARCH2','FOND3',5);
INSERT INTO "Register" (_id_register,archive,fond,signature) VALUES (201,'ARCH2','FOND3',6);
INSERT INTO "Register" (_id_register,archive,fond,signature) VALUES (202,'ARCH2','FOND3',7);
INSERT INTO "Register" (_id_register,archive,fond,signature) VALUES (203,'ARCH2','FOND3',8);
INSERT INTO "Register" (_id_register,archive,fond,signature) VALUES (204,'ARCH2','FOND3',9);
INSERT INTO "Register" (_id_register,archive,fond,signature) VALUES (205,'ARCH2','FOND3',10);
INSERT INTO "Register" (_id_register,archive,fond,signature) VALUES (206,'ARCH2','FOND3',11);
INSERT INTO "Register" (_id_register,archive,fond,signature) VALUES (207,'ARCH2','FOND3',12);
INSERT INTO "Register" (_id_register,archive,fond,signature) VALUES (208,'ARCH2','FOND3',13);
INSERT INTO "Register" (_id_register,archive,fond,signature) VALUES (209,'ARCH2','FOND3',14);
INSERT INTO "Register" (_id_register,archive,fond,signature) VALUES (210,'ARCH2','FOND4',0);
INSERT INTO "Register" (_id_register,archive,fond,signature) VALUES (211,'ARCH2','FOND4',1);
INSERT INTO "Register" (_id_register,archive,fond,signature) VALUES (212,'ARCH2','FOND4',2);
INSERT INTO "Register" (_id_register,archive,fond,signature) VALUES (213,'ARCH2','FOND4',3);
INSERT INTO "Register" (_id_register,archive,fond,signature) VALUES (214,'ARCH2','FOND4',4);
INSERT INTO "Register" (_id_register,archive,fond,signature) VALUES (215,'ARCH2','FOND4',5);
INSERT INTO "Register" (_id_register,archive,fond,signature) VALUES (216,'ARCH2','FOND4',6);
INSERT INTO "Register" (_id_register,archive,fond,signature) VALUES (217,'ARCH2','FOND4',7);
INSERT INTO "Register" (_id_register,archive,fond,signature) VALUES (218,'ARCH2','FOND4',8);
INSERT INTO "Register" (_id_register,archive,fond,signature) VALUES (219,'ARCH2','FOND4',9);
INSERT INTO "Register" (_id_register,archive,fond,signature) VALUES (220,'ARCH2','FOND4',10);
INSERT INTO "Register" (_id_register,archive,fond,signature) VALUES (221,'ARCH2','FOND4',11);
INSERT INTO "Register" (_id_register,archive,fond,signature) VALUES (222,'ARCH2','FOND4',12);
INSERT INTO "Register" (_id_register,archive,fond,signature) VALUES (223,'ARCH2','FOND4',13);
INSERT INTO "Register" (_id_register,archive,fond,signature) VALUES (224,'ARCH2','FOND4',14);
--------------------------Name--------------------------
INSERT INTO "Name" (_id_name,name) VALUES (0,'Adam');
INSERT INTO "Name" (_id_name,name) VALUES (1,'Adolf');
INSERT INTO "Name" (_id_name,name) VALUES (2,'Alan');
INSERT INTO "Name" (_id_name,name) VALUES (3,'Albert');
INSERT INTO "Name" (_id_name,name) VALUES (4,'Aleš');
INSERT INTO "Name" (_id_name,name) VALUES (5,'Alexandr');
INSERT INTO "Name" (_id_name,name) VALUES (6,'Alexej');
INSERT INTO "Name" (_id_name,name) VALUES (7,'Alois');
INSERT INTO "Name" (_id_name,name) VALUES (8,'Ambrož');
INSERT INTO "Name" (_id_name,name) VALUES (9,'Benjamín');
INSERT INTO "Name" (_id_name,name) VALUES (10,'Andrej');
INSERT INTO "Name" (_id_name,name) VALUES (11,'Antonín');
INSERT INTO "Name" (_id_name,name) VALUES (12,'Arnošt');
INSERT INTO "Name" (_id_name,name) VALUES (13,'Artur');
INSERT INTO "Name" (_id_name,name) VALUES (14,'Augustýn');
INSERT INTO "Name" (_id_name,name) VALUES (15,'Bartoloměj');
INSERT INTO "Name" (_id_name,name) VALUES (16,'Bedřich');
INSERT INTO "Name" (_id_name,name) VALUES (17,'Benedikt');
INSERT INTO "Name" (_id_name,name) VALUES (18,'Bernard');
INSERT INTO "Name" (_id_name,name) VALUES (19,'Blahoslav');
INSERT INTO "Name" (_id_name,name) VALUES (20,'Blažej');
INSERT INTO "Name" (_id_name,name) VALUES (21,'Bohdan');
INSERT INTO "Name" (_id_name,name) VALUES (22,'Bohumil');
INSERT INTO "Name" (_id_name,name) VALUES (23,'Bohumír');
INSERT INTO "Name" (_id_name,name) VALUES (24,'Bohuslav');
INSERT INTO "Name" (_id_name,name) VALUES (25,'Boleslav');
INSERT INTO "Name" (_id_name,name) VALUES (26,'Bonifác');
INSERT INTO "Name" (_id_name,name) VALUES (27,'Boris');
INSERT INTO "Name" (_id_name,name) VALUES (28,'Bořek');
INSERT INTO "Name" (_id_name,name) VALUES (29,'Bořivoj');
INSERT INTO "Name" (_id_name,name) VALUES (30,'Bronislav');
INSERT INTO "Name" (_id_name,name) VALUES (31,'Bruno');
INSERT INTO "Name" (_id_name,name) VALUES (32,'Břetislav');
INSERT INTO "Name" (_id_name,name) VALUES (33,'Ctibor');
INSERT INTO "Name" (_id_name,name) VALUES (34,'Ctirad');
INSERT INTO "Name" (_id_name,name) VALUES (35,'Cyril');
INSERT INTO "Name" (_id_name,name) VALUES (36,'Metoděj');
INSERT INTO "Name" (_id_name,name) VALUES (37,'Čeněk');
INSERT INTO "Name" (_id_name,name) VALUES (38,'Čestmír');
INSERT INTO "Name" (_id_name,name) VALUES (39,'Dalibor');
INSERT INTO "Name" (_id_name,name) VALUES (40,'Dalimil');
INSERT INTO "Name" (_id_name,name) VALUES (41,'Daniel');
INSERT INTO "Name" (_id_name,name) VALUES (42,'David');
INSERT INTO "Name" (_id_name,name) VALUES (43,'Dobroslav');
INSERT INTO "Name" (_id_name,name) VALUES (44,'Dominik');
INSERT INTO "Name" (_id_name,name) VALUES (45,'Drahoslav');
INSERT INTO "Name" (_id_name,name) VALUES (46,'Dušan');
INSERT INTO "Name" (_id_name,name) VALUES (47,'Eduard');
INSERT INTO "Name" (_id_name,name) VALUES (48,'Herbert');
INSERT INTO "Name" (_id_name,name) VALUES (49,'Emanuel');
INSERT INTO "Name" (_id_name,name) VALUES (50,'Emil');
INSERT INTO "Name" (_id_name,name) VALUES (51,'Erik');
INSERT INTO "Name" (_id_name,name) VALUES (52,'Evžen');
INSERT INTO "Name" (_id_name,name) VALUES (53,'Felix');
INSERT INTO "Name" (_id_name,name) VALUES (54,'Ferdinand');
INSERT INTO "Name" (_id_name,name) VALUES (55,'Filip');
INSERT INTO "Name" (_id_name,name) VALUES (56,'František');
INSERT INTO "Name" (_id_name,name) VALUES (57,'Gabriel');
INSERT INTO "Name" (_id_name,name) VALUES (58,'Gustav');
INSERT INTO "Name" (_id_name,name) VALUES (59,'Hanuš');
INSERT INTO "Name" (_id_name,name) VALUES (60,'Havel');
INSERT INTO "Name" (_id_name,name) VALUES (61,'Heřman');
INSERT INTO "Name" (_id_name,name) VALUES (62,'Hubert');
INSERT INTO "Name" (_id_name,name) VALUES (63,'Hugo');
INSERT INTO "Name" (_id_name,name) VALUES (64,'Hynek');
INSERT INTO "Name" (_id_name,name) VALUES (65,'Ignác');
INSERT INTO "Name" (_id_name,name) VALUES (66,'Igor');
INSERT INTO "Name" (_id_name,name) VALUES (67,'Ivan');
INSERT INTO "Name" (_id_name,name) VALUES (68,'Slavoj');
INSERT INTO "Name" (_id_name,name) VALUES (69,'Ivo');
INSERT INTO "Name" (_id_name,name) VALUES (70,'Jáchym');
INSERT INTO "Name" (_id_name,name) VALUES (71,'Jakub');
INSERT INTO "Name" (_id_name,name) VALUES (72,'Jan');
INSERT INTO "Name" (_id_name,name) VALUES (73,'Jarmil');
INSERT INTO "Name" (_id_name,name) VALUES (74,'Jaromír');
INSERT INTO "Name" (_id_name,name) VALUES (75,'Jaroslav');
INSERT INTO "Name" (_id_name,name) VALUES (76,'Jeroným');
INSERT INTO "Name" (_id_name,name) VALUES (77,'Jindřich');
INSERT INTO "Name" (_id_name,name) VALUES (78,'Jiří');
INSERT INTO "Name" (_id_name,name) VALUES (79,'Jonáš');
INSERT INTO "Name" (_id_name,name) VALUES (80,'Josef');
INSERT INTO "Name" (_id_name,name) VALUES (81,'Julius');
INSERT INTO "Name" (_id_name,name) VALUES (82,'Kamil');
INSERT INTO "Name" (_id_name,name) VALUES (83,'Karel');
INSERT INTO "Name" (_id_name,name) VALUES (84,'Kazimir');
INSERT INTO "Name" (_id_name,name) VALUES (85,'Klement');
INSERT INTO "Name" (_id_name,name) VALUES (86,'Kristian');
INSERT INTO "Name" (_id_name,name) VALUES (87,'Kryštof');
INSERT INTO "Name" (_id_name,name) VALUES (88,'Květoslav');
INSERT INTO "Name" (_id_name,name) VALUES (89,'Kvido');
INSERT INTO "Name" (_id_name,name) VALUES (90,'Ladislav');
INSERT INTO "Name" (_id_name,name) VALUES (91,'Leopold');
INSERT INTO "Name" (_id_name,name) VALUES (92,'Leoš');
INSERT INTO "Name" (_id_name,name) VALUES (93,'Libor');
INSERT INTO "Name" (_id_name,name) VALUES (94,'Samuel');
INSERT INTO "Name" (_id_name,name) VALUES (95,'Lubomír');
INSERT INTO "Name" (_id_name,name) VALUES (96,'Lubor');
INSERT INTO "Name" (_id_name,name) VALUES (97,'Luboš');
INSERT INTO "Name" (_id_name,name) VALUES (98,'Luděk');
INSERT INTO "Name" (_id_name,name) VALUES (99,'Ludvík');
INSERT INTO "Name" (_id_name,name) VALUES (100,'Lukáš');
INSERT INTO "Name" (_id_name,name) VALUES (101,'Lumír');
INSERT INTO "Name" (_id_name,name) VALUES (102,'Marcel');
INSERT INTO "Name" (_id_name,name) VALUES (103,'Marek');
INSERT INTO "Name" (_id_name,name) VALUES (104,'Marian');
INSERT INTO "Name" (_id_name,name) VALUES (105,'Martin');
INSERT INTO "Name" (_id_name,name) VALUES (106,'Matěj');
INSERT INTO "Name" (_id_name,name) VALUES (107,'Matouš');
INSERT INTO "Name" (_id_name,name) VALUES (108,'Maxmilián');
INSERT INTO "Name" (_id_name,name) VALUES (109,'Medard');
INSERT INTO "Name" (_id_name,name) VALUES (110,'Michal');
INSERT INTO "Name" (_id_name,name) VALUES (111,'Mikuláš');
INSERT INTO "Name" (_id_name,name) VALUES (112,'Milan');
INSERT INTO "Name" (_id_name,name) VALUES (113,'Miloslav');
INSERT INTO "Name" (_id_name,name) VALUES (114,'Miloš');
INSERT INTO "Name" (_id_name,name) VALUES (115,'Miroslav');
INSERT INTO "Name" (_id_name,name) VALUES (116,'Mojmír');
INSERT INTO "Name" (_id_name,name) VALUES (117,'Norbert');
INSERT INTO "Name" (_id_name,name) VALUES (118,'Oldřich');
INSERT INTO "Name" (_id_name,name) VALUES (119,'Oleg');
INSERT INTO "Name" (_id_name,name) VALUES (120,'Oliver');
INSERT INTO "Name" (_id_name,name) VALUES (121,'Ondřej');
INSERT INTO "Name" (_id_name,name) VALUES (122,'Oskar');
INSERT INTO "Name" (_id_name,name) VALUES (123,'Otakar');
INSERT INTO "Name" (_id_name,name) VALUES (124,'Otmar');
INSERT INTO "Name" (_id_name,name) VALUES (125,'Oto');
INSERT INTO "Name" (_id_name,name) VALUES (126,'Pankrác');
INSERT INTO "Name" (_id_name,name) VALUES (127,'Patrik');
INSERT INTO "Name" (_id_name,name) VALUES (128,'Petr');
INSERT INTO "Name" (_id_name,name) VALUES (129,'Petr');
INSERT INTO "Name" (_id_name,name) VALUES (130,'Pavel');
INSERT INTO "Name" (_id_name,name) VALUES (131,'Pravoslav');
INSERT INTO "Name" (_id_name,name) VALUES (132,'Prokop');
INSERT INTO "Name" (_id_name,name) VALUES (133,'Přemysl');
INSERT INTO "Name" (_id_name,name) VALUES (134,'Radan');
INSERT INTO "Name" (_id_name,name) VALUES (135,'Radek');
INSERT INTO "Name" (_id_name,name) VALUES (136,'Radim');
INSERT INTO "Name" (_id_name,name) VALUES (137,'Radomír');
INSERT INTO "Name" (_id_name,name) VALUES (138,'Radoslav');
INSERT INTO "Name" (_id_name,name) VALUES (139,'Radovan');
INSERT INTO "Name" (_id_name,name) VALUES (140,'René');
INSERT INTO "Name" (_id_name,name) VALUES (141,'Richard');
INSERT INTO "Name" (_id_name,name) VALUES (142,'Robert');
INSERT INTO "Name" (_id_name,name) VALUES (143,'Robin');
INSERT INTO "Name" (_id_name,name) VALUES (144,'Roland');
INSERT INTO "Name" (_id_name,name) VALUES (145,'Roman');
INSERT INTO "Name" (_id_name,name) VALUES (146,'Rostislav');
INSERT INTO "Name" (_id_name,name) VALUES (147,'Rudolf');
INSERT INTO "Name" (_id_name,name) VALUES (148,'Řehoř');
INSERT INTO "Name" (_id_name,name) VALUES (149,'Servác');
INSERT INTO "Name" (_id_name,name) VALUES (150,'Silvestr');
INSERT INTO "Name" (_id_name,name) VALUES (151,'Slavomír');
INSERT INTO "Name" (_id_name,name) VALUES (152,'Soběslav');
INSERT INTO "Name" (_id_name,name) VALUES (153,'Stanislav');
INSERT INTO "Name" (_id_name,name) VALUES (154,'Svatopluk');
INSERT INTO "Name" (_id_name,name) VALUES (155,'Svatoslav');
INSERT INTO "Name" (_id_name,name) VALUES (156,'Šimon');
INSERT INTO "Name" (_id_name,name) VALUES (157,'Štefan');
INSERT INTO "Name" (_id_name,name) VALUES (158,'Štěpán');
INSERT INTO "Name" (_id_name,name) VALUES (159,'Tadeáš');
INSERT INTO "Name" (_id_name,name) VALUES (160,'Teodor');
INSERT INTO "Name" (_id_name,name) VALUES (161,'Tibor');
INSERT INTO "Name" (_id_name,name) VALUES (162,'Tomáš');
INSERT INTO "Name" (_id_name,name) VALUES (163,'Václav');
INSERT INTO "Name" (_id_name,name) VALUES (164,'Valdemar');
INSERT INTO "Name" (_id_name,name) VALUES (165,'Valentýn');
INSERT INTO "Name" (_id_name,name) VALUES (166,'Vavřinec');
INSERT INTO "Name" (_id_name,name) VALUES (167,'Věnceslav');
INSERT INTO "Name" (_id_name,name) VALUES (168,'Vendelín');
INSERT INTO "Name" (_id_name,name) VALUES (169,'Věroslav');
INSERT INTO "Name" (_id_name,name) VALUES (170,'Viktor');
INSERT INTO "Name" (_id_name,name) VALUES (171,'Vilém');
INSERT INTO "Name" (_id_name,name) VALUES (172,'Vincenc');
INSERT INTO "Name" (_id_name,name) VALUES (173,'Vít');
INSERT INTO "Name" (_id_name,name) VALUES (174,'Vítězslav');
INSERT INTO "Name" (_id_name,name) VALUES (175,'Vladan');
INSERT INTO "Name" (_id_name,name) VALUES (176,'Vladimír');
INSERT INTO "Name" (_id_name,name) VALUES (177,'Vladislav');
INSERT INTO "Name" (_id_name,name) VALUES (178,'Vlastimil');
INSERT INTO "Name" (_id_name,name) VALUES (179,'Vlastislav');
INSERT INTO "Name" (_id_name,name) VALUES (180,'Vojtěch');
INSERT INTO "Name" (_id_name,name) VALUES (181,'Vratislav');
INSERT INTO "Name" (_id_name,name) VALUES (182,'Zbyněk');
INSERT INTO "Name" (_id_name,name) VALUES (183,'Zbyšek');
INSERT INTO "Name" (_id_name,name) VALUES (184,'Zdeněk');
INSERT INTO "Name" (_id_name,name) VALUES (185,'Zikmund');
INSERT INTO "Name" (_id_name,name) VALUES (186,'Eva');
INSERT INTO "Name" (_id_name,name) VALUES (187,'Adéla');
INSERT INTO "Name" (_id_name,name) VALUES (188,'Adriana');
INSERT INTO "Name" (_id_name,name) VALUES (189,'Agáta');
INSERT INTO "Name" (_id_name,name) VALUES (190,'Albína');
INSERT INTO "Name" (_id_name,name) VALUES (191,'Alena');
INSERT INTO "Name" (_id_name,name) VALUES (192,'Alexandra');
INSERT INTO "Name" (_id_name,name) VALUES (193,'Alžběta');
INSERT INTO "Name" (_id_name,name) VALUES (194,'Anděla');
INSERT INTO "Name" (_id_name,name) VALUES (195,'Andrea');
INSERT INTO "Name" (_id_name,name) VALUES (196,'Aneta');
INSERT INTO "Name" (_id_name,name) VALUES (197,'Anežka');
INSERT INTO "Name" (_id_name,name) VALUES (198,'Anna');
INSERT INTO "Name" (_id_name,name) VALUES (199,'Apolena');
INSERT INTO "Name" (_id_name,name) VALUES (200,'Barbora');
INSERT INTO "Name" (_id_name,name) VALUES (201,'Beáta');
INSERT INTO "Name" (_id_name,name) VALUES (202,'Běla');
INSERT INTO "Name" (_id_name,name) VALUES (203,'Berta');
INSERT INTO "Name" (_id_name,name) VALUES (204,'Blanka');
INSERT INTO "Name" (_id_name,name) VALUES (205,'Blažena');
INSERT INTO "Name" (_id_name,name) VALUES (206,'Bohdana');
INSERT INTO "Name" (_id_name,name) VALUES (207,'Bohumila');
INSERT INTO "Name" (_id_name,name) VALUES (208,'Bohuslava');
INSERT INTO "Name" (_id_name,name) VALUES (209,'Božena');
INSERT INTO "Name" (_id_name,name) VALUES (210,'Brigita');
INSERT INTO "Name" (_id_name,name) VALUES (211,'Dana');
INSERT INTO "Name" (_id_name,name) VALUES (212,'Daniela');
INSERT INTO "Name" (_id_name,name) VALUES (213,'Darina');
INSERT INTO "Name" (_id_name,name) VALUES (214,'Darja');
INSERT INTO "Name" (_id_name,name) VALUES (215,'Denisa');
INSERT INTO "Name" (_id_name,name) VALUES (216,'Diana');
INSERT INTO "Name" (_id_name,name) VALUES (217,'Dita');
INSERT INTO "Name" (_id_name,name) VALUES (218,'Dobromila');
INSERT INTO "Name" (_id_name,name) VALUES (219,'Dorota');
INSERT INTO "Name" (_id_name,name) VALUES (220,'Doubravka');
INSERT INTO "Name" (_id_name,name) VALUES (221,'Drahomíra');
INSERT INTO "Name" (_id_name,name) VALUES (222,'Drahoslava');
INSERT INTO "Name" (_id_name,name) VALUES (223,'Edita');
INSERT INTO "Name" (_id_name,name) VALUES (224,'Elena');
INSERT INTO "Name" (_id_name,name) VALUES (225,'Eliška');
INSERT INTO "Name" (_id_name,name) VALUES (226,'Ema');
INSERT INTO "Name" (_id_name,name) VALUES (227,'Erika');
INSERT INTO "Name" (_id_name,name) VALUES (228,'Evelína');
INSERT INTO "Name" (_id_name,name) VALUES (229,'Františka');
INSERT INTO "Name" (_id_name,name) VALUES (230,'Gabriela');
INSERT INTO "Name" (_id_name,name) VALUES (231,'Gita');
INSERT INTO "Name" (_id_name,name) VALUES (232,'Gizela');
INSERT INTO "Name" (_id_name,name) VALUES (233,'Hana');
INSERT INTO "Name" (_id_name,name) VALUES (234,'Hedvika');
INSERT INTO "Name" (_id_name,name) VALUES (235,'Helena');
INSERT INTO "Name" (_id_name,name) VALUES (236,'Hermína');
INSERT INTO "Name" (_id_name,name) VALUES (237,'Ida');
INSERT INTO "Name" (_id_name,name) VALUES (238,'Ilja');
INSERT INTO "Name" (_id_name,name) VALUES (239,'Ilona');
INSERT INTO "Name" (_id_name,name) VALUES (240,'Irena');
INSERT INTO "Name" (_id_name,name) VALUES (241,'Irma');
INSERT INTO "Name" (_id_name,name) VALUES (242,'Iva');
INSERT INTO "Name" (_id_name,name) VALUES (243,'Ivana');
INSERT INTO "Name" (_id_name,name) VALUES (244,'Iveta');
INSERT INTO "Name" (_id_name,name) VALUES (245,'Ivona');
INSERT INTO "Name" (_id_name,name) VALUES (246,'Izabela');
INSERT INTO "Name" (_id_name,name) VALUES (247,'Jana');
INSERT INTO "Name" (_id_name,name) VALUES (248,'Jarmila');
INSERT INTO "Name" (_id_name,name) VALUES (249,'Jaroslava');
INSERT INTO "Name" (_id_name,name) VALUES (250,'Jindřiška');
INSERT INTO "Name" (_id_name,name) VALUES (251,'Jiřina');
INSERT INTO "Name" (_id_name,name) VALUES (252,'Jitka');
INSERT INTO "Name" (_id_name,name) VALUES (253,'Johana');
INSERT INTO "Name" (_id_name,name) VALUES (254,'Jolana');
INSERT INTO "Name" (_id_name,name) VALUES (255,'Judita');
INSERT INTO "Name" (_id_name,name) VALUES (256,'Justýna');
INSERT INTO "Name" (_id_name,name) VALUES (257,'Kamila');
INSERT INTO "Name" (_id_name,name) VALUES (258,'Karina');
INSERT INTO "Name" (_id_name,name) VALUES (259,'Karolína');
INSERT INTO "Name" (_id_name,name) VALUES (260,'Kateřina');
INSERT INTO "Name" (_id_name,name) VALUES (261,'Klára');
INSERT INTO "Name" (_id_name,name) VALUES (262,'Kristýna');
INSERT INTO "Name" (_id_name,name) VALUES (263,'Květa');
INSERT INTO "Name" (_id_name,name) VALUES (264,'Květoslava');
INSERT INTO "Name" (_id_name,name) VALUES (265,'Lada');
INSERT INTO "Name" (_id_name,name) VALUES (266,'Laura');
INSERT INTO "Name" (_id_name,name) VALUES (267,'Lenka');
INSERT INTO "Name" (_id_name,name) VALUES (268,'Leona');
INSERT INTO "Name" (_id_name,name) VALUES (269,'Liběna');
INSERT INTO "Name" (_id_name,name) VALUES (270,'Liliana');
INSERT INTO "Name" (_id_name,name) VALUES (271,'Linda');
INSERT INTO "Name" (_id_name,name) VALUES (272,'Ljuba');
INSERT INTO "Name" (_id_name,name) VALUES (273,'Ludmila');
INSERT INTO "Name" (_id_name,name) VALUES (274,'Magdaléna');
INSERT INTO "Name" (_id_name,name) VALUES (275,'Mahulena');
INSERT INTO "Name" (_id_name,name) VALUES (276,'Marcela');
INSERT INTO "Name" (_id_name,name) VALUES (277,'Mariana');
INSERT INTO "Name" (_id_name,name) VALUES (278,'Marika');
INSERT INTO "Name" (_id_name,name) VALUES (279,'Marina');
INSERT INTO "Name" (_id_name,name) VALUES (280,'Markéta');
INSERT INTO "Name" (_id_name,name) VALUES (281,'Marta');
INSERT INTO "Name" (_id_name,name) VALUES (282,'Martina');
INSERT INTO "Name" (_id_name,name) VALUES (283,'Michaela');
INSERT INTO "Name" (_id_name,name) VALUES (284,'Milada');
INSERT INTO "Name" (_id_name,name) VALUES (285,'Milena');
INSERT INTO "Name" (_id_name,name) VALUES (286,'Miloslava');
INSERT INTO "Name" (_id_name,name) VALUES (287,'Miroslava');
INSERT INTO "Name" (_id_name,name) VALUES (288,'Monika');
INSERT INTO "Name" (_id_name,name) VALUES (289,'Naděžda');
INSERT INTO "Name" (_id_name,name) VALUES (290,'Nataša');
INSERT INTO "Name" (_id_name,name) VALUES (291,'Nela');
INSERT INTO "Name" (_id_name,name) VALUES (292,'Nikola');
INSERT INTO "Name" (_id_name,name) VALUES (293,'Nina');
INSERT INTO "Name" (_id_name,name) VALUES (294,'Nora');
INSERT INTO "Name" (_id_name,name) VALUES (295,'Oldřiška');
INSERT INTO "Name" (_id_name,name) VALUES (296,'Olga');
INSERT INTO "Name" (_id_name,name) VALUES (297,'Pavla');
INSERT INTO "Name" (_id_name,name) VALUES (298,'Pavlína');
INSERT INTO "Name" (_id_name,name) VALUES (299,'Petra');
INSERT INTO "Name" (_id_name,name) VALUES (300,'Radana');
INSERT INTO "Name" (_id_name,name) VALUES (301,'Radka');
INSERT INTO "Name" (_id_name,name) VALUES (302,'Radmila');
INSERT INTO "Name" (_id_name,name) VALUES (303,'Regína');
INSERT INTO "Name" (_id_name,name) VALUES (304,'Renáta');
INSERT INTO "Name" (_id_name,name) VALUES (305,'Romana');
INSERT INTO "Name" (_id_name,name) VALUES (306,'Matylda');
INSERT INTO "Name" (_id_name,name) VALUES (307,'Růžena');
INSERT INTO "Name" (_id_name,name) VALUES (308,'Sabina');
INSERT INTO "Name" (_id_name,name) VALUES (309,'Sandra');
INSERT INTO "Name" (_id_name,name) VALUES (310,'Sáva');
INSERT INTO "Name" (_id_name,name) VALUES (311,'Simona');
INSERT INTO "Name" (_id_name,name) VALUES (312,'Slavěna');
INSERT INTO "Name" (_id_name,name) VALUES (313,'Soňa');
INSERT INTO "Name" (_id_name,name) VALUES (314,'Stanislava');
INSERT INTO "Name" (_id_name,name) VALUES (315,'Stela');
INSERT INTO "Name" (_id_name,name) VALUES (316,'Svatava');
INSERT INTO "Name" (_id_name,name) VALUES (317,'Světlana');
INSERT INTO "Name" (_id_name,name) VALUES (318,'Šárka');
INSERT INTO "Name" (_id_name,name) VALUES (319,'Šarlota');
INSERT INTO "Name" (_id_name,name) VALUES (320,'Sára');
INSERT INTO "Name" (_id_name,name) VALUES (321,'Štěpánka');
INSERT INTO "Name" (_id_name,name) VALUES (322,'Tamara');
INSERT INTO "Name" (_id_name,name) VALUES (323,'Taťána');
INSERT INTO "Name" (_id_name,name) VALUES (324,'Tereza');
INSERT INTO "Name" (_id_name,name) VALUES (325,'Vanda');
INSERT INTO "Name" (_id_name,name) VALUES (326,'Vendula');
INSERT INTO "Name" (_id_name,name) VALUES (327,'Věra');
INSERT INTO "Name" (_id_name,name) VALUES (328,'Veronika');
INSERT INTO "Name" (_id_name,name) VALUES (329,'Vilma');
INSERT INTO "Name" (_id_name,name) VALUES (330,'Viola');
INSERT INTO "Name" (_id_name,name) VALUES (331,'Vladěna');
INSERT INTO "Name" (_id_name,name) VALUES (332,'Vlasta');
INSERT INTO "Name" (_id_name,name) VALUES (333,'Zdeňka');
INSERT INTO "Name" (_id_name,name) VALUES (334,'Zdislava');
INSERT INTO "Name" (_id_name,name) VALUES (335,'Zina');
INSERT INTO "Name" (_id_name,name) VALUES (336,'Zita');
INSERT INTO "Name" (_id_name,name) VALUES (337,'Zlata');
INSERT INTO "Name" (_id_name,name) VALUES (338,'Zora');
INSERT INTO "Name" (_id_name,name) VALUES (339,'Zuzana');
INSERT INTO "Name" (_id_name,name) VALUES (340,'Alice');
INSERT INTO "Name" (_id_name,name) VALUES (341,'Anastázie');
INSERT INTO "Name" (_id_name,name) VALUES (342,'Antonie');
INSERT INTO "Name" (_id_name,name) VALUES (343,'Cecílie');
INSERT INTO "Name" (_id_name,name) VALUES (344,'Emílie');
INSERT INTO "Name" (_id_name,name) VALUES (345,'Evženie');
INSERT INTO "Name" (_id_name,name) VALUES (346,'Julie');
INSERT INTO "Name" (_id_name,name) VALUES (347,'Klaudie');
INSERT INTO "Name" (_id_name,name) VALUES (348,'Libuše');
INSERT INTO "Name" (_id_name,name) VALUES (349,'Amálie');
INSERT INTO "Name" (_id_name,name) VALUES (350,'Lucie');
INSERT INTO "Name" (_id_name,name) VALUES (351,'Lýdie');
INSERT INTO "Name" (_id_name,name) VALUES (352,'Marie');
INSERT INTO "Name" (_id_name,name) VALUES (353,'Miluše');
INSERT INTO "Name" (_id_name,name) VALUES (354,'Natálie');
INSERT INTO "Name" (_id_name,name) VALUES (355,'Olivie');
INSERT INTO "Name" (_id_name,name) VALUES (356,'Otýlie');
INSERT INTO "Name" (_id_name,name) VALUES (357,'Patricie');
INSERT INTO "Name" (_id_name,name) VALUES (358,'Saskie');
INSERT INTO "Name" (_id_name,name) VALUES (359,'Silvie');
INSERT INTO "Name" (_id_name,name) VALUES (360,'Zoe');
INSERT INTO "Name" (_id_name,name) VALUES (361,'Valérie');
INSERT INTO "Name" (_id_name,name) VALUES (362,'Viktorie');
INSERT INTO "Name" (_id_name,name) VALUES (363,'Xenie');
INSERT INTO "Name" (_id_name,name) VALUES (364,'Žofie');
INSERT INTO "Name" (_id_name,name) VALUES (365,'Dagmar');
INSERT INTO "Name" (_id_name,name) VALUES (366,'Ester');
INSERT INTO "Name" (_id_name,name) VALUES (367,'Ingrid');
INSERT INTO "Name" (_id_name,name) VALUES (368,'Miriam');
INSERT INTO "Name" (_id_name,name) VALUES (369,'Růt');
--------------------------Occupation--------------------------
INSERT INTO "Occupation" (_id_occup,name) VALUES (0,'Malíř');
INSERT INTO "Occupation" (_id_occup,name) VALUES (1,'Prťák');
INSERT INTO "Occupation" (_id_occup,name) VALUES (2,'Slanečkář');
INSERT INTO "Occupation" (_id_occup,name) VALUES (3,'Obročný');
INSERT INTO "Occupation" (_id_occup,name) VALUES (4,'Trubař');
INSERT INTO "Occupation" (_id_occup,name) VALUES (5,'Studničník');
INSERT INTO "Occupation" (_id_occup,name) VALUES (6,'Drožďár');
INSERT INTO "Occupation" (_id_occup,name) VALUES (7,'Trubák');
INSERT INTO "Occupation" (_id_occup,name) VALUES (8,'Strunař');
INSERT INTO "Occupation" (_id_occup,name) VALUES (9,'Prodavač podomní');
INSERT INTO "Occupation" (_id_occup,name) VALUES (10,'Otrubník');
INSERT INTO "Occupation" (_id_occup,name) VALUES (11,'Klempíř');
INSERT INTO "Occupation" (_id_occup,name) VALUES (12,'Bába jalovcová');
INSERT INTO "Occupation" (_id_occup,name) VALUES (13,'Valchář');
INSERT INTO "Occupation" (_id_occup,name) VALUES (14,'Trubař');
INSERT INTO "Occupation" (_id_occup,name) VALUES (15,'Tapecírkař');
INSERT INTO "Occupation" (_id_occup,name) VALUES (16,'Ranlék');
INSERT INTO "Occupation" (_id_occup,name) VALUES (17,'Řezáč pečetí a erbů');
INSERT INTO "Occupation" (_id_occup,name) VALUES (18,'Perleťář');
INSERT INTO "Occupation" (_id_occup,name) VALUES (19,'Mistr přísežný');
INSERT INTO "Occupation" (_id_occup,name) VALUES (20,'Paterník');
INSERT INTO "Occupation" (_id_occup,name) VALUES (21,'Lnář');
INSERT INTO "Occupation" (_id_occup,name) VALUES (22,'Koštér vína');
INSERT INTO "Occupation" (_id_occup,name) VALUES (23,'Ryknecht');
INSERT INTO "Occupation" (_id_occup,name) VALUES (24,'Řemenář');
INSERT INTO "Occupation" (_id_occup,name) VALUES (25,'Čepelník');
INSERT INTO "Occupation" (_id_occup,name) VALUES (26,'Rourař');
INSERT INTO "Occupation" (_id_occup,name) VALUES (27,'Miškař');
INSERT INTO "Occupation" (_id_occup,name) VALUES (28,'Mezuláník');
INSERT INTO "Occupation" (_id_occup,name) VALUES (29,'Zbrojíř');
INSERT INTO "Occupation" (_id_occup,name) VALUES (30,'Stříbrník');
INSERT INTO "Occupation" (_id_occup,name) VALUES (31,'Klenotník');
INSERT INTO "Occupation" (_id_occup,name) VALUES (32,'Holubník');
INSERT INTO "Occupation" (_id_occup,name) VALUES (33,'Pláteník');
INSERT INTO "Occupation" (_id_occup,name) VALUES (34,'Geometr');
INSERT INTO "Occupation" (_id_occup,name) VALUES (35,'Rasík');
INSERT INTO "Occupation" (_id_occup,name) VALUES (36,'Převozník');
INSERT INTO "Occupation" (_id_occup,name) VALUES (37,'Zámišník');
INSERT INTO "Occupation" (_id_occup,name) VALUES (38,'Cuckař');
INSERT INTO "Occupation" (_id_occup,name) VALUES (39,'Kopinník');
INSERT INTO "Occupation" (_id_occup,name) VALUES (40,'Trepkář');
INSERT INTO "Occupation" (_id_occup,name) VALUES (41,'Koželuh');
INSERT INTO "Occupation" (_id_occup,name) VALUES (42,'Studiničář');
INSERT INTO "Occupation" (_id_occup,name) VALUES (43,'Dlaždič');
INSERT INTO "Occupation" (_id_occup,name) VALUES (44,'Bandknecht');
INSERT INTO "Occupation" (_id_occup,name) VALUES (45,'Penězoměnec');
INSERT INTO "Occupation" (_id_occup,name) VALUES (46,'Šrotéř pivní');
INSERT INTO "Occupation" (_id_occup,name) VALUES (47,'Zvoník');
INSERT INTO "Occupation" (_id_occup,name) VALUES (48,'Trubák');
INSERT INTO "Occupation" (_id_occup,name) VALUES (49,'Truhlář nábytkový');
--------------------------Director--------------------------
INSERT INTO "Director" (_id_director,surname,title) VALUES (0,'Toman','farář');
INSERT INTO "Director" (_id_director,surname,title) VALUES (1,'Doležal','admininstrátor');
INSERT INTO "Director" (_id_director,surname,title) VALUES (2,'Čermák','kaplan');
--------------------------DirectorName--------------------------
INSERT INTO "DirectorName" (director_id,name_id) VALUES (0,127);
INSERT INTO "DirectorName" (director_id,name_id) VALUES (1,57);
INSERT INTO "DirectorName" (director_id,name_id) VALUES (2,73);
--------------------------Celebrant--------------------------
INSERT INTO "Celebrant" (_id_celebrant,surname,title_occup) VALUES (0,'Dvořák','farář');
INSERT INTO "Celebrant" (_id_celebrant,surname,title_occup) VALUES (1,'Ševčík','admininstrátor');
INSERT INTO "Celebrant" (_id_celebrant,surname,title_occup) VALUES (2,'Matoušek','kaplan');
--------------------------CelebrantName--------------------------
INSERT INTO "CelebrantName" (celebrant_id,name_id) VALUES (0,153);
INSERT INTO "CelebrantName" (celebrant_id,name_id) VALUES (1,143);
INSERT INTO "CelebrantName" (celebrant_id,name_id) VALUES (2,64);
--------------------------Officiant--------------------------
INSERT INTO "Officiant" (_id_officiant,surname,title) VALUES (0,'Macháček','farář');
INSERT INTO "Officiant" (_id_officiant,surname,title) VALUES (1,'Čermák','admininstrátor');
INSERT INTO "Officiant" (_id_officiant,surname,title) VALUES (2,'Strnad','kooperátor');
--------------------------OfficiantName--------------------------
INSERT INTO "OfficiantName" (officiant_id,name_id) VALUES (0,79);
INSERT INTO "OfficiantName" (officiant_id,name_id) VALUES (1,22);
INSERT INTO "OfficiantName" (officiant_id,name_id) VALUES (2,134);
--------------------------Person--------------------------
INSERT INTO "Person" (_id_person,surname,village,street,descr,birth,sex,religion) VALUES (0,'Urbanová','Ostrava','Kamila',7510,'1803-03-02','žena','nepokřtěn');
INSERT INTO "Person" (_id_person,surname,village,street,descr,birth,sex,religion) VALUES (1,'Urban','Ostrava','Kamila',7510,'1802-01-11','muž','nepokřtěn');
INSERT INTO "Person" (_id_person,surname,village,street,descr,birth,sex,religion,mother_id,father_id) VALUES (2,'Urban','Ostrava','Kamila',7510,'1837-05-11','muž','nepokřtěn',0,1);
INSERT INTO "Person" (_id_person,surname,village,street,descr,birth,sex,religion) VALUES (3,'Kratochvílová','Ústí nad Labem','Zezulová',46697,'1806-05-08','žena','katolík');
INSERT INTO "Person" (_id_person,surname,village,street,descr,birth,sex,religion) VALUES (4,'Kratochvíl','Ústí nad Labem','Zezulová',46697,'1803-09-30','muž','evangelík');
INSERT INTO "Person" (_id_person,surname,village,street,descr,birth,sex,religion,mother_id,father_id) VALUES (5,'Kratochvílová','Ústí nad Labem','Zezulová',46697,'1829-08-05','žena','katolík',3,4);
INSERT INTO "Person" (_id_person,surname,village,street,descr,birth,sex,religion,mother_id) VALUES (6,'Kratochvílová','Ústí nad Labem','Pavlů',8795,'1865-08-19','žena','katolík',5);
INSERT INTO "Person" (_id_person,surname,village,street,descr,birth,sex,religion,mother_id) VALUES (7,'Kratochvílová','Brno','Luboš',550,'1861-12-09','žena','katolík',5);
INSERT INTO "Person" (_id_person,surname,village,street,descr,birth,sex,religion,mother_id) VALUES (8,'Kratochvílová','Ústí nad Labem','Lorenc',67563,'1856-05-18','žena','katolík',5);
INSERT INTO "Person" (_id_person,surname,village,street,descr,birth,sex,religion) VALUES (9,'Kadlecová','Brno','Ariel',07665,'1809-02-04','žena','nepokřtěn');
INSERT INTO "Person" (_id_person,surname,village,street,descr,birth,sex,religion) VALUES (10,'Kadlec','Brno','Ariel',07665,'1803-09-08','muž','katolík');
INSERT INTO "Person" (_id_person,surname,village,street,descr,birth,sex,religion,mother_id,father_id) VALUES (11,'Kadlecová','Brno','Ariel',07665,'1831-09-26','žena','katolík',9,10);
INSERT INTO "Person" (_id_person,surname,village,street,descr,birth,sex,religion,mother_id) VALUES (12,'Kadlecová','Brno','Slezáková',9451,'1858-04-18','žena','nepokřtěn',11);
INSERT INTO "Person" (_id_person,surname,village,street,descr,birth,sex,religion,mother_id) VALUES (13,'Kadlecová','Brno','Radúz',5492,'1863-11-30','žena','katolík',11);
INSERT INTO "Person" (_id_person,surname,village,street,descr,birth,sex,religion,mother_id) VALUES (14,'Kadlecová','Brno','Erben',96683,'1859-07-21','žena','katolík',11);
INSERT INTO "Person" (_id_person,surname,village,street,descr,birth,sex,religion,mother_id) VALUES (15,'Kadlecová','Brno','Teplýová',4250,'1866-02-17','žena','katolík',11);
INSERT INTO "Person" (_id_person,surname,village,street,descr,birth,sex,religion) VALUES (16,'Blažeková','Olomouc','Bertold',488,'1809-06-23','žena','nepokřtěn');
INSERT INTO "Person" (_id_person,surname,village,street,descr,birth,sex,religion) VALUES (17,'Blažek','Olomouc','Bertold',488,'1807-08-11','muž','nepokřtěn');
INSERT INTO "Person" (_id_person,surname,village,street,descr,birth,sex,religion,mother_id,father_id) VALUES (18,'Blažek','Olomouc','Bertold',488,'1834-11-30','muž','nepokřtěn',16,17);
INSERT INTO "Person" (_id_person,surname,village,street,descr,birth,sex,religion,father_id) VALUES (19,'Blažeková','Olomouc','Radim',6109,'1868-03-12','žena','nepokřtěn',18);
INSERT INTO "Person" (_id_person,surname,village,street,descr,birth,sex,religion) VALUES (20,'Zemanová','Havířov','Petronela',285,'1807-11-03','žena','katolík');
INSERT INTO "Person" (_id_person,surname,village,street,descr,birth,sex,religion) VALUES (21,'Zeman','Havířov','Petronela',285,'1800-02-08','muž','katolík');
INSERT INTO "Person" (_id_person,surname,village,street,descr,birth,sex,religion,mother_id,father_id) VALUES (22,'Zemanová','Havířov','Petronela',285,'1839-08-16','žena','katolík',20,21);
INSERT INTO "Person" (_id_person,surname,village,street,descr,birth,sex,religion) VALUES (23,'Tomanová','České Budějovice','Kosma',268,'1801-04-01','žena','nepokřtěn');
INSERT INTO "Person" (_id_person,surname,village,street,descr,birth,sex,religion) VALUES (24,'Toman','České Budějovice','Kosma',268,'1801-05-15','muž','evangelík');
INSERT INTO "Person" (_id_person,surname,village,street,descr,birth,sex,religion,mother_id,father_id) VALUES (25,'Toman','České Budějovice','Kosma',268,'1831-09-23','muž','nepokřtěn',23,24);
INSERT INTO "Person" (_id_person,surname,village,street,descr,birth,sex,religion,father_id) VALUES (26,'Tomanová','Děčín','Sekanina',913,'1862-02-10','žena','nepokřtěn',25);
INSERT INTO "Person" (_id_person,surname,village,street,descr,birth,sex,religion,father_id) VALUES (27,'Toman','Praha','Oktávie',135,'1865-11-23','muž','nepokřtěn',25);
INSERT INTO "Person" (_id_person,surname,village,street,descr,birth,sex,religion) VALUES (28,'Šmídová','Zlín','Horníčková',21929,'1803-05-19','žena','nepokřtěn');
INSERT INTO "Person" (_id_person,surname,village,street,descr,birth,sex,religion) VALUES (29,'Šmíd','Zlín','Horníčková',21929,'1807-01-26','muž','nepokřtěn');
INSERT INTO "Person" (_id_person,surname,village,street,descr,birth,sex,religion,mother_id,father_id) VALUES (30,'Šmídová','Zlín','Horníčková',21929,'1830-11-21','žena','nepokřtěn',28,29);
INSERT INTO "Person" (_id_person,surname,village,street,descr,birth,sex,religion) VALUES (31,'Jelíneková','Pardubice','Dalimila',635,'1808-07-02','žena','katolík');
INSERT INTO "Person" (_id_person,surname,village,street,descr,birth,sex,religion) VALUES (32,'Jelínek','Pardubice','Dalimila',635,'1806-12-29','muž','katolík');
INSERT INTO "Person" (_id_person,surname,village,street,descr,birth,sex,religion,mother_id,father_id) VALUES (33,'Jelínek','Pardubice','Dalimila',635,'1837-08-12','muž','katolík',31,32);
INSERT INTO "Person" (_id_person,surname,village,street,descr,birth,sex,religion) VALUES (34,'Švecová','Opava','Bezděková',04597,'1803-01-14','žena','katolík');
INSERT INTO "Person" (_id_person,surname,village,street,descr,birth,sex,religion) VALUES (35,'Švec','Opava','Bezděková',04597,'1802-06-04','muž','katolík');
INSERT INTO "Person" (_id_person,surname,village,street,descr,birth,sex,religion,mother_id,father_id) VALUES (36,'Švecová','Opava','Bezděková',04597,'1825-12-30','žena','katolík',34,35);
INSERT INTO "Person" (_id_person,surname,village,street,descr,birth,sex,religion) VALUES (37,'Sedláková','Liberec','Pařízková',6956,'1808-09-15','žena','nepokřtěn');
INSERT INTO "Person" (_id_person,surname,village,street,descr,birth,sex,religion) VALUES (38,'Sedlák','Liberec','Pařízková',6956,'1800-09-18','muž','nepokřtěn');
INSERT INTO "Person" (_id_person,surname,village,street,descr,birth,sex,religion,mother_id,father_id) VALUES (39,'Sedláková','Liberec','Pařízková',6956,'1830-10-05','žena','nepokřtěn',37,38);
INSERT INTO "Person" (_id_person,surname,village,street,descr,birth,sex,religion,mother_id) VALUES (40,'Sedláková','Liberec','Isidor',733,'1865-09-30','žena','nepokřtěn',39);
INSERT INTO "Person" (_id_person,surname,village,street,descr,birth,sex,religion,mother_id) VALUES (41,'Sedlák','Liberec','Ferdinanda',34214,'1861-11-14','muž','nepokřtěn',39);
INSERT INTO "Person" (_id_person,surname,village,street,descr,birth,sex,religion,mother_id) VALUES (42,'Sedláková','Liberec','šmídová',89779,'1861-10-07','žena','nepokřtěn',39);
INSERT INTO "Person" (_id_person,surname,village,street,descr,birth,sex,religion,mother_id) VALUES (43,'Sedlák','Liberec','Vitásková',89411,'1859-12-09','muž','nepokřtěn',39);
INSERT INTO "Person" (_id_person,surname,village,street,descr,birth,sex,religion) VALUES (44,'Benešová','Most','Anatol',972,'1809-07-14','žena','evangelík');
INSERT INTO "Person" (_id_person,surname,village,street,descr,birth,sex,religion) VALUES (45,'Beneš','Most','Anatol',972,'1805-10-02','muž','evangelík');
INSERT INTO "Person" (_id_person,surname,village,street,descr,birth,sex,religion,mother_id,father_id) VALUES (46,'Benešová','Most','Anatol',972,'1830-04-30','žena','evangelík',44,45);
INSERT INTO "Person" (_id_person,surname,village,street,descr,birth,sex,religion,mother_id) VALUES (47,'Benešová','Most','Branislava',247,'1861-03-09','žena','evangelík',46);
INSERT INTO "Person" (_id_person,surname,village,street,descr,birth,sex,religion,mother_id) VALUES (48,'Beneš','Most','Michalec',343,'1861-06-29','muž','evangelík',46);
INSERT INTO "Person" (_id_person,surname,village,street,descr,birth,sex,religion,mother_id) VALUES (49,'Benešová','Brno','Olivová',4036,'1867-07-17','žena','evangelík',46);
INSERT INTO "Person" (_id_person,surname,village,street,descr,birth,sex,religion,mother_id) VALUES (50,'Beneš','Most','Arne',426,'1869-05-31','muž','nepokřtěn',46);
INSERT INTO "Person" (_id_person,surname,village,street,descr,birth,sex,religion) VALUES (51,'Žáková','Hradec Králové','Nedbalová',93660,'1800-08-17','žena','nepokřtěn');
INSERT INTO "Person" (_id_person,surname,village,street,descr,birth,sex,religion) VALUES (52,'Žák','Hradec Králové','Nedbalová',93660,'1809-06-11','muž','nepokřtěn');
INSERT INTO "Person" (_id_person,surname,village,street,descr,birth,sex,religion,mother_id,father_id) VALUES (53,'Žák','Hradec Králové','Nedbalová',93660,'1829-04-27','muž','nepokřtěn',51,52);
INSERT INTO "Person" (_id_person,surname,village,street,descr,birth,sex,religion) VALUES (54,'Burešová','Kladno','Beránková',915,'1808-01-08','žena','nepokřtěn');
INSERT INTO "Person" (_id_person,surname,village,street,descr,birth,sex,religion) VALUES (55,'Bureš','Kladno','Beránková',915,'1804-05-28','muž','nepokřtěn');
INSERT INTO "Person" (_id_person,surname,village,street,descr,birth,sex,religion,mother_id,father_id) VALUES (56,'Burešová','Kladno','Beránková',915,'1833-06-11','žena','nepokřtěn',54,55);
INSERT INTO "Person" (_id_person,surname,village,street,descr,birth,sex,religion) VALUES (57,'Horáčeková','Plzeň','René',39633,'1804-01-14','žena','katolík');
INSERT INTO "Person" (_id_person,surname,village,street,descr,birth,sex,religion) VALUES (58,'Horáček','Plzeň','René',39633,'1801-04-14','muž','katolík');
INSERT INTO "Person" (_id_person,surname,village,street,descr,birth,sex,religion,mother_id,father_id) VALUES (59,'Horáčeková','Plzeň','René',39633,'1831-12-08','žena','katolík',57,58);
INSERT INTO "Person" (_id_person,surname,village,street,descr,birth,sex,religion) VALUES (60,'Staněková','Praha','Izabela',23213,'1802-04-05','žena','katolík');
INSERT INTO "Person" (_id_person,surname,village,street,descr,birth,sex,religion) VALUES (61,'Staněk','Praha','Izabela',23213,'1808-12-25','muž','katolík');
INSERT INTO "Person" (_id_person,surname,village,street,descr,birth,sex,religion,mother_id,father_id) VALUES (62,'Staněková','Praha','Izabela',23213,'1832-07-14','žena','katolík',60,61);
INSERT INTO "Person" (_id_person,surname,village,street,descr,birth,sex,religion,mother_id) VALUES (63,'Staněková','Praha','Merlin',828,'1859-01-31','žena','katolík',62);
INSERT INTO "Person" (_id_person,surname,village,street,descr,birth,sex,religion) VALUES (64,'Poláková','Pardubice','Marisa',3436,'1802-03-25','žena','nepokřtěn');
INSERT INTO "Person" (_id_person,surname,village,street,descr,birth,sex,religion) VALUES (65,'Polák','Pardubice','Marisa',3436,'1805-05-10','muž','nepokřtěn');
INSERT INTO "Person" (_id_person,surname,village,street,descr,birth,sex,religion,mother_id,father_id) VALUES (66,'Polák','Pardubice','Marisa',3436,'1827-09-10','muž','nepokřtěn',64,65);
INSERT INTO "Person" (_id_person,surname,village,street,descr,birth,sex,religion,father_id) VALUES (67,'Polák','Ústí nad Labem','Klouček',519,'1858-03-30','muž','nepokřtěn',66);
INSERT INTO "Person" (_id_person,surname,village,street,descr,birth,sex,religion,father_id) VALUES (68,'Poláková','Plzeň','Vrzalová',6449,'1858-01-28','žena','nepokřtěn',66);
INSERT INTO "Person" (_id_person,surname,village,street,descr,birth,sex,religion) VALUES (69,'Marešová','Olomouc','Frída',355,'1803-09-02','žena','katolík');
INSERT INTO "Person" (_id_person,surname,village,street,descr,birth,sex,religion) VALUES (70,'Mareš','Olomouc','Frída',355,'1808-04-08','muž','katolík');
INSERT INTO "Person" (_id_person,surname,village,street,descr,birth,sex,religion,mother_id,father_id) VALUES (71,'Marešová','Olomouc','Frída',355,'1835-02-11','žena','katolík',69,70);
INSERT INTO "Person" (_id_person,surname,village,street,descr,birth,sex,religion,mother_id) VALUES (72,'Mareš','Olomouc','Erbnová',0952,'1864-03-12','muž','katolík',71);
INSERT INTO "Person" (_id_person,surname,village,street,descr,birth,sex,religion,mother_id) VALUES (73,'Marešová','Olomouc','Alojzije',55890,'1861-04-13','žena','katolík',71);
INSERT INTO "Person" (_id_person,surname,village,street,descr,birth,sex,religion) VALUES (74,'Vaceková','Liberec','Slováčková',441,'1802-05-14','žena','katolík');
INSERT INTO "Person" (_id_person,surname,village,street,descr,birth,sex,religion) VALUES (75,'Vacek','Liberec','Slováčková',441,'1803-05-17','muž','katolík');
INSERT INTO "Person" (_id_person,surname,village,street,descr,birth,sex,religion,mother_id,father_id) VALUES (76,'Vacek','Liberec','Slováčková',441,'1830-04-23','muž','katolík',74,75);
INSERT INTO "Person" (_id_person,surname,village,street,descr,birth,sex,religion,father_id) VALUES (77,'Vacek','Liberec','Voráčková',08383,'1856-03-26','muž','katolík',76);
INSERT INTO "Person" (_id_person,surname,village,street,descr,birth,sex,religion,father_id) VALUES (78,'Vaceková','Liberec','Ada',69166,'1860-11-02','žena','katolík',76);
INSERT INTO "Person" (_id_person,surname,village,street,descr,birth,sex,religion,father_id) VALUES (79,'Vacek','Liberec','šípová',772,'1869-12-30','muž','katolík',76);
INSERT INTO "Person" (_id_person,surname,village,street,descr,birth,sex,religion) VALUES (80,'Kratochvílová','Most','Norbert',5413,'1801-06-29','žena','nepokřtěn');
INSERT INTO "Person" (_id_person,surname,village,street,descr,birth,sex,religion) VALUES (81,'Kratochvíl','Most','Norbert',5413,'1802-08-04','muž','nepokřtěn');
INSERT INTO "Person" (_id_person,surname,village,street,descr,birth,sex,religion,mother_id,father_id) VALUES (82,'Kratochvíl','Most','Norbert',5413,'1825-04-18','muž','nepokřtěn',80,81);
INSERT INTO "Person" (_id_person,surname,village,street,descr,birth,sex,religion) VALUES (83,'Bednářová','Hradec Králové','Ferdinand',09732,'1800-03-04','žena','evangelík');
INSERT INTO "Person" (_id_person,surname,village,street,descr,birth,sex,religion) VALUES (84,'Bednář','Hradec Králové','Ferdinand',09732,'1805-04-20','muž','evangelík');
INSERT INTO "Person" (_id_person,surname,village,street,descr,birth,sex,religion,mother_id,father_id) VALUES (85,'Bednářová','Hradec Králové','Ferdinand',09732,'1835-11-13','žena','evangelík',83,84);
INSERT INTO "Person" (_id_person,surname,village,street,descr,birth,sex,religion) VALUES (86,'Sedláčeková','Zlín','Budimír',75185,'1806-11-20','žena','katolík');
INSERT INTO "Person" (_id_person,surname,village,street,descr,birth,sex,religion) VALUES (87,'Sedláček','Zlín','Budimír',75185,'1800-07-10','muž','katolík');
INSERT INTO "Person" (_id_person,surname,village,street,descr,birth,sex,religion,mother_id,father_id) VALUES (88,'Sedláčeková','Zlín','Budimír',75185,'1837-01-19','žena','katolík',86,87);
INSERT INTO "Person" (_id_person,surname,village,street,descr,birth,sex,religion) VALUES (89,'Vaněková','Ústí nad Labem','Dudová',532,'1803-07-16','žena','katolík');
INSERT INTO "Person" (_id_person,surname,village,street,descr,birth,sex,religion) VALUES (90,'Vaněk','Ústí nad Labem','Dudová',532,'1805-07-27','muž','katolík');
INSERT INTO "Person" (_id_person,surname,village,street,descr,birth,sex,religion,mother_id,father_id) VALUES (91,'Vaněková','Ústí nad Labem','Dudová',532,'1836-12-14','žena','katolík',89,90);
INSERT INTO "Person" (_id_person,surname,village,street,descr,birth,sex,religion,mother_id) VALUES (92,'Vaněk','Ústí nad Labem','Boleslava',967,'1857-05-21','muž','nepokřtěn',91);
INSERT INTO "Person" (_id_person,surname,village,street,descr,birth,sex,religion,mother_id) VALUES (93,'Vaněková','Karviná','Kala',6260,'1867-02-17','žena','nepokřtěn',91);
INSERT INTO "Person" (_id_person,surname,village,street,descr,birth,sex,religion,mother_id) VALUES (94,'Vaněková','Ústí nad Labem','Bobek',688,'1860-04-09','žena','katolík',91);
INSERT INTO "Person" (_id_person,surname,village,street,descr,birth,sex,religion) VALUES (95,'Slavíková','České Budějovice','Albína',071,'1801-07-15','žena','evangelík');
INSERT INTO "Person" (_id_person,surname,village,street,descr,birth,sex,religion) VALUES (96,'Slavík','České Budějovice','Albína',071,'1805-08-20','muž','evangelík');
INSERT INTO "Person" (_id_person,surname,village,street,descr,birth,sex,religion,mother_id,father_id) VALUES (97,'Slavíková','České Budějovice','Albína',071,'1833-05-08','žena','evangelík',95,96);
INSERT INTO "Person" (_id_person,surname,village,street,descr,birth,sex,religion) VALUES (98,'Horváthová','Plzeň','Křečková',093,'1805-08-02','žena','nepokřtěn');
INSERT INTO "Person" (_id_person,surname,village,street,descr,birth,sex,religion) VALUES (99,'Horváth','Plzeň','Křečková',093,'1805-11-02','muž','nepokřtěn');
INSERT INTO "Person" (_id_person,surname,village,street,descr,birth,sex,religion,mother_id,father_id) VALUES (100,'Horváth','Plzeň','Křečková',093,'1830-11-09','muž','nepokřtěn',98,99);
INSERT INTO "Person" (_id_person,surname,village,street,descr,birth,sex,religion,father_id) VALUES (101,'Horváthová','Jihlava','Zvonimíra',87495,'1864-11-25','žena','nepokřtěn',100);
INSERT INTO "Person" (_id_person,surname,village,street,descr,birth,sex,religion,father_id) VALUES (102,'Horváthová','Teplice','Horst',08149,'1857-03-19','žena','nepokřtěn',100);
INSERT INTO "Person" (_id_person,surname,village,street,descr,birth,sex,religion,father_id) VALUES (103,'Horváthová','Plzeň','Jirásková',5107,'1860-03-10','žena','nepokřtěn',100);
INSERT INTO "Person" (_id_person,surname,village,street,descr,birth,sex,religion) VALUES (104,'Havlíčeková','Zlín','Ludvíková',0161,'1802-12-12','žena','katolík');
INSERT INTO "Person" (_id_person,surname,village,street,descr,birth,sex,religion) VALUES (105,'Havlíček','Zlín','Ludvíková',0161,'1805-05-19','muž','katolík');
INSERT INTO "Person" (_id_person,surname,village,street,descr,birth,sex,religion,mother_id,father_id) VALUES (106,'Havlíčeková','Zlín','Ludvíková',0161,'1828-10-13','žena','katolík',104,105);
INSERT INTO "Person" (_id_person,surname,village,street,descr,birth,sex,religion,mother_id) VALUES (107,'Havlíček','Zlín','Paskala',55713,'1857-08-21','muž','nepokřtěn',106);
INSERT INTO "Person" (_id_person,surname,village,street,descr,birth,sex,religion,mother_id) VALUES (108,'Havlíček','Zlín','Alexandra',3378,'1861-12-24','muž','katolík',106);
INSERT INTO "Person" (_id_person,surname,village,street,descr,birth,sex,religion,mother_id) VALUES (109,'Havlíčeková','Zlín','Morávková',2834,'1859-02-27','žena','katolík',106);
INSERT INTO "Person" (_id_person,surname,village,street,descr,birth,sex,religion,mother_id) VALUES (110,'Havlíček','Zlín','Korina',0672,'1866-09-02','muž','katolík',106);
INSERT INTO "Person" (_id_person,surname,village,street,descr,birth,sex,religion) VALUES (111,'Navrátilová','Plzeň','Gerald',689,'1800-09-01','žena','katolík');
INSERT INTO "Person" (_id_person,surname,village,street,descr,birth,sex,religion) VALUES (112,'Navrátil','Plzeň','Gerald',689,'1801-12-13','muž','katolík');
INSERT INTO "Person" (_id_person,surname,village,street,descr,birth,sex,religion,mother_id,father_id) VALUES (113,'Navrátilová','Plzeň','Gerald',689,'1831-04-03','žena','katolík',111,112);
INSERT INTO "Person" (_id_person,surname,village,street,descr,birth,sex,religion,mother_id) VALUES (114,'Navrátilová','Plzeň','Kupková',57635,'1867-02-05','žena','katolík',113);
INSERT INTO "Person" (_id_person,surname,village,street,descr,birth,sex,religion,mother_id) VALUES (115,'Navrátilová','Plzeň','Jasoň',5948,'1858-10-08','žena','katolík',113);
INSERT INTO "Person" (_id_person,surname,village,street,descr,birth,sex,religion,mother_id) VALUES (116,'Navrátil','Plzeň','Valešová',96399,'1855-02-11','muž','nepokřtěn',113);
INSERT INTO "Person" (_id_person,surname,village,street,descr,birth,sex,religion) VALUES (117,'Soukupová','Zlín','Hanák',8115,'1803-05-19','žena','nepokřtěn');
INSERT INTO "Person" (_id_person,surname,village,street,descr,birth,sex,religion) VALUES (118,'Soukup','Zlín','Hanák',8115,'1809-08-03','muž','nepokřtěn');
INSERT INTO "Person" (_id_person,surname,village,street,descr,birth,sex,religion,mother_id,father_id) VALUES (119,'Soukup','Zlín','Hanák',8115,'1829-06-28','muž','nepokřtěn',117,118);
INSERT INTO "Person" (_id_person,surname,village,street,descr,birth,sex,religion) VALUES (120,'Horáčeková','Brno','Ondrová',1530,'1808-10-30','žena','katolík');
INSERT INTO "Person" (_id_person,surname,village,street,descr,birth,sex,religion) VALUES (121,'Horáček','Brno','Ondrová',1530,'1803-01-28','muž','katolík');
INSERT INTO "Person" (_id_person,surname,village,street,descr,birth,sex,religion,mother_id,father_id) VALUES (122,'Horáček','Brno','Ondrová',1530,'1828-11-06','muž','katolík',120,121);
INSERT INTO "Person" (_id_person,surname,village,street,descr,birth,sex,religion) VALUES (123,'Doležalová','Hradec Králové','Koudelková',392,'1807-04-03','žena','nepokřtěn');
INSERT INTO "Person" (_id_person,surname,village,street,descr,birth,sex,religion) VALUES (124,'Doležal','Hradec Králové','Koudelková',392,'1800-07-15','muž','nepokřtěn');
INSERT INTO "Person" (_id_person,surname,village,street,descr,birth,sex,religion,mother_id,father_id) VALUES (125,'Doležalová','Hradec Králové','Koudelková',392,'1825-11-30','žena','nepokřtěn',123,124);
INSERT INTO "Person" (_id_person,surname,village,street,descr,birth,sex,religion) VALUES (126,'Ježeková','Opava','Manfréd',890,'1808-07-16','žena','katolík');
INSERT INTO "Person" (_id_person,surname,village,street,descr,birth,sex,religion) VALUES (127,'Ježek','Opava','Manfréd',890,'1806-04-08','muž','katolík');
INSERT INTO "Person" (_id_person,surname,village,street,descr,birth,sex,religion,mother_id,father_id) VALUES (128,'Ježek','Opava','Manfréd',890,'1826-04-24','muž','katolík',126,127);
INSERT INTO "Person" (_id_person,surname,village,street,descr,birth,sex,religion) VALUES (129,'Vlčeková','Praha','Gerharda',5712,'1800-02-08','žena','nepokřtěn');
INSERT INTO "Person" (_id_person,surname,village,street,descr,birth,sex,religion) VALUES (130,'Vlček','Praha','Gerharda',5712,'1808-10-19','muž','nepokřtěn');
INSERT INTO "Person" (_id_person,surname,village,street,descr,birth,sex,religion,mother_id,father_id) VALUES (131,'Vlčeková','Praha','Gerharda',5712,'1833-04-02','žena','nepokřtěn',129,130);
INSERT INTO "Person" (_id_person,surname,village,street,descr,birth,sex,religion,mother_id) VALUES (132,'Vlček','Praha','šíma',89423,'1863-04-14','muž','nepokřtěn',131);
INSERT INTO "Person" (_id_person,surname,village,street,descr,birth,sex,religion,mother_id) VALUES (133,'Vlček','Praha','Zikmund',720,'1869-01-04','muž','nepokřtěn',131);
INSERT INTO "Person" (_id_person,surname,village,street,descr,birth,sex,religion) VALUES (134,'Hájeková','Praha','Zderad',8769,'1804-04-23','žena','nepokřtěn');
INSERT INTO "Person" (_id_person,surname,village,street,descr,birth,sex,religion) VALUES (135,'Hájek','Praha','Zderad',8769,'1807-06-26','muž','nepokřtěn');
INSERT INTO "Person" (_id_person,surname,village,street,descr,birth,sex,religion,mother_id,father_id) VALUES (136,'Hájeková','Praha','Zderad',8769,'1827-02-17','žena','nepokřtěn',134,135);
INSERT INTO "Person" (_id_person,surname,village,street,descr,birth,sex,religion,mother_id) VALUES (137,'Hájek','Praha','Ambrož',53867,'1859-12-06','muž','nepokřtěn',136);
INSERT INTO "Person" (_id_person,surname,village,street,descr,birth,sex,religion,mother_id) VALUES (138,'Hájeková','Praha','Hrubeš',64429,'1859-12-08','žena','nepokřtěn',136);
INSERT INTO "Person" (_id_person,surname,village,street,descr,birth,sex,religion) VALUES (139,'Stejskalová','Olomouc','Borislav',40097,'1802-05-09','žena','katolík');
INSERT INTO "Person" (_id_person,surname,village,street,descr,birth,sex,religion) VALUES (140,'Stejskal','Olomouc','Borislav',40097,'1808-02-09','muž','nepokřtěn');
INSERT INTO "Person" (_id_person,surname,village,street,descr,birth,sex,religion,mother_id,father_id) VALUES (141,'Stejskal','Olomouc','Borislav',40097,'1839-04-17','muž','katolík',139,140);
INSERT INTO "Person" (_id_person,surname,village,street,descr,birth,sex,religion,father_id) VALUES (142,'Stejskal','Olomouc','Andrea',4945,'1856-12-23','muž','katolík',141);
INSERT INTO "Person" (_id_person,surname,village,street,descr,birth,sex,religion) VALUES (143,'Dvořáková','Havířov','Martinek',5774,'1801-02-13','žena','katolík');
INSERT INTO "Person" (_id_person,surname,village,street,descr,birth,sex,religion) VALUES (144,'Dvořák','Havířov','Martinek',5774,'1802-11-02','muž','katolík');
INSERT INTO "Person" (_id_person,surname,village,street,descr,birth,sex,religion,mother_id,father_id) VALUES (145,'Dvořák','Havířov','Martinek',5774,'1836-02-12','muž','katolík',143,144);
INSERT INTO "Person" (_id_person,surname,village,street,descr,birth,sex,religion,father_id) VALUES (146,'Dvořák','Havířov','Mojžíšová',120,'1858-06-12','muž','nepokřtěn',145);
INSERT INTO "Person" (_id_person,surname,village,street,descr,birth,sex,religion) VALUES (147,'Kovařová','Zlín','šípová',36164,'1806-01-19','žena','katolík');
INSERT INTO "Person" (_id_person,surname,village,street,descr,birth,sex,religion) VALUES (148,'Kovař','Zlín','šípová',36164,'1804-02-25','muž','katolík');
INSERT INTO "Person" (_id_person,surname,village,street,descr,birth,sex,religion,mother_id,father_id) VALUES (149,'Kovař','Zlín','šípová',36164,'1832-06-18','muž','katolík',147,148);
INSERT INTO "Person" (_id_person,surname,village,street,descr,birth,sex,religion,father_id) VALUES (150,'Kovařová','Zlín','Richter',6582,'1860-10-01','žena','nepokřtěn',149);
INSERT INTO "Person" (_id_person,surname,village,street,descr,birth,sex,religion,father_id) VALUES (151,'Kovař','Havířov','Kašpárková',565,'1855-01-06','muž','nepokřtěn',149);
INSERT INTO "Person" (_id_person,surname,village,street,descr,birth,sex,religion,father_id) VALUES (152,'Kovař','Frýdek-Místek','Miloň',95664,'1868-09-13','muž','katolík',149);
INSERT INTO "Person" (_id_person,surname,village,street,descr,birth,sex,religion) VALUES (153,'Bíleková','Olomouc','Věra',02403,'1809-09-10','žena','katolík');
INSERT INTO "Person" (_id_person,surname,village,street,descr,birth,sex,religion) VALUES (154,'Bílek','Olomouc','Věra',02403,'1804-06-01','muž','katolík');
INSERT INTO "Person" (_id_person,surname,village,street,descr,birth,sex,religion,mother_id,father_id) VALUES (155,'Bíleková','Olomouc','Věra',02403,'1837-06-08','žena','katolík',153,154);
INSERT INTO "Person" (_id_person,surname,village,street,descr,birth,sex,religion) VALUES (156,'Šimeková','Most','Studený',271,'1808-07-14','žena','nepokřtěn');
INSERT INTO "Person" (_id_person,surname,village,street,descr,birth,sex,religion) VALUES (157,'Šimek','Most','Studený',271,'1808-02-05','muž','katolík');
INSERT INTO "Person" (_id_person,surname,village,street,descr,birth,sex,religion,mother_id,father_id) VALUES (158,'Šimek','Most','Studený',271,'1828-02-26','muž','nepokřtěn',156,157);
INSERT INTO "Person" (_id_person,surname,village,street,descr,birth,sex,religion) VALUES (159,'Moravecová','Ostrava','Kalivoda',7329,'1805-08-09','žena','katolík');
INSERT INTO "Person" (_id_person,surname,village,street,descr,birth,sex,religion) VALUES (160,'Moravec','Ostrava','Kalivoda',7329,'1807-01-20','muž','katolík');
INSERT INTO "Person" (_id_person,surname,village,street,descr,birth,sex,religion,mother_id,father_id) VALUES (161,'Moravecová','Ostrava','Kalivoda',7329,'1828-02-05','žena','katolík',159,160);
INSERT INTO "Person" (_id_person,surname,village,street,descr,birth,sex,religion,mother_id) VALUES (162,'Moravecová','Plzeň','Bauer',4016,'1857-09-12','žena','katolík',161);
INSERT INTO "Person" (_id_person,surname,village,street,descr,birth,sex,religion,mother_id) VALUES (163,'Moravecová','Ostrava','Mikulášek',3236,'1857-12-09','žena','katolík',161);
INSERT INTO "Person" (_id_person,surname,village,street,descr,birth,sex,religion,mother_id) VALUES (164,'Moravec','Ostrava','Veverková',301,'1867-07-29','muž','nepokřtěn',161);
INSERT INTO "Person" (_id_person,surname,village,street,descr,birth,sex,religion,mother_id) VALUES (165,'Moravecová','Ostrava','Benjamin',7641,'1859-03-22','žena','nepokřtěn',161);
INSERT INTO "Person" (_id_person,surname,village,street,descr,birth,sex,religion) VALUES (166,'Navrátilová','Pardubice','Hermanová',34359,'1803-09-12','žena','nepokřtěn');
INSERT INTO "Person" (_id_person,surname,village,street,descr,birth,sex,religion) VALUES (167,'Navrátil','Pardubice','Hermanová',34359,'1809-01-23','muž','evangelík');
INSERT INTO "Person" (_id_person,surname,village,street,descr,birth,sex,religion,mother_id,father_id) VALUES (168,'Navrátil','Pardubice','Hermanová',34359,'1837-04-12','muž','nepokřtěn',166,167);
INSERT INTO "Person" (_id_person,surname,village,street,descr,birth,sex,religion,father_id) VALUES (169,'Navrátil','Pardubice','Gerda',13053,'1869-06-03','muž','nepokřtěn',168);
INSERT INTO "Person" (_id_person,surname,village,street,descr,birth,sex,religion,father_id) VALUES (170,'Navrátilová','Pardubice','Dolejšová',8430,'1865-04-09','žena','nepokřtěn',168);
INSERT INTO "Person" (_id_person,surname,village,street,descr,birth,sex,religion,father_id) VALUES (171,'Navrátilová','Pardubice','Luboš',2795,'1857-05-09','žena','nepokřtěn',168);
INSERT INTO "Person" (_id_person,surname,village,street,descr,birth,sex,religion,father_id) VALUES (172,'Navrátil','Pardubice','Anděla',811,'1863-07-15','muž','nepokřtěn',168);
INSERT INTO "Person" (_id_person,surname,village,street,descr,birth,sex,religion) VALUES (173,'Benešová','Opava','Doubravová',409,'1805-09-18','žena','katolík');
INSERT INTO "Person" (_id_person,surname,village,street,descr,birth,sex,religion) VALUES (174,'Beneš','Opava','Doubravová',409,'1806-01-03','muž','nepokřtěn');
INSERT INTO "Person" (_id_person,surname,village,street,descr,birth,sex,religion,mother_id,father_id) VALUES (175,'Beneš','Opava','Doubravová',409,'1834-03-04','muž','nepokřtěn',173,174);
INSERT INTO "Person" (_id_person,surname,village,street,descr,birth,sex,religion) VALUES (176,'Ježeková','Olomouc','Lorna',6095,'1801-04-16','žena','katolík');
INSERT INTO "Person" (_id_person,surname,village,street,descr,birth,sex,religion) VALUES (177,'Ježek','Olomouc','Lorna',6095,'1803-01-23','muž','katolík');
INSERT INTO "Person" (_id_person,surname,village,street,descr,birth,sex,religion,mother_id,father_id) VALUES (178,'Ježeková','Olomouc','Lorna',6095,'1827-06-02','žena','katolík',176,177);
INSERT INTO "Person" (_id_person,surname,village,street,descr,birth,sex,religion,mother_id) VALUES (179,'Ježeková','Frýdek-Místek','Felície',23520,'1862-09-12','žena','katolík',178);
INSERT INTO "Person" (_id_person,surname,village,street,descr,birth,sex,religion,mother_id) VALUES (180,'Ježeková','Olomouc','Pantaleon',49840,'1858-02-10','žena','nepokřtěn',178);
INSERT INTO "Person" (_id_person,surname,village,street,descr,birth,sex,religion,mother_id) VALUES (181,'Ježek','Olomouc','Mikoová',303,'1869-12-01','muž','katolík',178);
INSERT INTO "Person" (_id_person,surname,village,street,descr,birth,sex,religion,mother_id) VALUES (182,'Ježeková','Praha','Luďka',109,'1866-10-24','žena','katolík',178);
INSERT INTO "Person" (_id_person,surname,village,street,descr,birth,sex,religion) VALUES (183,'Macháčeková','Plzeň','Kolumbín',2644,'1803-02-28','žena','katolík');
INSERT INTO "Person" (_id_person,surname,village,street,descr,birth,sex,religion) VALUES (184,'Macháček','Plzeň','Kolumbín',2644,'1806-08-20','muž','katolík');
INSERT INTO "Person" (_id_person,surname,village,street,descr,birth,sex,religion,mother_id,father_id) VALUES (185,'Macháčeková','Plzeň','Kolumbín',2644,'1839-03-30','žena','katolík',183,184);
INSERT INTO "Person" (_id_person,surname,village,street,descr,birth,sex,religion) VALUES (186,'Strnadová','Plzeň','Dezider',895,'1808-11-11','žena','nepokřtěn');
INSERT INTO "Person" (_id_person,surname,village,street,descr,birth,sex,religion) VALUES (187,'Strnad','Plzeň','Dezider',895,'1809-05-28','muž','nepokřtěn');
INSERT INTO "Person" (_id_person,surname,village,street,descr,birth,sex,religion,mother_id,father_id) VALUES (188,'Strnadová','Plzeň','Dezider',895,'1831-01-08','žena','nepokřtěn',186,187);
INSERT INTO "Person" (_id_person,surname,village,street,descr,birth,sex,religion) VALUES (189,'Tesařová','Plzeň','Jasněna',450,'1808-02-18','žena','nepokřtěn');
INSERT INTO "Person" (_id_person,surname,village,street,descr,birth,sex,religion) VALUES (190,'Tesař','Plzeň','Jasněna',450,'1807-12-22','muž','katolík');
INSERT INTO "Person" (_id_person,surname,village,street,descr,birth,sex,religion,mother_id,father_id) VALUES (191,'Tesařová','Plzeň','Jasněna',450,'1836-04-12','žena','katolík',189,190);
INSERT INTO "Person" (_id_person,surname,village,street,descr,birth,sex,religion) VALUES (192,'Havlíčeková','Kladno','Herbert',6737,'1801-04-09','žena','katolík');
INSERT INTO "Person" (_id_person,surname,village,street,descr,birth,sex,religion) VALUES (193,'Havlíček','Kladno','Herbert',6737,'1806-12-06','muž','katolík');
INSERT INTO "Person" (_id_person,surname,village,street,descr,birth,sex,religion,mother_id,father_id) VALUES (194,'Havlíček','Kladno','Herbert',6737,'1830-05-25','muž','katolík',192,193);
INSERT INTO "Person" (_id_person,surname,village,street,descr,birth,sex,religion) VALUES (195,'Dostálová','Pardubice','Fořtová',4718,'1805-07-16','žena','katolík');
INSERT INTO "Person" (_id_person,surname,village,street,descr,birth,sex,religion) VALUES (196,'Dostál','Pardubice','Fořtová',4718,'1806-06-10','muž','katolík');
INSERT INTO "Person" (_id_person,surname,village,street,descr,birth,sex,religion,mother_id,father_id) VALUES (197,'Dostálová','Pardubice','Fořtová',4718,'1835-09-09','žena','katolík',195,196);
INSERT INTO "Person" (_id_person,surname,village,street,descr,birth,sex,religion,mother_id) VALUES (198,'Dostál','Děčín','Fiedler',34145,'1866-04-02','muž','katolík',197);
INSERT INTO "Person" (_id_person,surname,village,street,descr,birth,sex,religion) VALUES (199,'Němecová','Ústí nad Labem','Fejfarová',2015,'1805-07-06','žena','nepokřtěn');
INSERT INTO "Person" (_id_person,surname,village,street,descr,birth,sex,religion) VALUES (200,'Němec','Ústí nad Labem','Fejfarová',2015,'1809-06-19','muž','nepokřtěn');
INSERT INTO "Person" (_id_person,surname,village,street,descr,birth,sex,religion,mother_id,father_id) VALUES (201,'Němec','Ústí nad Labem','Fejfarová',2015,'1830-03-04','muž','nepokřtěn',199,200);
INSERT INTO "Person" (_id_person,surname,village,street,descr,birth,sex,religion) VALUES (202,'Holubová','Havířov','Alban',2530,'1803-03-28','žena','katolík');
INSERT INTO "Person" (_id_person,surname,village,street,descr,birth,sex,religion) VALUES (203,'Holub','Havířov','Alban',2530,'1804-09-12','muž','katolík');
INSERT INTO "Person" (_id_person,surname,village,street,descr,birth,sex,religion,mother_id,father_id) VALUES (204,'Holubová','Havířov','Alban',2530,'1832-09-26','žena','katolík',202,203);
INSERT INTO "Person" (_id_person,surname,village,street,descr,birth,sex,religion,mother_id) VALUES (205,'Holubová','Havířov','Jenovéfa',4070,'1857-11-17','žena','katolík',204);
INSERT INTO "Person" (_id_person,surname,village,street,descr,birth,sex,religion) VALUES (206,'Králová','Most','Jaklová',03452,'1801-08-20','žena','katolík');
INSERT INTO "Person" (_id_person,surname,village,street,descr,birth,sex,religion) VALUES (207,'Král','Most','Jaklová',03452,'1808-11-01','muž','katolík');
INSERT INTO "Person" (_id_person,surname,village,street,descr,birth,sex,religion,mother_id,father_id) VALUES (208,'Králová','Most','Jaklová',03452,'1829-12-26','žena','katolík',206,207);
INSERT INTO "Person" (_id_person,surname,village,street,descr,birth,sex,religion) VALUES (209,'Burešová','Most','Urban',61112,'1808-10-06','žena','nepokřtěn');
INSERT INTO "Person" (_id_person,surname,village,street,descr,birth,sex,religion) VALUES (210,'Bureš','Most','Urban',61112,'1809-07-04','muž','nepokřtěn');
INSERT INTO "Person" (_id_person,surname,village,street,descr,birth,sex,religion,mother_id,father_id) VALUES (211,'Bureš','Most','Urban',61112,'1827-07-17','muž','nepokřtěn',209,210);
INSERT INTO "Person" (_id_person,surname,village,street,descr,birth,sex,religion,father_id) VALUES (212,'Bureš','Most','Pánek',0139,'1868-06-22','muž','nepokřtěn',211);
INSERT INTO "Person" (_id_person,surname,village,street,descr,birth,sex,religion,father_id) VALUES (213,'Burešová','Most','Konstantin',036,'1863-01-08','žena','nepokřtěn',211);
INSERT INTO "Person" (_id_person,surname,village,street,descr,birth,sex,religion,father_id) VALUES (214,'Bureš','Most','Dlouhýová',325,'1861-01-11','muž','nepokřtěn',211);
INSERT INTO "Person" (_id_person,surname,village,street,descr,birth,sex,religion,father_id) VALUES (215,'Bureš','Most','Sixtus',2758,'1855-10-22','muž','nepokřtěn',211);
INSERT INTO "Person" (_id_person,surname,village,street,descr,birth,sex,religion) VALUES (216,'Müllerová','Brno','Zámečník',2047,'1809-01-17','žena','katolík');
INSERT INTO "Person" (_id_person,surname,village,street,descr,birth,sex,religion) VALUES (217,'Müller','Brno','Zámečník',2047,'1800-10-30','muž','katolík');
INSERT INTO "Person" (_id_person,surname,village,street,descr,birth,sex,religion,mother_id,father_id) VALUES (218,'Müller','Brno','Zámečník',2047,'1832-12-20','muž','katolík',216,217);
INSERT INTO "Person" (_id_person,surname,village,street,descr,birth,sex,religion,father_id) VALUES (219,'Müllerová','Brno','Milada',105,'1855-01-23','žena','katolík',218);
INSERT INTO "Person" (_id_person,surname,village,street,descr,birth,sex,religion,father_id) VALUES (220,'Müllerová','Brno','Kindlová',87895,'1863-09-16','žena','katolík',218);
INSERT INTO "Person" (_id_person,surname,village,street,descr,birth,sex,religion,father_id) VALUES (221,'Müller','Brno','Basil',730,'1862-02-11','muž','nepokřtěn',218);
INSERT INTO "Person" (_id_person,surname,village,street,descr,birth,sex,religion) VALUES (222,'Stejskalová','Opava','Leopoldina',06644,'1806-01-07','žena','katolík');
INSERT INTO "Person" (_id_person,surname,village,street,descr,birth,sex,religion) VALUES (223,'Stejskal','Opava','Leopoldina',06644,'1807-04-26','muž','katolík');
INSERT INTO "Person" (_id_person,surname,village,street,descr,birth,sex,religion,mother_id,father_id) VALUES (224,'Stejskalová','Opava','Leopoldina',06644,'1830-02-06','žena','katolík',222,223);
INSERT INTO "Person" (_id_person,surname,village,street,descr,birth,sex,religion,mother_id) VALUES (225,'Stejskal','Opava','Drozdová',2320,'1869-11-10','muž','katolík',224);
INSERT INTO "Person" (_id_person,surname,village,street,descr,birth,sex,religion,mother_id) VALUES (226,'Stejskalová','Opava','Augustin',5898,'1858-12-30','žena','nepokřtěn',224);
INSERT INTO "Person" (_id_person,surname,village,street,descr,birth,sex,religion) VALUES (227,'Dvořáková','Hradec Králové','Műller',076,'1808-01-23','žena','nepokřtěn');
INSERT INTO "Person" (_id_person,surname,village,street,descr,birth,sex,religion) VALUES (228,'Dvořák','Hradec Králové','Műller',076,'1803-06-03','muž','nepokřtěn');
INSERT INTO "Person" (_id_person,surname,village,street,descr,birth,sex,religion,mother_id,father_id) VALUES (229,'Dvořáková','Hradec Králové','Műller',076,'1826-06-06','žena','nepokřtěn',227,228);
INSERT INTO "Person" (_id_person,surname,village,street,descr,birth,sex,religion) VALUES (230,'Matoušeková','Havířov','Dezider',27020,'1804-05-29','žena','katolík');
INSERT INTO "Person" (_id_person,surname,village,street,descr,birth,sex,religion) VALUES (231,'Matoušek','Havířov','Dezider',27020,'1805-03-30','muž','katolík');
INSERT INTO "Person" (_id_person,surname,village,street,descr,birth,sex,religion,mother_id,father_id) VALUES (232,'Matoušek','Havířov','Dezider',27020,'1839-10-21','muž','katolík',230,231);
INSERT INTO "Person" (_id_person,surname,village,street,descr,birth,sex,religion,father_id) VALUES (233,'Matoušeková','Havířov','Alida',96566,'1864-09-07','žena','katolík',232);
INSERT INTO "Person" (_id_person,surname,village,street,descr,birth,sex,religion,father_id) VALUES (234,'Matoušeková','Havířov','Jelen',757,'1858-09-13','žena','katolík',232);
INSERT INTO "Person" (_id_person,surname,village,street,descr,birth,sex,religion) VALUES (235,'Němečeková','Pardubice','Králíčková',2392,'1802-10-13','žena','katolík');
INSERT INTO "Person" (_id_person,surname,village,street,descr,birth,sex,religion) VALUES (236,'Němeček','Pardubice','Králíčková',2392,'1802-04-02','muž','katolík');
INSERT INTO "Person" (_id_person,surname,village,street,descr,birth,sex,religion,mother_id,father_id) VALUES (237,'Němečeková','Pardubice','Králíčková',2392,'1835-02-04','žena','katolík',235,236);
INSERT INTO "Person" (_id_person,surname,village,street,descr,birth,sex,religion) VALUES (238,'Beranová','Pardubice','šindler',556,'1809-08-01','žena','katolík');
INSERT INTO "Person" (_id_person,surname,village,street,descr,birth,sex,religion) VALUES (239,'Beran','Pardubice','šindler',556,'1809-07-22','muž','katolík');
INSERT INTO "Person" (_id_person,surname,village,street,descr,birth,sex,religion,mother_id,father_id) VALUES (240,'Beranová','Pardubice','šindler',556,'1826-09-13','žena','katolík',238,239);
INSERT INTO "Person" (_id_person,surname,village,street,descr,birth,sex,religion,mother_id) VALUES (241,'Beran','Olomouc','Harold',0664,'1860-08-20','muž','katolík',240);
INSERT INTO "Person" (_id_person,surname,village,street,descr,birth,sex,religion,mother_id) VALUES (242,'Beran','Pardubice','Petráková',002,'1862-04-17','muž','katolík',240);
INSERT INTO "Person" (_id_person,surname,village,street,descr,birth,sex,religion,mother_id) VALUES (243,'Beran','Pardubice','Hendrychová',075,'1858-06-01','muž','katolík',240);
INSERT INTO "Person" (_id_person,surname,village,street,descr,birth,sex,religion,mother_id) VALUES (244,'Beranová','Pardubice','Jozefína',59076,'1864-07-29','žena','katolík',240);
INSERT INTO "Person" (_id_person,surname,village,street,descr,birth,sex,religion) VALUES (245,'Urbanová','Havířov','Dědková',04643,'1805-04-28','žena','katolík');
INSERT INTO "Person" (_id_person,surname,village,street,descr,birth,sex,religion) VALUES (246,'Urban','Havířov','Dědková',04643,'1809-07-17','muž','katolík');
INSERT INTO "Person" (_id_person,surname,village,street,descr,birth,sex,religion,mother_id,father_id) VALUES (247,'Urbanová','Havířov','Dědková',04643,'1828-01-21','žena','katolík',245,246);
INSERT INTO "Person" (_id_person,surname,village,street,descr,birth,sex,religion,mother_id) VALUES (248,'Urban','Havířov','Anežka',37564,'1859-07-14','muž','katolík',247);
INSERT INTO "Person" (_id_person,surname,village,street,descr,birth,sex,religion,mother_id) VALUES (249,'Urban','Havířov','Teofil',3073,'1855-01-31','muž','katolík',247);
INSERT INTO "Person" (_id_person,surname,village,street,descr,birth,sex,religion,mother_id) VALUES (250,'Urban','Frýdek-Místek','Zoroslava',2431,'1859-03-17','muž','nepokřtěn',247);
INSERT INTO "Person" (_id_person,surname,village,street,descr,birth,sex,religion,mother_id) VALUES (251,'Urban','Havířov','Nila',4676,'1867-08-07','muž','katolík',247);
INSERT INTO "Person" (_id_person,surname,village,street,descr,birth,sex,religion) VALUES (252,'Bednářová','Liberec','Mlčochová',39537,'1806-09-08','žena','katolík');
INSERT INTO "Person" (_id_person,surname,village,street,descr,birth,sex,religion) VALUES (253,'Bednář','Liberec','Mlčochová',39537,'1800-06-18','muž','katolík');
INSERT INTO "Person" (_id_person,surname,village,street,descr,birth,sex,religion,mother_id,father_id) VALUES (254,'Bednář','Liberec','Mlčochová',39537,'1831-03-04','muž','katolík',252,253);
INSERT INTO "Person" (_id_person,surname,village,street,descr,birth,sex,religion,father_id) VALUES (255,'Bednář','Liberec','Kryšpín',447,'1867-01-29','muž','katolík',254);
INSERT INTO "Person" (_id_person,surname,village,street,descr,birth,sex,religion) VALUES (256,'Machová','Pardubice','Rosamunda',086,'1802-02-09','žena','katolík');
INSERT INTO "Person" (_id_person,surname,village,street,descr,birth,sex,religion) VALUES (257,'Mach','Pardubice','Rosamunda',086,'1804-01-15','muž','katolík');
INSERT INTO "Person" (_id_person,surname,village,street,descr,birth,sex,religion,mother_id,father_id) VALUES (258,'Machová','Pardubice','Rosamunda',086,'1838-10-31','žena','katolík',256,257);
INSERT INTO "Person" (_id_person,surname,village,street,descr,birth,sex,religion,mother_id) VALUES (259,'Machová','Pardubice','Pavlín',344,'1859-11-28','žena','katolík',258);
INSERT INTO "Person" (_id_person,surname,village,street,descr,birth,sex,religion,mother_id) VALUES (260,'Machová','Pardubice','Petříková',5793,'1857-08-06','žena','katolík',258);
INSERT INTO "Person" (_id_person,surname,village,street,descr,birth,sex,religion,mother_id) VALUES (261,'Mach','Pardubice','Němečková',517,'1869-10-20','muž','katolík',258);
INSERT INTO "Person" (_id_person,surname,village,street,descr,birth,sex,religion,mother_id) VALUES (262,'Mach','Liberec','Volf',14967,'1857-04-04','muž','katolík',258);
INSERT INTO "Person" (_id_person,surname,village,street,descr,birth,sex,religion) VALUES (263,'Kadlecová','Pardubice','Chranislava',67247,'1806-06-06','žena','katolík');
INSERT INTO "Person" (_id_person,surname,village,street,descr,birth,sex,religion) VALUES (264,'Kadlec','Pardubice','Chranislava',67247,'1803-10-11','muž','katolík');
INSERT INTO "Person" (_id_person,surname,village,street,descr,birth,sex,religion,mother_id,father_id) VALUES (265,'Kadlec','Pardubice','Chranislava',67247,'1833-04-26','muž','katolík',263,264);
INSERT INTO "Person" (_id_person,surname,village,street,descr,birth,sex,religion,father_id) VALUES (266,'Kadlecová','Pardubice','Oleg',47256,'1862-06-03','žena','katolík',265);
--------------------------PersonName--------------------------
INSERT INTO "PersonName" (person_id,name_id) VALUES (0,267);
INSERT INTO "PersonName" (person_id,name_id) VALUES (1,95);
INSERT INTO "PersonName" (person_id,name_id) VALUES (1,19);
INSERT INTO "PersonName" (person_id,name_id) VALUES (2,91);
INSERT INTO "PersonName" (person_id,name_id) VALUES (3,240);
INSERT INTO "PersonName" (person_id,name_id) VALUES (4,10);
INSERT INTO "PersonName" (person_id,name_id) VALUES (4,135);
INSERT INTO "PersonName" (person_id,name_id) VALUES (5,329);
INSERT INTO "PersonName" (person_id,name_id) VALUES (6,295);
INSERT INTO "PersonName" (person_id,name_id) VALUES (7,266);
INSERT INTO "PersonName" (person_id,name_id) VALUES (8,246);
INSERT INTO "PersonName" (person_id,name_id) VALUES (9,300);
INSERT INTO "PersonName" (person_id,name_id) VALUES (10,175);
INSERT INTO "PersonName" (person_id,name_id) VALUES (11,268);
INSERT INTO "PersonName" (person_id,name_id) VALUES (12,263);
INSERT INTO "PersonName" (person_id,name_id) VALUES (13,368);
INSERT INTO "PersonName" (person_id,name_id) VALUES (14,252);
INSERT INTO "PersonName" (person_id,name_id) VALUES (15,215);
INSERT INTO "PersonName" (person_id,name_id) VALUES (16,303);
INSERT INTO "PersonName" (person_id,name_id) VALUES (17,76);
INSERT INTO "PersonName" (person_id,name_id) VALUES (17,109);
INSERT INTO "PersonName" (person_id,name_id) VALUES (18,5);
INSERT INTO "PersonName" (person_id,name_id) VALUES (19,197);
INSERT INTO "PersonName" (person_id,name_id) VALUES (20,241);
INSERT INTO "PersonName" (person_id,name_id) VALUES (21,159);
INSERT INTO "PersonName" (person_id,name_id) VALUES (22,325);
INSERT INTO "PersonName" (person_id,name_id) VALUES (23,229);
INSERT INTO "PersonName" (person_id,name_id) VALUES (24,55);
INSERT INTO "PersonName" (person_id,name_id) VALUES (24,165);
INSERT INTO "PersonName" (person_id,name_id) VALUES (25,123);
INSERT INTO "PersonName" (person_id,name_id) VALUES (25,160);
INSERT INTO "PersonName" (person_id,name_id) VALUES (26,301);
INSERT INTO "PersonName" (person_id,name_id) VALUES (27,4);
INSERT INTO "PersonName" (person_id,name_id) VALUES (28,235);
INSERT INTO "PersonName" (person_id,name_id) VALUES (29,84);
INSERT INTO "PersonName" (person_id,name_id) VALUES (29,36);
INSERT INTO "PersonName" (person_id,name_id) VALUES (30,352);
INSERT INTO "PersonName" (person_id,name_id) VALUES (31,316);
INSERT INTO "PersonName" (person_id,name_id) VALUES (32,163);
INSERT INTO "PersonName" (person_id,name_id) VALUES (33,60);
INSERT INTO "PersonName" (person_id,name_id) VALUES (34,271);
INSERT INTO "PersonName" (person_id,name_id) VALUES (35,27);
INSERT INTO "PersonName" (person_id,name_id) VALUES (36,338);
INSERT INTO "PersonName" (person_id,name_id) VALUES (37,287);
INSERT INTO "PersonName" (person_id,name_id) VALUES (38,122);
INSERT INTO "PersonName" (person_id,name_id) VALUES (39,213);
INSERT INTO "PersonName" (person_id,name_id) VALUES (40,203);
INSERT INTO "PersonName" (person_id,name_id) VALUES (41,102);
INSERT INTO "PersonName" (person_id,name_id) VALUES (42,336);
INSERT INTO "PersonName" (person_id,name_id) VALUES (43,50);
INSERT INTO "PersonName" (person_id,name_id) VALUES (44,249);
INSERT INTO "PersonName" (person_id,name_id) VALUES (45,94);
INSERT INTO "PersonName" (person_id,name_id) VALUES (46,345);
INSERT INTO "PersonName" (person_id,name_id) VALUES (47,309);
INSERT INTO "PersonName" (person_id,name_id) VALUES (48,9);
INSERT INTO "PersonName" (person_id,name_id) VALUES (48,106);
INSERT INTO "PersonName" (person_id,name_id) VALUES (49,365);
INSERT INTO "PersonName" (person_id,name_id) VALUES (50,7);
INSERT INTO "PersonName" (person_id,name_id) VALUES (51,314);
INSERT INTO "PersonName" (person_id,name_id) VALUES (52,30);
INSERT INTO "PersonName" (person_id,name_id) VALUES (53,128);
INSERT INTO "PersonName" (person_id,name_id) VALUES (53,130);
INSERT INTO "PersonName" (person_id,name_id) VALUES (54,315);
INSERT INTO "PersonName" (person_id,name_id) VALUES (55,26);
INSERT INTO "PersonName" (person_id,name_id) VALUES (55,124);
INSERT INTO "PersonName" (person_id,name_id) VALUES (56,218);
INSERT INTO "PersonName" (person_id,name_id) VALUES (57,311);
INSERT INTO "PersonName" (person_id,name_id) VALUES (58,52);
INSERT INTO "PersonName" (person_id,name_id) VALUES (58,99);
INSERT INTO "PersonName" (person_id,name_id) VALUES (59,222);
INSERT INTO "PersonName" (person_id,name_id) VALUES (60,319);
INSERT INTO "PersonName" (person_id,name_id) VALUES (61,153);
INSERT INTO "PersonName" (person_id,name_id) VALUES (62,265);
INSERT INTO "PersonName" (person_id,name_id) VALUES (63,230);
INSERT INTO "PersonName" (person_id,name_id) VALUES (64,232);
INSERT INTO "PersonName" (person_id,name_id) VALUES (65,169);
INSERT INTO "PersonName" (person_id,name_id) VALUES (65,119);
INSERT INTO "PersonName" (person_id,name_id) VALUES (66,29);
INSERT INTO "PersonName" (person_id,name_id) VALUES (66,139);
INSERT INTO "PersonName" (person_id,name_id) VALUES (67,89);
INSERT INTO "PersonName" (person_id,name_id) VALUES (68,296);
INSERT INTO "PersonName" (person_id,name_id) VALUES (69,357);
INSERT INTO "PersonName" (person_id,name_id) VALUES (70,71);
INSERT INTO "PersonName" (person_id,name_id) VALUES (71,279);
INSERT INTO "PersonName" (person_id,name_id) VALUES (72,38);
INSERT INTO "PersonName" (person_id,name_id) VALUES (73,299);
INSERT INTO "PersonName" (person_id,name_id) VALUES (74,238);
INSERT INTO "PersonName" (person_id,name_id) VALUES (75,42);
INSERT INTO "PersonName" (person_id,name_id) VALUES (76,120);
INSERT INTO "PersonName" (person_id,name_id) VALUES (76,11);
INSERT INTO "PersonName" (person_id,name_id) VALUES (77,149);
INSERT INTO "PersonName" (person_id,name_id) VALUES (78,269);
INSERT INTO "PersonName" (person_id,name_id) VALUES (79,24);
INSERT INTO "PersonName" (person_id,name_id) VALUES (80,207);
INSERT INTO "PersonName" (person_id,name_id) VALUES (81,43);
INSERT INTO "PersonName" (person_id,name_id) VALUES (82,176);
INSERT INTO "PersonName" (person_id,name_id) VALUES (82,164);
INSERT INTO "PersonName" (person_id,name_id) VALUES (83,328);
INSERT INTO "PersonName" (person_id,name_id) VALUES (84,158);
INSERT INTO "PersonName" (person_id,name_id) VALUES (85,196);
INSERT INTO "PersonName" (person_id,name_id) VALUES (86,289);
INSERT INTO "PersonName" (person_id,name_id) VALUES (87,2);
INSERT INTO "PersonName" (person_id,name_id) VALUES (87,51);
INSERT INTO "PersonName" (person_id,name_id) VALUES (88,337);
INSERT INTO "PersonName" (person_id,name_id) VALUES (89,288);
INSERT INTO "PersonName" (person_id,name_id) VALUES (90,14);
INSERT INTO "PersonName" (person_id,name_id) VALUES (91,189);
INSERT INTO "PersonName" (person_id,name_id) VALUES (92,31);
INSERT INTO "PersonName" (person_id,name_id) VALUES (93,360);
INSERT INTO "PersonName" (person_id,name_id) VALUES (94,219);
INSERT INTO "PersonName" (person_id,name_id) VALUES (95,324);
INSERT INTO "PersonName" (person_id,name_id) VALUES (96,132);
INSERT INTO "PersonName" (person_id,name_id) VALUES (97,209);
INSERT INTO "PersonName" (person_id,name_id) VALUES (98,356);
INSERT INTO "PersonName" (person_id,name_id) VALUES (99,179);
INSERT INTO "PersonName" (person_id,name_id) VALUES (100,103);
INSERT INTO "PersonName" (person_id,name_id) VALUES (101,322);
INSERT INTO "PersonName" (person_id,name_id) VALUES (102,210);
INSERT INTO "PersonName" (person_id,name_id) VALUES (103,294);
INSERT INTO "PersonName" (person_id,name_id) VALUES (104,243);
INSERT INTO "PersonName" (person_id,name_id) VALUES (105,111);
INSERT INTO "PersonName" (person_id,name_id) VALUES (106,277);
INSERT INTO "PersonName" (person_id,name_id) VALUES (107,116);
INSERT INTO "PersonName" (person_id,name_id) VALUES (108,22);
INSERT INTO "PersonName" (person_id,name_id) VALUES (109,195);
INSERT INTO "PersonName" (person_id,name_id) VALUES (110,162);
INSERT INTO "PersonName" (person_id,name_id) VALUES (110,118);
INSERT INTO "PersonName" (person_id,name_id) VALUES (111,361);
INSERT INTO "PersonName" (person_id,name_id) VALUES (112,63);
INSERT INTO "PersonName" (person_id,name_id) VALUES (113,339);
INSERT INTO "PersonName" (person_id,name_id) VALUES (114,341);
INSERT INTO "PersonName" (person_id,name_id) VALUES (115,247);
INSERT INTO "PersonName" (person_id,name_id) VALUES (116,112);
INSERT INTO "PersonName" (person_id,name_id) VALUES (116,107);
INSERT INTO "PersonName" (person_id,name_id) VALUES (117,257);
INSERT INTO "PersonName" (person_id,name_id) VALUES (118,177);
INSERT INTO "PersonName" (person_id,name_id) VALUES (119,12);
INSERT INTO "PersonName" (person_id,name_id) VALUES (120,331);
INSERT INTO "PersonName" (person_id,name_id) VALUES (121,47);
INSERT INTO "PersonName" (person_id,name_id) VALUES (122,79);
INSERT INTO "PersonName" (person_id,name_id) VALUES (123,283);
INSERT INTO "PersonName" (person_id,name_id) VALUES (124,32);
INSERT INTO "PersonName" (person_id,name_id) VALUES (124,74);
INSERT INTO "PersonName" (person_id,name_id) VALUES (125,350);
INSERT INTO "PersonName" (person_id,name_id) VALUES (126,342);
INSERT INTO "PersonName" (person_id,name_id) VALUES (127,25);
INSERT INTO "PersonName" (person_id,name_id) VALUES (127,54);
INSERT INTO "PersonName" (person_id,name_id) VALUES (128,20);
INSERT INTO "PersonName" (person_id,name_id) VALUES (129,272);
INSERT INTO "PersonName" (person_id,name_id) VALUES (130,151);
INSERT INTO "PersonName" (person_id,name_id) VALUES (131,217);
INSERT INTO "PersonName" (person_id,name_id) VALUES (132,46);
INSERT INTO "PersonName" (person_id,name_id) VALUES (132,53);
INSERT INTO "PersonName" (person_id,name_id) VALUES (133,23);
INSERT INTO "PersonName" (person_id,name_id) VALUES (134,220);
INSERT INTO "PersonName" (person_id,name_id) VALUES (135,148);
INSERT INTO "PersonName" (person_id,name_id) VALUES (136,237);
INSERT INTO "PersonName" (person_id,name_id) VALUES (137,48);
INSERT INTO "PersonName" (person_id,name_id) VALUES (138,285);
INSERT INTO "PersonName" (person_id,name_id) VALUES (139,212);
INSERT INTO "PersonName" (person_id,name_id) VALUES (140,126);
INSERT INTO "PersonName" (person_id,name_id) VALUES (140,113);
INSERT INTO "PersonName" (person_id,name_id) VALUES (141,172);
INSERT INTO "PersonName" (person_id,name_id) VALUES (141,133);
INSERT INTO "PersonName" (person_id,name_id) VALUES (142,93);
INSERT INTO "PersonName" (person_id,name_id) VALUES (143,278);
INSERT INTO "PersonName" (person_id,name_id) VALUES (144,64);
INSERT INTO "PersonName" (person_id,name_id) VALUES (145,143);
INSERT INTO "PersonName" (person_id,name_id) VALUES (145,33);
INSERT INTO "PersonName" (person_id,name_id) VALUES (146,129);
INSERT INTO "PersonName" (person_id,name_id) VALUES (147,234);
INSERT INTO "PersonName" (person_id,name_id) VALUES (148,144);
INSERT INTO "PersonName" (person_id,name_id) VALUES (149,81);
INSERT INTO "PersonName" (person_id,name_id) VALUES (149,35);
INSERT INTO "PersonName" (person_id,name_id) VALUES (150,281);
INSERT INTO "PersonName" (person_id,name_id) VALUES (151,86);
INSERT INTO "PersonName" (person_id,name_id) VALUES (152,161);
INSERT INTO "PersonName" (person_id,name_id) VALUES (152,154);
INSERT INTO "PersonName" (person_id,name_id) VALUES (153,333);
INSERT INTO "PersonName" (person_id,name_id) VALUES (154,0);
INSERT INTO "PersonName" (person_id,name_id) VALUES (154,70);
INSERT INTO "PersonName" (person_id,name_id) VALUES (155,239);
INSERT INTO "PersonName" (person_id,name_id) VALUES (156,297);
INSERT INTO "PersonName" (person_id,name_id) VALUES (157,72);
INSERT INTO "PersonName" (person_id,name_id) VALUES (157,59);
INSERT INTO "PersonName" (person_id,name_id) VALUES (158,167);
INSERT INTO "PersonName" (person_id,name_id) VALUES (159,233);
INSERT INTO "PersonName" (person_id,name_id) VALUES (160,85);
INSERT INTO "PersonName" (person_id,name_id) VALUES (161,359);
INSERT INTO "PersonName" (person_id,name_id) VALUES (162,321);
INSERT INTO "PersonName" (person_id,name_id) VALUES (163,298);
INSERT INTO "PersonName" (person_id,name_id) VALUES (164,174);
INSERT INTO "PersonName" (person_id,name_id) VALUES (165,255);
INSERT INTO "PersonName" (person_id,name_id) VALUES (166,227);
INSERT INTO "PersonName" (person_id,name_id) VALUES (167,166);
INSERT INTO "PersonName" (person_id,name_id) VALUES (168,180);
INSERT INTO "PersonName" (person_id,name_id) VALUES (169,68);
INSERT INTO "PersonName" (person_id,name_id) VALUES (170,253);
INSERT INTO "PersonName" (person_id,name_id) VALUES (171,208);
INSERT INTO "PersonName" (person_id,name_id) VALUES (172,37);
INSERT INTO "PersonName" (person_id,name_id) VALUES (173,317);
INSERT INTO "PersonName" (person_id,name_id) VALUES (174,28);
INSERT INTO "PersonName" (person_id,name_id) VALUES (175,3);
INSERT INTO "PersonName" (person_id,name_id) VALUES (176,254);
INSERT INTO "PersonName" (person_id,name_id) VALUES (177,105);
INSERT INTO "PersonName" (person_id,name_id) VALUES (178,327);
INSERT INTO "PersonName" (person_id,name_id) VALUES (179,312);
INSERT INTO "PersonName" (person_id,name_id) VALUES (180,190);
INSERT INTO "PersonName" (person_id,name_id) VALUES (181,137);
INSERT INTO "PersonName" (person_id,name_id) VALUES (182,187);
INSERT INTO "PersonName" (person_id,name_id) VALUES (183,320);
INSERT INTO "PersonName" (person_id,name_id) VALUES (184,147);
INSERT INTO "PersonName" (person_id,name_id) VALUES (185,308);
INSERT INTO "PersonName" (person_id,name_id) VALUES (186,259);
INSERT INTO "PersonName" (person_id,name_id) VALUES (187,83);
INSERT INTO "PersonName" (person_id,name_id) VALUES (188,186);
INSERT INTO "PersonName" (person_id,name_id) VALUES (189,363);
INSERT INTO "PersonName" (person_id,name_id) VALUES (190,57);
INSERT INTO "PersonName" (person_id,name_id) VALUES (191,291);
INSERT INTO "PersonName" (person_id,name_id) VALUES (192,349);
INSERT INTO "PersonName" (person_id,name_id) VALUES (193,155);
INSERT INTO "PersonName" (person_id,name_id) VALUES (194,18);
INSERT INTO "PersonName" (person_id,name_id) VALUES (195,318);
INSERT INTO "PersonName" (person_id,name_id) VALUES (196,87);
INSERT INTO "PersonName" (person_id,name_id) VALUES (196,184);
INSERT INTO "PersonName" (person_id,name_id) VALUES (197,276);
INSERT INTO "PersonName" (person_id,name_id) VALUES (198,170);
INSERT INTO "PersonName" (person_id,name_id) VALUES (199,346);
INSERT INTO "PersonName" (person_id,name_id) VALUES (200,92);
INSERT INTO "PersonName" (person_id,name_id) VALUES (201,100);
INSERT INTO "PersonName" (person_id,name_id) VALUES (201,110);
INSERT INTO "PersonName" (person_id,name_id) VALUES (202,323);
INSERT INTO "PersonName" (person_id,name_id) VALUES (203,96);
INSERT INTO "PersonName" (person_id,name_id) VALUES (204,193);
INSERT INTO "PersonName" (person_id,name_id) VALUES (205,205);
INSERT INTO "PersonName" (person_id,name_id) VALUES (206,292);
INSERT INTO "PersonName" (person_id,name_id) VALUES (207,66);
INSERT INTO "PersonName" (person_id,name_id) VALUES (207,134);
INSERT INTO "PersonName" (person_id,name_id) VALUES (208,214);
INSERT INTO "PersonName" (person_id,name_id) VALUES (209,211);
INSERT INTO "PersonName" (person_id,name_id) VALUES (210,185);
INSERT INTO "PersonName" (person_id,name_id) VALUES (211,8);
INSERT INTO "PersonName" (person_id,name_id) VALUES (211,21);
INSERT INTO "PersonName" (person_id,name_id) VALUES (212,56);
INSERT INTO "PersonName" (person_id,name_id) VALUES (213,221);
INSERT INTO "PersonName" (person_id,name_id) VALUES (214,61);
INSERT INTO "PersonName" (person_id,name_id) VALUES (214,17);
INSERT INTO "PersonName" (person_id,name_id) VALUES (215,78);
INSERT INTO "PersonName" (person_id,name_id) VALUES (216,347);
INSERT INTO "PersonName" (person_id,name_id) VALUES (217,140);
INSERT INTO "PersonName" (person_id,name_id) VALUES (217,49);
INSERT INTO "PersonName" (person_id,name_id) VALUES (218,73);
INSERT INTO "PersonName" (person_id,name_id) VALUES (219,343);
INSERT INTO "PersonName" (person_id,name_id) VALUES (220,334);
INSERT INTO "PersonName" (person_id,name_id) VALUES (221,13);
INSERT INTO "PersonName" (person_id,name_id) VALUES (222,330);
INSERT INTO "PersonName" (person_id,name_id) VALUES (223,117);
INSERT INTO "PersonName" (person_id,name_id) VALUES (224,355);
INSERT INTO "PersonName" (person_id,name_id) VALUES (225,182);
INSERT INTO "PersonName" (person_id,name_id) VALUES (225,125);
INSERT INTO "PersonName" (person_id,name_id) VALUES (226,206);
INSERT INTO "PersonName" (person_id,name_id) VALUES (227,250);
INSERT INTO "PersonName" (person_id,name_id) VALUES (228,1);
INSERT INTO "PersonName" (person_id,name_id) VALUES (229,335);
INSERT INTO "PersonName" (person_id,name_id) VALUES (230,351);
INSERT INTO "PersonName" (person_id,name_id) VALUES (231,150);
INSERT INTO "PersonName" (person_id,name_id) VALUES (232,171);
INSERT INTO "PersonName" (person_id,name_id) VALUES (232,69);
INSERT INTO "PersonName" (person_id,name_id) VALUES (233,251);
INSERT INTO "PersonName" (person_id,name_id) VALUES (234,191);
INSERT INTO "PersonName" (person_id,name_id) VALUES (235,242);
INSERT INTO "PersonName" (person_id,name_id) VALUES (236,181);
INSERT INTO "PersonName" (person_id,name_id) VALUES (237,366);
INSERT INTO "PersonName" (person_id,name_id) VALUES (238,270);
INSERT INTO "PersonName" (person_id,name_id) VALUES (239,178);
INSERT INTO "PersonName" (person_id,name_id) VALUES (240,194);
INSERT INTO "PersonName" (person_id,name_id) VALUES (241,98);
INSERT INTO "PersonName" (person_id,name_id) VALUES (241,34);
INSERT INTO "PersonName" (person_id,name_id) VALUES (242,67);
INSERT INTO "PersonName" (person_id,name_id) VALUES (243,65);
INSERT INTO "PersonName" (person_id,name_id) VALUES (244,307);
INSERT INTO "PersonName" (person_id,name_id) VALUES (245,274);
INSERT INTO "PersonName" (person_id,name_id) VALUES (246,145);
INSERT INTO "PersonName" (person_id,name_id) VALUES (247,348);
INSERT INTO "PersonName" (person_id,name_id) VALUES (248,136);
INSERT INTO "PersonName" (person_id,name_id) VALUES (249,152);
INSERT INTO "PersonName" (person_id,name_id) VALUES (250,15);
INSERT INTO "PersonName" (person_id,name_id) VALUES (251,168);
INSERT INTO "PersonName" (person_id,name_id) VALUES (252,256);
INSERT INTO "PersonName" (person_id,name_id) VALUES (253,121);
INSERT INTO "PersonName" (person_id,name_id) VALUES (254,40);
INSERT INTO "PersonName" (person_id,name_id) VALUES (254,146);
INSERT INTO "PersonName" (person_id,name_id) VALUES (255,90);
INSERT INTO "PersonName" (person_id,name_id) VALUES (256,236);
INSERT INTO "PersonName" (person_id,name_id) VALUES (257,41);
INSERT INTO "PersonName" (person_id,name_id) VALUES (257,115);
INSERT INTO "PersonName" (person_id,name_id) VALUES (258,216);
INSERT INTO "PersonName" (person_id,name_id) VALUES (259,188);
INSERT INTO "PersonName" (person_id,name_id) VALUES (260,228);
INSERT INTO "PersonName" (person_id,name_id) VALUES (261,88);
INSERT INTO "PersonName" (person_id,name_id) VALUES (262,131);
INSERT INTO "PersonName" (person_id,name_id) VALUES (262,114);
INSERT INTO "PersonName" (person_id,name_id) VALUES (263,224);
INSERT INTO "PersonName" (person_id,name_id) VALUES (264,45);
INSERT INTO "PersonName" (person_id,name_id) VALUES (265,142);
INSERT INTO "PersonName" (person_id,name_id) VALUES (265,77);
INSERT INTO "PersonName" (person_id,name_id) VALUES (266,199);
--------------------------PersonOccupation--------------------------
INSERT INTO "PersonOccupation" (person_id,occup_id) VALUES (0,5);
INSERT INTO "PersonOccupation" (person_id,occup_id) VALUES (1,46);
INSERT INTO "PersonOccupation" (person_id,occup_id) VALUES (1,11);
INSERT INTO "PersonOccupation" (person_id,occup_id) VALUES (1,19);
INSERT INTO "PersonOccupation" (person_id,occup_id) VALUES (2,44);
INSERT INTO "PersonOccupation" (person_id,occup_id) VALUES (4,10);
INSERT INTO "PersonOccupation" (person_id,occup_id) VALUES (5,48);
INSERT INTO "PersonOccupation" (person_id,occup_id) VALUES (6,22);
INSERT INTO "PersonOccupation" (person_id,occup_id) VALUES (7,32);
INSERT INTO "PersonOccupation" (person_id,occup_id) VALUES (7,27);
INSERT INTO "PersonOccupation" (person_id,occup_id) VALUES (7,23);
INSERT INTO "PersonOccupation" (person_id,occup_id) VALUES (9,44);
INSERT INTO "PersonOccupation" (person_id,occup_id) VALUES (9,29);
INSERT INTO "PersonOccupation" (person_id,occup_id) VALUES (9,46);
INSERT INTO "PersonOccupation" (person_id,occup_id) VALUES (10,19);
INSERT INTO "PersonOccupation" (person_id,occup_id) VALUES (11,26);
INSERT INTO "PersonOccupation" (person_id,occup_id) VALUES (11,0);
INSERT INTO "PersonOccupation" (person_id,occup_id) VALUES (11,4);
INSERT INTO "PersonOccupation" (person_id,occup_id) VALUES (13,8);
INSERT INTO "PersonOccupation" (person_id,occup_id) VALUES (14,46);
INSERT INTO "PersonOccupation" (person_id,occup_id) VALUES (16,23);
INSERT INTO "PersonOccupation" (person_id,occup_id) VALUES (16,32);
INSERT INTO "PersonOccupation" (person_id,occup_id) VALUES (16,48);
INSERT INTO "PersonOccupation" (person_id,occup_id) VALUES (18,30);
INSERT INTO "PersonOccupation" (person_id,occup_id) VALUES (18,48);
INSERT INTO "PersonOccupation" (person_id,occup_id) VALUES (18,17);
INSERT INTO "PersonOccupation" (person_id,occup_id) VALUES (19,22);
INSERT INTO "PersonOccupation" (person_id,occup_id) VALUES (20,40);
INSERT INTO "PersonOccupation" (person_id,occup_id) VALUES (21,25);
INSERT INTO "PersonOccupation" (person_id,occup_id) VALUES (21,41);
INSERT INTO "PersonOccupation" (person_id,occup_id) VALUES (21,21);
INSERT INTO "PersonOccupation" (person_id,occup_id) VALUES (22,19);
INSERT INTO "PersonOccupation" (person_id,occup_id) VALUES (22,20);
INSERT INTO "PersonOccupation" (person_id,occup_id) VALUES (23,31);
INSERT INTO "PersonOccupation" (person_id,occup_id) VALUES (23,2);
INSERT INTO "PersonOccupation" (person_id,occup_id) VALUES (25,39);
INSERT INTO "PersonOccupation" (person_id,occup_id) VALUES (26,45);
INSERT INTO "PersonOccupation" (person_id,occup_id) VALUES (26,48);
INSERT INTO "PersonOccupation" (person_id,occup_id) VALUES (26,24);
INSERT INTO "PersonOccupation" (person_id,occup_id) VALUES (28,22);
INSERT INTO "PersonOccupation" (person_id,occup_id) VALUES (28,33);
INSERT INTO "PersonOccupation" (person_id,occup_id) VALUES (28,47);
INSERT INTO "PersonOccupation" (person_id,occup_id) VALUES (30,46);
INSERT INTO "PersonOccupation" (person_id,occup_id) VALUES (30,34);
INSERT INTO "PersonOccupation" (person_id,occup_id) VALUES (30,36);
INSERT INTO "PersonOccupation" (person_id,occup_id) VALUES (31,43);
INSERT INTO "PersonOccupation" (person_id,occup_id) VALUES (31,14);
INSERT INTO "PersonOccupation" (person_id,occup_id) VALUES (31,30);
INSERT INTO "PersonOccupation" (person_id,occup_id) VALUES (33,42);
INSERT INTO "PersonOccupation" (person_id,occup_id) VALUES (33,49);
INSERT INTO "PersonOccupation" (person_id,occup_id) VALUES (33,1);
INSERT INTO "PersonOccupation" (person_id,occup_id) VALUES (34,3);
INSERT INTO "PersonOccupation" (person_id,occup_id) VALUES (34,27);
INSERT INTO "PersonOccupation" (person_id,occup_id) VALUES (34,24);
INSERT INTO "PersonOccupation" (person_id,occup_id) VALUES (35,46);
INSERT INTO "PersonOccupation" (person_id,occup_id) VALUES (36,4);
INSERT INTO "PersonOccupation" (person_id,occup_id) VALUES (37,25);
INSERT INTO "PersonOccupation" (person_id,occup_id) VALUES (37,22);
INSERT INTO "PersonOccupation" (person_id,occup_id) VALUES (38,25);
INSERT INTO "PersonOccupation" (person_id,occup_id) VALUES (41,10);
INSERT INTO "PersonOccupation" (person_id,occup_id) VALUES (41,47);
INSERT INTO "PersonOccupation" (person_id,occup_id) VALUES (43,20);
INSERT INTO "PersonOccupation" (person_id,occup_id) VALUES (45,40);
INSERT INTO "PersonOccupation" (person_id,occup_id) VALUES (45,19);
INSERT INTO "PersonOccupation" (person_id,occup_id) VALUES (46,18);
INSERT INTO "PersonOccupation" (person_id,occup_id) VALUES (46,0);
INSERT INTO "PersonOccupation" (person_id,occup_id) VALUES (46,1);
INSERT INTO "PersonOccupation" (person_id,occup_id) VALUES (47,29);
INSERT INTO "PersonOccupation" (person_id,occup_id) VALUES (47,10);
INSERT INTO "PersonOccupation" (person_id,occup_id) VALUES (47,2);
INSERT INTO "PersonOccupation" (person_id,occup_id) VALUES (48,34);
INSERT INTO "PersonOccupation" (person_id,occup_id) VALUES (48,15);
INSERT INTO "PersonOccupation" (person_id,occup_id) VALUES (48,16);
INSERT INTO "PersonOccupation" (person_id,occup_id) VALUES (49,12);
INSERT INTO "PersonOccupation" (person_id,occup_id) VALUES (52,31);
INSERT INTO "PersonOccupation" (person_id,occup_id) VALUES (52,21);
INSERT INTO "PersonOccupation" (person_id,occup_id) VALUES (52,34);
INSERT INTO "PersonOccupation" (person_id,occup_id) VALUES (53,44);
INSERT INTO "PersonOccupation" (person_id,occup_id) VALUES (54,18);
INSERT INTO "PersonOccupation" (person_id,occup_id) VALUES (54,43);
INSERT INTO "PersonOccupation" (person_id,occup_id) VALUES (55,38);
INSERT INTO "PersonOccupation" (person_id,occup_id) VALUES (55,6);
INSERT INTO "PersonOccupation" (person_id,occup_id) VALUES (56,30);
INSERT INTO "PersonOccupation" (person_id,occup_id) VALUES (56,39);
INSERT INTO "PersonOccupation" (person_id,occup_id) VALUES (56,48);
INSERT INTO "PersonOccupation" (person_id,occup_id) VALUES (58,42);
INSERT INTO "PersonOccupation" (person_id,occup_id) VALUES (59,0);
INSERT INTO "PersonOccupation" (person_id,occup_id) VALUES (59,46);
INSERT INTO "PersonOccupation" (person_id,occup_id) VALUES (59,29);
INSERT INTO "PersonOccupation" (person_id,occup_id) VALUES (60,22);
INSERT INTO "PersonOccupation" (person_id,occup_id) VALUES (60,8);
INSERT INTO "PersonOccupation" (person_id,occup_id) VALUES (62,14);
INSERT INTO "PersonOccupation" (person_id,occup_id) VALUES (62,24);
INSERT INTO "PersonOccupation" (person_id,occup_id) VALUES (63,5);
INSERT INTO "PersonOccupation" (person_id,occup_id) VALUES (63,2);
INSERT INTO "PersonOccupation" (person_id,occup_id) VALUES (63,23);
INSERT INTO "PersonOccupation" (person_id,occup_id) VALUES (66,42);
INSERT INTO "PersonOccupation" (person_id,occup_id) VALUES (67,5);
INSERT INTO "PersonOccupation" (person_id,occup_id) VALUES (67,49);
INSERT INTO "PersonOccupation" (person_id,occup_id) VALUES (67,22);
INSERT INTO "PersonOccupation" (person_id,occup_id) VALUES (68,40);
INSERT INTO "PersonOccupation" (person_id,occup_id) VALUES (68,8);
INSERT INTO "PersonOccupation" (person_id,occup_id) VALUES (69,3);
INSERT INTO "PersonOccupation" (person_id,occup_id) VALUES (69,49);
INSERT INTO "PersonOccupation" (person_id,occup_id) VALUES (69,28);
INSERT INTO "PersonOccupation" (person_id,occup_id) VALUES (70,17);
INSERT INTO "PersonOccupation" (person_id,occup_id) VALUES (71,8);
INSERT INTO "PersonOccupation" (person_id,occup_id) VALUES (71,26);
INSERT INTO "PersonOccupation" (person_id,occup_id) VALUES (71,14);
INSERT INTO "PersonOccupation" (person_id,occup_id) VALUES (72,31);
INSERT INTO "PersonOccupation" (person_id,occup_id) VALUES (73,46);
INSERT INTO "PersonOccupation" (person_id,occup_id) VALUES (73,31);
INSERT INTO "PersonOccupation" (person_id,occup_id) VALUES (74,12);
INSERT INTO "PersonOccupation" (person_id,occup_id) VALUES (74,31);
INSERT INTO "PersonOccupation" (person_id,occup_id) VALUES (74,7);
INSERT INTO "PersonOccupation" (person_id,occup_id) VALUES (75,25);
INSERT INTO "PersonOccupation" (person_id,occup_id) VALUES (76,45);
INSERT INTO "PersonOccupation" (person_id,occup_id) VALUES (76,18);
INSERT INTO "PersonOccupation" (person_id,occup_id) VALUES (77,27);
INSERT INTO "PersonOccupation" (person_id,occup_id) VALUES (78,17);
INSERT INTO "PersonOccupation" (person_id,occup_id) VALUES (80,45);
INSERT INTO "PersonOccupation" (person_id,occup_id) VALUES (80,21);
INSERT INTO "PersonOccupation" (person_id,occup_id) VALUES (80,5);
INSERT INTO "PersonOccupation" (person_id,occup_id) VALUES (81,34);
INSERT INTO "PersonOccupation" (person_id,occup_id) VALUES (81,31);
INSERT INTO "PersonOccupation" (person_id,occup_id) VALUES (82,43);
INSERT INTO "PersonOccupation" (person_id,occup_id) VALUES (82,3);
INSERT INTO "PersonOccupation" (person_id,occup_id) VALUES (82,4);
INSERT INTO "PersonOccupation" (person_id,occup_id) VALUES (87,22);
INSERT INTO "PersonOccupation" (person_id,occup_id) VALUES (87,13);
INSERT INTO "PersonOccupation" (person_id,occup_id) VALUES (87,12);
INSERT INTO "PersonOccupation" (person_id,occup_id) VALUES (90,25);
INSERT INTO "PersonOccupation" (person_id,occup_id) VALUES (90,43);
INSERT INTO "PersonOccupation" (person_id,occup_id) VALUES (90,24);
INSERT INTO "PersonOccupation" (person_id,occup_id) VALUES (91,34);
INSERT INTO "PersonOccupation" (person_id,occup_id) VALUES (91,5);
INSERT INTO "PersonOccupation" (person_id,occup_id) VALUES (93,37);
INSERT INTO "PersonOccupation" (person_id,occup_id) VALUES (95,17);
INSERT INTO "PersonOccupation" (person_id,occup_id) VALUES (95,2);
INSERT INTO "PersonOccupation" (person_id,occup_id) VALUES (96,29);
INSERT INTO "PersonOccupation" (person_id,occup_id) VALUES (96,1);
INSERT INTO "PersonOccupation" (person_id,occup_id) VALUES (97,46);
INSERT INTO "PersonOccupation" (person_id,occup_id) VALUES (97,14);
INSERT INTO "PersonOccupation" (person_id,occup_id) VALUES (97,1);
INSERT INTO "PersonOccupation" (person_id,occup_id) VALUES (98,34);
INSERT INTO "PersonOccupation" (person_id,occup_id) VALUES (98,21);
INSERT INTO "PersonOccupation" (person_id,occup_id) VALUES (99,21);
INSERT INTO "PersonOccupation" (person_id,occup_id) VALUES (100,30);
INSERT INTO "PersonOccupation" (person_id,occup_id) VALUES (100,40);
INSERT INTO "PersonOccupation" (person_id,occup_id) VALUES (100,42);
INSERT INTO "PersonOccupation" (person_id,occup_id) VALUES (101,15);
INSERT INTO "PersonOccupation" (person_id,occup_id) VALUES (101,44);
INSERT INTO "PersonOccupation" (person_id,occup_id) VALUES (101,33);
INSERT INTO "PersonOccupation" (person_id,occup_id) VALUES (102,18);
INSERT INTO "PersonOccupation" (person_id,occup_id) VALUES (102,29);
INSERT INTO "PersonOccupation" (person_id,occup_id) VALUES (102,25);
INSERT INTO "PersonOccupation" (person_id,occup_id) VALUES (103,44);
INSERT INTO "PersonOccupation" (person_id,occup_id) VALUES (105,34);
INSERT INTO "PersonOccupation" (person_id,occup_id) VALUES (105,6);
INSERT INTO "PersonOccupation" (person_id,occup_id) VALUES (105,38);
INSERT INTO "PersonOccupation" (person_id,occup_id) VALUES (106,27);
INSERT INTO "PersonOccupation" (person_id,occup_id) VALUES (107,3);
INSERT INTO "PersonOccupation" (person_id,occup_id) VALUES (107,11);
INSERT INTO "PersonOccupation" (person_id,occup_id) VALUES (107,37);
INSERT INTO "PersonOccupation" (person_id,occup_id) VALUES (108,10);
INSERT INTO "PersonOccupation" (person_id,occup_id) VALUES (108,47);
INSERT INTO "PersonOccupation" (person_id,occup_id) VALUES (109,39);
INSERT INTO "PersonOccupation" (person_id,occup_id) VALUES (109,7);
INSERT INTO "PersonOccupation" (person_id,occup_id) VALUES (110,3);
INSERT INTO "PersonOccupation" (person_id,occup_id) VALUES (110,38);
INSERT INTO "PersonOccupation" (person_id,occup_id) VALUES (110,4);
INSERT INTO "PersonOccupation" (person_id,occup_id) VALUES (112,12);
INSERT INTO "PersonOccupation" (person_id,occup_id) VALUES (112,31);
INSERT INTO "PersonOccupation" (person_id,occup_id) VALUES (112,42);
INSERT INTO "PersonOccupation" (person_id,occup_id) VALUES (114,42);
INSERT INTO "PersonOccupation" (person_id,occup_id) VALUES (114,26);
INSERT INTO "PersonOccupation" (person_id,occup_id) VALUES (114,7);
INSERT INTO "PersonOccupation" (person_id,occup_id) VALUES (117,15);
INSERT INTO "PersonOccupation" (person_id,occup_id) VALUES (117,21);
INSERT INTO "PersonOccupation" (person_id,occup_id) VALUES (117,37);
INSERT INTO "PersonOccupation" (person_id,occup_id) VALUES (118,29);
INSERT INTO "PersonOccupation" (person_id,occup_id) VALUES (120,12);
INSERT INTO "PersonOccupation" (person_id,occup_id) VALUES (120,39);
INSERT INTO "PersonOccupation" (person_id,occup_id) VALUES (120,14);
INSERT INTO "PersonOccupation" (person_id,occup_id) VALUES (121,15);
INSERT INTO "PersonOccupation" (person_id,occup_id) VALUES (121,2);
INSERT INTO "PersonOccupation" (person_id,occup_id) VALUES (121,34);
INSERT INTO "PersonOccupation" (person_id,occup_id) VALUES (124,44);
INSERT INTO "PersonOccupation" (person_id,occup_id) VALUES (124,26);
INSERT INTO "PersonOccupation" (person_id,occup_id) VALUES (124,21);
INSERT INTO "PersonOccupation" (person_id,occup_id) VALUES (125,40);
INSERT INTO "PersonOccupation" (person_id,occup_id) VALUES (125,19);
INSERT INTO "PersonOccupation" (person_id,occup_id) VALUES (126,12);
INSERT INTO "PersonOccupation" (person_id,occup_id) VALUES (126,7);
INSERT INTO "PersonOccupation" (person_id,occup_id) VALUES (127,21);
INSERT INTO "PersonOccupation" (person_id,occup_id) VALUES (127,22);
INSERT INTO "PersonOccupation" (person_id,occup_id) VALUES (128,4);
INSERT INTO "PersonOccupation" (person_id,occup_id) VALUES (128,27);
INSERT INTO "PersonOccupation" (person_id,occup_id) VALUES (130,4);
INSERT INTO "PersonOccupation" (person_id,occup_id) VALUES (130,29);
INSERT INTO "PersonOccupation" (person_id,occup_id) VALUES (131,37);
INSERT INTO "PersonOccupation" (person_id,occup_id) VALUES (132,3);
INSERT INTO "PersonOccupation" (person_id,occup_id) VALUES (132,44);
INSERT INTO "PersonOccupation" (person_id,occup_id) VALUES (133,11);
INSERT INTO "PersonOccupation" (person_id,occup_id) VALUES (133,25);
INSERT INTO "PersonOccupation" (person_id,occup_id) VALUES (134,46);
INSERT INTO "PersonOccupation" (person_id,occup_id) VALUES (135,24);
INSERT INTO "PersonOccupation" (person_id,occup_id) VALUES (135,34);
INSERT INTO "PersonOccupation" (person_id,occup_id) VALUES (135,10);
INSERT INTO "PersonOccupation" (person_id,occup_id) VALUES (136,21);
INSERT INTO "PersonOccupation" (person_id,occup_id) VALUES (137,23);
INSERT INTO "PersonOccupation" (person_id,occup_id) VALUES (138,4);
INSERT INTO "PersonOccupation" (person_id,occup_id) VALUES (138,38);
INSERT INTO "PersonOccupation" (person_id,occup_id) VALUES (138,5);
INSERT INTO "PersonOccupation" (person_id,occup_id) VALUES (139,5);
INSERT INTO "PersonOccupation" (person_id,occup_id) VALUES (139,20);
INSERT INTO "PersonOccupation" (person_id,occup_id) VALUES (140,36);
INSERT INTO "PersonOccupation" (person_id,occup_id) VALUES (141,44);
INSERT INTO "PersonOccupation" (person_id,occup_id) VALUES (142,25);
INSERT INTO "PersonOccupation" (person_id,occup_id) VALUES (142,3);
INSERT INTO "PersonOccupation" (person_id,occup_id) VALUES (143,21);
INSERT INTO "PersonOccupation" (person_id,occup_id) VALUES (144,32);
INSERT INTO "PersonOccupation" (person_id,occup_id) VALUES (144,5);
INSERT INTO "PersonOccupation" (person_id,occup_id) VALUES (145,10);
INSERT INTO "PersonOccupation" (person_id,occup_id) VALUES (145,20);
INSERT INTO "PersonOccupation" (person_id,occup_id) VALUES (145,16);
INSERT INTO "PersonOccupation" (person_id,occup_id) VALUES (146,4);
INSERT INTO "PersonOccupation" (person_id,occup_id) VALUES (146,19);
INSERT INTO "PersonOccupation" (person_id,occup_id) VALUES (147,1);
INSERT INTO "PersonOccupation" (person_id,occup_id) VALUES (147,28);
INSERT INTO "PersonOccupation" (person_id,occup_id) VALUES (147,30);
INSERT INTO "PersonOccupation" (person_id,occup_id) VALUES (148,43);
INSERT INTO "PersonOccupation" (person_id,occup_id) VALUES (148,22);
INSERT INTO "PersonOccupation" (person_id,occup_id) VALUES (148,28);
INSERT INTO "PersonOccupation" (person_id,occup_id) VALUES (149,36);
INSERT INTO "PersonOccupation" (person_id,occup_id) VALUES (149,49);
INSERT INTO "PersonOccupation" (person_id,occup_id) VALUES (150,47);
INSERT INTO "PersonOccupation" (person_id,occup_id) VALUES (150,11);
INSERT INTO "PersonOccupation" (person_id,occup_id) VALUES (151,27);
INSERT INTO "PersonOccupation" (person_id,occup_id) VALUES (152,31);
INSERT INTO "PersonOccupation" (person_id,occup_id) VALUES (152,38);
INSERT INTO "PersonOccupation" (person_id,occup_id) VALUES (153,1);
INSERT INTO "PersonOccupation" (person_id,occup_id) VALUES (153,4);
INSERT INTO "PersonOccupation" (person_id,occup_id) VALUES (153,16);
INSERT INTO "PersonOccupation" (person_id,occup_id) VALUES (154,24);
INSERT INTO "PersonOccupation" (person_id,occup_id) VALUES (154,23);
INSERT INTO "PersonOccupation" (person_id,occup_id) VALUES (154,47);
INSERT INTO "PersonOccupation" (person_id,occup_id) VALUES (156,22);
INSERT INTO "PersonOccupation" (person_id,occup_id) VALUES (156,46);
INSERT INTO "PersonOccupation" (person_id,occup_id) VALUES (156,23);
INSERT INTO "PersonOccupation" (person_id,occup_id) VALUES (157,23);
INSERT INTO "PersonOccupation" (person_id,occup_id) VALUES (157,19);
INSERT INTO "PersonOccupation" (person_id,occup_id) VALUES (157,29);
INSERT INTO "PersonOccupation" (person_id,occup_id) VALUES (158,28);
INSERT INTO "PersonOccupation" (person_id,occup_id) VALUES (159,19);
INSERT INTO "PersonOccupation" (person_id,occup_id) VALUES (162,12);
INSERT INTO "PersonOccupation" (person_id,occup_id) VALUES (162,44);
INSERT INTO "PersonOccupation" (person_id,occup_id) VALUES (162,21);
INSERT INTO "PersonOccupation" (person_id,occup_id) VALUES (163,35);
INSERT INTO "PersonOccupation" (person_id,occup_id) VALUES (164,18);
INSERT INTO "PersonOccupation" (person_id,occup_id) VALUES (165,20);
INSERT INTO "PersonOccupation" (person_id,occup_id) VALUES (165,32);
INSERT INTO "PersonOccupation" (person_id,occup_id) VALUES (165,34);
INSERT INTO "PersonOccupation" (person_id,occup_id) VALUES (166,39);
INSERT INTO "PersonOccupation" (person_id,occup_id) VALUES (166,22);
INSERT INTO "PersonOccupation" (person_id,occup_id) VALUES (168,41);
INSERT INTO "PersonOccupation" (person_id,occup_id) VALUES (168,22);
INSERT INTO "PersonOccupation" (person_id,occup_id) VALUES (168,39);
INSERT INTO "PersonOccupation" (person_id,occup_id) VALUES (169,11);
INSERT INTO "PersonOccupation" (person_id,occup_id) VALUES (170,14);
INSERT INTO "PersonOccupation" (person_id,occup_id) VALUES (170,27);
INSERT INTO "PersonOccupation" (person_id,occup_id) VALUES (172,21);
INSERT INTO "PersonOccupation" (person_id,occup_id) VALUES (172,26);
INSERT INTO "PersonOccupation" (person_id,occup_id) VALUES (173,22);
INSERT INTO "PersonOccupation" (person_id,occup_id) VALUES (173,41);
INSERT INTO "PersonOccupation" (person_id,occup_id) VALUES (174,18);
INSERT INTO "PersonOccupation" (person_id,occup_id) VALUES (175,28);
INSERT INTO "PersonOccupation" (person_id,occup_id) VALUES (177,5);
INSERT INTO "PersonOccupation" (person_id,occup_id) VALUES (178,24);
INSERT INTO "PersonOccupation" (person_id,occup_id) VALUES (179,29);
INSERT INTO "PersonOccupation" (person_id,occup_id) VALUES (179,42);
INSERT INTO "PersonOccupation" (person_id,occup_id) VALUES (181,15);
INSERT INTO "PersonOccupation" (person_id,occup_id) VALUES (181,34);
INSERT INTO "PersonOccupation" (person_id,occup_id) VALUES (182,36);
INSERT INTO "PersonOccupation" (person_id,occup_id) VALUES (183,14);
INSERT INTO "PersonOccupation" (person_id,occup_id) VALUES (184,28);
INSERT INTO "PersonOccupation" (person_id,occup_id) VALUES (184,14);
INSERT INTO "PersonOccupation" (person_id,occup_id) VALUES (184,5);
INSERT INTO "PersonOccupation" (person_id,occup_id) VALUES (185,48);
INSERT INTO "PersonOccupation" (person_id,occup_id) VALUES (186,20);
INSERT INTO "PersonOccupation" (person_id,occup_id) VALUES (186,26);
INSERT INTO "PersonOccupation" (person_id,occup_id) VALUES (187,25);
INSERT INTO "PersonOccupation" (person_id,occup_id) VALUES (189,17);
INSERT INTO "PersonOccupation" (person_id,occup_id) VALUES (190,2);
INSERT INTO "PersonOccupation" (person_id,occup_id) VALUES (190,22);
INSERT INTO "PersonOccupation" (person_id,occup_id) VALUES (190,12);
INSERT INTO "PersonOccupation" (person_id,occup_id) VALUES (191,4);
INSERT INTO "PersonOccupation" (person_id,occup_id) VALUES (191,40);
INSERT INTO "PersonOccupation" (person_id,occup_id) VALUES (192,4);
INSERT INTO "PersonOccupation" (person_id,occup_id) VALUES (192,14);
INSERT INTO "PersonOccupation" (person_id,occup_id) VALUES (192,30);
INSERT INTO "PersonOccupation" (person_id,occup_id) VALUES (193,48);
INSERT INTO "PersonOccupation" (person_id,occup_id) VALUES (193,43);
INSERT INTO "PersonOccupation" (person_id,occup_id) VALUES (194,36);
INSERT INTO "PersonOccupation" (person_id,occup_id) VALUES (194,6);
INSERT INTO "PersonOccupation" (person_id,occup_id) VALUES (195,2);
INSERT INTO "PersonOccupation" (person_id,occup_id) VALUES (195,30);
INSERT INTO "PersonOccupation" (person_id,occup_id) VALUES (196,23);
INSERT INTO "PersonOccupation" (person_id,occup_id) VALUES (196,24);
INSERT INTO "PersonOccupation" (person_id,occup_id) VALUES (197,7);
INSERT INTO "PersonOccupation" (person_id,occup_id) VALUES (197,32);
INSERT INTO "PersonOccupation" (person_id,occup_id) VALUES (198,4);
INSERT INTO "PersonOccupation" (person_id,occup_id) VALUES (198,49);
INSERT INTO "PersonOccupation" (person_id,occup_id) VALUES (199,35);
INSERT INTO "PersonOccupation" (person_id,occup_id) VALUES (201,26);
INSERT INTO "PersonOccupation" (person_id,occup_id) VALUES (201,20);
INSERT INTO "PersonOccupation" (person_id,occup_id) VALUES (202,24);
INSERT INTO "PersonOccupation" (person_id,occup_id) VALUES (202,23);
INSERT INTO "PersonOccupation" (person_id,occup_id) VALUES (202,4);
INSERT INTO "PersonOccupation" (person_id,occup_id) VALUES (203,22);
INSERT INTO "PersonOccupation" (person_id,occup_id) VALUES (203,36);
INSERT INTO "PersonOccupation" (person_id,occup_id) VALUES (204,22);
INSERT INTO "PersonOccupation" (person_id,occup_id) VALUES (204,8);
INSERT INTO "PersonOccupation" (person_id,occup_id) VALUES (205,4);
INSERT INTO "PersonOccupation" (person_id,occup_id) VALUES (205,46);
INSERT INTO "PersonOccupation" (person_id,occup_id) VALUES (205,40);
INSERT INTO "PersonOccupation" (person_id,occup_id) VALUES (206,47);
INSERT INTO "PersonOccupation" (person_id,occup_id) VALUES (206,38);
INSERT INTO "PersonOccupation" (person_id,occup_id) VALUES (207,22);
INSERT INTO "PersonOccupation" (person_id,occup_id) VALUES (208,8);
INSERT INTO "PersonOccupation" (person_id,occup_id) VALUES (211,10);
INSERT INTO "PersonOccupation" (person_id,occup_id) VALUES (211,31);
INSERT INTO "PersonOccupation" (person_id,occup_id) VALUES (211,15);
INSERT INTO "PersonOccupation" (person_id,occup_id) VALUES (212,47);
INSERT INTO "PersonOccupation" (person_id,occup_id) VALUES (212,43);
INSERT INTO "PersonOccupation" (person_id,occup_id) VALUES (215,26);
INSERT INTO "PersonOccupation" (person_id,occup_id) VALUES (215,5);
INSERT INTO "PersonOccupation" (person_id,occup_id) VALUES (216,22);
INSERT INTO "PersonOccupation" (person_id,occup_id) VALUES (216,15);
INSERT INTO "PersonOccupation" (person_id,occup_id) VALUES (217,18);
INSERT INTO "PersonOccupation" (person_id,occup_id) VALUES (217,1);
INSERT INTO "PersonOccupation" (person_id,occup_id) VALUES (217,8);
INSERT INTO "PersonOccupation" (person_id,occup_id) VALUES (218,3);
INSERT INTO "PersonOccupation" (person_id,occup_id) VALUES (219,43);
INSERT INTO "PersonOccupation" (person_id,occup_id) VALUES (219,44);
INSERT INTO "PersonOccupation" (person_id,occup_id) VALUES (219,2);
INSERT INTO "PersonOccupation" (person_id,occup_id) VALUES (220,11);
INSERT INTO "PersonOccupation" (person_id,occup_id) VALUES (225,5);
INSERT INTO "PersonOccupation" (person_id,occup_id) VALUES (226,14);
INSERT INTO "PersonOccupation" (person_id,occup_id) VALUES (226,29);
INSERT INTO "PersonOccupation" (person_id,occup_id) VALUES (226,38);
INSERT INTO "PersonOccupation" (person_id,occup_id) VALUES (227,45);
INSERT INTO "PersonOccupation" (person_id,occup_id) VALUES (227,40);
INSERT INTO "PersonOccupation" (person_id,occup_id) VALUES (228,43);
INSERT INTO "PersonOccupation" (person_id,occup_id) VALUES (228,40);
INSERT INTO "PersonOccupation" (person_id,occup_id) VALUES (229,21);
INSERT INTO "PersonOccupation" (person_id,occup_id) VALUES (229,6);
INSERT INTO "PersonOccupation" (person_id,occup_id) VALUES (229,5);
INSERT INTO "PersonOccupation" (person_id,occup_id) VALUES (230,31);
INSERT INTO "PersonOccupation" (person_id,occup_id) VALUES (231,11);
INSERT INTO "PersonOccupation" (person_id,occup_id) VALUES (231,21);
INSERT INTO "PersonOccupation" (person_id,occup_id) VALUES (232,8);
INSERT INTO "PersonOccupation" (person_id,occup_id) VALUES (232,22);
INSERT INTO "PersonOccupation" (person_id,occup_id) VALUES (234,15);
INSERT INTO "PersonOccupation" (person_id,occup_id) VALUES (238,46);
INSERT INTO "PersonOccupation" (person_id,occup_id) VALUES (238,24);
INSERT INTO "PersonOccupation" (person_id,occup_id) VALUES (238,49);
INSERT INTO "PersonOccupation" (person_id,occup_id) VALUES (240,1);
INSERT INTO "PersonOccupation" (person_id,occup_id) VALUES (241,22);
INSERT INTO "PersonOccupation" (person_id,occup_id) VALUES (241,41);
INSERT INTO "PersonOccupation" (person_id,occup_id) VALUES (242,3);
INSERT INTO "PersonOccupation" (person_id,occup_id) VALUES (242,18);
INSERT INTO "PersonOccupation" (person_id,occup_id) VALUES (242,45);
INSERT INTO "PersonOccupation" (person_id,occup_id) VALUES (243,25);
INSERT INTO "PersonOccupation" (person_id,occup_id) VALUES (244,46);
INSERT INTO "PersonOccupation" (person_id,occup_id) VALUES (244,19);
INSERT INTO "PersonOccupation" (person_id,occup_id) VALUES (245,46);
INSERT INTO "PersonOccupation" (person_id,occup_id) VALUES (245,15);
INSERT INTO "PersonOccupation" (person_id,occup_id) VALUES (245,19);
INSERT INTO "PersonOccupation" (person_id,occup_id) VALUES (246,6);
INSERT INTO "PersonOccupation" (person_id,occup_id) VALUES (246,34);
INSERT INTO "PersonOccupation" (person_id,occup_id) VALUES (247,46);
INSERT INTO "PersonOccupation" (person_id,occup_id) VALUES (250,47);
INSERT INTO "PersonOccupation" (person_id,occup_id) VALUES (250,12);
INSERT INTO "PersonOccupation" (person_id,occup_id) VALUES (251,47);
INSERT INTO "PersonOccupation" (person_id,occup_id) VALUES (251,9);
INSERT INTO "PersonOccupation" (person_id,occup_id) VALUES (251,44);
INSERT INTO "PersonOccupation" (person_id,occup_id) VALUES (253,26);
INSERT INTO "PersonOccupation" (person_id,occup_id) VALUES (253,44);
INSERT INTO "PersonOccupation" (person_id,occup_id) VALUES (254,37);
INSERT INTO "PersonOccupation" (person_id,occup_id) VALUES (254,10);
INSERT INTO "PersonOccupation" (person_id,occup_id) VALUES (257,46);
INSERT INTO "PersonOccupation" (person_id,occup_id) VALUES (257,5);
INSERT INTO "PersonOccupation" (person_id,occup_id) VALUES (258,2);
INSERT INTO "PersonOccupation" (person_id,occup_id) VALUES (258,41);
INSERT INTO "PersonOccupation" (person_id,occup_id) VALUES (260,21);
INSERT INTO "PersonOccupation" (person_id,occup_id) VALUES (261,41);
INSERT INTO "PersonOccupation" (person_id,occup_id) VALUES (262,8);
INSERT INTO "PersonOccupation" (person_id,occup_id) VALUES (262,23);
INSERT INTO "PersonOccupation" (person_id,occup_id) VALUES (263,17);
INSERT INTO "PersonOccupation" (person_id,occup_id) VALUES (264,4);
INSERT INTO "PersonOccupation" (person_id,occup_id) VALUES (264,46);
INSERT INTO "PersonOccupation" (person_id,occup_id) VALUES (265,21);
INSERT INTO "PersonOccupation" (person_id,occup_id) VALUES (265,4);
INSERT INTO "PersonOccupation" (person_id,occup_id) VALUES (265,5);
INSERT INTO "PersonOccupation" (person_id,occup_id) VALUES (266,22);
--------------------------Marriage--------------------------
INSERT INTO "Marriage" (_id_marriage,rec_ready,rec_order,scan_order,scan_layout,date,village,groom_y,groom_m,groom_d,bride_y,bride_m,bride_d,groom_adult,bride_adult,relationship,groom_id,bride_id,user_id,register_id,officiant_id,banns_1,banns_2,banns_3) VALUES (0,true,24,883,'C','1857-02-05','Plzeň',17,9,29,20,0,22,false,true,'ne',141,88,0,169,2,'1857-01-29','1857-01-22','1857-01-15');
--------------------------Witness--------------------------
INSERT INTO "Witness" (person_id,marriage_id,side,relationship) VALUES (136,0,'ženicha','jiné');
INSERT INTO "Witness" (person_id,marriage_id,side,relationship) VALUES (10,0,'ženicha','sourozenec');
INSERT INTO "Witness" (person_id,marriage_id,side,relationship) VALUES (245,0,'nevěsty','jiné');
INSERT INTO "Witness" (person_id,marriage_id,side,relationship) VALUES (224,0,'nevěsty','sourozenec');
INSERT INTO "Marriage" (_id_marriage,rec_ready,rec_order,scan_order,scan_layout,date,village,groom_y,groom_m,groom_d,bride_y,bride_m,bride_d,groom_adult,bride_adult,relationship,groom_id,bride_id,user_id,register_id,officiant_id) VALUES (1,true,871,532,'L','1855-12-20','Havířov',21,9,26,19,0,10,true,true,'ne',175,91,1,61,0);
--------------------------Witness--------------------------
INSERT INTO "Witness" (person_id,marriage_id,side,relationship) VALUES (263,1,'ženicha','přítel');
INSERT INTO "Witness" (person_id,marriage_id,side,relationship) VALUES (7,1,'ženicha','jiné');
INSERT INTO "Witness" (person_id,marriage_id,side,relationship) VALUES (244,1,'nevěsty','přítel');
INSERT INTO "Witness" (person_id,marriage_id,side,relationship) VALUES (137,1,'nevěsty','sourozenec');
INSERT INTO "Marriage" (_id_marriage,rec_ready,rec_order,scan_order,scan_layout,date,village,groom_y,groom_m,groom_d,bride_y,bride_m,bride_d,groom_adult,bride_adult,relationship,groom_id,bride_id,user_id,register_id,officiant_id,banns_1) VALUES (2,false,684,682,'P','1861-12-20','Ostrava',31,7,7,26,10,19,true,true,'ne',194,71,0,192,1,'1861-12-13');
--------------------------Witness--------------------------
INSERT INTO "Witness" (person_id,marriage_id,side,relationship) VALUES (252,2,'ženicha','sourozenec');
INSERT INTO "Witness" (person_id,marriage_id,side,relationship) VALUES (132,2,'ženicha','jiné');
INSERT INTO "Witness" (person_id,marriage_id,side,relationship) VALUES (121,2,'nevěsty','sourozenec');
INSERT INTO "Witness" (person_id,marriage_id,side,relationship) VALUES (18,2,'nevěsty','přítel');
INSERT INTO "Marriage" (_id_marriage,rec_ready,rec_order,scan_order,scan_layout,date,village,groom_y,groom_m,groom_d,bride_y,bride_m,bride_d,groom_adult,bride_adult,relationship,groom_id,bride_id,user_id,register_id,officiant_id,banns_1) VALUES (3,true,443,501,'C','1861-03-09','Kladno',26,3,16,27,9,8,true,true,'ne',18,56,1,4,0,'1861-03-02');
--------------------------Witness--------------------------
INSERT INTO "Witness" (person_id,marriage_id,side,relationship) VALUES (256,3,'ženicha','jiné');
INSERT INTO "Witness" (person_id,marriage_id,side,relationship) VALUES (119,3,'ženicha','sourozenec');
INSERT INTO "Witness" (person_id,marriage_id,side,relationship) VALUES (171,3,'nevěsty','sourozenec');
INSERT INTO "Witness" (person_id,marriage_id,side,relationship) VALUES (252,3,'nevěsty','sourozenec');
INSERT INTO "Marriage" (_id_marriage,rec_ready,rec_order,scan_order,scan_layout,date,village,groom_y,groom_m,groom_d,bride_y,bride_m,bride_d,groom_adult,bride_adult,relationship,groom_id,bride_id,user_id,register_id,officiant_id,banns_1,banns_2,banns_3) VALUES (4,true,282,202,'C','1866-05-19','Ostrava',38,3,2,27,6,27,true,true,'ne',158,258,1,119,0,'1866-05-12','1866-05-05','1866-04-28');
--------------------------Witness--------------------------
INSERT INTO "Witness" (person_id,marriage_id,side,relationship) VALUES (262,4,'ženicha','sourozenec');
INSERT INTO "Witness" (person_id,marriage_id,side,relationship) VALUES (225,4,'ženicha','jiné');
INSERT INTO "Witness" (person_id,marriage_id,side,relationship) VALUES (201,4,'nevěsty','sourozenec');
INSERT INTO "Witness" (person_id,marriage_id,side,relationship) VALUES (239,4,'nevěsty','sourozenec');
INSERT INTO "Marriage" (_id_marriage,rec_ready,rec_order,scan_order,scan_layout,date,village,groom_y,groom_m,groom_d,bride_y,bride_m,bride_d,groom_adult,bride_adult,relationship,groom_id,bride_id,user_id,register_id,officiant_id) VALUES (5,true,221,394,'P','1858-04-09','Plzeň',18,5,25,26,4,9,true,true,'ne',232,59,1,47,1);
--------------------------Witness--------------------------
INSERT INTO "Witness" (person_id,marriage_id,side,relationship) VALUES (237,5,'ženicha','sourozenec');
INSERT INTO "Witness" (person_id,marriage_id,side,relationship) VALUES (79,5,'ženicha','jiné');
INSERT INTO "Witness" (person_id,marriage_id,side,relationship) VALUES (52,5,'nevěsty','jiné');
INSERT INTO "Witness" (person_id,marriage_id,side,relationship) VALUES (153,5,'nevěsty','jiné');
INSERT INTO "Marriage" (_id_marriage,rec_ready,rec_order,scan_order,scan_layout,date,village,groom_y,groom_m,groom_d,bride_y,bride_m,bride_d,groom_adult,bride_adult,relationship,groom_id,bride_id,user_id,register_id,officiant_id) VALUES (6,true,896,962,'L','1845-06-07','Havířov',16,1,15,19,0,6,false,true,'ne',53,229,0,111,1);
--------------------------Witness--------------------------
INSERT INTO "Witness" (person_id,marriage_id,side,relationship) VALUES (111,6,'ženicha','přítel');
INSERT INTO "Witness" (person_id,marriage_id,side,relationship) VALUES (59,6,'ženicha','sourozenec');
INSERT INTO "Witness" (person_id,marriage_id,side,relationship) VALUES (178,6,'nevěsty','sourozenec');
INSERT INTO "Witness" (person_id,marriage_id,side,relationship) VALUES (11,6,'nevěsty','sourozenec');
INSERT INTO "Marriage" (_id_marriage,rec_ready,rec_order,scan_order,scan_layout,date,village,groom_y,groom_m,groom_d,bride_y,bride_m,bride_d,groom_adult,bride_adult,relationship,groom_id,bride_id,user_id,register_id,officiant_id) VALUES (7,true,152,582,'C','1849-10-08','Brno',20,11,11,13,11,3,true,false,'ne',122,85,1,81,0);
--------------------------Witness--------------------------
INSERT INTO "Witness" (person_id,marriage_id,side,relationship) VALUES (55,7,'ženicha','jiné');
INSERT INTO "Witness" (person_id,marriage_id,side,relationship) VALUES (45,7,'ženicha','jiné');
INSERT INTO "Witness" (person_id,marriage_id,side,relationship) VALUES (88,7,'nevěsty','jiné');
INSERT INTO "Witness" (person_id,marriage_id,side,relationship) VALUES (153,7,'nevěsty','jiné');
INSERT INTO "Marriage" (_id_marriage,rec_ready,rec_order,scan_order,scan_layout,date,village,groom_y,groom_m,groom_d,bride_y,bride_m,bride_d,groom_adult,bride_adult,relationship,groom_id,bride_id,user_id,register_id,officiant_id,banns_1) VALUES (8,true,820,603,'C','1858-11-28','Zlín',29,5,10,21,5,28,true,true,'ne',119,155,0,127,0,'1858-11-21');
--------------------------Witness--------------------------
INSERT INTO "Witness" (person_id,marriage_id,side,relationship) VALUES (129,8,'ženicha','sourozenec');
INSERT INTO "Witness" (person_id,marriage_id,side,relationship) VALUES (196,8,'ženicha','sourozenec');
INSERT INTO "Witness" (person_id,marriage_id,side,relationship) VALUES (91,8,'nevěsty','sourozenec');
INSERT INTO "Witness" (person_id,marriage_id,side,relationship) VALUES (8,8,'nevěsty','přítel');
INSERT INTO "Marriage" (_id_marriage,rec_ready,rec_order,scan_order,scan_layout,date,village,groom_y,groom_m,groom_d,bride_y,bride_m,bride_d,groom_adult,bride_adult,relationship,groom_id,bride_id,user_id,register_id,officiant_id) VALUES (9,false,993,697,'C','1851-06-21','Liberec',23,11,15,19,9,3,true,true,'ne',211,11,1,93,1);
--------------------------Witness--------------------------
INSERT INTO "Witness" (person_id,marriage_id,side,relationship) VALUES (95,9,'ženicha','jiné');
INSERT INTO "Witness" (person_id,marriage_id,side,relationship) VALUES (169,9,'ženicha','jiné');
INSERT INTO "Witness" (person_id,marriage_id,side,relationship) VALUES (117,9,'nevěsty','jiné');
INSERT INTO "Witness" (person_id,marriage_id,side,relationship) VALUES (123,9,'nevěsty','jiné');
INSERT INTO "Marriage" (_id_marriage,rec_ready,rec_order,scan_order,scan_layout,date,village,groom_y,groom_m,groom_d,bride_y,bride_m,bride_d,groom_adult,bride_adult,relationship,groom_id,bride_id,user_id,register_id,officiant_id) VALUES (10,true,727,470,'L','1849-03-19','Praha',15,11,1,15,11,25,false,false,'ne',265,131,1,39,1);
--------------------------Witness--------------------------
INSERT INTO "Witness" (person_id,marriage_id,side,relationship) VALUES (85,10,'ženicha','jiné');
INSERT INTO "Witness" (person_id,marriage_id,side,relationship) VALUES (181,10,'ženicha','sourozenec');
INSERT INTO "Witness" (person_id,marriage_id,side,relationship) VALUES (78,10,'nevěsty','sourozenec');
INSERT INTO "Witness" (person_id,marriage_id,side,relationship) VALUES (58,10,'nevěsty','jiné');
INSERT INTO "Marriage" (_id_marriage,rec_ready,rec_order,scan_order,scan_layout,date,village,groom_y,groom_m,groom_d,bride_y,bride_m,bride_d,groom_adult,bride_adult,relationship,groom_id,bride_id,user_id,register_id,officiant_id,banns_1,banns_2,banns_3) VALUES (11,true,1,312,'C','1861-10-28','Ústí nad Labem',24,2,23,34,5,7,true,true,'ne',33,178,1,168,0,'1861-10-21','1861-10-14','1861-10-07');
--------------------------Witness--------------------------
INSERT INTO "Witness" (person_id,marriage_id,side,relationship) VALUES (107,11,'ženicha','sourozenec');
INSERT INTO "Witness" (person_id,marriage_id,side,relationship) VALUES (27,11,'ženicha','sourozenec');
INSERT INTO "Witness" (person_id,marriage_id,side,relationship) VALUES (246,11,'nevěsty','jiné');
INSERT INTO "Witness" (person_id,marriage_id,side,relationship) VALUES (215,11,'nevěsty','sourozenec');
INSERT INTO "Marriage" (_id_marriage,rec_ready,rec_order,scan_order,scan_layout,date,village,groom_y,groom_m,groom_d,bride_y,bride_m,bride_d,groom_adult,bride_adult,relationship,groom_id,bride_id,user_id,register_id,officiant_id) VALUES (12,true,433,172,'C','1851-11-08','Ústí nad Labem',18,10,27,21,10,22,true,true,'ne',218,208,0,217,1);
--------------------------Witness--------------------------
INSERT INTO "Witness" (person_id,marriage_id,side,relationship) VALUES (180,12,'ženicha','jiné');
INSERT INTO "Witness" (person_id,marriage_id,side,relationship) VALUES (53,12,'ženicha','sourozenec');
INSERT INTO "Witness" (person_id,marriage_id,side,relationship) VALUES (199,12,'nevěsty','sourozenec');
INSERT INTO "Witness" (person_id,marriage_id,side,relationship) VALUES (157,12,'nevěsty','sourozenec');
INSERT INTO "Marriage" (_id_marriage,rec_ready,rec_order,scan_order,scan_layout,date,village,groom_y,groom_m,groom_d,bride_y,bride_m,bride_d,groom_adult,bride_adult,relationship,groom_id,bride_id,user_id,register_id,officiant_id) VALUES (13,true,668,612,'C','1856-07-01','České Budějovice',25,4,6,23,2,0,true,true,'ne',254,97,0,85,1);
--------------------------Witness--------------------------
INSERT INTO "Witness" (person_id,marriage_id,side,relationship) VALUES (147,13,'ženicha','jiné');
INSERT INTO "Witness" (person_id,marriage_id,side,relationship) VALUES (73,13,'ženicha','přítel');
INSERT INTO "Witness" (person_id,marriage_id,side,relationship) VALUES (71,13,'nevěsty','jiné');
INSERT INTO "Witness" (person_id,marriage_id,side,relationship) VALUES (47,13,'nevěsty','sourozenec');
INSERT INTO "Marriage" (_id_marriage,rec_ready,rec_order,scan_order,scan_layout,date,village,groom_y,groom_m,groom_d,bride_y,bride_m,bride_d,groom_adult,bride_adult,relationship,groom_id,bride_id,user_id,register_id,officiant_id,banns_1,banns_2,banns_3) VALUES (14,true,292,239,'C','1854-07-25','Zlín',28,3,9,23,9,29,true,true,'ne',128,39,0,128,0,'1854-07-18','1854-07-11','1854-07-04');
--------------------------Witness--------------------------
INSERT INTO "Witness" (person_id,marriage_id,side,relationship) VALUES (4,14,'ženicha','sourozenec');
INSERT INTO "Witness" (person_id,marriage_id,side,relationship) VALUES (251,14,'ženicha','jiné');
INSERT INTO "Witness" (person_id,marriage_id,side,relationship) VALUES (220,14,'nevěsty','jiné');
INSERT INTO "Witness" (person_id,marriage_id,side,relationship) VALUES (200,14,'nevěsty','přítel');
INSERT INTO "Marriage" (_id_marriage,rec_ready,rec_order,scan_order,scan_layout,date,village,groom_y,groom_m,groom_d,bride_y,bride_m,bride_d,groom_adult,bride_adult,relationship,groom_id,bride_id,user_id,register_id,officiant_id) VALUES (15,true,811,830,'C','1856-03-30','Kladno',18,11,27,29,6,26,true,true,'ne',168,240,0,7,2);
--------------------------Witness--------------------------
INSERT INTO "Witness" (person_id,marriage_id,side,relationship) VALUES (25,15,'ženicha','sourozenec');
INSERT INTO "Witness" (person_id,marriage_id,side,relationship) VALUES (16,15,'ženicha','sourozenec');
INSERT INTO "Witness" (person_id,marriage_id,side,relationship) VALUES (195,15,'nevěsty','sourozenec');
INSERT INTO "Witness" (person_id,marriage_id,side,relationship) VALUES (65,15,'nevěsty','přítel');
INSERT INTO "Marriage" (_id_marriage,rec_ready,rec_order,scan_order,scan_layout,date,village,groom_y,groom_m,groom_d,bride_y,bride_m,bride_d,groom_adult,bride_adult,relationship,groom_id,bride_id,user_id,register_id,officiant_id) VALUES (16,false,795,524,'P','1851-04-21','Most',21,0,3,21,8,24,true,true,'ne',76,5,1,46,0);
--------------------------Witness--------------------------
INSERT INTO "Witness" (person_id,marriage_id,side,relationship) VALUES (20,16,'ženicha','jiné');
INSERT INTO "Witness" (person_id,marriage_id,side,relationship) VALUES (93,16,'ženicha','jiné');
INSERT INTO "Witness" (person_id,marriage_id,side,relationship) VALUES (219,16,'nevěsty','jiné');
INSERT INTO "Witness" (person_id,marriage_id,side,relationship) VALUES (171,16,'nevěsty','přítel');
INSERT INTO "Marriage" (_id_marriage,rec_ready,rec_order,scan_order,scan_layout,date,village,groom_y,groom_m,groom_d,bride_y,bride_m,bride_d,groom_adult,bride_adult,relationship,groom_id,bride_id,user_id,register_id,officiant_id,banns_1) VALUES (17,true,765,485,'C','1848-11-08','Praha',21,2,5,13,2,4,true,false,'ne',66,197,1,181,1,'1848-11-01');
--------------------------Witness--------------------------
INSERT INTO "Witness" (person_id,marriage_id,side,relationship) VALUES (61,17,'ženicha','přítel');
INSERT INTO "Witness" (person_id,marriage_id,side,relationship) VALUES (84,17,'ženicha','přítel');
INSERT INTO "Witness" (person_id,marriage_id,side,relationship) VALUES (45,17,'nevěsty','jiné');
INSERT INTO "Witness" (person_id,marriage_id,side,relationship) VALUES (177,17,'nevěsty','jiné');
INSERT INTO "Marriage" (_id_marriage,rec_ready,rec_order,scan_order,scan_layout,date,village,groom_y,groom_m,groom_d,bride_y,bride_m,bride_d,groom_adult,bride_adult,relationship,groom_id,bride_id,user_id,register_id,officiant_id,banns_1,banns_2) VALUES (18,false,425,675,'C','1853-04-16','Ostrava',21,7,1,25,2,17,true,true,'ne',25,161,1,142,1,'1853-04-09','1853-04-02');
--------------------------Witness--------------------------
INSERT INTO "Witness" (person_id,marriage_id,side,relationship) VALUES (105,18,'ženicha','přítel');
INSERT INTO "Witness" (person_id,marriage_id,side,relationship) VALUES (36,18,'ženicha','jiné');
INSERT INTO "Witness" (person_id,marriage_id,side,relationship) VALUES (183,18,'nevěsty','jiné');
INSERT INTO "Witness" (person_id,marriage_id,side,relationship) VALUES (148,18,'nevěsty','přítel');
INSERT INTO "Marriage" (_id_marriage,rec_ready,rec_order,scan_order,scan_layout,date,village,groom_y,groom_m,groom_d,bride_y,bride_m,bride_d,groom_adult,bride_adult,relationship,groom_id,bride_id,user_id,register_id,officiant_id,banns_1) VALUES (19,true,190,759,'L','1856-12-06','Praha',24,5,27,30,11,19,true,true,'ne',149,36,0,76,1,'1856-11-29');
--------------------------Witness--------------------------
INSERT INTO "Witness" (person_id,marriage_id,side,relationship) VALUES (97,19,'ženicha','jiné');
INSERT INTO "Witness" (person_id,marriage_id,side,relationship) VALUES (236,19,'ženicha','jiné');
INSERT INTO "Witness" (person_id,marriage_id,side,relationship) VALUES (58,19,'nevěsty','přítel');
INSERT INTO "Witness" (person_id,marriage_id,side,relationship) VALUES (104,19,'nevěsty','sourozenec');
INSERT INTO "Marriage" (_id_marriage,rec_ready,rec_order,scan_order,scan_layout,date,village,groom_y,groom_m,groom_d,bride_y,bride_m,bride_d,groom_adult,bride_adult,relationship,groom_id,bride_id,user_id,register_id,officiant_id,banns_1,banns_2) VALUES (20,true,237,318,'P','1860-10-14','Ústí nad Labem',30,7,22,32,0,9,true,true,'ne',201,106,0,34,1,'1860-10-07','1860-09-30');
--------------------------Witness--------------------------
INSERT INTO "Witness" (person_id,marriage_id,side,relationship) VALUES (117,20,'ženicha','přítel');
INSERT INTO "Witness" (person_id,marriage_id,side,relationship) VALUES (263,20,'ženicha','jiné');
INSERT INTO "Witness" (person_id,marriage_id,side,relationship) VALUES (111,20,'nevěsty','sourozenec');
INSERT INTO "Witness" (person_id,marriage_id,side,relationship) VALUES (211,20,'nevěsty','sourozenec');
INSERT INTO "Marriage" (_id_marriage,rec_ready,rec_order,scan_order,scan_layout,date,village,groom_y,groom_m,groom_d,bride_y,bride_m,bride_d,groom_adult,bride_adult,relationship,groom_id,bride_id,user_id,register_id,officiant_id) VALUES (21,false,382,317,'L','1856-09-21','Plzeň',25,10,23,20,5,17,true,true,'ne',100,191,1,186,2);
--------------------------Witness--------------------------
INSERT INTO "Witness" (person_id,marriage_id,side,relationship) VALUES (115,21,'ženicha','jiné');
INSERT INTO "Witness" (person_id,marriage_id,side,relationship) VALUES (137,21,'ženicha','jiné');
INSERT INTO "Witness" (person_id,marriage_id,side,relationship) VALUES (15,21,'nevěsty','sourozenec');
INSERT INTO "Witness" (person_id,marriage_id,side,relationship) VALUES (199,21,'nevěsty','jiné');
INSERT INTO "Marriage" (_id_marriage,rec_ready,rec_order,scan_order,scan_layout,date,village,groom_y,groom_m,groom_d,bride_y,bride_m,bride_d,groom_adult,bride_adult,relationship,groom_id,bride_id,user_id,register_id,officiant_id,banns_1) VALUES (22,true,364,577,'P','1859-01-21','Opava',22,11,19,33,2,0,true,true,'ne',145,125,1,68,2,'1859-01-14');
--------------------------Witness--------------------------
INSERT INTO "Witness" (person_id,marriage_id,side,relationship) VALUES (130,22,'ženicha','jiné');
INSERT INTO "Witness" (person_id,marriage_id,side,relationship) VALUES (252,22,'ženicha','sourozenec');
INSERT INTO "Witness" (person_id,marriage_id,side,relationship) VALUES (108,22,'nevěsty','jiné');
INSERT INTO "Witness" (person_id,marriage_id,side,relationship) VALUES (148,22,'nevěsty','sourozenec');
INSERT INTO "Marriage" (_id_marriage,rec_ready,rec_order,scan_order,scan_layout,date,village,groom_y,groom_m,groom_d,bride_y,bride_m,bride_d,groom_adult,bride_adult,relationship,groom_id,bride_id,user_id,register_id,officiant_id) VALUES (23,false,942,767,'C','1846-05-06','Most',21,0,23,16,0,10,true,false,'ne',82,46,0,50,2);
--------------------------Witness--------------------------
INSERT INTO "Witness" (person_id,marriage_id,side,relationship) VALUES (141,23,'ženicha','sourozenec');
INSERT INTO "Witness" (person_id,marriage_id,side,relationship) VALUES (22,23,'ženicha','sourozenec');
INSERT INTO "Witness" (person_id,marriage_id,side,relationship) VALUES (56,23,'nevěsty','jiné');
INSERT INTO "Witness" (person_id,marriage_id,side,relationship) VALUES (217,23,'nevěsty','jiné');
INSERT INTO "Marriage" (_id_marriage,rec_ready,rec_order,scan_order,scan_layout,date,village,groom_y,groom_m,groom_d,bride_y,bride_m,bride_d,groom_adult,bride_adult,relationship,groom_id,bride_id,user_id,register_id,officiant_id) VALUES (24,true,819,795,'P','1855-04-03','Opava',27,7,2,24,4,19,true,true,'ne',66,30,0,2,1);
--------------------------Witness--------------------------
INSERT INTO "Witness" (person_id,marriage_id,side,relationship) VALUES (77,24,'ženicha','přítel');
INSERT INTO "Witness" (person_id,marriage_id,side,relationship) VALUES (34,24,'ženicha','sourozenec');
INSERT INTO "Witness" (person_id,marriage_id,side,relationship) VALUES (9,24,'nevěsty','sourozenec');
INSERT INTO "Witness" (person_id,marriage_id,side,relationship) VALUES (143,24,'nevěsty','jiné');
INSERT INTO "Marriage" (_id_marriage,rec_ready,rec_order,scan_order,scan_layout,date,village,groom_y,groom_m,groom_d,bride_y,bride_m,bride_d,groom_adult,bride_adult,relationship,groom_id,bride_id,user_id,register_id,officiant_id) VALUES (25,false,742,215,'C','1865-04-11','Olomouc',26,0,1,32,9,9,true,true,'ne',141,62,1,0,2);
--------------------------Witness--------------------------
INSERT INTO "Witness" (person_id,marriage_id,side,relationship) VALUES (252,25,'ženicha','jiné');
INSERT INTO "Witness" (person_id,marriage_id,side,relationship) VALUES (137,25,'ženicha','jiné');
INSERT INTO "Witness" (person_id,marriage_id,side,relationship) VALUES (72,25,'nevěsty','sourozenec');
INSERT INTO "Witness" (person_id,marriage_id,side,relationship) VALUES (3,25,'nevěsty','jiné');
INSERT INTO "Marriage" (_id_marriage,rec_ready,rec_order,scan_order,scan_layout,date,village,groom_y,groom_m,groom_d,bride_y,bride_m,bride_d,groom_adult,bride_adult,relationship,groom_id,bride_id,user_id,register_id,officiant_id) VALUES (26,true,662,217,'L','1860-06-30','Plzeň',27,6,19,21,3,8,true,true,'ne',218,185,1,193,1);
--------------------------Witness--------------------------
INSERT INTO "Witness" (person_id,marriage_id,side,relationship) VALUES (18,26,'ženicha','sourozenec');
INSERT INTO "Witness" (person_id,marriage_id,side,relationship) VALUES (6,26,'ženicha','jiné');
INSERT INTO "Witness" (person_id,marriage_id,side,relationship) VALUES (58,26,'nevěsty','jiné');
INSERT INTO "Witness" (person_id,marriage_id,side,relationship) VALUES (240,26,'nevěsty','sourozenec');
INSERT INTO "Marriage" (_id_marriage,rec_ready,rec_order,scan_order,scan_layout,date,village,groom_y,groom_m,groom_d,bride_y,bride_m,bride_d,groom_adult,bride_adult,relationship,groom_id,bride_id,user_id,register_id,officiant_id,banns_1) VALUES (27,true,940,538,'L','1861-01-27','Ostrava',30,8,15,33,0,15,true,true,'ne',194,247,0,196,2,'1861-01-20');
--------------------------Witness--------------------------
INSERT INTO "Witness" (person_id,marriage_id,side,relationship) VALUES (220,27,'ženicha','sourozenec');
INSERT INTO "Witness" (person_id,marriage_id,side,relationship) VALUES (148,27,'ženicha','sourozenec');
INSERT INTO "Witness" (person_id,marriage_id,side,relationship) VALUES (183,27,'nevěsty','sourozenec');
INSERT INTO "Witness" (person_id,marriage_id,side,relationship) VALUES (28,27,'nevěsty','jiné');
INSERT INTO "Marriage" (_id_marriage,rec_ready,rec_order,scan_order,scan_layout,date,village,groom_y,groom_m,groom_d,bride_y,bride_m,bride_d,groom_adult,bride_adult,relationship,groom_id,bride_id,user_id,register_id,officiant_id,banns_1,banns_2,banns_3) VALUES (28,true,652,112,'P','1853-01-09','Plzeň',22,10,17,21,9,17,true,true,'ne',201,113,0,16,2,'1853-01-02','1852-12-26','1852-12-19');
--------------------------Witness--------------------------
INSERT INTO "Witness" (person_id,marriage_id,side,relationship) VALUES (259,28,'ženicha','jiné');
INSERT INTO "Witness" (person_id,marriage_id,side,relationship) VALUES (109,28,'ženicha','sourozenec');
INSERT INTO "Witness" (person_id,marriage_id,side,relationship) VALUES (112,28,'nevěsty','sourozenec');
INSERT INTO "Witness" (person_id,marriage_id,side,relationship) VALUES (223,28,'nevěsty','přítel');
INSERT INTO "Marriage" (_id_marriage,rec_ready,rec_order,scan_order,scan_layout,date,village,groom_y,groom_m,groom_d,bride_y,bride_m,bride_d,groom_adult,bride_adult,relationship,groom_id,bride_id,user_id,register_id,officiant_id,banns_1) VALUES (29,true,702,160,'C','1848-01-07','Havířov',15,0,21,15,3,16,false,false,'ne',218,204,1,5,1,'1847-12-31');
--------------------------Witness--------------------------
INSERT INTO "Witness" (person_id,marriage_id,side,relationship) VALUES (163,29,'ženicha','sourozenec');
INSERT INTO "Witness" (person_id,marriage_id,side,relationship) VALUES (233,29,'ženicha','jiné');
INSERT INTO "Witness" (person_id,marriage_id,side,relationship) VALUES (3,29,'nevěsty','sourozenec');
INSERT INTO "Witness" (person_id,marriage_id,side,relationship) VALUES (212,29,'nevěsty','jiné');
INSERT INTO "Marriage" (_id_marriage,rec_ready,rec_order,scan_order,scan_layout,date,village,groom_y,groom_m,groom_d,bride_y,bride_m,bride_d,groom_adult,bride_adult,relationship,groom_id,bride_id,user_id,register_id,officiant_id) VALUES (30,true,298,70,'P','1861-09-21','Kladno',24,1,16,34,7,15,true,true,'ne',33,136,1,110,0);
--------------------------Witness--------------------------
INSERT INTO "Witness" (person_id,marriage_id,side,relationship) VALUES (151,30,'ženicha','sourozenec');
INSERT INTO "Witness" (person_id,marriage_id,side,relationship) VALUES (240,30,'ženicha','jiné');
INSERT INTO "Witness" (person_id,marriage_id,side,relationship) VALUES (148,30,'nevěsty','sourozenec');
INSERT INTO "Witness" (person_id,marriage_id,side,relationship) VALUES (60,30,'nevěsty','přítel');
INSERT INTO "Marriage" (_id_marriage,rec_ready,rec_order,scan_order,scan_layout,date,village,groom_y,groom_m,groom_d,bride_y,bride_m,bride_d,groom_adult,bride_adult,relationship,groom_id,bride_id,user_id,register_id,officiant_id,banns_1) VALUES (31,false,786,173,'C','1858-08-25','Zlín',29,2,5,28,6,27,true,true,'ne',119,224,1,54,1,'1858-08-18');
--------------------------Witness--------------------------
INSERT INTO "Witness" (person_id,marriage_id,side,relationship) VALUES (75,31,'ženicha','jiné');
INSERT INTO "Witness" (person_id,marriage_id,side,relationship) VALUES (102,31,'ženicha','sourozenec');
INSERT INTO "Witness" (person_id,marriage_id,side,relationship) VALUES (61,31,'nevěsty','sourozenec');
INSERT INTO "Witness" (person_id,marriage_id,side,relationship) VALUES (136,31,'nevěsty','jiné');
INSERT INTO "Marriage" (_id_marriage,rec_ready,rec_order,scan_order,scan_layout,date,village,groom_y,groom_m,groom_d,bride_y,bride_m,bride_d,groom_adult,bride_adult,relationship,groom_id,bride_id,user_id,register_id,officiant_id,banns_1,banns_2,banns_3) VALUES (32,true,684,804,'C','1858-01-18','Praha',28,7,1,18,5,10,true,true,'ne',119,22,0,205,1,'1858-01-11','1858-01-04','1857-12-28');
--------------------------Witness--------------------------
INSERT INTO "Witness" (person_id,marriage_id,side,relationship) VALUES (150,32,'ženicha','sourozenec');
INSERT INTO "Witness" (person_id,marriage_id,side,relationship) VALUES (86,32,'ženicha','přítel');
INSERT INTO "Witness" (person_id,marriage_id,side,relationship) VALUES (77,32,'nevěsty','sourozenec');
INSERT INTO "Witness" (person_id,marriage_id,side,relationship) VALUES (126,32,'nevěsty','jiné');
INSERT INTO "Marriage" (_id_marriage,rec_ready,rec_order,scan_order,scan_layout,date,village,groom_y,groom_m,groom_d,bride_y,bride_m,bride_d,groom_adult,bride_adult,relationship,groom_id,bride_id,user_id,register_id,officiant_id) VALUES (33,true,938,825,'C','1852-09-01','Hradec Králové',23,4,13,21,8,2,true,true,'ne',53,188,1,15,0);
--------------------------Witness--------------------------
INSERT INTO "Witness" (person_id,marriage_id,side,relationship) VALUES (231,33,'ženicha','jiné');
INSERT INTO "Witness" (person_id,marriage_id,side,relationship) VALUES (70,33,'ženicha','sourozenec');
INSERT INTO "Witness" (person_id,marriage_id,side,relationship) VALUES (167,33,'nevěsty','sourozenec');
INSERT INTO "Witness" (person_id,marriage_id,side,relationship) VALUES (207,33,'nevěsty','sourozenec');
INSERT INTO "Marriage" (_id_marriage,rec_ready,rec_order,scan_order,scan_layout,date,village,groom_y,groom_m,groom_d,bride_y,bride_m,bride_d,groom_adult,bride_adult,relationship,groom_id,bride_id,user_id,register_id,officiant_id) VALUES (34,true,897,623,'P','1857-02-12','Ostrava',25,4,29,22,0,14,true,true,'ne',25,237,0,75,2);
--------------------------Witness--------------------------
INSERT INTO "Witness" (person_id,marriage_id,side,relationship) VALUES (244,34,'ženicha','přítel');
INSERT INTO "Witness" (person_id,marriage_id,side,relationship) VALUES (224,34,'ženicha','jiné');
INSERT INTO "Witness" (person_id,marriage_id,side,relationship) VALUES (243,34,'nevěsty','přítel');
INSERT INTO "Witness" (person_id,marriage_id,side,relationship) VALUES (78,34,'nevěsty','jiné');
INSERT INTO "Marriage" (_id_marriage,rec_ready,rec_order,scan_order,scan_layout,date,village,groom_y,groom_m,groom_d,bride_y,bride_m,bride_d,groom_adult,bride_adult,relationship,groom_id,bride_id,user_id,register_id,officiant_id,banns_1,banns_2,banns_3) VALUES (35,true,75,339,'P','1854-12-26','Liberec',26,10,10,19,3,23,true,true,'ne',158,197,0,43,1,'1854-12-19','1854-12-12','1854-12-05');
--------------------------Witness--------------------------
INSERT INTO "Witness" (person_id,marriage_id,side,relationship) VALUES (110,35,'ženicha','přítel');
INSERT INTO "Witness" (person_id,marriage_id,side,relationship) VALUES (210,35,'ženicha','jiné');
INSERT INTO "Witness" (person_id,marriage_id,side,relationship) VALUES (136,35,'nevěsty','jiné');
INSERT INTO "Witness" (person_id,marriage_id,side,relationship) VALUES (155,35,'nevěsty','sourozenec');
INSERT INTO "Marriage" (_id_marriage,rec_ready,rec_order,scan_order,scan_layout,date,village,groom_y,groom_m,groom_d,bride_y,bride_m,bride_d,groom_adult,bride_adult,relationship,groom_id,bride_id,user_id,register_id,officiant_id,banns_1,banns_2) VALUES (36,true,634,626,'L','1848-01-18','Pardubice',14,9,0,18,0,27,false,true,'ne',265,208,0,98,1,'1848-01-11','1848-01-04');
--------------------------Witness--------------------------
INSERT INTO "Witness" (person_id,marriage_id,side,relationship) VALUES (167,36,'ženicha','jiné');
INSERT INTO "Witness" (person_id,marriage_id,side,relationship) VALUES (121,36,'ženicha','jiné');
INSERT INTO "Witness" (person_id,marriage_id,side,relationship) VALUES (90,36,'nevěsty','přítel');
INSERT INTO "Witness" (person_id,marriage_id,side,relationship) VALUES (19,36,'nevěsty','přítel');
INSERT INTO "Marriage" (_id_marriage,rec_ready,rec_order,scan_order,scan_layout,date,village,groom_y,groom_m,groom_d,bride_y,bride_m,bride_d,groom_adult,bride_adult,relationship,groom_id,bride_id,user_id,register_id,officiant_id) VALUES (37,true,600,897,'C','1856-12-22','Olomouc',26,10,0,29,7,1,true,true,'ne',201,178,0,70,2);
--------------------------Witness--------------------------
INSERT INTO "Witness" (person_id,marriage_id,side,relationship) VALUES (252,37,'ženicha','jiné');
INSERT INTO "Witness" (person_id,marriage_id,side,relationship) VALUES (33,37,'ženicha','sourozenec');
INSERT INTO "Witness" (person_id,marriage_id,side,relationship) VALUES (256,37,'nevěsty','jiné');
INSERT INTO "Witness" (person_id,marriage_id,side,relationship) VALUES (45,37,'nevěsty','jiné');
INSERT INTO "Marriage" (_id_marriage,rec_ready,rec_order,scan_order,scan_layout,date,village,groom_y,groom_m,groom_d,bride_y,bride_m,bride_d,groom_adult,bride_adult,relationship,groom_id,bride_id,user_id,register_id,officiant_id,banns_1) VALUES (38,true,38,260,'P','1845-07-28','Brno',16,8,28,17,5,28,false,false,'ne',122,161,1,150,2,'1845-07-21');
--------------------------Witness--------------------------
INSERT INTO "Witness" (person_id,marriage_id,side,relationship) VALUES (15,38,'ženicha','sourozenec');
INSERT INTO "Witness" (person_id,marriage_id,side,relationship) VALUES (160,38,'ženicha','sourozenec');
INSERT INTO "Witness" (person_id,marriage_id,side,relationship) VALUES (7,38,'nevěsty','jiné');
INSERT INTO "Witness" (person_id,marriage_id,side,relationship) VALUES (204,38,'nevěsty','jiné');
INSERT INTO "Marriage" (_id_marriage,rec_ready,rec_order,scan_order,scan_layout,date,village,groom_y,groom_m,groom_d,bride_y,bride_m,bride_d,groom_adult,bride_adult,relationship,groom_id,bride_id,user_id,register_id,officiant_id) VALUES (39,true,493,948,'L','1861-04-12','Pardubice',23,8,9,25,5,7,true,true,'ne',33,85,0,139,2);
--------------------------Witness--------------------------
INSERT INTO "Witness" (person_id,marriage_id,side,relationship) VALUES (115,39,'ženicha','sourozenec');
INSERT INTO "Witness" (person_id,marriage_id,side,relationship) VALUES (191,39,'ženicha','jiné');
INSERT INTO "Witness" (person_id,marriage_id,side,relationship) VALUES (60,39,'nevěsty','sourozenec');
INSERT INTO "Witness" (person_id,marriage_id,side,relationship) VALUES (32,39,'nevěsty','jiné');
INSERT INTO "Marriage" (_id_marriage,rec_ready,rec_order,scan_order,scan_layout,date,village,groom_y,groom_m,groom_d,bride_y,bride_m,bride_d,groom_adult,bride_adult,relationship,groom_id,bride_id,user_id,register_id,officiant_id) VALUES (40,true,157,208,'P','1863-06-03','Ústí nad Labem',33,3,9,27,1,28,true,true,'ne',201,191,1,133,2);
--------------------------Witness--------------------------
INSERT INTO "Witness" (person_id,marriage_id,side,relationship) VALUES (85,40,'ženicha','sourozenec');
INSERT INTO "Witness" (person_id,marriage_id,side,relationship) VALUES (6,40,'ženicha','jiné');
INSERT INTO "Witness" (person_id,marriage_id,side,relationship) VALUES (16,40,'nevěsty','jiné');
INSERT INTO "Witness" (person_id,marriage_id,side,relationship) VALUES (238,40,'nevěsty','jiné');
INSERT INTO "Marriage" (_id_marriage,rec_ready,rec_order,scan_order,scan_layout,date,village,groom_y,groom_m,groom_d,bride_y,bride_m,bride_d,groom_adult,bride_adult,relationship,groom_id,bride_id,user_id,register_id,officiant_id) VALUES (41,true,67,93,'C','1871-02-03','Praha',31,10,0,38,7,3,true,true,'ne',141,62,1,22,0);
--------------------------Witness--------------------------
INSERT INTO "Witness" (person_id,marriage_id,side,relationship) VALUES (134,41,'ženicha','sourozenec');
INSERT INTO "Witness" (person_id,marriage_id,side,relationship) VALUES (148,41,'ženicha','přítel');
INSERT INTO "Witness" (person_id,marriage_id,side,relationship) VALUES (80,41,'nevěsty','sourozenec');
INSERT INTO "Witness" (person_id,marriage_id,side,relationship) VALUES (153,41,'nevěsty','jiné');
--------------------------Death--------------------------
INSERT INTO "Death" (_id_death,rec_ready,rec_order,scan_order,scan_layout,death_village,death_street,death_descr,place_funeral,widowed,age_y,age_m,age_d,age_h,inspection,person_id,user_id,register_id,director_id,celebrant_id,death_cause,death_date,funeral_date) VALUES (59,true,278,429,'C','Pardubice','Chranislava',67247,'Pardubice',true,98,0,23,10,false,265,0,30,1,1,'souchotiny','1931-04-26','1931-04-28');
INSERT INTO "Death" (_id_death,rec_ready,rec_order,scan_order,scan_layout,death_village,death_street,death_descr,place_funeral,widowed,age_y,age_m,age_d,age_h,inspection,person_id,user_id,register_id,director_id,celebrant_id,place_death,death_date,funeral_date) VALUES (58,true,257,658,'L','Ústí nad Labem','Adriana',112,'Pardubice',true,55,0,14,5,false,258,1,55,0,0,'nemocnice','1893-10-31','1893-11-02');
INSERT INTO "Death" (_id_death,rec_ready,rec_order,scan_order,scan_layout,death_village,death_street,death_descr,place_funeral,widowed,age_y,age_m,age_d,age_h,inspection,person_id,user_id,register_id,director_id,celebrant_id,provision_date) VALUES (57,true,156,581,'C','Opava','Mořic',706,'Liberec',false,7,0,2,20,false,254,1,168,2,2,'1838-03-04');
INSERT INTO "Death" (_id_death,rec_ready,rec_order,scan_order,scan_layout,death_village,death_street,death_descr,place_funeral,widowed,age_y,age_m,age_d,age_h,inspection,person_id,user_id,register_id,director_id,celebrant_id,death_cause,death_date,funeral_date) VALUES (56,true,318,296,'C','Havířov','Dědková',04643,'Havířov',false,80,0,19,15,false,247,1,110,2,1,'souchotiny','1908-01-21','1908-01-23');
INSERT INTO "Death" (_id_death,rec_ready,rec_order,scan_order,scan_layout,death_village,death_street,death_descr,place_funeral,widowed,age_y,age_m,age_d,age_h,inspection,person_id,user_id,register_id,director_id,celebrant_id,place_death,death_cause,death_date,funeral_date,inspection_by) VALUES (55,true,454,139,'C','Pardubice','šindler',556,'Pardubice',false,24,0,6,3,true,240,1,163,2,1,'v řece Svitavě u Bilovic','angina','1850-09-13','1850-09-15','Dr. Hrachovina');
INSERT INTO "Death" (_id_death,rec_ready,rec_order,scan_order,scan_layout,death_village,death_street,death_descr,place_funeral,widowed,age_y,age_m,age_d,age_h,inspection,person_id,user_id,register_id,director_id,celebrant_id,death_date,funeral_date) VALUES (54,true,930,851,'C','Pardubice','Králíčková',2392,'Pardubice',false,47,0,12,3,false,237,0,190,1,1,'1882-02-04','1882-02-06');
INSERT INTO "Death" (_id_death,rec_ready,rec_order,scan_order,scan_layout,death_village,death_street,death_descr,place_funeral,widowed,age_y,age_m,age_d,age_h,inspection,person_id,user_id,register_id,director_id,celebrant_id,death_date,funeral_date,inspection_by) VALUES (53,true,754,852,'P','Ostrava','Albína',19224,'Havířov',false,88,0,21,21,true,232,1,47,1,2,'1927-10-21','1927-10-23','Dr. Hrachovina');
INSERT INTO "Death" (_id_death,rec_ready,rec_order,scan_order,scan_layout,death_village,death_street,death_descr,place_funeral,widowed,age_y,age_m,age_d,age_h,inspection,person_id,user_id,register_id,director_id,celebrant_id,place_death,death_date,funeral_date) VALUES (52,true,612,283,'P','Hradec Králové','Műller',076,'Hradec Králové',true,79,0,19,3,false,229,0,61,2,1,'v řece Svitavě u Bilovic','1905-06-06','1905-06-08');
INSERT INTO "Death" (_id_death,rec_ready,rec_order,scan_order,scan_layout,death_village,death_street,death_descr,place_funeral,widowed,age_y,age_m,age_d,age_h,inspection,person_id,user_id,register_id,director_id,celebrant_id,death_date,funeral_date) VALUES (51,true,998,637,'C','Kladno','Květoslav',494,'Opava',false,38,0,9,10,false,224,0,89,2,0,'1868-02-06','1868-02-08');
INSERT INTO "Death" (_id_death,rec_ready,rec_order,scan_order,scan_layout,death_village,death_street,death_descr,place_funeral,widowed,age_y,age_m,age_d,age_h,inspection,person_id,user_id,register_id,director_id,celebrant_id,death_cause,provision_date) VALUES (50,false,901,263,'C','Ostrava','Dorián',5541,'Brno',false,28,0,7,2,false,218,1,129,0,1,'zánět plic','1860-12-20');
INSERT INTO "Death" (_id_death,rec_ready,rec_order,scan_order,scan_layout,death_village,death_street,death_descr,place_funeral,widowed,age_y,age_m,age_d,age_h,inspection,person_id,user_id,register_id,director_id,celebrant_id,provision_date) VALUES (49,true,338,703,'P','Plzeň','Petronius',80380,'Most',false,85,0,21,15,false,211,0,2,1,2,'1912-07-17');
INSERT INTO "Death" (_id_death,rec_ready,rec_order,scan_order,scan_layout,death_village,death_street,death_descr,place_funeral,widowed,age_y,age_m,age_d,age_h,inspection,person_id,user_id,register_id,director_id,celebrant_id,death_cause,death_date,funeral_date) VALUES (48,true,109,574,'C','Most','Jaklová',03452,'Most',false,69,0,17,1,false,208,1,22,1,0,'osýpky','1898-12-26','1898-12-28');
INSERT INTO "Death" (_id_death,rec_ready,rec_order,scan_order,scan_layout,death_village,death_street,death_descr,place_funeral,widowed,age_y,age_m,age_d,age_h,inspection,person_id,user_id,register_id,director_id,celebrant_id,death_cause,provision_date) VALUES (47,true,630,785,'C','Most','řeháček',181,'Havířov',false,59,0,14,19,false,204,0,116,1,2,'záduch','1891-09-26');
INSERT INTO "Death" (_id_death,rec_ready,rec_order,scan_order,scan_layout,death_village,death_street,death_descr,place_funeral,widowed,age_y,age_m,age_d,age_h,inspection,person_id,user_id,register_id,director_id,celebrant_id,provision_date) VALUES (46,true,147,570,'C','Ostrava','Natalie',111,'Ústí nad Labem',true,19,0,5,17,false,201,0,189,1,1,'1849-03-04');
INSERT INTO "Death" (_id_death,rec_ready,rec_order,scan_order,scan_layout,death_village,death_street,death_descr,place_funeral,widowed,age_y,age_m,age_d,age_h,inspection,person_id,user_id,register_id,director_id,celebrant_id,death_cause,provision_date,inspection_by) VALUES (45,true,253,875,'C','Ostrava','šímová',877,'Pardubice',false,99,0,24,5,true,197,0,84,0,2,'souchotiny','1934-09-09','Dr. Hrachovina');
INSERT INTO "Death" (_id_death,rec_ready,rec_order,scan_order,scan_layout,death_village,death_street,death_descr,place_funeral,widowed,age_y,age_m,age_d,age_h,inspection,person_id,user_id,register_id,director_id,celebrant_id,death_cause,death_date,funeral_date,inspection_by) VALUES (44,true,194,377,'C','Kladno','Herbert',6737,'Kladno',false,34,0,9,11,true,194,1,121,0,1,'souchotiny','1864-05-25','1864-05-27','Dr. Nováček');
INSERT INTO "Death" (_id_death,rec_ready,rec_order,scan_order,scan_layout,death_village,death_street,death_descr,place_funeral,widowed,age_y,age_m,age_d,age_h,inspection,person_id,user_id,register_id,director_id,celebrant_id,death_cause,notes,death_date,funeral_date) VALUES (43,true,777,47,'P','Plzeň','Jasněna',450,'Plzeň',false,95,0,22,4,false,191,0,113,0,0,'záškrt','chyba zápisu, prohozené rubriky','1931-04-12','1931-04-14');
INSERT INTO "Death" (_id_death,rec_ready,rec_order,scan_order,scan_layout,death_village,death_street,death_descr,place_funeral,widowed,age_y,age_m,age_d,age_h,inspection,person_id,user_id,register_id,director_id,celebrant_id,death_date,funeral_date,inspection_by) VALUES (42,true,946,409,'C','Havířov','Smetana',949,'Plzeň',false,96,0,23,6,true,188,0,219,1,2,'1927-01-08','1927-01-10','Dr. Nováček');
INSERT INTO "Death" (_id_death,rec_ready,rec_order,scan_order,scan_layout,death_village,death_street,death_descr,place_funeral,widowed,age_y,age_m,age_d,age_h,inspection,person_id,user_id,register_id,director_id,celebrant_id,place_death,death_cause,death_date,funeral_date,inspection_by) VALUES (41,true,282,860,'P','Plzeň','Kolumbín',2644,'Plzeň',false,87,0,21,11,true,185,0,93,0,2,'nemocnice','ochrnutí plic','1926-03-30','1926-04-01','Dr. Nováček');
INSERT INTO "Death" (_id_death,rec_ready,rec_order,scan_order,scan_layout,death_village,death_street,death_descr,place_funeral,widowed,age_y,age_m,age_d,age_h,inspection,person_id,user_id,register_id,director_id,celebrant_id,death_cause,provision_date) VALUES (40,true,600,232,'C','Olomouc','Lorna',6095,'Olomouc',false,29,0,8,19,false,178,0,216,2,2,'souchotiny','1856-06-02');
INSERT INTO "Death" (_id_death,rec_ready,rec_order,scan_order,scan_layout,death_village,death_street,death_descr,place_funeral,widowed,age_y,age_m,age_d,age_h,inspection,person_id,user_id,register_id,director_id,celebrant_id,provision_date) VALUES (39,true,264,430,'L','Praha','Petronela',2348,'Opava',true,38,0,10,0,false,175,1,27,1,2,'1872-03-04');
INSERT INTO "Death" (_id_death,rec_ready,rec_order,scan_order,scan_layout,death_village,death_street,death_descr,place_funeral,widowed,age_y,age_m,age_d,age_h,inspection,person_id,user_id,register_id,director_id,celebrant_id,provision_date) VALUES (38,true,240,837,'C','Pardubice','Hermanová',34359,'Pardubice',false,14,0,3,13,false,168,1,74,0,0,'1851-04-12');
INSERT INTO "Death" (_id_death,rec_ready,rec_order,scan_order,scan_layout,death_village,death_street,death_descr,place_funeral,widowed,age_y,age_m,age_d,age_h,inspection,person_id,user_id,register_id,director_id,celebrant_id,death_cause,provision_date) VALUES (37,false,635,950,'C','Ostrava','Kalivoda',7329,'Ostrava',true,19,0,5,12,false,161,0,206,0,0,'sešlost věkem','1847-02-05');
INSERT INTO "Death" (_id_death,rec_ready,rec_order,scan_order,scan_layout,death_village,death_street,death_descr,place_funeral,widowed,age_y,age_m,age_d,age_h,inspection,person_id,user_id,register_id,director_id,celebrant_id,place_death,provision_date,inspection_by) VALUES (36,true,393,32,'L','Plzeň','Matula',33129,'Most',false,77,0,19,3,true,158,1,131,2,1,'v řece Svitavě u Bilovic','1905-02-26','Dr. Nováček');
INSERT INTO "Death" (_id_death,rec_ready,rec_order,scan_order,scan_layout,death_village,death_street,death_descr,place_funeral,widowed,age_y,age_m,age_d,age_h,inspection,person_id,user_id,register_id,director_id,celebrant_id,death_cause,notes,death_date,funeral_date) VALUES (35,true,345,112,'P','Ústí nad Labem','Leontýna',4008,'Olomouc',false,96,0,23,12,false,155,0,18,1,2,'osýpky','chyba zápisu, prohozené rubriky','1933-06-08','1933-06-10');
INSERT INTO "Death" (_id_death,rec_ready,rec_order,scan_order,scan_layout,death_village,death_street,death_descr,place_funeral,widowed,age_y,age_m,age_d,age_h,inspection,person_id,user_id,register_id,director_id,celebrant_id,death_cause,death_date,funeral_date,inspection_by) VALUES (34,true,33,324,'P','Zlín','šípová',36164,'Zlín',false,22,0,5,12,true,149,1,5,1,2,'osýpky','1854-06-18','1854-06-20','Dr. Nováček');
INSERT INTO "Death" (_id_death,rec_ready,rec_order,scan_order,scan_layout,death_village,death_street,death_descr,place_funeral,widowed,age_y,age_m,age_d,age_h,inspection,person_id,user_id,register_id,director_id,celebrant_id,death_date,funeral_date) VALUES (33,true,113,799,'L','Havířov','Martinek',5774,'Havířov',false,65,0,16,17,false,145,1,28,2,2,'1901-02-12','1901-02-14');
INSERT INTO "Death" (_id_death,rec_ready,rec_order,scan_order,scan_layout,death_village,death_street,death_descr,place_funeral,widowed,age_y,age_m,age_d,age_h,inspection,person_id,user_id,register_id,director_id,celebrant_id,place_death,death_cause,death_date,funeral_date) VALUES (32,true,743,91,'P','Olomouc','Borislav',40097,'Olomouc',true,94,0,23,13,false,141,1,164,2,2,'nemocnice','osýpky','1933-04-17','1933-04-19');
INSERT INTO "Death" (_id_death,rec_ready,rec_order,scan_order,scan_layout,death_village,death_street,death_descr,place_funeral,widowed,age_y,age_m,age_d,age_h,inspection,person_id,user_id,register_id,director_id,celebrant_id,death_cause,death_date,funeral_date) VALUES (31,true,284,946,'P','Praha','Zderad',8769,'Praha',false,3,0,1,18,false,136,1,114,0,1,'srdečná vada','1830-02-17','1830-02-19');
INSERT INTO "Death" (_id_death,rec_ready,rec_order,scan_order,scan_layout,death_village,death_street,death_descr,place_funeral,widowed,age_y,age_m,age_d,age_h,inspection,person_id,user_id,register_id,director_id,celebrant_id,death_cause,death_date,funeral_date,inspection_by) VALUES (30,true,601,713,'C','Liberec','Pavla',91420,'Praha',false,81,0,19,10,true,131,1,192,2,0,'chřadnutí','1914-04-02','1914-04-04','Dr. Nováček');
INSERT INTO "Death" (_id_death,rec_ready,rec_order,scan_order,scan_layout,death_village,death_street,death_descr,place_funeral,widowed,age_y,age_m,age_d,age_h,inspection,person_id,user_id,register_id,director_id,celebrant_id,death_cause,death_date,funeral_date) VALUES (29,false,754,167,'C','Olomouc','Fuksa',6592,'Opava',false,77,0,18,21,false,128,1,193,1,1,'souchotiny','1903-04-24','1903-04-26');
INSERT INTO "Death" (_id_death,rec_ready,rec_order,scan_order,scan_layout,death_village,death_street,death_descr,place_funeral,widowed,age_y,age_m,age_d,age_h,inspection,person_id,user_id,register_id,director_id,celebrant_id,place_death,death_date,funeral_date) VALUES (28,true,712,459,'C','Hradec Králové','Koudelková',392,'Hradec Králové',true,28,0,7,18,false,125,0,194,2,2,'nemocnice','1853-11-30','1853-12-02');
INSERT INTO "Death" (_id_death,rec_ready,rec_order,scan_order,scan_layout,death_village,death_street,death_descr,place_funeral,widowed,age_y,age_m,age_d,age_h,inspection,person_id,user_id,register_id,director_id,celebrant_id,death_cause,death_date,funeral_date,inspection_by) VALUES (27,true,90,549,'P','Havířov','Majrová',53591,'Brno',false,34,0,8,15,true,122,1,36,0,1,'utopený','1862-11-06','1862-11-08','Dr. Nováček');
INSERT INTO "Death" (_id_death,rec_ready,rec_order,scan_order,scan_layout,death_village,death_street,death_descr,place_funeral,widowed,age_y,age_m,age_d,age_h,inspection,person_id,user_id,register_id,director_id,celebrant_id,provision_date,inspection_by) VALUES (26,true,438,388,'P','Zlín','Hanák',8115,'Zlín',false,50,0,12,18,true,119,0,17,0,2,'1879-06-28','Dr. Hrachovina');
INSERT INTO "Death" (_id_death,rec_ready,rec_order,scan_order,scan_layout,death_village,death_street,death_descr,place_funeral,widowed,age_y,age_m,age_d,age_h,inspection,person_id,user_id,register_id,director_id,celebrant_id,notes,provision_date) VALUES (25,true,909,208,'C','Ústí nad Labem','Mirko',00635,'Plzeň',false,19,0,5,16,false,113,0,111,1,1,'chyba zápisu, prohozené rubriky','1850-04-03');
INSERT INTO "Death" (_id_death,rec_ready,rec_order,scan_order,scan_layout,death_village,death_street,death_descr,place_funeral,widowed,age_y,age_m,age_d,age_h,inspection,person_id,user_id,register_id,director_id,celebrant_id,place_death,death_date,funeral_date,inspection_by) VALUES (24,true,242,25,'C','Zlín','Ludvíková',0161,'Zlín',false,64,0,16,18,true,106,1,76,0,1,'v řece Svitavě u Bilovic','1892-10-13','1892-10-15','Dr. Nováček');
INSERT INTO "Death" (_id_death,rec_ready,rec_order,scan_order,scan_layout,death_village,death_street,death_descr,place_funeral,widowed,age_y,age_m,age_d,age_h,inspection,person_id,user_id,register_id,director_id,celebrant_id,death_cause,provision_date,inspection_by) VALUES (23,false,625,912,'C','Plzeň','Křečková',093,'Plzeň',false,16,0,4,15,true,100,0,109,1,1,'souchotiny','1846-11-09','Dr. Hrachovina');
INSERT INTO "Death" (_id_death,rec_ready,rec_order,scan_order,scan_layout,death_village,death_street,death_descr,place_funeral,widowed,age_y,age_m,age_d,age_h,inspection,person_id,user_id,register_id,director_id,celebrant_id,death_cause,notes,death_date,funeral_date) VALUES (22,true,938,721,'L','Ostrava','Vilém',0345,'České Budějovice',false,97,0,23,21,false,97,0,186,1,1,'slabost těla','chyba zápisu, prohozené rubriky','1930-05-08','1930-05-10');
INSERT INTO "Death" (_id_death,rec_ready,rec_order,scan_order,scan_layout,death_village,death_street,death_descr,place_funeral,widowed,age_y,age_m,age_d,age_h,inspection,person_id,user_id,register_id,director_id,celebrant_id,place_death,death_date,funeral_date,inspection_by) VALUES (21,true,914,260,'C','Ústí nad Labem','Dudová',532,'Ústí nad Labem',true,70,0,16,2,true,91,1,182,1,1,'v řece Svitavě u Bilovic','1906-12-14','1906-12-16','Dr. Hrachovina');
INSERT INTO "Death" (_id_death,rec_ready,rec_order,scan_order,scan_layout,death_village,death_street,death_descr,place_funeral,widowed,age_y,age_m,age_d,age_h,inspection,person_id,user_id,register_id,director_id,celebrant_id,place_death,death_date,funeral_date) VALUES (20,true,601,243,'C','Zlín','Budimír',75185,'Zlín',false,74,0,17,10,false,88,0,154,0,1,'nemocnice','1911-01-19','1911-01-21');
INSERT INTO "Death" (_id_death,rec_ready,rec_order,scan_order,scan_layout,death_village,death_street,death_descr,place_funeral,widowed,age_y,age_m,age_d,age_h,inspection,person_id,user_id,register_id,director_id,celebrant_id,place_death,death_date,funeral_date) VALUES (19,true,871,982,'C','Most','Kubín',5258,'Hradec Králové',true,60,0,15,3,false,85,0,153,1,2,'nemocnice','1895-11-13','1895-11-15');
INSERT INTO "Death" (_id_death,rec_ready,rec_order,scan_order,scan_layout,death_village,death_street,death_descr,place_funeral,widowed,age_y,age_m,age_d,age_h,inspection,person_id,user_id,register_id,director_id,celebrant_id,place_death,death_cause,death_date,funeral_date) VALUES (18,true,309,388,'P','Most','Norbert',5413,'Most',false,32,0,8,6,false,82,1,132,1,2,'nemocnice','souchotiny','1857-04-18','1857-04-20');
INSERT INTO "Death" (_id_death,rec_ready,rec_order,scan_order,scan_layout,death_village,death_street,death_descr,place_funeral,widowed,age_y,age_m,age_d,age_h,inspection,person_id,user_id,register_id,director_id,celebrant_id,provision_date) VALUES (17,true,414,277,'C','Liberec','Slováčková',441,'Liberec',false,15,0,4,8,false,76,0,41,0,1,'1845-04-23');
INSERT INTO "Death" (_id_death,rec_ready,rec_order,scan_order,scan_layout,death_village,death_street,death_descr,place_funeral,widowed,age_y,age_m,age_d,age_h,inspection,person_id,user_id,register_id,director_id,celebrant_id,notes,death_date,funeral_date) VALUES (16,true,884,79,'L','Kladno','Gejza',91670,'Olomouc',false,43,0,11,13,false,71,1,15,0,2,'poznámky...','1878-02-11','1878-02-13');
INSERT INTO "Death" (_id_death,rec_ready,rec_order,scan_order,scan_layout,death_village,death_street,death_descr,place_funeral,widowed,age_y,age_m,age_d,age_h,inspection,person_id,user_id,register_id,director_id,celebrant_id,death_cause,death_date,funeral_date,inspection_by) VALUES (15,true,153,156,'L','Pardubice','Marisa',3436,'Pardubice',false,16,0,4,7,true,66,1,64,0,1,'souchotiny','1843-09-10','1843-09-12','Dr. Nováček');
INSERT INTO "Death" (_id_death,rec_ready,rec_order,scan_order,scan_layout,death_village,death_street,death_descr,place_funeral,widowed,age_y,age_m,age_d,age_h,inspection,person_id,user_id,register_id,director_id,celebrant_id,death_date,funeral_date,inspection_by) VALUES (14,true,666,657,'P','Ústí nad Labem','Nguyen',147,'Praha',false,58,0,14,18,true,62,1,48,1,2,'1890-07-14','1890-07-16','Dr. Hrachovina');
INSERT INTO "Death" (_id_death,rec_ready,rec_order,scan_order,scan_layout,death_village,death_street,death_descr,place_funeral,widowed,age_y,age_m,age_d,age_h,inspection,person_id,user_id,register_id,director_id,celebrant_id,death_date,funeral_date) VALUES (13,true,538,264,'C','Hradec Králové','Livie',9937,'Plzeň',false,99,0,24,6,false,59,0,157,0,0,'1930-12-08','1930-12-10');
INSERT INTO "Death" (_id_death,rec_ready,rec_order,scan_order,scan_layout,death_village,death_street,death_descr,place_funeral,widowed,age_y,age_m,age_d,age_h,inspection,person_id,user_id,register_id,director_id,celebrant_id,death_date,funeral_date) VALUES (12,true,411,116,'C','Kladno','Beránková',915,'Kladno',false,64,0,16,20,false,56,1,63,2,0,'1897-06-11','1897-06-13');
INSERT INTO "Death" (_id_death,rec_ready,rec_order,scan_order,scan_layout,death_village,death_street,death_descr,place_funeral,widowed,age_y,age_m,age_d,age_h,inspection,person_id,user_id,register_id,director_id,celebrant_id,provision_date) VALUES (11,false,452,325,'C','Most','Suchánek',1026,'Hradec Králové',false,90,0,21,23,false,53,0,31,2,1,'1919-04-27');
INSERT INTO "Death" (_id_death,rec_ready,rec_order,scan_order,scan_layout,death_village,death_street,death_descr,place_funeral,widowed,age_y,age_m,age_d,age_h,inspection,person_id,user_id,register_id,director_id,celebrant_id,death_date,funeral_date,inspection_by) VALUES (10,true,467,493,'C','Most','Anatol',972,'Most',true,52,0,13,19,true,46,0,136,0,2,'1882-04-30','1882-05-02','Dr. Hrachovina');
INSERT INTO "Death" (_id_death,rec_ready,rec_order,scan_order,scan_layout,death_village,death_street,death_descr,place_funeral,widowed,age_y,age_m,age_d,age_h,inspection,person_id,user_id,register_id,director_id,celebrant_id,death_date,funeral_date) VALUES (9,true,104,344,'C','Liberec','Pařízková',6956,'Liberec',false,8,0,2,3,false,39,0,78,2,1,'1838-10-05','1838-10-07');
INSERT INTO "Death" (_id_death,rec_ready,rec_order,scan_order,scan_layout,death_village,death_street,death_descr,place_funeral,widowed,age_y,age_m,age_d,age_h,inspection,person_id,user_id,register_id,director_id,celebrant_id,death_cause,death_date,funeral_date) VALUES (8,true,367,597,'C','Opava','Bezděková',04597,'Opava',false,55,0,14,0,false,36,1,100,0,1,'souchotiny','1880-12-30','1881-01-01');
INSERT INTO "Death" (_id_death,rec_ready,rec_order,scan_order,scan_layout,death_village,death_street,death_descr,place_funeral,widowed,age_y,age_m,age_d,age_h,inspection,person_id,user_id,register_id,director_id,celebrant_id,death_cause,death_date,funeral_date,inspection_by) VALUES (7,false,539,491,'C','Pardubice','Dalimila',635,'Pardubice',false,60,0,15,17,true,33,0,101,0,2,'zánět plic','1897-08-12','1897-08-14','Dr. Hrachovina');
INSERT INTO "Death" (_id_death,rec_ready,rec_order,scan_order,scan_layout,death_village,death_street,death_descr,place_funeral,widowed,age_y,age_m,age_d,age_h,inspection,person_id,user_id,register_id,director_id,celebrant_id,provision_date,inspection_by) VALUES (6,false,366,426,'C','Zlín','Horníčková',21929,'Zlín',false,59,0,15,13,true,30,1,169,2,0,'1889-11-21','Dr. Nováček');
INSERT INTO "Death" (_id_death,rec_ready,rec_order,scan_order,scan_layout,death_village,death_street,death_descr,place_funeral,widowed,age_y,age_m,age_d,age_h,inspection,person_id,user_id,register_id,director_id,celebrant_id,death_cause,provision_date,inspection_by) VALUES (5,true,34,423,'L','Ústí nad Labem','Hanzal',486,'České Budějovice',false,90,0,22,11,true,25,1,148,1,2,'osýpky','1921-09-23','Dr. Nováček');
INSERT INTO "Death" (_id_death,rec_ready,rec_order,scan_order,scan_layout,death_village,death_street,death_descr,place_funeral,widowed,age_y,age_m,age_d,age_h,inspection,person_id,user_id,register_id,director_id,celebrant_id,death_date,funeral_date,inspection_by) VALUES (4,true,864,958,'L','Havířov','Petronela',285,'Havířov',true,25,0,7,21,true,22,1,133,2,0,'1864-08-16','1864-08-18','Dr. Hrachovina');
INSERT INTO "Death" (_id_death,rec_ready,rec_order,scan_order,scan_layout,death_village,death_street,death_descr,place_funeral,widowed,age_y,age_m,age_d,age_h,inspection,person_id,user_id,register_id,director_id,celebrant_id,death_cause,death_date,funeral_date) VALUES (3,true,439,668,'P','Ústí nad Labem','Doubravová',12325,'Olomouc',true,93,0,22,15,false,18,0,21,0,2,'osýpky','1927-11-30','1927-12-02');
INSERT INTO "Death" (_id_death,rec_ready,rec_order,scan_order,scan_layout,death_village,death_street,death_descr,place_funeral,widowed,age_y,age_m,age_d,age_h,inspection,person_id,user_id,register_id,director_id,celebrant_id,death_cause,death_date,funeral_date) VALUES (2,true,900,572,'C','Brno','Ariel',07665,'Brno',false,21,0,6,3,false,11,1,72,1,1,'utopený','1852-09-26','1852-09-28');
INSERT INTO "Death" (_id_death,rec_ready,rec_order,scan_order,scan_layout,death_village,death_street,death_descr,place_funeral,widowed,age_y,age_m,age_d,age_h,inspection,person_id,user_id,register_id,director_id,celebrant_id,death_cause,death_date,funeral_date) VALUES (1,true,4,215,'L','Ústí nad Labem','Zezulová',46697,'Ústí nad Labem',true,51,0,13,22,false,5,0,98,2,0,'utopený','1880-08-05','1880-08-07');
