--------------------------User--------------------------
INSERT INTO "User" (_id_user,name) VALUES (0,'Juliana Kováč');
INSERT INTO "User" (_id_user,name) VALUES (1,'Klaudius Nejedlý');
--------------------------Register--------------------------
INSERT INTO "Register" (_id_register,archive,fond,signature) VALUES (0,'ARCH0','FOND0',0);
INSERT INTO "Register" (_id_register,archive,fond,signature) VALUES (1,'ARCH0','FOND0',1);
INSERT INTO "Register" (_id_register,archive,fond,signature) VALUES (2,'ARCH0','FOND0',2);
INSERT INTO "Register" (_id_register,archive,fond,signature) VALUES (3,'ARCH0','FOND0',3);
INSERT INTO "Register" (_id_register,archive,fond,signature) VALUES (4,'ARCH0','FOND0',4);
INSERT INTO "Register" (_id_register,archive,fond,signature) VALUES (5,'ARCH0','FOND0',5);
INSERT INTO "Register" (_id_register,archive,fond,signature) VALUES (6,'ARCH0','FOND0',6);
INSERT INTO "Register" (_id_register,archive,fond,signature) VALUES (7,'ARCH0','FOND0',7);
INSERT INTO "Register" (_id_register,archive,fond,signature) VALUES (8,'ARCH0','FOND0',8);
INSERT INTO "Register" (_id_register,archive,fond,signature) VALUES (9,'ARCH0','FOND0',9);
INSERT INTO "Register" (_id_register,archive,fond,signature) VALUES (10,'ARCH0','FOND0',10);
INSERT INTO "Register" (_id_register,archive,fond,signature) VALUES (11,'ARCH0','FOND0',11);
INSERT INTO "Register" (_id_register,archive,fond,signature) VALUES (12,'ARCH0','FOND0',12);
INSERT INTO "Register" (_id_register,archive,fond,signature) VALUES (13,'ARCH0','FOND0',13);
INSERT INTO "Register" (_id_register,archive,fond,signature) VALUES (14,'ARCH0','FOND0',14);
INSERT INTO "Register" (_id_register,archive,fond,signature) VALUES (15,'ARCH0','FOND1',0);
INSERT INTO "Register" (_id_register,archive,fond,signature) VALUES (16,'ARCH0','FOND1',1);
INSERT INTO "Register" (_id_register,archive,fond,signature) VALUES (17,'ARCH0','FOND1',2);
INSERT INTO "Register" (_id_register,archive,fond,signature) VALUES (18,'ARCH0','FOND1',3);
INSERT INTO "Register" (_id_register,archive,fond,signature) VALUES (19,'ARCH0','FOND1',4);
INSERT INTO "Register" (_id_register,archive,fond,signature) VALUES (20,'ARCH0','FOND1',5);
INSERT INTO "Register" (_id_register,archive,fond,signature) VALUES (21,'ARCH0','FOND1',6);
INSERT INTO "Register" (_id_register,archive,fond,signature) VALUES (22,'ARCH0','FOND1',7);
INSERT INTO "Register" (_id_register,archive,fond,signature) VALUES (23,'ARCH0','FOND1',8);
INSERT INTO "Register" (_id_register,archive,fond,signature) VALUES (24,'ARCH0','FOND1',9);
INSERT INTO "Register" (_id_register,archive,fond,signature) VALUES (25,'ARCH0','FOND1',10);
INSERT INTO "Register" (_id_register,archive,fond,signature) VALUES (26,'ARCH0','FOND1',11);
INSERT INTO "Register" (_id_register,archive,fond,signature) VALUES (27,'ARCH0','FOND1',12);
INSERT INTO "Register" (_id_register,archive,fond,signature) VALUES (28,'ARCH0','FOND1',13);
INSERT INTO "Register" (_id_register,archive,fond,signature) VALUES (29,'ARCH0','FOND1',14);
INSERT INTO "Register" (_id_register,archive,fond,signature) VALUES (30,'ARCH0','FOND2',0);
INSERT INTO "Register" (_id_register,archive,fond,signature) VALUES (31,'ARCH0','FOND2',1);
INSERT INTO "Register" (_id_register,archive,fond,signature) VALUES (32,'ARCH0','FOND2',2);
INSERT INTO "Register" (_id_register,archive,fond,signature) VALUES (33,'ARCH0','FOND2',3);
INSERT INTO "Register" (_id_register,archive,fond,signature) VALUES (34,'ARCH0','FOND2',4);
INSERT INTO "Register" (_id_register,archive,fond,signature) VALUES (35,'ARCH0','FOND2',5);
INSERT INTO "Register" (_id_register,archive,fond,signature) VALUES (36,'ARCH0','FOND2',6);
INSERT INTO "Register" (_id_register,archive,fond,signature) VALUES (37,'ARCH0','FOND2',7);
INSERT INTO "Register" (_id_register,archive,fond,signature) VALUES (38,'ARCH0','FOND2',8);
INSERT INTO "Register" (_id_register,archive,fond,signature) VALUES (39,'ARCH0','FOND2',9);
INSERT INTO "Register" (_id_register,archive,fond,signature) VALUES (40,'ARCH0','FOND2',10);
INSERT INTO "Register" (_id_register,archive,fond,signature) VALUES (41,'ARCH0','FOND2',11);
INSERT INTO "Register" (_id_register,archive,fond,signature) VALUES (42,'ARCH0','FOND2',12);
INSERT INTO "Register" (_id_register,archive,fond,signature) VALUES (43,'ARCH0','FOND2',13);
INSERT INTO "Register" (_id_register,archive,fond,signature) VALUES (44,'ARCH0','FOND2',14);
INSERT INTO "Register" (_id_register,archive,fond,signature) VALUES (45,'ARCH0','FOND3',0);
INSERT INTO "Register" (_id_register,archive,fond,signature) VALUES (46,'ARCH0','FOND3',1);
INSERT INTO "Register" (_id_register,archive,fond,signature) VALUES (47,'ARCH0','FOND3',2);
INSERT INTO "Register" (_id_register,archive,fond,signature) VALUES (48,'ARCH0','FOND3',3);
INSERT INTO "Register" (_id_register,archive,fond,signature) VALUES (49,'ARCH0','FOND3',4);
INSERT INTO "Register" (_id_register,archive,fond,signature) VALUES (50,'ARCH0','FOND3',5);
INSERT INTO "Register" (_id_register,archive,fond,signature) VALUES (51,'ARCH0','FOND3',6);
INSERT INTO "Register" (_id_register,archive,fond,signature) VALUES (52,'ARCH0','FOND3',7);
INSERT INTO "Register" (_id_register,archive,fond,signature) VALUES (53,'ARCH0','FOND3',8);
INSERT INTO "Register" (_id_register,archive,fond,signature) VALUES (54,'ARCH0','FOND3',9);
INSERT INTO "Register" (_id_register,archive,fond,signature) VALUES (55,'ARCH0','FOND3',10);
INSERT INTO "Register" (_id_register,archive,fond,signature) VALUES (56,'ARCH0','FOND3',11);
INSERT INTO "Register" (_id_register,archive,fond,signature) VALUES (57,'ARCH0','FOND3',12);
INSERT INTO "Register" (_id_register,archive,fond,signature) VALUES (58,'ARCH0','FOND3',13);
INSERT INTO "Register" (_id_register,archive,fond,signature) VALUES (59,'ARCH0','FOND3',14);
INSERT INTO "Register" (_id_register,archive,fond,signature) VALUES (60,'ARCH0','FOND4',0);
INSERT INTO "Register" (_id_register,archive,fond,signature) VALUES (61,'ARCH0','FOND4',1);
INSERT INTO "Register" (_id_register,archive,fond,signature) VALUES (62,'ARCH0','FOND4',2);
INSERT INTO "Register" (_id_register,archive,fond,signature) VALUES (63,'ARCH0','FOND4',3);
INSERT INTO "Register" (_id_register,archive,fond,signature) VALUES (64,'ARCH0','FOND4',4);
INSERT INTO "Register" (_id_register,archive,fond,signature) VALUES (65,'ARCH0','FOND4',5);
INSERT INTO "Register" (_id_register,archive,fond,signature) VALUES (66,'ARCH0','FOND4',6);
INSERT INTO "Register" (_id_register,archive,fond,signature) VALUES (67,'ARCH0','FOND4',7);
INSERT INTO "Register" (_id_register,archive,fond,signature) VALUES (68,'ARCH0','FOND4',8);
INSERT INTO "Register" (_id_register,archive,fond,signature) VALUES (69,'ARCH0','FOND4',9);
INSERT INTO "Register" (_id_register,archive,fond,signature) VALUES (70,'ARCH0','FOND4',10);
INSERT INTO "Register" (_id_register,archive,fond,signature) VALUES (71,'ARCH0','FOND4',11);
INSERT INTO "Register" (_id_register,archive,fond,signature) VALUES (72,'ARCH0','FOND4',12);
INSERT INTO "Register" (_id_register,archive,fond,signature) VALUES (73,'ARCH0','FOND4',13);
INSERT INTO "Register" (_id_register,archive,fond,signature) VALUES (74,'ARCH0','FOND4',14);
INSERT INTO "Register" (_id_register,archive,fond,signature) VALUES (75,'ARCH1','FOND0',0);
INSERT INTO "Register" (_id_register,archive,fond,signature) VALUES (76,'ARCH1','FOND0',1);
INSERT INTO "Register" (_id_register,archive,fond,signature) VALUES (77,'ARCH1','FOND0',2);
INSERT INTO "Register" (_id_register,archive,fond,signature) VALUES (78,'ARCH1','FOND0',3);
INSERT INTO "Register" (_id_register,archive,fond,signature) VALUES (79,'ARCH1','FOND0',4);
INSERT INTO "Register" (_id_register,archive,fond,signature) VALUES (80,'ARCH1','FOND0',5);
INSERT INTO "Register" (_id_register,archive,fond,signature) VALUES (81,'ARCH1','FOND0',6);
INSERT INTO "Register" (_id_register,archive,fond,signature) VALUES (82,'ARCH1','FOND0',7);
INSERT INTO "Register" (_id_register,archive,fond,signature) VALUES (83,'ARCH1','FOND0',8);
INSERT INTO "Register" (_id_register,archive,fond,signature) VALUES (84,'ARCH1','FOND0',9);
INSERT INTO "Register" (_id_register,archive,fond,signature) VALUES (85,'ARCH1','FOND0',10);
INSERT INTO "Register" (_id_register,archive,fond,signature) VALUES (86,'ARCH1','FOND0',11);
INSERT INTO "Register" (_id_register,archive,fond,signature) VALUES (87,'ARCH1','FOND0',12);
INSERT INTO "Register" (_id_register,archive,fond,signature) VALUES (88,'ARCH1','FOND0',13);
INSERT INTO "Register" (_id_register,archive,fond,signature) VALUES (89,'ARCH1','FOND0',14);
INSERT INTO "Register" (_id_register,archive,fond,signature) VALUES (90,'ARCH1','FOND1',0);
INSERT INTO "Register" (_id_register,archive,fond,signature) VALUES (91,'ARCH1','FOND1',1);
INSERT INTO "Register" (_id_register,archive,fond,signature) VALUES (92,'ARCH1','FOND1',2);
INSERT INTO "Register" (_id_register,archive,fond,signature) VALUES (93,'ARCH1','FOND1',3);
INSERT INTO "Register" (_id_register,archive,fond,signature) VALUES (94,'ARCH1','FOND1',4);
INSERT INTO "Register" (_id_register,archive,fond,signature) VALUES (95,'ARCH1','FOND1',5);
INSERT INTO "Register" (_id_register,archive,fond,signature) VALUES (96,'ARCH1','FOND1',6);
INSERT INTO "Register" (_id_register,archive,fond,signature) VALUES (97,'ARCH1','FOND1',7);
INSERT INTO "Register" (_id_register,archive,fond,signature) VALUES (98,'ARCH1','FOND1',8);
INSERT INTO "Register" (_id_register,archive,fond,signature) VALUES (99,'ARCH1','FOND1',9);
INSERT INTO "Register" (_id_register,archive,fond,signature) VALUES (100,'ARCH1','FOND1',10);
INSERT INTO "Register" (_id_register,archive,fond,signature) VALUES (101,'ARCH1','FOND1',11);
INSERT INTO "Register" (_id_register,archive,fond,signature) VALUES (102,'ARCH1','FOND1',12);
INSERT INTO "Register" (_id_register,archive,fond,signature) VALUES (103,'ARCH1','FOND1',13);
INSERT INTO "Register" (_id_register,archive,fond,signature) VALUES (104,'ARCH1','FOND1',14);
INSERT INTO "Register" (_id_register,archive,fond,signature) VALUES (105,'ARCH1','FOND2',0);
INSERT INTO "Register" (_id_register,archive,fond,signature) VALUES (106,'ARCH1','FOND2',1);
INSERT INTO "Register" (_id_register,archive,fond,signature) VALUES (107,'ARCH1','FOND2',2);
INSERT INTO "Register" (_id_register,archive,fond,signature) VALUES (108,'ARCH1','FOND2',3);
INSERT INTO "Register" (_id_register,archive,fond,signature) VALUES (109,'ARCH1','FOND2',4);
INSERT INTO "Register" (_id_register,archive,fond,signature) VALUES (110,'ARCH1','FOND2',5);
INSERT INTO "Register" (_id_register,archive,fond,signature) VALUES (111,'ARCH1','FOND2',6);
INSERT INTO "Register" (_id_register,archive,fond,signature) VALUES (112,'ARCH1','FOND2',7);
INSERT INTO "Register" (_id_register,archive,fond,signature) VALUES (113,'ARCH1','FOND2',8);
INSERT INTO "Register" (_id_register,archive,fond,signature) VALUES (114,'ARCH1','FOND2',9);
INSERT INTO "Register" (_id_register,archive,fond,signature) VALUES (115,'ARCH1','FOND2',10);
INSERT INTO "Register" (_id_register,archive,fond,signature) VALUES (116,'ARCH1','FOND2',11);
INSERT INTO "Register" (_id_register,archive,fond,signature) VALUES (117,'ARCH1','FOND2',12);
INSERT INTO "Register" (_id_register,archive,fond,signature) VALUES (118,'ARCH1','FOND2',13);
INSERT INTO "Register" (_id_register,archive,fond,signature) VALUES (119,'ARCH1','FOND2',14);
INSERT INTO "Register" (_id_register,archive,fond,signature) VALUES (120,'ARCH1','FOND3',0);
INSERT INTO "Register" (_id_register,archive,fond,signature) VALUES (121,'ARCH1','FOND3',1);
INSERT INTO "Register" (_id_register,archive,fond,signature) VALUES (122,'ARCH1','FOND3',2);
INSERT INTO "Register" (_id_register,archive,fond,signature) VALUES (123,'ARCH1','FOND3',3);
INSERT INTO "Register" (_id_register,archive,fond,signature) VALUES (124,'ARCH1','FOND3',4);
INSERT INTO "Register" (_id_register,archive,fond,signature) VALUES (125,'ARCH1','FOND3',5);
INSERT INTO "Register" (_id_register,archive,fond,signature) VALUES (126,'ARCH1','FOND3',6);
INSERT INTO "Register" (_id_register,archive,fond,signature) VALUES (127,'ARCH1','FOND3',7);
INSERT INTO "Register" (_id_register,archive,fond,signature) VALUES (128,'ARCH1','FOND3',8);
INSERT INTO "Register" (_id_register,archive,fond,signature) VALUES (129,'ARCH1','FOND3',9);
INSERT INTO "Register" (_id_register,archive,fond,signature) VALUES (130,'ARCH1','FOND3',10);
INSERT INTO "Register" (_id_register,archive,fond,signature) VALUES (131,'ARCH1','FOND3',11);
INSERT INTO "Register" (_id_register,archive,fond,signature) VALUES (132,'ARCH1','FOND3',12);
INSERT INTO "Register" (_id_register,archive,fond,signature) VALUES (133,'ARCH1','FOND3',13);
INSERT INTO "Register" (_id_register,archive,fond,signature) VALUES (134,'ARCH1','FOND3',14);
INSERT INTO "Register" (_id_register,archive,fond,signature) VALUES (135,'ARCH1','FOND4',0);
INSERT INTO "Register" (_id_register,archive,fond,signature) VALUES (136,'ARCH1','FOND4',1);
INSERT INTO "Register" (_id_register,archive,fond,signature) VALUES (137,'ARCH1','FOND4',2);
INSERT INTO "Register" (_id_register,archive,fond,signature) VALUES (138,'ARCH1','FOND4',3);
INSERT INTO "Register" (_id_register,archive,fond,signature) VALUES (139,'ARCH1','FOND4',4);
INSERT INTO "Register" (_id_register,archive,fond,signature) VALUES (140,'ARCH1','FOND4',5);
INSERT INTO "Register" (_id_register,archive,fond,signature) VALUES (141,'ARCH1','FOND4',6);
INSERT INTO "Register" (_id_register,archive,fond,signature) VALUES (142,'ARCH1','FOND4',7);
INSERT INTO "Register" (_id_register,archive,fond,signature) VALUES (143,'ARCH1','FOND4',8);
INSERT INTO "Register" (_id_register,archive,fond,signature) VALUES (144,'ARCH1','FOND4',9);
INSERT INTO "Register" (_id_register,archive,fond,signature) VALUES (145,'ARCH1','FOND4',10);
INSERT INTO "Register" (_id_register,archive,fond,signature) VALUES (146,'ARCH1','FOND4',11);
INSERT INTO "Register" (_id_register,archive,fond,signature) VALUES (147,'ARCH1','FOND4',12);
INSERT INTO "Register" (_id_register,archive,fond,signature) VALUES (148,'ARCH1','FOND4',13);
INSERT INTO "Register" (_id_register,archive,fond,signature) VALUES (149,'ARCH1','FOND4',14);
INSERT INTO "Register" (_id_register,archive,fond,signature) VALUES (150,'ARCH2','FOND0',0);
INSERT INTO "Register" (_id_register,archive,fond,signature) VALUES (151,'ARCH2','FOND0',1);
INSERT INTO "Register" (_id_register,archive,fond,signature) VALUES (152,'ARCH2','FOND0',2);
INSERT INTO "Register" (_id_register,archive,fond,signature) VALUES (153,'ARCH2','FOND0',3);
INSERT INTO "Register" (_id_register,archive,fond,signature) VALUES (154,'ARCH2','FOND0',4);
INSERT INTO "Register" (_id_register,archive,fond,signature) VALUES (155,'ARCH2','FOND0',5);
INSERT INTO "Register" (_id_register,archive,fond,signature) VALUES (156,'ARCH2','FOND0',6);
INSERT INTO "Register" (_id_register,archive,fond,signature) VALUES (157,'ARCH2','FOND0',7);
INSERT INTO "Register" (_id_register,archive,fond,signature) VALUES (158,'ARCH2','FOND0',8);
INSERT INTO "Register" (_id_register,archive,fond,signature) VALUES (159,'ARCH2','FOND0',9);
INSERT INTO "Register" (_id_register,archive,fond,signature) VALUES (160,'ARCH2','FOND0',10);
INSERT INTO "Register" (_id_register,archive,fond,signature) VALUES (161,'ARCH2','FOND0',11);
INSERT INTO "Register" (_id_register,archive,fond,signature) VALUES (162,'ARCH2','FOND0',12);
INSERT INTO "Register" (_id_register,archive,fond,signature) VALUES (163,'ARCH2','FOND0',13);
INSERT INTO "Register" (_id_register,archive,fond,signature) VALUES (164,'ARCH2','FOND0',14);
INSERT INTO "Register" (_id_register,archive,fond,signature) VALUES (165,'ARCH2','FOND1',0);
INSERT INTO "Register" (_id_register,archive,fond,signature) VALUES (166,'ARCH2','FOND1',1);
INSERT INTO "Register" (_id_register,archive,fond,signature) VALUES (167,'ARCH2','FOND1',2);
INSERT INTO "Register" (_id_register,archive,fond,signature) VALUES (168,'ARCH2','FOND1',3);
INSERT INTO "Register" (_id_register,archive,fond,signature) VALUES (169,'ARCH2','FOND1',4);
INSERT INTO "Register" (_id_register,archive,fond,signature) VALUES (170,'ARCH2','FOND1',5);
INSERT INTO "Register" (_id_register,archive,fond,signature) VALUES (171,'ARCH2','FOND1',6);
INSERT INTO "Register" (_id_register,archive,fond,signature) VALUES (172,'ARCH2','FOND1',7);
INSERT INTO "Register" (_id_register,archive,fond,signature) VALUES (173,'ARCH2','FOND1',8);
INSERT INTO "Register" (_id_register,archive,fond,signature) VALUES (174,'ARCH2','FOND1',9);
INSERT INTO "Register" (_id_register,archive,fond,signature) VALUES (175,'ARCH2','FOND1',10);
INSERT INTO "Register" (_id_register,archive,fond,signature) VALUES (176,'ARCH2','FOND1',11);
INSERT INTO "Register" (_id_register,archive,fond,signature) VALUES (177,'ARCH2','FOND1',12);
INSERT INTO "Register" (_id_register,archive,fond,signature) VALUES (178,'ARCH2','FOND1',13);
INSERT INTO "Register" (_id_register,archive,fond,signature) VALUES (179,'ARCH2','FOND1',14);
INSERT INTO "Register" (_id_register,archive,fond,signature) VALUES (180,'ARCH2','FOND2',0);
INSERT INTO "Register" (_id_register,archive,fond,signature) VALUES (181,'ARCH2','FOND2',1);
INSERT INTO "Register" (_id_register,archive,fond,signature) VALUES (182,'ARCH2','FOND2',2);
INSERT INTO "Register" (_id_register,archive,fond,signature) VALUES (183,'ARCH2','FOND2',3);
INSERT INTO "Register" (_id_register,archive,fond,signature) VALUES (184,'ARCH2','FOND2',4);
INSERT INTO "Register" (_id_register,archive,fond,signature) VALUES (185,'ARCH2','FOND2',5);
INSERT INTO "Register" (_id_register,archive,fond,signature) VALUES (186,'ARCH2','FOND2',6);
INSERT INTO "Register" (_id_register,archive,fond,signature) VALUES (187,'ARCH2','FOND2',7);
INSERT INTO "Register" (_id_register,archive,fond,signature) VALUES (188,'ARCH2','FOND2',8);
INSERT INTO "Register" (_id_register,archive,fond,signature) VALUES (189,'ARCH2','FOND2',9);
INSERT INTO "Register" (_id_register,archive,fond,signature) VALUES (190,'ARCH2','FOND2',10);
INSERT INTO "Register" (_id_register,archive,fond,signature) VALUES (191,'ARCH2','FOND2',11);
INSERT INTO "Register" (_id_register,archive,fond,signature) VALUES (192,'ARCH2','FOND2',12);
INSERT INTO "Register" (_id_register,archive,fond,signature) VALUES (193,'ARCH2','FOND2',13);
INSERT INTO "Register" (_id_register,archive,fond,signature) VALUES (194,'ARCH2','FOND2',14);
INSERT INTO "Register" (_id_register,archive,fond,signature) VALUES (195,'ARCH2','FOND3',0);
INSERT INTO "Register" (_id_register,archive,fond,signature) VALUES (196,'ARCH2','FOND3',1);
INSERT INTO "Register" (_id_register,archive,fond,signature) VALUES (197,'ARCH2','FOND3',2);
INSERT INTO "Register" (_id_register,archive,fond,signature) VALUES (198,'ARCH2','FOND3',3);
INSERT INTO "Register" (_id_register,archive,fond,signature) VALUES (199,'ARCH2','FOND3',4);
INSERT INTO "Register" (_id_register,archive,fond,signature) VALUES (200,'ARCH2','FOND3',5);
INSERT INTO "Register" (_id_register,archive,fond,signature) VALUES (201,'ARCH2','FOND3',6);
INSERT INTO "Register" (_id_register,archive,fond,signature) VALUES (202,'ARCH2','FOND3',7);
INSERT INTO "Register" (_id_register,archive,fond,signature) VALUES (203,'ARCH2','FOND3',8);
INSERT INTO "Register" (_id_register,archive,fond,signature) VALUES (204,'ARCH2','FOND3',9);
INSERT INTO "Register" (_id_register,archive,fond,signature) VALUES (205,'ARCH2','FOND3',10);
INSERT INTO "Register" (_id_register,archive,fond,signature) VALUES (206,'ARCH2','FOND3',11);
INSERT INTO "Register" (_id_register,archive,fond,signature) VALUES (207,'ARCH2','FOND3',12);
INSERT INTO "Register" (_id_register,archive,fond,signature) VALUES (208,'ARCH2','FOND3',13);
INSERT INTO "Register" (_id_register,archive,fond,signature) VALUES (209,'ARCH2','FOND3',14);
INSERT INTO "Register" (_id_register,archive,fond,signature) VALUES (210,'ARCH2','FOND4',0);
INSERT INTO "Register" (_id_register,archive,fond,signature) VALUES (211,'ARCH2','FOND4',1);
INSERT INTO "Register" (_id_register,archive,fond,signature) VALUES (212,'ARCH2','FOND4',2);
INSERT INTO "Register" (_id_register,archive,fond,signature) VALUES (213,'ARCH2','FOND4',3);
INSERT INTO "Register" (_id_register,archive,fond,signature) VALUES (214,'ARCH2','FOND4',4);
INSERT INTO "Register" (_id_register,archive,fond,signature) VALUES (215,'ARCH2','FOND4',5);
INSERT INTO "Register" (_id_register,archive,fond,signature) VALUES (216,'ARCH2','FOND4',6);
INSERT INTO "Register" (_id_register,archive,fond,signature) VALUES (217,'ARCH2','FOND4',7);
INSERT INTO "Register" (_id_register,archive,fond,signature) VALUES (218,'ARCH2','FOND4',8);
INSERT INTO "Register" (_id_register,archive,fond,signature) VALUES (219,'ARCH2','FOND4',9);
INSERT INTO "Register" (_id_register,archive,fond,signature) VALUES (220,'ARCH2','FOND4',10);
INSERT INTO "Register" (_id_register,archive,fond,signature) VALUES (221,'ARCH2','FOND4',11);
INSERT INTO "Register" (_id_register,archive,fond,signature) VALUES (222,'ARCH2','FOND4',12);
INSERT INTO "Register" (_id_register,archive,fond,signature) VALUES (223,'ARCH2','FOND4',13);
INSERT INTO "Register" (_id_register,archive,fond,signature) VALUES (224,'ARCH2','FOND4',14);
--------------------------Name--------------------------
INSERT INTO "Name" (_id_name,name) VALUES (0,'Adam');
INSERT INTO "Name" (_id_name,name) VALUES (1,'Adolf');
INSERT INTO "Name" (_id_name,name) VALUES (2,'Alan');
INSERT INTO "Name" (_id_name,name) VALUES (3,'Albert');
INSERT INTO "Name" (_id_name,name) VALUES (4,'Aleš');
INSERT INTO "Name" (_id_name,name) VALUES (5,'Alexandr');
INSERT INTO "Name" (_id_name,name) VALUES (6,'Alexej');
INSERT INTO "Name" (_id_name,name) VALUES (7,'Alois');
INSERT INTO "Name" (_id_name,name) VALUES (8,'Ambrož');
INSERT INTO "Name" (_id_name,name) VALUES (9,'Benjamín');
INSERT INTO "Name" (_id_name,name) VALUES (10,'Andrej');
INSERT INTO "Name" (_id_name,name) VALUES (11,'Antonín');
INSERT INTO "Name" (_id_name,name) VALUES (12,'Arnošt');
INSERT INTO "Name" (_id_name,name) VALUES (13,'Artur');
INSERT INTO "Name" (_id_name,name) VALUES (14,'Augustýn');
INSERT INTO "Name" (_id_name,name) VALUES (15,'Bartoloměj');
INSERT INTO "Name" (_id_name,name) VALUES (16,'Bedřich');
INSERT INTO "Name" (_id_name,name) VALUES (17,'Benedikt');
INSERT INTO "Name" (_id_name,name) VALUES (18,'Bernard');
INSERT INTO "Name" (_id_name,name) VALUES (19,'Blahoslav');
INSERT INTO "Name" (_id_name,name) VALUES (20,'Blažej');
INSERT INTO "Name" (_id_name,name) VALUES (21,'Bohdan');
INSERT INTO "Name" (_id_name,name) VALUES (22,'Bohumil');
INSERT INTO "Name" (_id_name,name) VALUES (23,'Bohumír');
INSERT INTO "Name" (_id_name,name) VALUES (24,'Bohuslav');
INSERT INTO "Name" (_id_name,name) VALUES (25,'Boleslav');
INSERT INTO "Name" (_id_name,name) VALUES (26,'Bonifác');
INSERT INTO "Name" (_id_name,name) VALUES (27,'Boris');
INSERT INTO "Name" (_id_name,name) VALUES (28,'Bořek');
INSERT INTO "Name" (_id_name,name) VALUES (29,'Bořivoj');
INSERT INTO "Name" (_id_name,name) VALUES (30,'Bronislav');
INSERT INTO "Name" (_id_name,name) VALUES (31,'Bruno');
INSERT INTO "Name" (_id_name,name) VALUES (32,'Břetislav');
INSERT INTO "Name" (_id_name,name) VALUES (33,'Ctibor');
INSERT INTO "Name" (_id_name,name) VALUES (34,'Ctirad');
INSERT INTO "Name" (_id_name,name) VALUES (35,'Cyril');
INSERT INTO "Name" (_id_name,name) VALUES (36,'Metoděj');
INSERT INTO "Name" (_id_name,name) VALUES (37,'Čeněk');
INSERT INTO "Name" (_id_name,name) VALUES (38,'Čestmír');
INSERT INTO "Name" (_id_name,name) VALUES (39,'Dalibor');
INSERT INTO "Name" (_id_name,name) VALUES (40,'Dalimil');
INSERT INTO "Name" (_id_name,name) VALUES (41,'Daniel');
INSERT INTO "Name" (_id_name,name) VALUES (42,'David');
INSERT INTO "Name" (_id_name,name) VALUES (43,'Dobroslav');
INSERT INTO "Name" (_id_name,name) VALUES (44,'Dominik');
INSERT INTO "Name" (_id_name,name) VALUES (45,'Drahoslav');
INSERT INTO "Name" (_id_name,name) VALUES (46,'Dušan');
INSERT INTO "Name" (_id_name,name) VALUES (47,'Eduard');
INSERT INTO "Name" (_id_name,name) VALUES (48,'Herbert');
INSERT INTO "Name" (_id_name,name) VALUES (49,'Emanuel');
INSERT INTO "Name" (_id_name,name) VALUES (50,'Emil');
INSERT INTO "Name" (_id_name,name) VALUES (51,'Erik');
INSERT INTO "Name" (_id_name,name) VALUES (52,'Evžen');
INSERT INTO "Name" (_id_name,name) VALUES (53,'Felix');
INSERT INTO "Name" (_id_name,name) VALUES (54,'Ferdinand');
INSERT INTO "Name" (_id_name,name) VALUES (55,'Filip');
INSERT INTO "Name" (_id_name,name) VALUES (56,'František');
INSERT INTO "Name" (_id_name,name) VALUES (57,'Gabriel');
INSERT INTO "Name" (_id_name,name) VALUES (58,'Gustav');
INSERT INTO "Name" (_id_name,name) VALUES (59,'Hanuš');
INSERT INTO "Name" (_id_name,name) VALUES (60,'Havel');
INSERT INTO "Name" (_id_name,name) VALUES (61,'Heřman');
INSERT INTO "Name" (_id_name,name) VALUES (62,'Hubert');
INSERT INTO "Name" (_id_name,name) VALUES (63,'Hugo');
INSERT INTO "Name" (_id_name,name) VALUES (64,'Hynek');
INSERT INTO "Name" (_id_name,name) VALUES (65,'Ignác');
INSERT INTO "Name" (_id_name,name) VALUES (66,'Igor');
INSERT INTO "Name" (_id_name,name) VALUES (67,'Ivan');
INSERT INTO "Name" (_id_name,name) VALUES (68,'Slavoj');
INSERT INTO "Name" (_id_name,name) VALUES (69,'Ivo');
INSERT INTO "Name" (_id_name,name) VALUES (70,'Jáchym');
INSERT INTO "Name" (_id_name,name) VALUES (71,'Jakub');
INSERT INTO "Name" (_id_name,name) VALUES (72,'Jan');
INSERT INTO "Name" (_id_name,name) VALUES (73,'Jarmil');
INSERT INTO "Name" (_id_name,name) VALUES (74,'Jaromír');
INSERT INTO "Name" (_id_name,name) VALUES (75,'Jaroslav');
INSERT INTO "Name" (_id_name,name) VALUES (76,'Jeroným');
INSERT INTO "Name" (_id_name,name) VALUES (77,'Jindřich');
INSERT INTO "Name" (_id_name,name) VALUES (78,'Jiří');
INSERT INTO "Name" (_id_name,name) VALUES (79,'Jonáš');
INSERT INTO "Name" (_id_name,name) VALUES (80,'Josef');
INSERT INTO "Name" (_id_name,name) VALUES (81,'Julius');
INSERT INTO "Name" (_id_name,name) VALUES (82,'Kamil');
INSERT INTO "Name" (_id_name,name) VALUES (83,'Karel');
INSERT INTO "Name" (_id_name,name) VALUES (84,'Kazimir');
INSERT INTO "Name" (_id_name,name) VALUES (85,'Klement');
INSERT INTO "Name" (_id_name,name) VALUES (86,'Kristian');
INSERT INTO "Name" (_id_name,name) VALUES (87,'Kryštof');
INSERT INTO "Name" (_id_name,name) VALUES (88,'Květoslav');
INSERT INTO "Name" (_id_name,name) VALUES (89,'Kvido');
INSERT INTO "Name" (_id_name,name) VALUES (90,'Ladislav');
INSERT INTO "Name" (_id_name,name) VALUES (91,'Leopold');
INSERT INTO "Name" (_id_name,name) VALUES (92,'Leoš');
INSERT INTO "Name" (_id_name,name) VALUES (93,'Libor');
INSERT INTO "Name" (_id_name,name) VALUES (94,'Samuel');
INSERT INTO "Name" (_id_name,name) VALUES (95,'Lubomír');
INSERT INTO "Name" (_id_name,name) VALUES (96,'Lubor');
INSERT INTO "Name" (_id_name,name) VALUES (97,'Luboš');
INSERT INTO "Name" (_id_name,name) VALUES (98,'Luděk');
INSERT INTO "Name" (_id_name,name) VALUES (99,'Ludvík');
INSERT INTO "Name" (_id_name,name) VALUES (100,'Lukáš');
INSERT INTO "Name" (_id_name,name) VALUES (101,'Lumír');
INSERT INTO "Name" (_id_name,name) VALUES (102,'Marcel');
INSERT INTO "Name" (_id_name,name) VALUES (103,'Marek');
INSERT INTO "Name" (_id_name,name) VALUES (104,'Marian');
INSERT INTO "Name" (_id_name,name) VALUES (105,'Martin');
INSERT INTO "Name" (_id_name,name) VALUES (106,'Matěj');
INSERT INTO "Name" (_id_name,name) VALUES (107,'Matouš');
INSERT INTO "Name" (_id_name,name) VALUES (108,'Maxmilián');
INSERT INTO "Name" (_id_name,name) VALUES (109,'Medard');
INSERT INTO "Name" (_id_name,name) VALUES (110,'Michal');
INSERT INTO "Name" (_id_name,name) VALUES (111,'Mikuláš');
INSERT INTO "Name" (_id_name,name) VALUES (112,'Milan');
INSERT INTO "Name" (_id_name,name) VALUES (113,'Miloslav');
INSERT INTO "Name" (_id_name,name) VALUES (114,'Miloš');
INSERT INTO "Name" (_id_name,name) VALUES (115,'Miroslav');
INSERT INTO "Name" (_id_name,name) VALUES (116,'Mojmír');
INSERT INTO "Name" (_id_name,name) VALUES (117,'Norbert');
INSERT INTO "Name" (_id_name,name) VALUES (118,'Oldřich');
INSERT INTO "Name" (_id_name,name) VALUES (119,'Oleg');
INSERT INTO "Name" (_id_name,name) VALUES (120,'Oliver');
INSERT INTO "Name" (_id_name,name) VALUES (121,'Ondřej');
INSERT INTO "Name" (_id_name,name) VALUES (122,'Oskar');
INSERT INTO "Name" (_id_name,name) VALUES (123,'Otakar');
INSERT INTO "Name" (_id_name,name) VALUES (124,'Otmar');
INSERT INTO "Name" (_id_name,name) VALUES (125,'Oto');
INSERT INTO "Name" (_id_name,name) VALUES (126,'Pankrác');
INSERT INTO "Name" (_id_name,name) VALUES (127,'Patrik');
INSERT INTO "Name" (_id_name,name) VALUES (128,'Petr');
INSERT INTO "Name" (_id_name,name) VALUES (129,'Petr');
INSERT INTO "Name" (_id_name,name) VALUES (130,'Pavel');
INSERT INTO "Name" (_id_name,name) VALUES (131,'Pravoslav');
INSERT INTO "Name" (_id_name,name) VALUES (132,'Prokop');
INSERT INTO "Name" (_id_name,name) VALUES (133,'Přemysl');
INSERT INTO "Name" (_id_name,name) VALUES (134,'Radan');
INSERT INTO "Name" (_id_name,name) VALUES (135,'Radek');
INSERT INTO "Name" (_id_name,name) VALUES (136,'Radim');
INSERT INTO "Name" (_id_name,name) VALUES (137,'Radomír');
INSERT INTO "Name" (_id_name,name) VALUES (138,'Radoslav');
INSERT INTO "Name" (_id_name,name) VALUES (139,'Radovan');
INSERT INTO "Name" (_id_name,name) VALUES (140,'René');
INSERT INTO "Name" (_id_name,name) VALUES (141,'Richard');
INSERT INTO "Name" (_id_name,name) VALUES (142,'Robert');
INSERT INTO "Name" (_id_name,name) VALUES (143,'Robin');
INSERT INTO "Name" (_id_name,name) VALUES (144,'Roland');
INSERT INTO "Name" (_id_name,name) VALUES (145,'Roman');
INSERT INTO "Name" (_id_name,name) VALUES (146,'Rostislav');
INSERT INTO "Name" (_id_name,name) VALUES (147,'Rudolf');
INSERT INTO "Name" (_id_name,name) VALUES (148,'Řehoř');
INSERT INTO "Name" (_id_name,name) VALUES (149,'Servác');
INSERT INTO "Name" (_id_name,name) VALUES (150,'Silvestr');
INSERT INTO "Name" (_id_name,name) VALUES (151,'Slavomír');
INSERT INTO "Name" (_id_name,name) VALUES (152,'Soběslav');
INSERT INTO "Name" (_id_name,name) VALUES (153,'Stanislav');
INSERT INTO "Name" (_id_name,name) VALUES (154,'Svatopluk');
INSERT INTO "Name" (_id_name,name) VALUES (155,'Svatoslav');
INSERT INTO "Name" (_id_name,name) VALUES (156,'Šimon');
INSERT INTO "Name" (_id_name,name) VALUES (157,'Štefan');
INSERT INTO "Name" (_id_name,name) VALUES (158,'Štěpán');
INSERT INTO "Name" (_id_name,name) VALUES (159,'Tadeáš');
INSERT INTO "Name" (_id_name,name) VALUES (160,'Teodor');
INSERT INTO "Name" (_id_name,name) VALUES (161,'Tibor');
INSERT INTO "Name" (_id_name,name) VALUES (162,'Tomáš');
INSERT INTO "Name" (_id_name,name) VALUES (163,'Václav');
INSERT INTO "Name" (_id_name,name) VALUES (164,'Valdemar');
INSERT INTO "Name" (_id_name,name) VALUES (165,'Valentýn');
INSERT INTO "Name" (_id_name,name) VALUES (166,'Vavřinec');
INSERT INTO "Name" (_id_name,name) VALUES (167,'Věnceslav');
INSERT INTO "Name" (_id_name,name) VALUES (168,'Vendelín');
INSERT INTO "Name" (_id_name,name) VALUES (169,'Věroslav');
INSERT INTO "Name" (_id_name,name) VALUES (170,'Viktor');
INSERT INTO "Name" (_id_name,name) VALUES (171,'Vilém');
INSERT INTO "Name" (_id_name,name) VALUES (172,'Vincenc');
INSERT INTO "Name" (_id_name,name) VALUES (173,'Vít');
INSERT INTO "Name" (_id_name,name) VALUES (174,'Vítězslav');
INSERT INTO "Name" (_id_name,name) VALUES (175,'Vladan');
INSERT INTO "Name" (_id_name,name) VALUES (176,'Vladimír');
INSERT INTO "Name" (_id_name,name) VALUES (177,'Vladislav');
INSERT INTO "Name" (_id_name,name) VALUES (178,'Vlastimil');
INSERT INTO "Name" (_id_name,name) VALUES (179,'Vlastislav');
INSERT INTO "Name" (_id_name,name) VALUES (180,'Vojtěch');
INSERT INTO "Name" (_id_name,name) VALUES (181,'Vratislav');
INSERT INTO "Name" (_id_name,name) VALUES (182,'Zbyněk');
INSERT INTO "Name" (_id_name,name) VALUES (183,'Zbyšek');
INSERT INTO "Name" (_id_name,name) VALUES (184,'Zdeněk');
INSERT INTO "Name" (_id_name,name) VALUES (185,'Zikmund');
INSERT INTO "Name" (_id_name,name) VALUES (186,'Eva');
INSERT INTO "Name" (_id_name,name) VALUES (187,'Adéla');
INSERT INTO "Name" (_id_name,name) VALUES (188,'Adriana');
INSERT INTO "Name" (_id_name,name) VALUES (189,'Agáta');
INSERT INTO "Name" (_id_name,name) VALUES (190,'Albína');
INSERT INTO "Name" (_id_name,name) VALUES (191,'Alena');
INSERT INTO "Name" (_id_name,name) VALUES (192,'Alexandra');
INSERT INTO "Name" (_id_name,name) VALUES (193,'Alžběta');
INSERT INTO "Name" (_id_name,name) VALUES (194,'Anděla');
INSERT INTO "Name" (_id_name,name) VALUES (195,'Andrea');
INSERT INTO "Name" (_id_name,name) VALUES (196,'Aneta');
INSERT INTO "Name" (_id_name,name) VALUES (197,'Anežka');
INSERT INTO "Name" (_id_name,name) VALUES (198,'Anna');
INSERT INTO "Name" (_id_name,name) VALUES (199,'Apolena');
INSERT INTO "Name" (_id_name,name) VALUES (200,'Barbora');
INSERT INTO "Name" (_id_name,name) VALUES (201,'Beáta');
INSERT INTO "Name" (_id_name,name) VALUES (202,'Běla');
INSERT INTO "Name" (_id_name,name) VALUES (203,'Berta');
INSERT INTO "Name" (_id_name,name) VALUES (204,'Blanka');
INSERT INTO "Name" (_id_name,name) VALUES (205,'Blažena');
INSERT INTO "Name" (_id_name,name) VALUES (206,'Bohdana');
INSERT INTO "Name" (_id_name,name) VALUES (207,'Bohumila');
INSERT INTO "Name" (_id_name,name) VALUES (208,'Bohuslava');
INSERT INTO "Name" (_id_name,name) VALUES (209,'Božena');
INSERT INTO "Name" (_id_name,name) VALUES (210,'Brigita');
INSERT INTO "Name" (_id_name,name) VALUES (211,'Dana');
INSERT INTO "Name" (_id_name,name) VALUES (212,'Daniela');
INSERT INTO "Name" (_id_name,name) VALUES (213,'Darina');
INSERT INTO "Name" (_id_name,name) VALUES (214,'Darja');
INSERT INTO "Name" (_id_name,name) VALUES (215,'Denisa');
INSERT INTO "Name" (_id_name,name) VALUES (216,'Diana');
INSERT INTO "Name" (_id_name,name) VALUES (217,'Dita');
INSERT INTO "Name" (_id_name,name) VALUES (218,'Dobromila');
INSERT INTO "Name" (_id_name,name) VALUES (219,'Dorota');
INSERT INTO "Name" (_id_name,name) VALUES (220,'Doubravka');
INSERT INTO "Name" (_id_name,name) VALUES (221,'Drahomíra');
INSERT INTO "Name" (_id_name,name) VALUES (222,'Drahoslava');
INSERT INTO "Name" (_id_name,name) VALUES (223,'Edita');
INSERT INTO "Name" (_id_name,name) VALUES (224,'Elena');
INSERT INTO "Name" (_id_name,name) VALUES (225,'Eliška');
INSERT INTO "Name" (_id_name,name) VALUES (226,'Ema');
INSERT INTO "Name" (_id_name,name) VALUES (227,'Erika');
INSERT INTO "Name" (_id_name,name) VALUES (228,'Evelína');
INSERT INTO "Name" (_id_name,name) VALUES (229,'Františka');
INSERT INTO "Name" (_id_name,name) VALUES (230,'Gabriela');
INSERT INTO "Name" (_id_name,name) VALUES (231,'Gita');
INSERT INTO "Name" (_id_name,name) VALUES (232,'Gizela');
INSERT INTO "Name" (_id_name,name) VALUES (233,'Hana');
INSERT INTO "Name" (_id_name,name) VALUES (234,'Hedvika');
INSERT INTO "Name" (_id_name,name) VALUES (235,'Helena');
INSERT INTO "Name" (_id_name,name) VALUES (236,'Hermína');
INSERT INTO "Name" (_id_name,name) VALUES (237,'Ida');
INSERT INTO "Name" (_id_name,name) VALUES (238,'Ilja');
INSERT INTO "Name" (_id_name,name) VALUES (239,'Ilona');
INSERT INTO "Name" (_id_name,name) VALUES (240,'Irena');
INSERT INTO "Name" (_id_name,name) VALUES (241,'Irma');
INSERT INTO "Name" (_id_name,name) VALUES (242,'Iva');
INSERT INTO "Name" (_id_name,name) VALUES (243,'Ivana');
INSERT INTO "Name" (_id_name,name) VALUES (244,'Iveta');
INSERT INTO "Name" (_id_name,name) VALUES (245,'Ivona');
INSERT INTO "Name" (_id_name,name) VALUES (246,'Izabela');
INSERT INTO "Name" (_id_name,name) VALUES (247,'Jana');
INSERT INTO "Name" (_id_name,name) VALUES (248,'Jarmila');
INSERT INTO "Name" (_id_name,name) VALUES (249,'Jaroslava');
INSERT INTO "Name" (_id_name,name) VALUES (250,'Jindřiška');
INSERT INTO "Name" (_id_name,name) VALUES (251,'Jiřina');
INSERT INTO "Name" (_id_name,name) VALUES (252,'Jitka');
INSERT INTO "Name" (_id_name,name) VALUES (253,'Johana');
INSERT INTO "Name" (_id_name,name) VALUES (254,'Jolana');
INSERT INTO "Name" (_id_name,name) VALUES (255,'Judita');
INSERT INTO "Name" (_id_name,name) VALUES (256,'Justýna');
INSERT INTO "Name" (_id_name,name) VALUES (257,'Kamila');
INSERT INTO "Name" (_id_name,name) VALUES (258,'Karina');
INSERT INTO "Name" (_id_name,name) VALUES (259,'Karolína');
INSERT INTO "Name" (_id_name,name) VALUES (260,'Kateřina');
INSERT INTO "Name" (_id_name,name) VALUES (261,'Klára');
INSERT INTO "Name" (_id_name,name) VALUES (262,'Kristýna');
INSERT INTO "Name" (_id_name,name) VALUES (263,'Květa');
INSERT INTO "Name" (_id_name,name) VALUES (264,'Květoslava');
INSERT INTO "Name" (_id_name,name) VALUES (265,'Lada');
INSERT INTO "Name" (_id_name,name) VALUES (266,'Laura');
INSERT INTO "Name" (_id_name,name) VALUES (267,'Lenka');
INSERT INTO "Name" (_id_name,name) VALUES (268,'Leona');
INSERT INTO "Name" (_id_name,name) VALUES (269,'Liběna');
INSERT INTO "Name" (_id_name,name) VALUES (270,'Liliana');
INSERT INTO "Name" (_id_name,name) VALUES (271,'Linda');
INSERT INTO "Name" (_id_name,name) VALUES (272,'Ljuba');
INSERT INTO "Name" (_id_name,name) VALUES (273,'Ludmila');
INSERT INTO "Name" (_id_name,name) VALUES (274,'Magdaléna');
INSERT INTO "Name" (_id_name,name) VALUES (275,'Mahulena');
INSERT INTO "Name" (_id_name,name) VALUES (276,'Marcela');
INSERT INTO "Name" (_id_name,name) VALUES (277,'Mariana');
INSERT INTO "Name" (_id_name,name) VALUES (278,'Marika');
INSERT INTO "Name" (_id_name,name) VALUES (279,'Marina');
INSERT INTO "Name" (_id_name,name) VALUES (280,'Markéta');
INSERT INTO "Name" (_id_name,name) VALUES (281,'Marta');
INSERT INTO "Name" (_id_name,name) VALUES (282,'Martina');
INSERT INTO "Name" (_id_name,name) VALUES (283,'Michaela');
INSERT INTO "Name" (_id_name,name) VALUES (284,'Milada');
INSERT INTO "Name" (_id_name,name) VALUES (285,'Milena');
INSERT INTO "Name" (_id_name,name) VALUES (286,'Miloslava');
INSERT INTO "Name" (_id_name,name) VALUES (287,'Miroslava');
INSERT INTO "Name" (_id_name,name) VALUES (288,'Monika');
INSERT INTO "Name" (_id_name,name) VALUES (289,'Naděžda');
INSERT INTO "Name" (_id_name,name) VALUES (290,'Nataša');
INSERT INTO "Name" (_id_name,name) VALUES (291,'Nela');
INSERT INTO "Name" (_id_name,name) VALUES (292,'Nikola');
INSERT INTO "Name" (_id_name,name) VALUES (293,'Nina');
INSERT INTO "Name" (_id_name,name) VALUES (294,'Nora');
INSERT INTO "Name" (_id_name,name) VALUES (295,'Oldřiška');
INSERT INTO "Name" (_id_name,name) VALUES (296,'Olga');
INSERT INTO "Name" (_id_name,name) VALUES (297,'Pavla');
INSERT INTO "Name" (_id_name,name) VALUES (298,'Pavlína');
INSERT INTO "Name" (_id_name,name) VALUES (299,'Petra');
INSERT INTO "Name" (_id_name,name) VALUES (300,'Radana');
INSERT INTO "Name" (_id_name,name) VALUES (301,'Radka');
INSERT INTO "Name" (_id_name,name) VALUES (302,'Radmila');
INSERT INTO "Name" (_id_name,name) VALUES (303,'Regína');
INSERT INTO "Name" (_id_name,name) VALUES (304,'Renáta');
INSERT INTO "Name" (_id_name,name) VALUES (305,'Romana');
INSERT INTO "Name" (_id_name,name) VALUES (306,'Matylda');
INSERT INTO "Name" (_id_name,name) VALUES (307,'Růžena');
INSERT INTO "Name" (_id_name,name) VALUES (308,'Sabina');
INSERT INTO "Name" (_id_name,name) VALUES (309,'Sandra');
INSERT INTO "Name" (_id_name,name) VALUES (310,'Sáva');
INSERT INTO "Name" (_id_name,name) VALUES (311,'Simona');
INSERT INTO "Name" (_id_name,name) VALUES (312,'Slavěna');
INSERT INTO "Name" (_id_name,name) VALUES (313,'Soňa');
INSERT INTO "Name" (_id_name,name) VALUES (314,'Stanislava');
INSERT INTO "Name" (_id_name,name) VALUES (315,'Stela');
INSERT INTO "Name" (_id_name,name) VALUES (316,'Svatava');
INSERT INTO "Name" (_id_name,name) VALUES (317,'Světlana');
INSERT INTO "Name" (_id_name,name) VALUES (318,'Šárka');
INSERT INTO "Name" (_id_name,name) VALUES (319,'Šarlota');
INSERT INTO "Name" (_id_name,name) VALUES (320,'Sára');
INSERT INTO "Name" (_id_name,name) VALUES (321,'Štěpánka');
INSERT INTO "Name" (_id_name,name) VALUES (322,'Tamara');
INSERT INTO "Name" (_id_name,name) VALUES (323,'Taťána');
INSERT INTO "Name" (_id_name,name) VALUES (324,'Tereza');
INSERT INTO "Name" (_id_name,name) VALUES (325,'Vanda');
INSERT INTO "Name" (_id_name,name) VALUES (326,'Vendula');
INSERT INTO "Name" (_id_name,name) VALUES (327,'Věra');
INSERT INTO "Name" (_id_name,name) VALUES (328,'Veronika');
INSERT INTO "Name" (_id_name,name) VALUES (329,'Vilma');
INSERT INTO "Name" (_id_name,name) VALUES (330,'Viola');
INSERT INTO "Name" (_id_name,name) VALUES (331,'Vladěna');
INSERT INTO "Name" (_id_name,name) VALUES (332,'Vlasta');
INSERT INTO "Name" (_id_name,name) VALUES (333,'Zdeňka');
INSERT INTO "Name" (_id_name,name) VALUES (334,'Zdislava');
INSERT INTO "Name" (_id_name,name) VALUES (335,'Zina');
INSERT INTO "Name" (_id_name,name) VALUES (336,'Zita');
INSERT INTO "Name" (_id_name,name) VALUES (337,'Zlata');
INSERT INTO "Name" (_id_name,name) VALUES (338,'Zora');
INSERT INTO "Name" (_id_name,name) VALUES (339,'Zuzana');
INSERT INTO "Name" (_id_name,name) VALUES (340,'Alice');
INSERT INTO "Name" (_id_name,name) VALUES (341,'Anastázie');
INSERT INTO "Name" (_id_name,name) VALUES (342,'Antonie');
INSERT INTO "Name" (_id_name,name) VALUES (343,'Cecílie');
INSERT INTO "Name" (_id_name,name) VALUES (344,'Emílie');
INSERT INTO "Name" (_id_name,name) VALUES (345,'Evženie');
INSERT INTO "Name" (_id_name,name) VALUES (346,'Julie');
INSERT INTO "Name" (_id_name,name) VALUES (347,'Klaudie');
INSERT INTO "Name" (_id_name,name) VALUES (348,'Libuše');
INSERT INTO "Name" (_id_name,name) VALUES (349,'Amálie');
INSERT INTO "Name" (_id_name,name) VALUES (350,'Lucie');
INSERT INTO "Name" (_id_name,name) VALUES (351,'Lýdie');
INSERT INTO "Name" (_id_name,name) VALUES (352,'Marie');
INSERT INTO "Name" (_id_name,name) VALUES (353,'Miluše');
INSERT INTO "Name" (_id_name,name) VALUES (354,'Natálie');
INSERT INTO "Name" (_id_name,name) VALUES (355,'Olivie');
INSERT INTO "Name" (_id_name,name) VALUES (356,'Otýlie');
INSERT INTO "Name" (_id_name,name) VALUES (357,'Patricie');
INSERT INTO "Name" (_id_name,name) VALUES (358,'Saskie');
INSERT INTO "Name" (_id_name,name) VALUES (359,'Silvie');
INSERT INTO "Name" (_id_name,name) VALUES (360,'Zoe');
INSERT INTO "Name" (_id_name,name) VALUES (361,'Valérie');
INSERT INTO "Name" (_id_name,name) VALUES (362,'Viktorie');
INSERT INTO "Name" (_id_name,name) VALUES (363,'Xenie');
INSERT INTO "Name" (_id_name,name) VALUES (364,'Žofie');
INSERT INTO "Name" (_id_name,name) VALUES (365,'Dagmar');
INSERT INTO "Name" (_id_name,name) VALUES (366,'Ester');
INSERT INTO "Name" (_id_name,name) VALUES (367,'Ingrid');
INSERT INTO "Name" (_id_name,name) VALUES (368,'Miriam');
INSERT INTO "Name" (_id_name,name) VALUES (369,'Růt');
--------------------------Occupation--------------------------
INSERT INTO "Occupation" (_id_occup,name) VALUES (0,'Štelmař');
INSERT INTO "Occupation" (_id_occup,name) VALUES (1,'Drobník');
INSERT INTO "Occupation" (_id_occup,name) VALUES (2,'Stavitel');
INSERT INTO "Occupation" (_id_occup,name) VALUES (3,'Mechanikus');
INSERT INTO "Occupation" (_id_occup,name) VALUES (4,'Kachňář');
INSERT INTO "Occupation" (_id_occup,name) VALUES (5,'Cuckař');
INSERT INTO "Occupation" (_id_occup,name) VALUES (6,'Šorcárka');
INSERT INTO "Occupation" (_id_occup,name) VALUES (7,'Láhevník');
INSERT INTO "Occupation" (_id_occup,name) VALUES (8,'sukna');
INSERT INTO "Occupation" (_id_occup,name) VALUES (9,'Provazník');
INSERT INTO "Occupation" (_id_occup,name) VALUES (10,'Pískař');
INSERT INTO "Occupation" (_id_occup,name) VALUES (11,'Senař');
INSERT INTO "Occupation" (_id_occup,name) VALUES (12,'Tancéř');
INSERT INTO "Occupation" (_id_occup,name) VALUES (13,'Hajný');
INSERT INTO "Occupation" (_id_occup,name) VALUES (14,'Holič');
INSERT INTO "Occupation" (_id_occup,name) VALUES (15,'Řezník uzenář');
INSERT INTO "Occupation" (_id_occup,name) VALUES (16,'Přezkář');
INSERT INTO "Occupation" (_id_occup,name) VALUES (17,'Cihlář');
INSERT INTO "Occupation" (_id_occup,name) VALUES (18,'Kolovrátkář');
INSERT INTO "Occupation" (_id_occup,name) VALUES (19,'Manufakturista');
INSERT INTO "Occupation" (_id_occup,name) VALUES (20,'Sokolář');
INSERT INTO "Occupation" (_id_occup,name) VALUES (21,'Varhaník');
INSERT INTO "Occupation" (_id_occup,name) VALUES (22,'Pintner');
INSERT INTO "Occupation" (_id_occup,name) VALUES (23,'Medník');
INSERT INTO "Occupation" (_id_occup,name) VALUES (24,'Dohazovač');
INSERT INTO "Occupation" (_id_occup,name) VALUES (25,'Šenkýř');
INSERT INTO "Occupation" (_id_occup,name) VALUES (26,'Kobercář');
INSERT INTO "Occupation" (_id_occup,name) VALUES (27,'Šlejféř');
INSERT INTO "Occupation" (_id_occup,name) VALUES (28,'Deštníkář');
INSERT INTO "Occupation" (_id_occup,name) VALUES (29,'Perleťář');
INSERT INTO "Occupation" (_id_occup,name) VALUES (30,'Šindelář');
INSERT INTO "Occupation" (_id_occup,name) VALUES (31,'Pivopalník');
INSERT INTO "Occupation" (_id_occup,name) VALUES (32,'Růženečkář');
INSERT INTO "Occupation" (_id_occup,name) VALUES (33,'Postřihovač');
INSERT INTO "Occupation" (_id_occup,name) VALUES (34,'Barbíř');
INSERT INTO "Occupation" (_id_occup,name) VALUES (35,'Mladší čeledín');
INSERT INTO "Occupation" (_id_occup,name) VALUES (36,'Lopatník');
INSERT INTO "Occupation" (_id_occup,name) VALUES (37,'Brtník');
INSERT INTO "Occupation" (_id_occup,name) VALUES (38,'Řezáč kamenů a skla');
INSERT INTO "Occupation" (_id_occup,name) VALUES (39,'Varhanář');
INSERT INTO "Occupation" (_id_occup,name) VALUES (40,'Lékař koňský');
INSERT INTO "Occupation" (_id_occup,name) VALUES (41,'Tavíř');
INSERT INTO "Occupation" (_id_occup,name) VALUES (42,'Svíčkař');
INSERT INTO "Occupation" (_id_occup,name) VALUES (43,'Lékař');
INSERT INTO "Occupation" (_id_occup,name) VALUES (44,'Hospodář');
INSERT INTO "Occupation" (_id_occup,name) VALUES (45,'Věnečník');
INSERT INTO "Occupation" (_id_occup,name) VALUES (46,'Krejčí kalhot');
INSERT INTO "Occupation" (_id_occup,name) VALUES (47,'Stárek');
INSERT INTO "Occupation" (_id_occup,name) VALUES (48,'Túlař');
INSERT INTO "Occupation" (_id_occup,name) VALUES (49,'Tálník');
--------------------------Director--------------------------
INSERT INTO "Director" (_id_director,surname,title) VALUES (0,'Beránek','admininstrátor');
INSERT INTO "Director" (_id_director,surname,title) VALUES (1,'Ševčík','farář');
INSERT INTO "Director" (_id_director,surname,title) VALUES (2,'Kočí','kaplan');
--------------------------DirectorName--------------------------
INSERT INTO "DirectorName" (director_id,name_id) VALUES (0,30);
INSERT INTO "DirectorName" (director_id,name_id) VALUES (1,153);
INSERT INTO "DirectorName" (director_id,name_id) VALUES (2,51);
--------------------------Celebrant--------------------------
INSERT INTO "Celebrant" (_id_celebrant,surname,title_occup) VALUES (0,'Němeček','kaplan');
INSERT INTO "Celebrant" (_id_celebrant,surname,title_occup) VALUES (1,'Kovař','farář');
INSERT INTO "Celebrant" (_id_celebrant,surname,title_occup) VALUES (2,'Navrátil','admininstrátor');
--------------------------CelebrantName--------------------------
INSERT INTO "CelebrantName" (celebrant_id,name_id) VALUES (0,60);
INSERT INTO "CelebrantName" (celebrant_id,name_id) VALUES (1,121);
INSERT INTO "CelebrantName" (celebrant_id,name_id) VALUES (2,54);
--------------------------Officiant--------------------------
INSERT INTO "Officiant" (_id_officiant,surname,title) VALUES (0,'Holub','admininstrátor');
INSERT INTO "Officiant" (_id_officiant,surname,title) VALUES (1,'Musil','kooperátor');
INSERT INTO "Officiant" (_id_officiant,surname,title) VALUES (2,'Mach','magister');
--------------------------OfficiantName--------------------------
INSERT INTO "OfficiantName" (officiant_id,name_id) VALUES (0,69);
INSERT INTO "OfficiantName" (officiant_id,name_id) VALUES (1,54);
INSERT INTO "OfficiantName" (officiant_id,name_id) VALUES (2,176);
--------------------------Person--------------------------
INSERT INTO "Person" (_id_person,surname,village,street,descr,birth,sex,religion) VALUES (0,'Kolářová','Ostrava','Pluhařová',417,'1800-04-25','žena','katolík');
INSERT INTO "Person" (_id_person,surname,village,street,descr,birth,sex,religion) VALUES (1,'Kolář','Ostrava','Pluhařová',417,'1801-12-19','muž','katolík');
INSERT INTO "Person" (_id_person,surname,village,street,descr,birth,sex,religion,mother_id,father_id) VALUES (2,'Kolář','Ostrava','Pluhařová',417,'1827-07-13','muž','katolík',0,1);
INSERT INTO "Person" (_id_person,surname,village,street,descr,birth,sex,religion,father_id) VALUES (3,'Kolářová','Děčín','švarc',683,'1868-05-20','žena','katolík',2);
INSERT INTO "Person" (_id_person,surname,village,street,descr,birth,sex,religion,father_id) VALUES (4,'Kolářová','Ostrava','Adin',96067,'1858-07-27','žena','nepokřtěn',2);
INSERT INTO "Person" (_id_person,surname,village,street,descr,birth,sex,religion,father_id) VALUES (5,'Kolářová','Ostrava','Mrázek',588,'1866-07-29','žena','katolík',2);
INSERT INTO "Person" (_id_person,surname,village,street,descr,birth,sex,religion,father_id) VALUES (6,'Kolářová','Ostrava','Prášková',286,'1860-01-17','žena','katolík',2);
INSERT INTO "Person" (_id_person,surname,village,street,descr,birth,sex,religion) VALUES (7,'Fišerová','Liberec','Ignáta',00215,'1807-02-13','žena','evangelík');
INSERT INTO "Person" (_id_person,surname,village,street,descr,birth,sex,religion) VALUES (8,'Fišer','Liberec','Ignáta',00215,'1809-09-25','muž','evangelík');
INSERT INTO "Person" (_id_person,surname,village,street,descr,birth,sex,religion,mother_id,father_id) VALUES (9,'Fišer','Liberec','Ignáta',00215,'1825-08-17','muž','evangelík',7,8);
INSERT INTO "Person" (_id_person,surname,village,street,descr,birth,sex,religion,father_id) VALUES (10,'Fišerová','Liberec','Krátkýová',586,'1861-07-01','žena','evangelík',9);
INSERT INTO "Person" (_id_person,surname,village,street,descr,birth,sex,religion,father_id) VALUES (11,'Fišer','Liberec','Jiříková',3966,'1861-02-08','muž','nepokřtěn',9);
INSERT INTO "Person" (_id_person,surname,village,street,descr,birth,sex,religion,father_id) VALUES (12,'Fišerová','Liberec','Juda',278,'1863-04-16','žena','evangelík',9);
INSERT INTO "Person" (_id_person,surname,village,street,descr,birth,sex,religion) VALUES (13,'Beranová','Ústí nad Labem','Boháčková',862,'1802-12-02','žena','katolík');
INSERT INTO "Person" (_id_person,surname,village,street,descr,birth,sex,religion) VALUES (14,'Beran','Ústí nad Labem','Boháčková',862,'1800-04-13','muž','katolík');
INSERT INTO "Person" (_id_person,surname,village,street,descr,birth,sex,religion,mother_id,father_id) VALUES (15,'Beranová','Ústí nad Labem','Boháčková',862,'1830-01-27','žena','katolík',13,14);
INSERT INTO "Person" (_id_person,surname,village,street,descr,birth,sex,religion) VALUES (16,'Soukupová','Havířov','žídková',215,'1801-12-26','žena','katolík');
INSERT INTO "Person" (_id_person,surname,village,street,descr,birth,sex,religion) VALUES (17,'Soukup','Havířov','žídková',215,'1800-09-28','muž','katolík');
INSERT INTO "Person" (_id_person,surname,village,street,descr,birth,sex,religion,mother_id,father_id) VALUES (18,'Soukupová','Havířov','žídková',215,'1827-08-21','žena','katolík',16,17);
INSERT INTO "Person" (_id_person,surname,village,street,descr,birth,sex,religion,mother_id) VALUES (19,'Soukupová','Havířov','Diviška',329,'1863-08-09','žena','nepokřtěn',18);
INSERT INTO "Person" (_id_person,surname,village,street,descr,birth,sex,religion) VALUES (20,'Bednářová','České Budějovice','Bela',784,'1801-02-21','žena','katolík');
INSERT INTO "Person" (_id_person,surname,village,street,descr,birth,sex,religion) VALUES (21,'Bednář','České Budějovice','Bela',784,'1803-02-22','muž','katolík');
INSERT INTO "Person" (_id_person,surname,village,street,descr,birth,sex,religion,mother_id,father_id) VALUES (22,'Bednář','České Budějovice','Bela',784,'1838-12-09','muž','katolík',20,21);
INSERT INTO "Person" (_id_person,surname,village,street,descr,birth,sex,religion) VALUES (23,'Musilová','Pardubice','Dočkalová',22415,'1806-06-22','žena','evangelík');
INSERT INTO "Person" (_id_person,surname,village,street,descr,birth,sex,religion) VALUES (24,'Musil','Pardubice','Dočkalová',22415,'1802-10-31','muž','evangelík');
INSERT INTO "Person" (_id_person,surname,village,street,descr,birth,sex,religion,mother_id,father_id) VALUES (25,'Musilová','Pardubice','Dočkalová',22415,'1835-03-21','žena','evangelík',23,24);
INSERT INTO "Person" (_id_person,surname,village,street,descr,birth,sex,religion) VALUES (26,'Macháčeková','Brno','Turečková',6002,'1802-03-09','žena','evangelík');
INSERT INTO "Person" (_id_person,surname,village,street,descr,birth,sex,religion) VALUES (27,'Macháček','Brno','Turečková',6002,'1808-01-13','muž','evangelík');
INSERT INTO "Person" (_id_person,surname,village,street,descr,birth,sex,religion,mother_id,father_id) VALUES (28,'Macháček','Brno','Turečková',6002,'1838-11-07','muž','evangelík',26,27);
INSERT INTO "Person" (_id_person,surname,village,street,descr,birth,sex,religion) VALUES (29,'Sedláková','Hradec Králové','Delie',99621,'1800-10-19','žena','katolík');
INSERT INTO "Person" (_id_person,surname,village,street,descr,birth,sex,religion) VALUES (30,'Sedlák','Hradec Králové','Delie',99621,'1805-05-10','muž','katolík');
INSERT INTO "Person" (_id_person,surname,village,street,descr,birth,sex,religion,mother_id,father_id) VALUES (31,'Sedlák','Hradec Králové','Delie',99621,'1827-07-15','muž','katolík',29,30);
INSERT INTO "Person" (_id_person,surname,village,street,descr,birth,sex,religion) VALUES (32,'Urbanová','Opava','Gaži',07693,'1809-09-28','žena','nepokřtěn');
INSERT INTO "Person" (_id_person,surname,village,street,descr,birth,sex,religion) VALUES (33,'Urban','Opava','Gaži',07693,'1802-11-26','muž','nepokřtěn');
INSERT INTO "Person" (_id_person,surname,village,street,descr,birth,sex,religion,mother_id,father_id) VALUES (34,'Urbanová','Opava','Gaži',07693,'1831-09-21','žena','nepokřtěn',32,33);
INSERT INTO "Person" (_id_person,surname,village,street,descr,birth,sex,religion,mother_id) VALUES (35,'Urbanová','Liberec','šimáček',50492,'1866-09-06','žena','nepokřtěn',34);
INSERT INTO "Person" (_id_person,surname,village,street,descr,birth,sex,religion,mother_id) VALUES (36,'Urban','Havířov','Verona',585,'1856-02-15','muž','nepokřtěn',34);
INSERT INTO "Person" (_id_person,surname,village,street,descr,birth,sex,religion,mother_id) VALUES (37,'Urban','Opava','Ervína',890,'1862-02-27','muž','nepokřtěn',34);
INSERT INTO "Person" (_id_person,surname,village,street,descr,birth,sex,religion,mother_id) VALUES (38,'Urban','Opava','Kováříková',07129,'1868-02-25','muž','nepokřtěn',34);
INSERT INTO "Person" (_id_person,surname,village,street,descr,birth,sex,religion) VALUES (39,'Navrátilová','Plzeň','Svatoboj',8152,'1806-11-07','žena','evangelík');
INSERT INTO "Person" (_id_person,surname,village,street,descr,birth,sex,religion) VALUES (40,'Navrátil','Plzeň','Svatoboj',8152,'1807-10-07','muž','nepokřtěn');
INSERT INTO "Person" (_id_person,surname,village,street,descr,birth,sex,religion,mother_id,father_id) VALUES (41,'Navrátil','Plzeň','Svatoboj',8152,'1833-08-04','muž','nepokřtěn',39,40);
INSERT INTO "Person" (_id_person,surname,village,street,descr,birth,sex,religion,father_id) VALUES (42,'Navrátilová','Plzeň','Bret',2988,'1869-09-17','žena','nepokřtěn',41);
INSERT INTO "Person" (_id_person,surname,village,street,descr,birth,sex,religion,father_id) VALUES (43,'Navrátil','Plzeň','Emilián',67894,'1855-04-08','muž','nepokřtěn',41);
INSERT INTO "Person" (_id_person,surname,village,street,descr,birth,sex,religion,father_id) VALUES (44,'Navrátil','Plzeň','Vlčková',260,'1858-01-11','muž','nepokřtěn',41);
INSERT INTO "Person" (_id_person,surname,village,street,descr,birth,sex,religion,father_id) VALUES (45,'Navrátil','Brno','Blahomír',049,'1861-01-21','muž','nepokřtěn',41);
INSERT INTO "Person" (_id_person,surname,village,street,descr,birth,sex,religion) VALUES (46,'Šmídová','Kladno','Debora',36515,'1808-02-05','žena','evangelík');
INSERT INTO "Person" (_id_person,surname,village,street,descr,birth,sex,religion) VALUES (47,'Šmíd','Kladno','Debora',36515,'1800-04-20','muž','evangelík');
INSERT INTO "Person" (_id_person,surname,village,street,descr,birth,sex,religion,mother_id,father_id) VALUES (48,'Šmídová','Kladno','Debora',36515,'1826-11-04','žena','evangelík',46,47);
INSERT INTO "Person" (_id_person,surname,village,street,descr,birth,sex,religion,mother_id) VALUES (49,'Šmídová','Kladno','Hubert',525,'1861-02-12','žena','evangelík',48);
INSERT INTO "Person" (_id_person,surname,village,street,descr,birth,sex,religion) VALUES (50,'Staněková','Zlín','Filibert',52365,'1804-12-03','žena','katolík');
INSERT INTO "Person" (_id_person,surname,village,street,descr,birth,sex,religion) VALUES (51,'Staněk','Zlín','Filibert',52365,'1804-11-26','muž','katolík');
INSERT INTO "Person" (_id_person,surname,village,street,descr,birth,sex,religion,mother_id,father_id) VALUES (52,'Staněková','Zlín','Filibert',52365,'1830-04-07','žena','katolík',50,51);
INSERT INTO "Person" (_id_person,surname,village,street,descr,birth,sex,religion,mother_id) VALUES (53,'Staněková','Teplice','Fabián',350,'1856-03-30','žena','katolík',52);
INSERT INTO "Person" (_id_person,surname,village,street,descr,birth,sex,religion,mother_id) VALUES (54,'Staněk','Zlín','Kazi',6999,'1856-06-06','muž','katolík',52);
INSERT INTO "Person" (_id_person,surname,village,street,descr,birth,sex,religion) VALUES (55,'Žáková','Praha','Kaňová',13715,'1809-05-23','žena','katolík');
INSERT INTO "Person" (_id_person,surname,village,street,descr,birth,sex,religion) VALUES (56,'Žák','Praha','Kaňová',13715,'1800-10-30','muž','katolík');
INSERT INTO "Person" (_id_person,surname,village,street,descr,birth,sex,religion,mother_id,father_id) VALUES (57,'Žáková','Praha','Kaňová',13715,'1827-06-20','žena','katolík',55,56);
INSERT INTO "Person" (_id_person,surname,village,street,descr,birth,sex,religion,mother_id) VALUES (58,'Žáková','Praha','Blahomíra',7059,'1855-08-24','žena','katolík',57);
INSERT INTO "Person" (_id_person,surname,village,street,descr,birth,sex,religion,mother_id) VALUES (59,'Žáková','Praha','Cibulková',39188,'1862-09-04','žena','katolík',57);
INSERT INTO "Person" (_id_person,surname,village,street,descr,birth,sex,religion,mother_id) VALUES (60,'Žáková','Praha','Stárková',4022,'1865-02-10','žena','katolík',57);
INSERT INTO "Person" (_id_person,surname,village,street,descr,birth,sex,religion,mother_id) VALUES (61,'Žáková','Praha','Bret',01692,'1864-05-13','žena','katolík',57);
INSERT INTO "Person" (_id_person,surname,village,street,descr,birth,sex,religion) VALUES (62,'Stejskalová','Olomouc','Přibyl',751,'1808-07-15','žena','katolík');
INSERT INTO "Person" (_id_person,surname,village,street,descr,birth,sex,religion) VALUES (63,'Stejskal','Olomouc','Přibyl',751,'1802-01-23','muž','katolík');
INSERT INTO "Person" (_id_person,surname,village,street,descr,birth,sex,religion,mother_id,father_id) VALUES (64,'Stejskal','Olomouc','Přibyl',751,'1826-09-19','muž','katolík',62,63);
INSERT INTO "Person" (_id_person,surname,village,street,descr,birth,sex,religion,father_id) VALUES (65,'Stejskal','Olomouc','Macek',57576,'1861-09-30','muž','katolík',64);
INSERT INTO "Person" (_id_person,surname,village,street,descr,birth,sex,religion,father_id) VALUES (66,'Stejskalová','Olomouc','Křížek',282,'1868-10-24','žena','katolík',64);
INSERT INTO "Person" (_id_person,surname,village,street,descr,birth,sex,religion,father_id) VALUES (67,'Stejskal','Olomouc','Leticie',90897,'1867-06-08','muž','katolík',64);
INSERT INTO "Person" (_id_person,surname,village,street,descr,birth,sex,religion) VALUES (68,'Němecová','Most','Erazmus',6793,'1806-08-31','žena','katolík');
INSERT INTO "Person" (_id_person,surname,village,street,descr,birth,sex,religion) VALUES (69,'Němec','Most','Erazmus',6793,'1801-12-16','muž','katolík');
INSERT INTO "Person" (_id_person,surname,village,street,descr,birth,sex,religion,mother_id,father_id) VALUES (70,'Němecová','Most','Erazmus',6793,'1835-06-19','žena','katolík',68,69);
INSERT INTO "Person" (_id_person,surname,village,street,descr,birth,sex,religion,mother_id) VALUES (71,'Němec','Jihlava','Dorián',2693,'1869-12-20','muž','nepokřtěn',70);
INSERT INTO "Person" (_id_person,surname,village,street,descr,birth,sex,religion,mother_id) VALUES (72,'Němecová','Most','Jolanta',23783,'1864-10-29','žena','nepokřtěn',70);
INSERT INTO "Person" (_id_person,surname,village,street,descr,birth,sex,religion,mother_id) VALUES (73,'Němec','Most','Ada',191,'1865-07-08','muž','katolík',70);
INSERT INTO "Person" (_id_person,surname,village,street,descr,birth,sex,religion,mother_id) VALUES (74,'Němecová','Most','Bojislava',305,'1865-04-26','žena','katolík',70);
INSERT INTO "Person" (_id_person,surname,village,street,descr,birth,sex,religion) VALUES (75,'Horáčeková','Pardubice','Albert',7345,'1806-01-27','žena','katolík');
INSERT INTO "Person" (_id_person,surname,village,street,descr,birth,sex,religion) VALUES (76,'Horáček','Pardubice','Albert',7345,'1802-08-03','muž','katolík');
INSERT INTO "Person" (_id_person,surname,village,street,descr,birth,sex,religion,mother_id,father_id) VALUES (77,'Horáčeková','Pardubice','Albert',7345,'1826-07-05','žena','katolík',75,76);
INSERT INTO "Person" (_id_person,surname,village,street,descr,birth,sex,religion,mother_id) VALUES (78,'Horáčeková','Pardubice','Milena',60423,'1858-02-18','žena','nepokřtěn',77);
INSERT INTO "Person" (_id_person,surname,village,street,descr,birth,sex,religion,mother_id) VALUES (79,'Horáčeková','Pardubice','švestková',51991,'1869-01-02','žena','katolík',77);
INSERT INTO "Person" (_id_person,surname,village,street,descr,birth,sex,religion,mother_id) VALUES (80,'Horáček','Pardubice','Geralda',47530,'1858-02-18','muž','katolík',77);
--------------------------PersonName--------------------------
INSERT INTO "PersonName" (person_id,name_id) VALUES (0,334);
INSERT INTO "PersonName" (person_id,name_id) VALUES (1,51);
INSERT INTO "PersonName" (person_id,name_id) VALUES (2,25);
INSERT INTO "PersonName" (person_id,name_id) VALUES (3,202);
INSERT INTO "PersonName" (person_id,name_id) VALUES (4,303);
INSERT INTO "PersonName" (person_id,name_id) VALUES (5,277);
INSERT INTO "PersonName" (person_id,name_id) VALUES (6,217);
INSERT INTO "PersonName" (person_id,name_id) VALUES (7,284);
INSERT INTO "PersonName" (person_id,name_id) VALUES (8,120);
INSERT INTO "PersonName" (person_id,name_id) VALUES (8,160);
INSERT INTO "PersonName" (person_id,name_id) VALUES (9,22);
INSERT INTO "PersonName" (person_id,name_id) VALUES (10,340);
INSERT INTO "PersonName" (person_id,name_id) VALUES (11,161);
INSERT INTO "PersonName" (person_id,name_id) VALUES (12,360);
INSERT INTO "PersonName" (person_id,name_id) VALUES (13,249);
INSERT INTO "PersonName" (person_id,name_id) VALUES (14,49);
INSERT INTO "PersonName" (person_id,name_id) VALUES (15,291);
INSERT INTO "PersonName" (person_id,name_id) VALUES (16,276);
INSERT INTO "PersonName" (person_id,name_id) VALUES (17,5);
INSERT INTO "PersonName" (person_id,name_id) VALUES (18,327);
INSERT INTO "PersonName" (person_id,name_id) VALUES (19,283);
INSERT INTO "PersonName" (person_id,name_id) VALUES (20,203);
INSERT INTO "PersonName" (person_id,name_id) VALUES (21,19);
INSERT INTO "PersonName" (person_id,name_id) VALUES (22,124);
INSERT INTO "PersonName" (person_id,name_id) VALUES (22,14);
INSERT INTO "PersonName" (person_id,name_id) VALUES (23,207);
INSERT INTO "PersonName" (person_id,name_id) VALUES (24,36);
INSERT INTO "PersonName" (person_id,name_id) VALUES (25,214);
INSERT INTO "PersonName" (person_id,name_id) VALUES (26,329);
INSERT INTO "PersonName" (person_id,name_id) VALUES (27,4);
INSERT INTO "PersonName" (person_id,name_id) VALUES (28,29);
INSERT INTO "PersonName" (person_id,name_id) VALUES (29,241);
INSERT INTO "PersonName" (person_id,name_id) VALUES (30,83);
INSERT INTO "PersonName" (person_id,name_id) VALUES (31,67);
INSERT INTO "PersonName" (person_id,name_id) VALUES (31,139);
INSERT INTO "PersonName" (person_id,name_id) VALUES (32,256);
INSERT INTO "PersonName" (person_id,name_id) VALUES (33,101);
INSERT INTO "PersonName" (person_id,name_id) VALUES (33,164);
INSERT INTO "PersonName" (person_id,name_id) VALUES (34,194);
INSERT INTO "PersonName" (person_id,name_id) VALUES (35,308);
INSERT INTO "PersonName" (person_id,name_id) VALUES (36,109);
INSERT INTO "PersonName" (person_id,name_id) VALUES (37,9);
INSERT INTO "PersonName" (person_id,name_id) VALUES (37,116);
INSERT INTO "PersonName" (person_id,name_id) VALUES (38,117);
INSERT INTO "PersonName" (person_id,name_id) VALUES (39,310);
INSERT INTO "PersonName" (person_id,name_id) VALUES (40,59);
INSERT INTO "PersonName" (person_id,name_id) VALUES (41,156);
INSERT INTO "PersonName" (person_id,name_id) VALUES (42,259);
INSERT INTO "PersonName" (person_id,name_id) VALUES (43,118);
INSERT INTO "PersonName" (person_id,name_id) VALUES (44,16);
INSERT INTO "PersonName" (person_id,name_id) VALUES (44,47);
INSERT INTO "PersonName" (person_id,name_id) VALUES (45,173);
INSERT INTO "PersonName" (person_id,name_id) VALUES (46,242);
INSERT INTO "PersonName" (person_id,name_id) VALUES (47,100);
INSERT INTO "PersonName" (person_id,name_id) VALUES (48,300);
INSERT INTO "PersonName" (person_id,name_id) VALUES (49,281);
INSERT INTO "PersonName" (person_id,name_id) VALUES (50,368);
INSERT INTO "PersonName" (person_id,name_id) VALUES (51,123);
INSERT INTO "PersonName" (person_id,name_id) VALUES (52,309);
INSERT INTO "PersonName" (person_id,name_id) VALUES (53,320);
INSERT INTO "PersonName" (person_id,name_id) VALUES (54,35);
INSERT INTO "PersonName" (person_id,name_id) VALUES (54,126);
INSERT INTO "PersonName" (person_id,name_id) VALUES (55,358);
INSERT INTO "PersonName" (person_id,name_id) VALUES (56,58);
INSERT INTO "PersonName" (person_id,name_id) VALUES (56,40);
INSERT INTO "PersonName" (person_id,name_id) VALUES (57,367);
INSERT INTO "PersonName" (person_id,name_id) VALUES (58,188);
INSERT INTO "PersonName" (person_id,name_id) VALUES (59,362);
INSERT INTO "PersonName" (person_id,name_id) VALUES (60,263);
INSERT INTO "PersonName" (person_id,name_id) VALUES (61,299);
INSERT INTO "PersonName" (person_id,name_id) VALUES (62,336);
INSERT INTO "PersonName" (person_id,name_id) VALUES (63,157);
INSERT INTO "PersonName" (person_id,name_id) VALUES (63,3);
INSERT INTO "PersonName" (person_id,name_id) VALUES (64,105);
INSERT INTO "PersonName" (person_id,name_id) VALUES (65,78);
INSERT INTO "PersonName" (person_id,name_id) VALUES (66,331);
INSERT INTO "PersonName" (person_id,name_id) VALUES (67,98);
INSERT INTO "PersonName" (person_id,name_id) VALUES (67,15);
INSERT INTO "PersonName" (person_id,name_id) VALUES (68,240);
INSERT INTO "PersonName" (person_id,name_id) VALUES (69,24);
INSERT INTO "PersonName" (person_id,name_id) VALUES (70,319);
INSERT INTO "PersonName" (person_id,name_id) VALUES (71,20);
INSERT INTO "PersonName" (person_id,name_id) VALUES (72,306);
INSERT INTO "PersonName" (person_id,name_id) VALUES (73,82);
INSERT INTO "PersonName" (person_id,name_id) VALUES (74,286);
INSERT INTO "PersonName" (person_id,name_id) VALUES (75,228);
INSERT INTO "PersonName" (person_id,name_id) VALUES (76,23);
INSERT INTO "PersonName" (person_id,name_id) VALUES (76,93);
INSERT INTO "PersonName" (person_id,name_id) VALUES (77,191);
INSERT INTO "PersonName" (person_id,name_id) VALUES (78,208);
INSERT INTO "PersonName" (person_id,name_id) VALUES (79,205);
INSERT INTO "PersonName" (person_id,name_id) VALUES (80,113);
--------------------------PersonOccupation--------------------------
INSERT INTO "PersonOccupation" (person_id,occup_id) VALUES (1,14);
INSERT INTO "PersonOccupation" (person_id,occup_id) VALUES (1,41);
INSERT INTO "PersonOccupation" (person_id,occup_id) VALUES (1,34);
INSERT INTO "PersonOccupation" (person_id,occup_id) VALUES (2,24);
INSERT INTO "PersonOccupation" (person_id,occup_id) VALUES (2,3);
INSERT INTO "PersonOccupation" (person_id,occup_id) VALUES (3,2);
INSERT INTO "PersonOccupation" (person_id,occup_id) VALUES (3,5);
INSERT INTO "PersonOccupation" (person_id,occup_id) VALUES (3,9);
INSERT INTO "PersonOccupation" (person_id,occup_id) VALUES (4,16);
INSERT INTO "PersonOccupation" (person_id,occup_id) VALUES (5,1);
INSERT INTO "PersonOccupation" (person_id,occup_id) VALUES (5,10);
INSERT INTO "PersonOccupation" (person_id,occup_id) VALUES (6,40);
INSERT INTO "PersonOccupation" (person_id,occup_id) VALUES (6,17);
INSERT INTO "PersonOccupation" (person_id,occup_id) VALUES (6,4);
INSERT INTO "PersonOccupation" (person_id,occup_id) VALUES (8,33);
INSERT INTO "PersonOccupation" (person_id,occup_id) VALUES (8,12);
INSERT INTO "PersonOccupation" (person_id,occup_id) VALUES (9,48);
INSERT INTO "PersonOccupation" (person_id,occup_id) VALUES (9,17);
INSERT INTO "PersonOccupation" (person_id,occup_id) VALUES (9,1);
INSERT INTO "PersonOccupation" (person_id,occup_id) VALUES (11,41);
INSERT INTO "PersonOccupation" (person_id,occup_id) VALUES (11,7);
INSERT INTO "PersonOccupation" (person_id,occup_id) VALUES (12,16);
INSERT INTO "PersonOccupation" (person_id,occup_id) VALUES (12,27);
INSERT INTO "PersonOccupation" (person_id,occup_id) VALUES (14,32);
INSERT INTO "PersonOccupation" (person_id,occup_id) VALUES (14,3);
INSERT INTO "PersonOccupation" (person_id,occup_id) VALUES (15,9);
INSERT INTO "PersonOccupation" (person_id,occup_id) VALUES (15,2);
INSERT INTO "PersonOccupation" (person_id,occup_id) VALUES (15,12);
INSERT INTO "PersonOccupation" (person_id,occup_id) VALUES (16,43);
INSERT INTO "PersonOccupation" (person_id,occup_id) VALUES (16,33);
INSERT INTO "PersonOccupation" (person_id,occup_id) VALUES (17,8);
INSERT INTO "PersonOccupation" (person_id,occup_id) VALUES (19,16);
INSERT INTO "PersonOccupation" (person_id,occup_id) VALUES (19,9);
INSERT INTO "PersonOccupation" (person_id,occup_id) VALUES (19,21);
INSERT INTO "PersonOccupation" (person_id,occup_id) VALUES (21,39);
INSERT INTO "PersonOccupation" (person_id,occup_id) VALUES (22,22);
INSERT INTO "PersonOccupation" (person_id,occup_id) VALUES (22,9);
INSERT INTO "PersonOccupation" (person_id,occup_id) VALUES (22,23);
INSERT INTO "PersonOccupation" (person_id,occup_id) VALUES (23,19);
INSERT INTO "PersonOccupation" (person_id,occup_id) VALUES (23,27);
INSERT INTO "PersonOccupation" (person_id,occup_id) VALUES (23,30);
INSERT INTO "PersonOccupation" (person_id,occup_id) VALUES (24,10);
INSERT INTO "PersonOccupation" (person_id,occup_id) VALUES (24,11);
INSERT INTO "PersonOccupation" (person_id,occup_id) VALUES (26,12);
INSERT INTO "PersonOccupation" (person_id,occup_id) VALUES (27,49);
INSERT INTO "PersonOccupation" (person_id,occup_id) VALUES (28,18);
INSERT INTO "PersonOccupation" (person_id,occup_id) VALUES (28,12);
INSERT INTO "PersonOccupation" (person_id,occup_id) VALUES (29,29);
INSERT INTO "PersonOccupation" (person_id,occup_id) VALUES (30,8);
INSERT INTO "PersonOccupation" (person_id,occup_id) VALUES (31,20);
INSERT INTO "PersonOccupation" (person_id,occup_id) VALUES (32,5);
INSERT INTO "PersonOccupation" (person_id,occup_id) VALUES (32,32);
INSERT INTO "PersonOccupation" (person_id,occup_id) VALUES (32,49);
INSERT INTO "PersonOccupation" (person_id,occup_id) VALUES (33,36);
INSERT INTO "PersonOccupation" (person_id,occup_id) VALUES (33,48);
INSERT INTO "PersonOccupation" (person_id,occup_id) VALUES (35,39);
INSERT INTO "PersonOccupation" (person_id,occup_id) VALUES (37,29);
INSERT INTO "PersonOccupation" (person_id,occup_id) VALUES (37,3);
INSERT INTO "PersonOccupation" (person_id,occup_id) VALUES (37,0);
INSERT INTO "PersonOccupation" (person_id,occup_id) VALUES (38,15);
INSERT INTO "PersonOccupation" (person_id,occup_id) VALUES (38,4);
INSERT INTO "PersonOccupation" (person_id,occup_id) VALUES (38,48);
INSERT INTO "PersonOccupation" (person_id,occup_id) VALUES (39,11);
INSERT INTO "PersonOccupation" (person_id,occup_id) VALUES (39,40);
INSERT INTO "PersonOccupation" (person_id,occup_id) VALUES (39,12);
INSERT INTO "PersonOccupation" (person_id,occup_id) VALUES (40,33);
INSERT INTO "PersonOccupation" (person_id,occup_id) VALUES (40,18);
INSERT INTO "PersonOccupation" (person_id,occup_id) VALUES (41,48);
INSERT INTO "PersonOccupation" (person_id,occup_id) VALUES (41,24);
INSERT INTO "PersonOccupation" (person_id,occup_id) VALUES (41,3);
INSERT INTO "PersonOccupation" (person_id,occup_id) VALUES (42,8);
INSERT INTO "PersonOccupation" (person_id,occup_id) VALUES (42,31);
INSERT INTO "PersonOccupation" (person_id,occup_id) VALUES (43,43);
INSERT INTO "PersonOccupation" (person_id,occup_id) VALUES (43,46);
INSERT INTO "PersonOccupation" (person_id,occup_id) VALUES (43,20);
INSERT INTO "PersonOccupation" (person_id,occup_id) VALUES (44,1);
INSERT INTO "PersonOccupation" (person_id,occup_id) VALUES (44,31);
INSERT INTO "PersonOccupation" (person_id,occup_id) VALUES (44,33);
INSERT INTO "PersonOccupation" (person_id,occup_id) VALUES (45,4);
INSERT INTO "PersonOccupation" (person_id,occup_id) VALUES (45,7);
INSERT INTO "PersonOccupation" (person_id,occup_id) VALUES (46,8);
INSERT INTO "PersonOccupation" (person_id,occup_id) VALUES (46,37);
INSERT INTO "PersonOccupation" (person_id,occup_id) VALUES (47,45);
INSERT INTO "PersonOccupation" (person_id,occup_id) VALUES (48,4);
INSERT INTO "PersonOccupation" (person_id,occup_id) VALUES (49,37);
INSERT INTO "PersonOccupation" (person_id,occup_id) VALUES (51,2);
INSERT INTO "PersonOccupation" (person_id,occup_id) VALUES (52,47);
INSERT INTO "PersonOccupation" (person_id,occup_id) VALUES (53,1);
INSERT INTO "PersonOccupation" (person_id,occup_id) VALUES (54,3);
INSERT INTO "PersonOccupation" (person_id,occup_id) VALUES (55,13);
INSERT INTO "PersonOccupation" (person_id,occup_id) VALUES (55,16);
INSERT INTO "PersonOccupation" (person_id,occup_id) VALUES (55,39);
INSERT INTO "PersonOccupation" (person_id,occup_id) VALUES (57,41);
INSERT INTO "PersonOccupation" (person_id,occup_id) VALUES (57,33);
INSERT INTO "PersonOccupation" (person_id,occup_id) VALUES (58,22);
INSERT INTO "PersonOccupation" (person_id,occup_id) VALUES (59,27);
INSERT INTO "PersonOccupation" (person_id,occup_id) VALUES (59,29);
INSERT INTO "PersonOccupation" (person_id,occup_id) VALUES (59,33);
INSERT INTO "PersonOccupation" (person_id,occup_id) VALUES (60,23);
INSERT INTO "PersonOccupation" (person_id,occup_id) VALUES (60,11);
INSERT INTO "PersonOccupation" (person_id,occup_id) VALUES (60,43);
INSERT INTO "PersonOccupation" (person_id,occup_id) VALUES (62,16);
INSERT INTO "PersonOccupation" (person_id,occup_id) VALUES (62,1);
INSERT INTO "PersonOccupation" (person_id,occup_id) VALUES (64,8);
INSERT INTO "PersonOccupation" (person_id,occup_id) VALUES (65,30);
INSERT INTO "PersonOccupation" (person_id,occup_id) VALUES (65,17);
INSERT INTO "PersonOccupation" (person_id,occup_id) VALUES (65,26);
INSERT INTO "PersonOccupation" (person_id,occup_id) VALUES (66,23);
INSERT INTO "PersonOccupation" (person_id,occup_id) VALUES (66,19);
INSERT INTO "PersonOccupation" (person_id,occup_id) VALUES (67,18);
INSERT INTO "PersonOccupation" (person_id,occup_id) VALUES (67,36);
INSERT INTO "PersonOccupation" (person_id,occup_id) VALUES (68,5);
INSERT INTO "PersonOccupation" (person_id,occup_id) VALUES (69,20);
INSERT INTO "PersonOccupation" (person_id,occup_id) VALUES (69,2);
INSERT INTO "PersonOccupation" (person_id,occup_id) VALUES (70,3);
INSERT INTO "PersonOccupation" (person_id,occup_id) VALUES (70,39);
INSERT INTO "PersonOccupation" (person_id,occup_id) VALUES (70,17);
INSERT INTO "PersonOccupation" (person_id,occup_id) VALUES (71,44);
INSERT INTO "PersonOccupation" (person_id,occup_id) VALUES (71,21);
INSERT INTO "PersonOccupation" (person_id,occup_id) VALUES (71,19);
INSERT INTO "PersonOccupation" (person_id,occup_id) VALUES (72,37);
INSERT INTO "PersonOccupation" (person_id,occup_id) VALUES (73,47);
INSERT INTO "PersonOccupation" (person_id,occup_id) VALUES (73,21);
INSERT INTO "PersonOccupation" (person_id,occup_id) VALUES (74,21);
INSERT INTO "PersonOccupation" (person_id,occup_id) VALUES (74,28);
INSERT INTO "PersonOccupation" (person_id,occup_id) VALUES (74,15);
INSERT INTO "PersonOccupation" (person_id,occup_id) VALUES (75,0);
INSERT INTO "PersonOccupation" (person_id,occup_id) VALUES (77,33);
INSERT INTO "PersonOccupation" (person_id,occup_id) VALUES (77,42);
INSERT INTO "PersonOccupation" (person_id,occup_id) VALUES (77,34);
INSERT INTO "PersonOccupation" (person_id,occup_id) VALUES (78,42);
INSERT INTO "PersonOccupation" (person_id,occup_id) VALUES (78,37);
INSERT INTO "PersonOccupation" (person_id,occup_id) VALUES (79,46);
INSERT INTO "PersonOccupation" (person_id,occup_id) VALUES (80,24);
INSERT INTO "PersonOccupation" (person_id,occup_id) VALUES (80,27);
--------------------------Marriage--------------------------
INSERT INTO "Marriage" (_id_marriage,rec_ready,rec_order,scan_order,scan_layout,date,village,groom_y,groom_m,groom_d,bride_y,bride_m,bride_d,groom_adult,bride_adult,relationship,groom_id,bride_id,user_id,register_id,officiant_id) VALUES (0,false,192,577,'P','1853-05-29','Havířov',27,9,22,26,11,5,true,true,'ne',9,77,1,162,1);
--------------------------Witness--------------------------
INSERT INTO "Witness" (person_id,marriage_id,side,relationship) VALUES (37,0,'ženicha','sourozenec');
INSERT INTO "Witness" (person_id,marriage_id,side,relationship) VALUES (42,0,'ženicha','sourozenec');
INSERT INTO "Witness" (person_id,marriage_id,side,relationship) VALUES (30,0,'nevěsty','jiné');
INSERT INTO "Witness" (person_id,marriage_id,side,relationship) VALUES (5,0,'nevěsty','sourozenec');
INSERT INTO "Marriage" (_id_marriage,rec_ready,rec_order,scan_order,scan_layout,date,village,groom_y,groom_m,groom_d,bride_y,bride_m,bride_d,groom_adult,bride_adult,relationship,groom_id,bride_id,user_id,register_id,officiant_id) VALUES (1,true,153,751,'P','1867-09-23','Ústí nad Labem',28,10,27,37,5,28,true,true,'ne',28,52,0,74,0);
--------------------------Witness--------------------------
INSERT INTO "Witness" (person_id,marriage_id,side,relationship) VALUES (8,1,'ženicha','přítel');
INSERT INTO "Witness" (person_id,marriage_id,side,relationship) VALUES (62,1,'ženicha','sourozenec');
INSERT INTO "Witness" (person_id,marriage_id,side,relationship) VALUES (70,1,'nevěsty','jiné');
INSERT INTO "Witness" (person_id,marriage_id,side,relationship) VALUES (44,1,'nevěsty','jiné');
INSERT INTO "Marriage" (_id_marriage,rec_ready,rec_order,scan_order,scan_layout,date,village,groom_y,groom_m,groom_d,bride_y,bride_m,bride_d,groom_adult,bride_adult,relationship,groom_id,bride_id,user_id,register_id,officiant_id) VALUES (2,false,107,436,'L','1863-03-31','Pardubice',24,3,28,28,0,17,true,true,'ne',22,25,1,146,2);
--------------------------Witness--------------------------
INSERT INTO "Witness" (person_id,marriage_id,side,relationship) VALUES (58,2,'ženicha','jiné');
INSERT INTO "Witness" (person_id,marriage_id,side,relationship) VALUES (54,2,'ženicha','sourozenec');
INSERT INTO "Witness" (person_id,marriage_id,side,relationship) VALUES (1,2,'nevěsty','přítel');
INSERT INTO "Witness" (person_id,marriage_id,side,relationship) VALUES (55,2,'nevěsty','jiné');
INSERT INTO "Marriage" (_id_marriage,rec_ready,rec_order,scan_order,scan_layout,date,village,groom_y,groom_m,groom_d,bride_y,bride_m,bride_d,groom_adult,bride_adult,relationship,groom_id,bride_id,user_id,register_id,officiant_id) VALUES (3,true,708,305,'C','1853-09-10','Opava',26,2,4,21,12,0,true,true,'ne',31,34,1,19,2);
--------------------------Witness--------------------------
INSERT INTO "Witness" (person_id,marriage_id,side,relationship) VALUES (30,3,'ženicha','jiné');
INSERT INTO "Witness" (person_id,marriage_id,side,relationship) VALUES (25,3,'ženicha','jiné');
INSERT INTO "Witness" (person_id,marriage_id,side,relationship) VALUES (44,3,'nevěsty','sourozenec');
INSERT INTO "Witness" (person_id,marriage_id,side,relationship) VALUES (57,3,'nevěsty','sourozenec');
INSERT INTO "Marriage" (_id_marriage,rec_ready,rec_order,scan_order,scan_layout,date,village,groom_y,groom_m,groom_d,bride_y,bride_m,bride_d,groom_adult,bride_adult,relationship,groom_id,bride_id,user_id,register_id,officiant_id,banns_1) VALUES (4,true,800,820,'C','1860-04-27','Olomouc',33,7,19,24,10,19,true,true,'ne',64,70,0,142,2,'1860-04-20');
--------------------------Witness--------------------------
INSERT INTO "Witness" (person_id,marriage_id,side,relationship) VALUES (32,4,'ženicha','přítel');
INSERT INTO "Witness" (person_id,marriage_id,side,relationship) VALUES (66,4,'ženicha','sourozenec');
INSERT INTO "Witness" (person_id,marriage_id,side,relationship) VALUES (72,4,'nevěsty','jiné');
INSERT INTO "Witness" (person_id,marriage_id,side,relationship) VALUES (42,4,'nevěsty','jiné');
INSERT INTO "Marriage" (_id_marriage,rec_ready,rec_order,scan_order,scan_layout,date,village,groom_y,groom_m,groom_d,bride_y,bride_m,bride_d,groom_adult,bride_adult,relationship,groom_id,bride_id,user_id,register_id,officiant_id) VALUES (5,true,390,621,'P','1854-02-25','Plzeň',20,7,0,26,6,15,true,true,'ne',41,18,1,62,0);
--------------------------Witness--------------------------
INSERT INTO "Witness" (person_id,marriage_id,side,relationship) VALUES (14,5,'ženicha','jiné');
INSERT INTO "Witness" (person_id,marriage_id,side,relationship) VALUES (21,5,'ženicha','jiné');
INSERT INTO "Witness" (person_id,marriage_id,side,relationship) VALUES (68,5,'nevěsty','sourozenec');
INSERT INTO "Witness" (person_id,marriage_id,side,relationship) VALUES (7,5,'nevěsty','sourozenec');
INSERT INTO "Marriage" (_id_marriage,rec_ready,rec_order,scan_order,scan_layout,date,village,groom_y,groom_m,groom_d,bride_y,bride_m,bride_d,groom_adult,bride_adult,relationship,groom_id,bride_id,user_id,register_id,officiant_id,banns_1,banns_2) VALUES (6,true,625,298,'P','1846-12-12','Liberec',19,5,5,16,10,23,true,false,'ne',31,15,1,17,2,'1846-12-05','1846-11-28');
--------------------------Witness--------------------------
INSERT INTO "Witness" (person_id,marriage_id,side,relationship) VALUES (57,6,'ženicha','jiné');
INSERT INTO "Witness" (person_id,marriage_id,side,relationship) VALUES (9,6,'ženicha','sourozenec');
INSERT INTO "Witness" (person_id,marriage_id,side,relationship) VALUES (12,6,'nevěsty','sourozenec');
INSERT INTO "Witness" (person_id,marriage_id,side,relationship) VALUES (71,6,'nevěsty','sourozenec');
INSERT INTO "Marriage" (_id_marriage,rec_ready,rec_order,scan_order,scan_layout,date,village,groom_y,groom_m,groom_d,bride_y,bride_m,bride_d,groom_adult,bride_adult,relationship,groom_id,bride_id,user_id,register_id,officiant_id,banns_1) VALUES (7,true,6,74,'C','1854-11-12','Praha',21,3,15,27,5,2,true,true,'ne',41,57,1,12,0,'1854-11-05');
--------------------------Witness--------------------------
INSERT INTO "Witness" (person_id,marriage_id,side,relationship) VALUES (21,7,'ženicha','jiné');
INSERT INTO "Witness" (person_id,marriage_id,side,relationship) VALUES (36,7,'ženicha','sourozenec');
INSERT INTO "Witness" (person_id,marriage_id,side,relationship) VALUES (48,7,'nevěsty','jiné');
INSERT INTO "Witness" (person_id,marriage_id,side,relationship) VALUES (64,7,'nevěsty','jiné');
INSERT INTO "Marriage" (_id_marriage,rec_ready,rec_order,scan_order,scan_layout,date,village,groom_y,groom_m,groom_d,bride_y,bride_m,bride_d,groom_adult,bride_adult,relationship,groom_id,bride_id,user_id,register_id,officiant_id) VALUES (8,true,619,661,'P','1859-07-08','Brno',20,8,8,32,8,14,true,true,'ne',28,48,1,47,1);
--------------------------Witness--------------------------
INSERT INTO "Witness" (person_id,marriage_id,side,relationship) VALUES (61,8,'ženicha','přítel');
INSERT INTO "Witness" (person_id,marriage_id,side,relationship) VALUES (52,8,'ženicha','přítel');
INSERT INTO "Witness" (person_id,marriage_id,side,relationship) VALUES (42,8,'nevěsty','jiné');
INSERT INTO "Witness" (person_id,marriage_id,side,relationship) VALUES (64,8,'nevěsty','přítel');
INSERT INTO "Marriage" (_id_marriage,rec_ready,rec_order,scan_order,scan_layout,date,village,groom_y,groom_m,groom_d,bride_y,bride_m,bride_d,groom_adult,bride_adult,relationship,groom_id,bride_id,user_id,register_id,officiant_id,banns_1) VALUES (9,true,359,984,'C','1855-03-27','Zlín',28,6,16,24,12,0,true,true,'ne',64,52,1,206,0,'1855-03-20');
--------------------------Witness--------------------------
INSERT INTO "Witness" (person_id,marriage_id,side,relationship) VALUES (35,9,'ženicha','sourozenec');
INSERT INTO "Witness" (person_id,marriage_id,side,relationship) VALUES (62,9,'ženicha','jiné');
INSERT INTO "Witness" (person_id,marriage_id,side,relationship) VALUES (67,9,'nevěsty','jiné');
INSERT INTO "Witness" (person_id,marriage_id,side,relationship) VALUES (58,9,'nevěsty','sourozenec');
--------------------------Death--------------------------
INSERT INTO "Death" (_id_death,rec_ready,rec_order,scan_order,scan_layout,death_village,death_street,death_descr,place_funeral,widowed,age_y,age_m,age_d,age_h,inspection,person_id,user_id,register_id,director_id,celebrant_id,death_cause,death_date,funeral_date,inspection_by) VALUES (15,true,377,903,'P','Pardubice','Albert',7345,'Pardubice',false,50,0,13,7,true,77,1,148,0,2,'osýpky','1876-07-05','1876-07-07','Dr. Hrachovina');
INSERT INTO "Death" (_id_death,rec_ready,rec_order,scan_order,scan_layout,death_village,death_street,death_descr,place_funeral,widowed,age_y,age_m,age_d,age_h,inspection,person_id,user_id,register_id,director_id,celebrant_id,death_cause,death_date,funeral_date) VALUES (14,true,740,964,'C','Kladno','Hvězdoslava',890,'Most',false,38,0,10,11,false,70,0,41,1,1,'utopený','1873-06-19','1873-06-21');
INSERT INTO "Death" (_id_death,rec_ready,rec_order,scan_order,scan_layout,death_village,death_street,death_descr,place_funeral,widowed,age_y,age_m,age_d,age_h,inspection,person_id,user_id,register_id,director_id,celebrant_id,death_date,funeral_date,inspection_by) VALUES (13,true,199,798,'C','Olomouc','Přibyl',751,'Olomouc',false,71,0,18,14,true,64,0,128,2,0,'1897-09-19','1897-09-21','Dr. Nováček');
INSERT INTO "Death" (_id_death,rec_ready,rec_order,scan_order,scan_layout,death_village,death_street,death_descr,place_funeral,widowed,age_y,age_m,age_d,age_h,inspection,person_id,user_id,register_id,director_id,celebrant_id,death_date,funeral_date) VALUES (12,true,810,809,'P','Praha','Kaňová',13715,'Praha',false,18,0,5,0,false,57,1,200,1,0,'1845-06-20','1845-06-22');
INSERT INTO "Death" (_id_death,rec_ready,rec_order,scan_order,scan_layout,death_village,death_street,death_descr,place_funeral,widowed,age_y,age_m,age_d,age_h,inspection,person_id,user_id,register_id,director_id,celebrant_id,death_cause,death_date,funeral_date) VALUES (11,true,421,812,'C','Kladno','Amadeus',379,'Zlín',false,86,0,21,23,false,52,1,36,2,2,'osýpky','1916-04-07','1916-04-09');
INSERT INTO "Death" (_id_death,rec_ready,rec_order,scan_order,scan_layout,death_village,death_street,death_descr,place_funeral,widowed,age_y,age_m,age_d,age_h,inspection,person_id,user_id,register_id,director_id,celebrant_id,death_date,funeral_date,inspection_by) VALUES (10,false,661,605,'C','Liberec','Maxima',487,'Kladno',true,10,0,3,19,true,48,1,214,2,1,'1836-11-04','1836-11-06','Dr. Nováček');
INSERT INTO "Death" (_id_death,rec_ready,rec_order,scan_order,scan_layout,death_village,death_street,death_descr,place_funeral,widowed,age_y,age_m,age_d,age_h,inspection,person_id,user_id,register_id,director_id,celebrant_id,death_date,funeral_date) VALUES (9,false,804,128,'L','Ústí nad Labem','Silvan',299,'Plzeň',false,28,0,7,13,false,41,0,176,0,1,'1861-08-04','1861-08-06');
INSERT INTO "Death" (_id_death,rec_ready,rec_order,scan_order,scan_layout,death_village,death_street,death_descr,place_funeral,widowed,age_y,age_m,age_d,age_h,inspection,person_id,user_id,register_id,director_id,celebrant_id,death_cause,provision_date) VALUES (8,true,589,952,'P','Most','Rainhard',6364,'Opava',false,75,0,18,5,false,34,1,16,2,1,'osýpky','1906-09-21');
INSERT INTO "Death" (_id_death,rec_ready,rec_order,scan_order,scan_layout,death_village,death_street,death_descr,place_funeral,widowed,age_y,age_m,age_d,age_h,inspection,person_id,user_id,register_id,director_id,celebrant_id,death_date,funeral_date) VALUES (7,true,767,494,'C','Hradec Králové','Delie',99621,'Hradec Králové',true,61,0,16,2,false,31,0,31,0,2,'1888-07-15','1888-07-17');
INSERT INTO "Death" (_id_death,rec_ready,rec_order,scan_order,scan_layout,death_village,death_street,death_descr,place_funeral,widowed,age_y,age_m,age_d,age_h,inspection,person_id,user_id,register_id,director_id,celebrant_id,death_date,funeral_date,inspection_by) VALUES (6,true,659,128,'C','Kladno','Vojtěška',85435,'Brno',true,73,0,17,22,true,28,1,76,2,2,'1911-11-07','1911-11-09','Dr. Nováček');
INSERT INTO "Death" (_id_death,rec_ready,rec_order,scan_order,scan_layout,death_village,death_street,death_descr,place_funeral,widowed,age_y,age_m,age_d,age_h,inspection,person_id,user_id,register_id,director_id,celebrant_id,death_cause,death_date,funeral_date) VALUES (5,true,329,887,'L','Pardubice','Dočkalová',22415,'Pardubice',false,99,0,24,3,false,25,0,56,2,0,'souchotiny','1934-03-21','1934-03-23');
INSERT INTO "Death" (_id_death,rec_ready,rec_order,scan_order,scan_layout,death_village,death_street,death_descr,place_funeral,widowed,age_y,age_m,age_d,age_h,inspection,person_id,user_id,register_id,director_id,celebrant_id,place_death,provision_date) VALUES (4,true,632,580,'P','České Budějovice','Bela',784,'České Budějovice',false,37,0,9,7,false,22,0,223,0,2,'v řece Svitavě u Bilovic','1875-12-09');
INSERT INTO "Death" (_id_death,rec_ready,rec_order,scan_order,scan_layout,death_village,death_street,death_descr,place_funeral,widowed,age_y,age_m,age_d,age_h,inspection,person_id,user_id,register_id,director_id,celebrant_id,death_date,funeral_date) VALUES (3,true,734,915,'P','Kladno','Gorazd',833,'Havířov',false,90,0,22,1,false,18,0,4,1,0,'1917-08-21','1917-08-23');
INSERT INTO "Death" (_id_death,rec_ready,rec_order,scan_order,scan_layout,death_village,death_street,death_descr,place_funeral,widowed,age_y,age_m,age_d,age_h,inspection,person_id,user_id,register_id,director_id,celebrant_id,death_cause,notes,provision_date) VALUES (2,true,673,220,'P','Hradec Králové','Bartošek',082,'Ústí nad Labem',true,78,0,18,10,false,15,0,221,1,0,'slabost těla','chyba zápisu, prohozené rubriky','1908-01-27');
INSERT INTO "Death" (_id_death,rec_ready,rec_order,scan_order,scan_layout,death_village,death_street,death_descr,place_funeral,widowed,age_y,age_m,age_d,age_h,inspection,person_id,user_id,register_id,director_id,celebrant_id,death_date,funeral_date,inspection_by) VALUES (1,true,114,800,'P','Most','Dvořáček',14200,'Liberec',true,48,0,12,5,true,9,0,46,0,1,'1873-08-17','1873-08-19','Dr. Nováček');
