--------------------------User--------------------------
INSERT INTO "User" (_id_user,name) VALUES (0,'Grant Hajnýová');
INSERT INTO "User" (_id_user,name) VALUES (1,'Ratmír šebelová');
--------------------------Register--------------------------
INSERT INTO "Register" (_id_register,archive,fond,signature) VALUES (0,'AR0','FOND0',0);
INSERT INTO "Register" (_id_register,archive,fond,signature) VALUES (1,'AR0','FOND0',1);
INSERT INTO "Register" (_id_register,archive,fond,signature) VALUES (2,'AR0','FOND0',2);
INSERT INTO "Register" (_id_register,archive,fond,signature) VALUES (3,'AR0','FOND0',3);
INSERT INTO "Register" (_id_register,archive,fond,signature) VALUES (4,'AR0','FOND0',4);
INSERT INTO "Register" (_id_register,archive,fond,signature) VALUES (5,'AR0','FOND0',5);
INSERT INTO "Register" (_id_register,archive,fond,signature) VALUES (6,'AR0','FOND0',6);
INSERT INTO "Register" (_id_register,archive,fond,signature) VALUES (7,'AR0','FOND0',7);
INSERT INTO "Register" (_id_register,archive,fond,signature) VALUES (8,'AR0','FOND0',8);
INSERT INTO "Register" (_id_register,archive,fond,signature) VALUES (9,'AR0','FOND0',9);
INSERT INTO "Register" (_id_register,archive,fond,signature) VALUES (10,'AR0','FOND0',10);
INSERT INTO "Register" (_id_register,archive,fond,signature) VALUES (11,'AR0','FOND0',11);
INSERT INTO "Register" (_id_register,archive,fond,signature) VALUES (12,'AR0','FOND0',12);
INSERT INTO "Register" (_id_register,archive,fond,signature) VALUES (13,'AR0','FOND0',13);
INSERT INTO "Register" (_id_register,archive,fond,signature) VALUES (14,'AR0','FOND0',14);
INSERT INTO "Register" (_id_register,archive,fond,signature) VALUES (15,'AR0','FOND1',0);
INSERT INTO "Register" (_id_register,archive,fond,signature) VALUES (16,'AR0','FOND1',1);
INSERT INTO "Register" (_id_register,archive,fond,signature) VALUES (17,'AR0','FOND1',2);
INSERT INTO "Register" (_id_register,archive,fond,signature) VALUES (18,'AR0','FOND1',3);
INSERT INTO "Register" (_id_register,archive,fond,signature) VALUES (19,'AR0','FOND1',4);
INSERT INTO "Register" (_id_register,archive,fond,signature) VALUES (20,'AR0','FOND1',5);
INSERT INTO "Register" (_id_register,archive,fond,signature) VALUES (21,'AR0','FOND1',6);
INSERT INTO "Register" (_id_register,archive,fond,signature) VALUES (22,'AR0','FOND1',7);
INSERT INTO "Register" (_id_register,archive,fond,signature) VALUES (23,'AR0','FOND1',8);
INSERT INTO "Register" (_id_register,archive,fond,signature) VALUES (24,'AR0','FOND1',9);
INSERT INTO "Register" (_id_register,archive,fond,signature) VALUES (25,'AR0','FOND1',10);
INSERT INTO "Register" (_id_register,archive,fond,signature) VALUES (26,'AR0','FOND1',11);
INSERT INTO "Register" (_id_register,archive,fond,signature) VALUES (27,'AR0','FOND1',12);
INSERT INTO "Register" (_id_register,archive,fond,signature) VALUES (28,'AR0','FOND1',13);
INSERT INTO "Register" (_id_register,archive,fond,signature) VALUES (29,'AR0','FOND1',14);
INSERT INTO "Register" (_id_register,archive,fond,signature) VALUES (30,'AR0','FOND2',0);
INSERT INTO "Register" (_id_register,archive,fond,signature) VALUES (31,'AR0','FOND2',1);
INSERT INTO "Register" (_id_register,archive,fond,signature) VALUES (32,'AR0','FOND2',2);
INSERT INTO "Register" (_id_register,archive,fond,signature) VALUES (33,'AR0','FOND2',3);
INSERT INTO "Register" (_id_register,archive,fond,signature) VALUES (34,'AR0','FOND2',4);
INSERT INTO "Register" (_id_register,archive,fond,signature) VALUES (35,'AR0','FOND2',5);
INSERT INTO "Register" (_id_register,archive,fond,signature) VALUES (36,'AR0','FOND2',6);
INSERT INTO "Register" (_id_register,archive,fond,signature) VALUES (37,'AR0','FOND2',7);
INSERT INTO "Register" (_id_register,archive,fond,signature) VALUES (38,'AR0','FOND2',8);
INSERT INTO "Register" (_id_register,archive,fond,signature) VALUES (39,'AR0','FOND2',9);
INSERT INTO "Register" (_id_register,archive,fond,signature) VALUES (40,'AR0','FOND2',10);
INSERT INTO "Register" (_id_register,archive,fond,signature) VALUES (41,'AR0','FOND2',11);
INSERT INTO "Register" (_id_register,archive,fond,signature) VALUES (42,'AR0','FOND2',12);
INSERT INTO "Register" (_id_register,archive,fond,signature) VALUES (43,'AR0','FOND2',13);
INSERT INTO "Register" (_id_register,archive,fond,signature) VALUES (44,'AR0','FOND2',14);
INSERT INTO "Register" (_id_register,archive,fond,signature) VALUES (45,'AR1','FOND0',0);
INSERT INTO "Register" (_id_register,archive,fond,signature) VALUES (46,'AR1','FOND0',1);
INSERT INTO "Register" (_id_register,archive,fond,signature) VALUES (47,'AR1','FOND0',2);
INSERT INTO "Register" (_id_register,archive,fond,signature) VALUES (48,'AR1','FOND0',3);
INSERT INTO "Register" (_id_register,archive,fond,signature) VALUES (49,'AR1','FOND0',4);
INSERT INTO "Register" (_id_register,archive,fond,signature) VALUES (50,'AR1','FOND0',5);
INSERT INTO "Register" (_id_register,archive,fond,signature) VALUES (51,'AR1','FOND0',6);
INSERT INTO "Register" (_id_register,archive,fond,signature) VALUES (52,'AR1','FOND0',7);
INSERT INTO "Register" (_id_register,archive,fond,signature) VALUES (53,'AR1','FOND0',8);
INSERT INTO "Register" (_id_register,archive,fond,signature) VALUES (54,'AR1','FOND0',9);
INSERT INTO "Register" (_id_register,archive,fond,signature) VALUES (55,'AR1','FOND0',10);
INSERT INTO "Register" (_id_register,archive,fond,signature) VALUES (56,'AR1','FOND0',11);
INSERT INTO "Register" (_id_register,archive,fond,signature) VALUES (57,'AR1','FOND0',12);
INSERT INTO "Register" (_id_register,archive,fond,signature) VALUES (58,'AR1','FOND0',13);
INSERT INTO "Register" (_id_register,archive,fond,signature) VALUES (59,'AR1','FOND0',14);
INSERT INTO "Register" (_id_register,archive,fond,signature) VALUES (60,'AR1','FOND1',0);
INSERT INTO "Register" (_id_register,archive,fond,signature) VALUES (61,'AR1','FOND1',1);
INSERT INTO "Register" (_id_register,archive,fond,signature) VALUES (62,'AR1','FOND1',2);
INSERT INTO "Register" (_id_register,archive,fond,signature) VALUES (63,'AR1','FOND1',3);
INSERT INTO "Register" (_id_register,archive,fond,signature) VALUES (64,'AR1','FOND1',4);
INSERT INTO "Register" (_id_register,archive,fond,signature) VALUES (65,'AR1','FOND1',5);
INSERT INTO "Register" (_id_register,archive,fond,signature) VALUES (66,'AR1','FOND1',6);
INSERT INTO "Register" (_id_register,archive,fond,signature) VALUES (67,'AR1','FOND1',7);
INSERT INTO "Register" (_id_register,archive,fond,signature) VALUES (68,'AR1','FOND1',8);
INSERT INTO "Register" (_id_register,archive,fond,signature) VALUES (69,'AR1','FOND1',9);
INSERT INTO "Register" (_id_register,archive,fond,signature) VALUES (70,'AR1','FOND1',10);
INSERT INTO "Register" (_id_register,archive,fond,signature) VALUES (71,'AR1','FOND1',11);
INSERT INTO "Register" (_id_register,archive,fond,signature) VALUES (72,'AR1','FOND1',12);
INSERT INTO "Register" (_id_register,archive,fond,signature) VALUES (73,'AR1','FOND1',13);
INSERT INTO "Register" (_id_register,archive,fond,signature) VALUES (74,'AR1','FOND1',14);
INSERT INTO "Register" (_id_register,archive,fond,signature) VALUES (75,'AR1','FOND2',0);
INSERT INTO "Register" (_id_register,archive,fond,signature) VALUES (76,'AR1','FOND2',1);
INSERT INTO "Register" (_id_register,archive,fond,signature) VALUES (77,'AR1','FOND2',2);
INSERT INTO "Register" (_id_register,archive,fond,signature) VALUES (78,'AR1','FOND2',3);
INSERT INTO "Register" (_id_register,archive,fond,signature) VALUES (79,'AR1','FOND2',4);
INSERT INTO "Register" (_id_register,archive,fond,signature) VALUES (80,'AR1','FOND2',5);
INSERT INTO "Register" (_id_register,archive,fond,signature) VALUES (81,'AR1','FOND2',6);
INSERT INTO "Register" (_id_register,archive,fond,signature) VALUES (82,'AR1','FOND2',7);
INSERT INTO "Register" (_id_register,archive,fond,signature) VALUES (83,'AR1','FOND2',8);
INSERT INTO "Register" (_id_register,archive,fond,signature) VALUES (84,'AR1','FOND2',9);
INSERT INTO "Register" (_id_register,archive,fond,signature) VALUES (85,'AR1','FOND2',10);
INSERT INTO "Register" (_id_register,archive,fond,signature) VALUES (86,'AR1','FOND2',11);
INSERT INTO "Register" (_id_register,archive,fond,signature) VALUES (87,'AR1','FOND2',12);
INSERT INTO "Register" (_id_register,archive,fond,signature) VALUES (88,'AR1','FOND2',13);
INSERT INTO "Register" (_id_register,archive,fond,signature) VALUES (89,'AR1','FOND2',14);
--------------------------Name--------------------------
INSERT INTO "Name" (_id_name,name) VALUES (0,'Adam');
INSERT INTO "Name" (_id_name,name) VALUES (1,'Adolf');
INSERT INTO "Name" (_id_name,name) VALUES (2,'Alan');
INSERT INTO "Name" (_id_name,name) VALUES (3,'Albert');
INSERT INTO "Name" (_id_name,name) VALUES (4,'Aleš');
INSERT INTO "Name" (_id_name,name) VALUES (5,'Alexandr');
INSERT INTO "Name" (_id_name,name) VALUES (6,'Alexej');
INSERT INTO "Name" (_id_name,name) VALUES (7,'Alois');
INSERT INTO "Name" (_id_name,name) VALUES (8,'Ambrož');
INSERT INTO "Name" (_id_name,name) VALUES (9,'Benjamín');
INSERT INTO "Name" (_id_name,name) VALUES (10,'Andrej');
INSERT INTO "Name" (_id_name,name) VALUES (11,'Antonín');
INSERT INTO "Name" (_id_name,name) VALUES (12,'Arnošt');
INSERT INTO "Name" (_id_name,name) VALUES (13,'Artur');
INSERT INTO "Name" (_id_name,name) VALUES (14,'Augustýn');
INSERT INTO "Name" (_id_name,name) VALUES (15,'Bartoloměj');
INSERT INTO "Name" (_id_name,name) VALUES (16,'Bedřich');
INSERT INTO "Name" (_id_name,name) VALUES (17,'Benedikt');
INSERT INTO "Name" (_id_name,name) VALUES (18,'Bernard');
INSERT INTO "Name" (_id_name,name) VALUES (19,'Blahoslav');
INSERT INTO "Name" (_id_name,name) VALUES (20,'Blažej');
INSERT INTO "Name" (_id_name,name) VALUES (21,'Bohdan');
INSERT INTO "Name" (_id_name,name) VALUES (22,'Bohumil');
INSERT INTO "Name" (_id_name,name) VALUES (23,'Bohumír');
INSERT INTO "Name" (_id_name,name) VALUES (24,'Bohuslav');
INSERT INTO "Name" (_id_name,name) VALUES (25,'Boleslav');
INSERT INTO "Name" (_id_name,name) VALUES (26,'Bonifác');
INSERT INTO "Name" (_id_name,name) VALUES (27,'Boris');
INSERT INTO "Name" (_id_name,name) VALUES (28,'Bořek');
INSERT INTO "Name" (_id_name,name) VALUES (29,'Bořivoj');
INSERT INTO "Name" (_id_name,name) VALUES (30,'Bronislav');
INSERT INTO "Name" (_id_name,name) VALUES (31,'Bruno');
INSERT INTO "Name" (_id_name,name) VALUES (32,'Břetislav');
INSERT INTO "Name" (_id_name,name) VALUES (33,'Ctibor');
INSERT INTO "Name" (_id_name,name) VALUES (34,'Ctirad');
INSERT INTO "Name" (_id_name,name) VALUES (35,'Cyril');
INSERT INTO "Name" (_id_name,name) VALUES (36,'Metoděj');
INSERT INTO "Name" (_id_name,name) VALUES (37,'Čeněk');
INSERT INTO "Name" (_id_name,name) VALUES (38,'Čestmír');
INSERT INTO "Name" (_id_name,name) VALUES (39,'Dalibor');
INSERT INTO "Name" (_id_name,name) VALUES (40,'Dalimil');
INSERT INTO "Name" (_id_name,name) VALUES (41,'Daniel');
INSERT INTO "Name" (_id_name,name) VALUES (42,'David');
INSERT INTO "Name" (_id_name,name) VALUES (43,'Dobroslav');
INSERT INTO "Name" (_id_name,name) VALUES (44,'Dominik');
INSERT INTO "Name" (_id_name,name) VALUES (45,'Drahoslav');
INSERT INTO "Name" (_id_name,name) VALUES (46,'Dušan');
INSERT INTO "Name" (_id_name,name) VALUES (47,'Eduard');
INSERT INTO "Name" (_id_name,name) VALUES (48,'Herbert');
INSERT INTO "Name" (_id_name,name) VALUES (49,'Emanuel');
INSERT INTO "Name" (_id_name,name) VALUES (50,'Emil');
INSERT INTO "Name" (_id_name,name) VALUES (51,'Erik');
INSERT INTO "Name" (_id_name,name) VALUES (52,'Evžen');
INSERT INTO "Name" (_id_name,name) VALUES (53,'Felix');
INSERT INTO "Name" (_id_name,name) VALUES (54,'Ferdinand');
INSERT INTO "Name" (_id_name,name) VALUES (55,'Filip');
INSERT INTO "Name" (_id_name,name) VALUES (56,'František');
INSERT INTO "Name" (_id_name,name) VALUES (57,'Gabriel');
INSERT INTO "Name" (_id_name,name) VALUES (58,'Gustav');
INSERT INTO "Name" (_id_name,name) VALUES (59,'Hanuš');
INSERT INTO "Name" (_id_name,name) VALUES (60,'Havel');
INSERT INTO "Name" (_id_name,name) VALUES (61,'Heřman');
INSERT INTO "Name" (_id_name,name) VALUES (62,'Hubert');
INSERT INTO "Name" (_id_name,name) VALUES (63,'Hugo');
INSERT INTO "Name" (_id_name,name) VALUES (64,'Hynek');
INSERT INTO "Name" (_id_name,name) VALUES (65,'Ignác');
INSERT INTO "Name" (_id_name,name) VALUES (66,'Igor');
INSERT INTO "Name" (_id_name,name) VALUES (67,'Ivan');
INSERT INTO "Name" (_id_name,name) VALUES (68,'Slavoj');
INSERT INTO "Name" (_id_name,name) VALUES (69,'Ivo');
INSERT INTO "Name" (_id_name,name) VALUES (70,'Jáchym');
INSERT INTO "Name" (_id_name,name) VALUES (71,'Jakub');
INSERT INTO "Name" (_id_name,name) VALUES (72,'Jan');
INSERT INTO "Name" (_id_name,name) VALUES (73,'Jarmil');
INSERT INTO "Name" (_id_name,name) VALUES (74,'Jaromír');
INSERT INTO "Name" (_id_name,name) VALUES (75,'Jaroslav');
INSERT INTO "Name" (_id_name,name) VALUES (76,'Jeroným');
INSERT INTO "Name" (_id_name,name) VALUES (77,'Jindřich');
INSERT INTO "Name" (_id_name,name) VALUES (78,'Jiří');
INSERT INTO "Name" (_id_name,name) VALUES (79,'Jonáš');
INSERT INTO "Name" (_id_name,name) VALUES (80,'Josef');
INSERT INTO "Name" (_id_name,name) VALUES (81,'Julius');
INSERT INTO "Name" (_id_name,name) VALUES (82,'Kamil');
INSERT INTO "Name" (_id_name,name) VALUES (83,'Karel');
INSERT INTO "Name" (_id_name,name) VALUES (84,'Kazimir');
INSERT INTO "Name" (_id_name,name) VALUES (85,'Klement');
INSERT INTO "Name" (_id_name,name) VALUES (86,'Kristian');
INSERT INTO "Name" (_id_name,name) VALUES (87,'Kryštof');
INSERT INTO "Name" (_id_name,name) VALUES (88,'Květoslav');
INSERT INTO "Name" (_id_name,name) VALUES (89,'Kvido');
INSERT INTO "Name" (_id_name,name) VALUES (90,'Ladislav');
INSERT INTO "Name" (_id_name,name) VALUES (91,'Leopold');
INSERT INTO "Name" (_id_name,name) VALUES (92,'Leoš');
INSERT INTO "Name" (_id_name,name) VALUES (93,'Libor');
INSERT INTO "Name" (_id_name,name) VALUES (94,'Samuel');
INSERT INTO "Name" (_id_name,name) VALUES (95,'Lubomír');
INSERT INTO "Name" (_id_name,name) VALUES (96,'Lubor');
INSERT INTO "Name" (_id_name,name) VALUES (97,'Luboš');
INSERT INTO "Name" (_id_name,name) VALUES (98,'Luděk');
INSERT INTO "Name" (_id_name,name) VALUES (99,'Ludvík');
INSERT INTO "Name" (_id_name,name) VALUES (100,'Lukáš');
INSERT INTO "Name" (_id_name,name) VALUES (101,'Lumír');
INSERT INTO "Name" (_id_name,name) VALUES (102,'Marcel');
INSERT INTO "Name" (_id_name,name) VALUES (103,'Marek');
INSERT INTO "Name" (_id_name,name) VALUES (104,'Marian');
INSERT INTO "Name" (_id_name,name) VALUES (105,'Martin');
INSERT INTO "Name" (_id_name,name) VALUES (106,'Matěj');
INSERT INTO "Name" (_id_name,name) VALUES (107,'Matouš');
INSERT INTO "Name" (_id_name,name) VALUES (108,'Maxmilián');
INSERT INTO "Name" (_id_name,name) VALUES (109,'Medard');
INSERT INTO "Name" (_id_name,name) VALUES (110,'Michal');
INSERT INTO "Name" (_id_name,name) VALUES (111,'Mikuláš');
INSERT INTO "Name" (_id_name,name) VALUES (112,'Milan');
INSERT INTO "Name" (_id_name,name) VALUES (113,'Miloslav');
INSERT INTO "Name" (_id_name,name) VALUES (114,'Miloš');
INSERT INTO "Name" (_id_name,name) VALUES (115,'Miroslav');
INSERT INTO "Name" (_id_name,name) VALUES (116,'Mojmír');
INSERT INTO "Name" (_id_name,name) VALUES (117,'Norbert');
INSERT INTO "Name" (_id_name,name) VALUES (118,'Oldřich');
INSERT INTO "Name" (_id_name,name) VALUES (119,'Oleg');
INSERT INTO "Name" (_id_name,name) VALUES (120,'Oliver');
INSERT INTO "Name" (_id_name,name) VALUES (121,'Ondřej');
INSERT INTO "Name" (_id_name,name) VALUES (122,'Oskar');
INSERT INTO "Name" (_id_name,name) VALUES (123,'Otakar');
INSERT INTO "Name" (_id_name,name) VALUES (124,'Otmar');
INSERT INTO "Name" (_id_name,name) VALUES (125,'Oto');
INSERT INTO "Name" (_id_name,name) VALUES (126,'Pankrác');
INSERT INTO "Name" (_id_name,name) VALUES (127,'Patrik');
INSERT INTO "Name" (_id_name,name) VALUES (128,'Petr');
INSERT INTO "Name" (_id_name,name) VALUES (129,'Petr');
INSERT INTO "Name" (_id_name,name) VALUES (130,'Pavel');
INSERT INTO "Name" (_id_name,name) VALUES (131,'Pravoslav');
INSERT INTO "Name" (_id_name,name) VALUES (132,'Prokop');
INSERT INTO "Name" (_id_name,name) VALUES (133,'Přemysl');
INSERT INTO "Name" (_id_name,name) VALUES (134,'Radan');
INSERT INTO "Name" (_id_name,name) VALUES (135,'Radek');
INSERT INTO "Name" (_id_name,name) VALUES (136,'Radim');
INSERT INTO "Name" (_id_name,name) VALUES (137,'Radomír');
INSERT INTO "Name" (_id_name,name) VALUES (138,'Radoslav');
INSERT INTO "Name" (_id_name,name) VALUES (139,'Radovan');
INSERT INTO "Name" (_id_name,name) VALUES (140,'René');
INSERT INTO "Name" (_id_name,name) VALUES (141,'Richard');
INSERT INTO "Name" (_id_name,name) VALUES (142,'Robert');
INSERT INTO "Name" (_id_name,name) VALUES (143,'Robin');
INSERT INTO "Name" (_id_name,name) VALUES (144,'Roland');
INSERT INTO "Name" (_id_name,name) VALUES (145,'Roman');
INSERT INTO "Name" (_id_name,name) VALUES (146,'Rostislav');
INSERT INTO "Name" (_id_name,name) VALUES (147,'Rudolf');
INSERT INTO "Name" (_id_name,name) VALUES (148,'Řehoř');
INSERT INTO "Name" (_id_name,name) VALUES (149,'Servác');
INSERT INTO "Name" (_id_name,name) VALUES (150,'Silvestr');
INSERT INTO "Name" (_id_name,name) VALUES (151,'Slavomír');
INSERT INTO "Name" (_id_name,name) VALUES (152,'Soběslav');
INSERT INTO "Name" (_id_name,name) VALUES (153,'Stanislav');
INSERT INTO "Name" (_id_name,name) VALUES (154,'Svatopluk');
INSERT INTO "Name" (_id_name,name) VALUES (155,'Svatoslav');
INSERT INTO "Name" (_id_name,name) VALUES (156,'Šimon');
INSERT INTO "Name" (_id_name,name) VALUES (157,'Štefan');
INSERT INTO "Name" (_id_name,name) VALUES (158,'Štěpán');
INSERT INTO "Name" (_id_name,name) VALUES (159,'Tadeáš');
INSERT INTO "Name" (_id_name,name) VALUES (160,'Teodor');
INSERT INTO "Name" (_id_name,name) VALUES (161,'Tibor');
INSERT INTO "Name" (_id_name,name) VALUES (162,'Tomáš');
INSERT INTO "Name" (_id_name,name) VALUES (163,'Václav');
INSERT INTO "Name" (_id_name,name) VALUES (164,'Valdemar');
INSERT INTO "Name" (_id_name,name) VALUES (165,'Valentýn');
INSERT INTO "Name" (_id_name,name) VALUES (166,'Vavřinec');
INSERT INTO "Name" (_id_name,name) VALUES (167,'Věnceslav');
INSERT INTO "Name" (_id_name,name) VALUES (168,'Vendelín');
INSERT INTO "Name" (_id_name,name) VALUES (169,'Věroslav');
INSERT INTO "Name" (_id_name,name) VALUES (170,'Viktor');
INSERT INTO "Name" (_id_name,name) VALUES (171,'Vilém');
INSERT INTO "Name" (_id_name,name) VALUES (172,'Vincenc');
INSERT INTO "Name" (_id_name,name) VALUES (173,'Vít');
INSERT INTO "Name" (_id_name,name) VALUES (174,'Vítězslav');
INSERT INTO "Name" (_id_name,name) VALUES (175,'Vladan');
INSERT INTO "Name" (_id_name,name) VALUES (176,'Vladimír');
INSERT INTO "Name" (_id_name,name) VALUES (177,'Vladislav');
INSERT INTO "Name" (_id_name,name) VALUES (178,'Vlastimil');
INSERT INTO "Name" (_id_name,name) VALUES (179,'Vlastislav');
INSERT INTO "Name" (_id_name,name) VALUES (180,'Vojtěch');
INSERT INTO "Name" (_id_name,name) VALUES (181,'Vratislav');
INSERT INTO "Name" (_id_name,name) VALUES (182,'Zbyněk');
INSERT INTO "Name" (_id_name,name) VALUES (183,'Zbyšek');
INSERT INTO "Name" (_id_name,name) VALUES (184,'Zdeněk');
INSERT INTO "Name" (_id_name,name) VALUES (185,'Zikmund');
INSERT INTO "Name" (_id_name,name) VALUES (186,'Eva');
INSERT INTO "Name" (_id_name,name) VALUES (187,'Adéla');
INSERT INTO "Name" (_id_name,name) VALUES (188,'Adriana');
INSERT INTO "Name" (_id_name,name) VALUES (189,'Agáta');
INSERT INTO "Name" (_id_name,name) VALUES (190,'Albína');
INSERT INTO "Name" (_id_name,name) VALUES (191,'Alena');
INSERT INTO "Name" (_id_name,name) VALUES (192,'Alexandra');
INSERT INTO "Name" (_id_name,name) VALUES (193,'Alžběta');
INSERT INTO "Name" (_id_name,name) VALUES (194,'Anděla');
INSERT INTO "Name" (_id_name,name) VALUES (195,'Andrea');
INSERT INTO "Name" (_id_name,name) VALUES (196,'Aneta');
INSERT INTO "Name" (_id_name,name) VALUES (197,'Anežka');
INSERT INTO "Name" (_id_name,name) VALUES (198,'Anna');
INSERT INTO "Name" (_id_name,name) VALUES (199,'Apolena');
INSERT INTO "Name" (_id_name,name) VALUES (200,'Barbora');
INSERT INTO "Name" (_id_name,name) VALUES (201,'Beáta');
INSERT INTO "Name" (_id_name,name) VALUES (202,'Běla');
INSERT INTO "Name" (_id_name,name) VALUES (203,'Berta');
INSERT INTO "Name" (_id_name,name) VALUES (204,'Blanka');
INSERT INTO "Name" (_id_name,name) VALUES (205,'Blažena');
INSERT INTO "Name" (_id_name,name) VALUES (206,'Bohdana');
INSERT INTO "Name" (_id_name,name) VALUES (207,'Bohumila');
INSERT INTO "Name" (_id_name,name) VALUES (208,'Bohuslava');
INSERT INTO "Name" (_id_name,name) VALUES (209,'Božena');
INSERT INTO "Name" (_id_name,name) VALUES (210,'Brigita');
INSERT INTO "Name" (_id_name,name) VALUES (211,'Dana');
INSERT INTO "Name" (_id_name,name) VALUES (212,'Daniela');
INSERT INTO "Name" (_id_name,name) VALUES (213,'Darina');
INSERT INTO "Name" (_id_name,name) VALUES (214,'Darja');
INSERT INTO "Name" (_id_name,name) VALUES (215,'Denisa');
INSERT INTO "Name" (_id_name,name) VALUES (216,'Diana');
INSERT INTO "Name" (_id_name,name) VALUES (217,'Dita');
INSERT INTO "Name" (_id_name,name) VALUES (218,'Dobromila');
INSERT INTO "Name" (_id_name,name) VALUES (219,'Dorota');
INSERT INTO "Name" (_id_name,name) VALUES (220,'Doubravka');
INSERT INTO "Name" (_id_name,name) VALUES (221,'Drahomíra');
INSERT INTO "Name" (_id_name,name) VALUES (222,'Drahoslava');
INSERT INTO "Name" (_id_name,name) VALUES (223,'Edita');
INSERT INTO "Name" (_id_name,name) VALUES (224,'Elena');
INSERT INTO "Name" (_id_name,name) VALUES (225,'Eliška');
INSERT INTO "Name" (_id_name,name) VALUES (226,'Ema');
INSERT INTO "Name" (_id_name,name) VALUES (227,'Erika');
INSERT INTO "Name" (_id_name,name) VALUES (228,'Evelína');
INSERT INTO "Name" (_id_name,name) VALUES (229,'Františka');
INSERT INTO "Name" (_id_name,name) VALUES (230,'Gabriela');
INSERT INTO "Name" (_id_name,name) VALUES (231,'Gita');
INSERT INTO "Name" (_id_name,name) VALUES (232,'Gizela');
INSERT INTO "Name" (_id_name,name) VALUES (233,'Hana');
INSERT INTO "Name" (_id_name,name) VALUES (234,'Hedvika');
INSERT INTO "Name" (_id_name,name) VALUES (235,'Helena');
INSERT INTO "Name" (_id_name,name) VALUES (236,'Hermína');
INSERT INTO "Name" (_id_name,name) VALUES (237,'Ida');
INSERT INTO "Name" (_id_name,name) VALUES (238,'Ilja');
INSERT INTO "Name" (_id_name,name) VALUES (239,'Ilona');
INSERT INTO "Name" (_id_name,name) VALUES (240,'Irena');
INSERT INTO "Name" (_id_name,name) VALUES (241,'Irma');
INSERT INTO "Name" (_id_name,name) VALUES (242,'Iva');
INSERT INTO "Name" (_id_name,name) VALUES (243,'Ivana');
INSERT INTO "Name" (_id_name,name) VALUES (244,'Iveta');
INSERT INTO "Name" (_id_name,name) VALUES (245,'Ivona');
INSERT INTO "Name" (_id_name,name) VALUES (246,'Izabela');
INSERT INTO "Name" (_id_name,name) VALUES (247,'Jana');
INSERT INTO "Name" (_id_name,name) VALUES (248,'Jarmila');
INSERT INTO "Name" (_id_name,name) VALUES (249,'Jaroslava');
INSERT INTO "Name" (_id_name,name) VALUES (250,'Jindřiška');
INSERT INTO "Name" (_id_name,name) VALUES (251,'Jiřina');
INSERT INTO "Name" (_id_name,name) VALUES (252,'Jitka');
INSERT INTO "Name" (_id_name,name) VALUES (253,'Johana');
INSERT INTO "Name" (_id_name,name) VALUES (254,'Jolana');
INSERT INTO "Name" (_id_name,name) VALUES (255,'Judita');
INSERT INTO "Name" (_id_name,name) VALUES (256,'Justýna');
INSERT INTO "Name" (_id_name,name) VALUES (257,'Kamila');
INSERT INTO "Name" (_id_name,name) VALUES (258,'Karina');
INSERT INTO "Name" (_id_name,name) VALUES (259,'Karolína');
INSERT INTO "Name" (_id_name,name) VALUES (260,'Kateřina');
INSERT INTO "Name" (_id_name,name) VALUES (261,'Klára');
INSERT INTO "Name" (_id_name,name) VALUES (262,'Kristýna');
INSERT INTO "Name" (_id_name,name) VALUES (263,'Květa');
INSERT INTO "Name" (_id_name,name) VALUES (264,'Květoslava');
INSERT INTO "Name" (_id_name,name) VALUES (265,'Lada');
INSERT INTO "Name" (_id_name,name) VALUES (266,'Laura');
INSERT INTO "Name" (_id_name,name) VALUES (267,'Lenka');
INSERT INTO "Name" (_id_name,name) VALUES (268,'Leona');
INSERT INTO "Name" (_id_name,name) VALUES (269,'Liběna');
INSERT INTO "Name" (_id_name,name) VALUES (270,'Liliana');
INSERT INTO "Name" (_id_name,name) VALUES (271,'Linda');
INSERT INTO "Name" (_id_name,name) VALUES (272,'Ljuba');
INSERT INTO "Name" (_id_name,name) VALUES (273,'Ludmila');
INSERT INTO "Name" (_id_name,name) VALUES (274,'Magdaléna');
INSERT INTO "Name" (_id_name,name) VALUES (275,'Mahulena');
INSERT INTO "Name" (_id_name,name) VALUES (276,'Marcela');
INSERT INTO "Name" (_id_name,name) VALUES (277,'Mariana');
INSERT INTO "Name" (_id_name,name) VALUES (278,'Marika');
INSERT INTO "Name" (_id_name,name) VALUES (279,'Marina');
INSERT INTO "Name" (_id_name,name) VALUES (280,'Markéta');
INSERT INTO "Name" (_id_name,name) VALUES (281,'Marta');
INSERT INTO "Name" (_id_name,name) VALUES (282,'Martina');
INSERT INTO "Name" (_id_name,name) VALUES (283,'Michaela');
INSERT INTO "Name" (_id_name,name) VALUES (284,'Milada');
INSERT INTO "Name" (_id_name,name) VALUES (285,'Milena');
INSERT INTO "Name" (_id_name,name) VALUES (286,'Miloslava');
INSERT INTO "Name" (_id_name,name) VALUES (287,'Miroslava');
INSERT INTO "Name" (_id_name,name) VALUES (288,'Monika');
INSERT INTO "Name" (_id_name,name) VALUES (289,'Naděžda');
INSERT INTO "Name" (_id_name,name) VALUES (290,'Nataša');
INSERT INTO "Name" (_id_name,name) VALUES (291,'Nela');
INSERT INTO "Name" (_id_name,name) VALUES (292,'Nikola');
INSERT INTO "Name" (_id_name,name) VALUES (293,'Nina');
INSERT INTO "Name" (_id_name,name) VALUES (294,'Nora');
INSERT INTO "Name" (_id_name,name) VALUES (295,'Oldřiška');
INSERT INTO "Name" (_id_name,name) VALUES (296,'Olga');
INSERT INTO "Name" (_id_name,name) VALUES (297,'Pavla');
INSERT INTO "Name" (_id_name,name) VALUES (298,'Pavlína');
INSERT INTO "Name" (_id_name,name) VALUES (299,'Petra');
INSERT INTO "Name" (_id_name,name) VALUES (300,'Radana');
INSERT INTO "Name" (_id_name,name) VALUES (301,'Radka');
INSERT INTO "Name" (_id_name,name) VALUES (302,'Radmila');
INSERT INTO "Name" (_id_name,name) VALUES (303,'Regína');
INSERT INTO "Name" (_id_name,name) VALUES (304,'Renáta');
INSERT INTO "Name" (_id_name,name) VALUES (305,'Romana');
INSERT INTO "Name" (_id_name,name) VALUES (306,'Matylda');
INSERT INTO "Name" (_id_name,name) VALUES (307,'Růžena');
INSERT INTO "Name" (_id_name,name) VALUES (308,'Sabina');
INSERT INTO "Name" (_id_name,name) VALUES (309,'Sandra');
INSERT INTO "Name" (_id_name,name) VALUES (310,'Sáva');
INSERT INTO "Name" (_id_name,name) VALUES (311,'Simona');
INSERT INTO "Name" (_id_name,name) VALUES (312,'Slavěna');
INSERT INTO "Name" (_id_name,name) VALUES (313,'Soňa');
INSERT INTO "Name" (_id_name,name) VALUES (314,'Stanislava');
INSERT INTO "Name" (_id_name,name) VALUES (315,'Stela');
INSERT INTO "Name" (_id_name,name) VALUES (316,'Svatava');
INSERT INTO "Name" (_id_name,name) VALUES (317,'Světlana');
INSERT INTO "Name" (_id_name,name) VALUES (318,'Šárka');
INSERT INTO "Name" (_id_name,name) VALUES (319,'Šarlota');
INSERT INTO "Name" (_id_name,name) VALUES (320,'Sára');
INSERT INTO "Name" (_id_name,name) VALUES (321,'Štěpánka');
INSERT INTO "Name" (_id_name,name) VALUES (322,'Tamara');
INSERT INTO "Name" (_id_name,name) VALUES (323,'Taťána');
INSERT INTO "Name" (_id_name,name) VALUES (324,'Tereza');
INSERT INTO "Name" (_id_name,name) VALUES (325,'Vanda');
INSERT INTO "Name" (_id_name,name) VALUES (326,'Vendula');
INSERT INTO "Name" (_id_name,name) VALUES (327,'Věra');
INSERT INTO "Name" (_id_name,name) VALUES (328,'Veronika');
INSERT INTO "Name" (_id_name,name) VALUES (329,'Vilma');
INSERT INTO "Name" (_id_name,name) VALUES (330,'Viola');
INSERT INTO "Name" (_id_name,name) VALUES (331,'Vladěna');
INSERT INTO "Name" (_id_name,name) VALUES (332,'Vlasta');
INSERT INTO "Name" (_id_name,name) VALUES (333,'Zdeňka');
INSERT INTO "Name" (_id_name,name) VALUES (334,'Zdislava');
INSERT INTO "Name" (_id_name,name) VALUES (335,'Zina');
INSERT INTO "Name" (_id_name,name) VALUES (336,'Zita');
INSERT INTO "Name" (_id_name,name) VALUES (337,'Zlata');
INSERT INTO "Name" (_id_name,name) VALUES (338,'Zora');
INSERT INTO "Name" (_id_name,name) VALUES (339,'Zuzana');
INSERT INTO "Name" (_id_name,name) VALUES (340,'Alice');
INSERT INTO "Name" (_id_name,name) VALUES (341,'Anastázie');
INSERT INTO "Name" (_id_name,name) VALUES (342,'Antonie');
INSERT INTO "Name" (_id_name,name) VALUES (343,'Cecílie');
INSERT INTO "Name" (_id_name,name) VALUES (344,'Emílie');
INSERT INTO "Name" (_id_name,name) VALUES (345,'Evženie');
INSERT INTO "Name" (_id_name,name) VALUES (346,'Julie');
INSERT INTO "Name" (_id_name,name) VALUES (347,'Klaudie');
INSERT INTO "Name" (_id_name,name) VALUES (348,'Libuše');
INSERT INTO "Name" (_id_name,name) VALUES (349,'Amálie');
INSERT INTO "Name" (_id_name,name) VALUES (350,'Lucie');
INSERT INTO "Name" (_id_name,name) VALUES (351,'Lýdie');
INSERT INTO "Name" (_id_name,name) VALUES (352,'Marie');
INSERT INTO "Name" (_id_name,name) VALUES (353,'Miluše');
INSERT INTO "Name" (_id_name,name) VALUES (354,'Natálie');
INSERT INTO "Name" (_id_name,name) VALUES (355,'Olivie');
INSERT INTO "Name" (_id_name,name) VALUES (356,'Otýlie');
INSERT INTO "Name" (_id_name,name) VALUES (357,'Patricie');
INSERT INTO "Name" (_id_name,name) VALUES (358,'Saskie');
INSERT INTO "Name" (_id_name,name) VALUES (359,'Silvie');
INSERT INTO "Name" (_id_name,name) VALUES (360,'Zoe');
INSERT INTO "Name" (_id_name,name) VALUES (361,'Valérie');
INSERT INTO "Name" (_id_name,name) VALUES (362,'Viktorie');
INSERT INTO "Name" (_id_name,name) VALUES (363,'Xenie');
INSERT INTO "Name" (_id_name,name) VALUES (364,'Žofie');
INSERT INTO "Name" (_id_name,name) VALUES (365,'Dagmar');
INSERT INTO "Name" (_id_name,name) VALUES (366,'Ester');
INSERT INTO "Name" (_id_name,name) VALUES (367,'Ingrid');
INSERT INTO "Name" (_id_name,name) VALUES (368,'Miriam');
INSERT INTO "Name" (_id_name,name) VALUES (369,'Růt');
--------------------------Occupation--------------------------
INSERT INTO "Occupation" (_id_occup,name) VALUES (0,'obilný');
INSERT INTO "Occupation" (_id_occup,name) VALUES (1,'Svícník');
INSERT INTO "Occupation" (_id_occup,name) VALUES (2,'Mladší děvečka');
INSERT INTO "Occupation" (_id_occup,name) VALUES (3,'Parléř');
INSERT INTO "Occupation" (_id_occup,name) VALUES (4,'Marcipárník');
INSERT INTO "Occupation" (_id_occup,name) VALUES (5,'Uhlíř');
INSERT INTO "Occupation" (_id_occup,name) VALUES (6,'Hrstník');
INSERT INTO "Occupation" (_id_occup,name) VALUES (7,'Taškář');
INSERT INTO "Occupation" (_id_occup,name) VALUES (8,'Intarzér');
INSERT INTO "Occupation" (_id_occup,name) VALUES (9,'Bába utrejchová');
INSERT INTO "Occupation" (_id_occup,name) VALUES (10,'Boudník');
INSERT INTO "Occupation" (_id_occup,name) VALUES (11,'Platnéř');
INSERT INTO "Occupation" (_id_occup,name) VALUES (12,'Sanytrník');
INSERT INTO "Occupation" (_id_occup,name) VALUES (13,'Soukeník');
INSERT INTO "Occupation" (_id_occup,name) VALUES (14,'Hodinář hodin velkých');
--------------------------Director--------------------------
INSERT INTO "Director" (_id_director,surname,title) VALUES (0,'Beránek','admininstrátor');
INSERT INTO "Director" (_id_director,surname,title) VALUES (1,'Čermák','farář');
INSERT INTO "Director" (_id_director,surname,title) VALUES (2,'Kříž','kaplan');
--------------------------DirectorName--------------------------
INSERT INTO "DirectorName" (director_id,name_id) VALUES (0,122);
INSERT INTO "DirectorName" (director_id,name_id) VALUES (1,77);
INSERT INTO "DirectorName" (director_id,name_id) VALUES (2,160);
--------------------------Celebrant--------------------------
INSERT INTO "Celebrant" (_id_celebrant,surname,title_occup) VALUES (0,'Pavlík','admininstrátor');
INSERT INTO "Celebrant" (_id_celebrant,surname,title_occup) VALUES (1,'Mach','kurát');
INSERT INTO "Celebrant" (_id_celebrant,surname,title_occup) VALUES (2,'Němec','duchovní správce');
--------------------------CelebrantName--------------------------
INSERT INTO "CelebrantName" (celebrant_id,name_id) VALUES (0,2);
INSERT INTO "CelebrantName" (celebrant_id,name_id) VALUES (1,20);
INSERT INTO "CelebrantName" (celebrant_id,name_id) VALUES (2,71);
--------------------------Officiant--------------------------
INSERT INTO "Officiant" (_id_officiant,surname,title) VALUES (0,'Beran','farář');
INSERT INTO "Officiant" (_id_officiant,surname,title) VALUES (1,'Němec','admininstrátor');
INSERT INTO "Officiant" (_id_officiant,surname,title) VALUES (2,'Sedlák','magister');
--------------------------OfficiantName--------------------------
INSERT INTO "OfficiantName" (officiant_id,name_id) VALUES (0,22);
INSERT INTO "OfficiantName" (officiant_id,name_id) VALUES (1,44);
INSERT INTO "OfficiantName" (officiant_id,name_id) VALUES (2,35);
--------------------------Person--------------------------
INSERT INTO "Person" (_id_person,surname,village,street,descr,birth,sex,religion) VALUES (0,'Doležalová','Most','Otilie',0852,'1805-01-29','žena','evangelík');
INSERT INTO "Person" (_id_person,surname,village,street,descr,birth,sex,religion) VALUES (1,'Doležal','Most','Otilie',0852,'1808-12-16','muž','katolík');
INSERT INTO "Person" (_id_person,surname,village,street,descr,birth,sex,religion,mother_id,father_id) VALUES (2,'Doležalová','Most','Otilie',0852,'1831-09-10','žena','evangelík',0,1);
INSERT INTO "Person" (_id_person,surname,village,street,descr,birth,sex,religion) VALUES (3,'Moravecová','Ústí nad Labem','Miloň',3021,'1804-09-19','žena','nepokřtěn');
INSERT INTO "Person" (_id_person,surname,village,street,descr,birth,sex,religion) VALUES (4,'Moravec','Ústí nad Labem','Miloň',3021,'1802-11-16','muž','evangelík');
INSERT INTO "Person" (_id_person,surname,village,street,descr,birth,sex,religion,mother_id,father_id) VALUES (5,'Moravec','Ústí nad Labem','Miloň',3021,'1838-10-01','muž','evangelík',3,4);
INSERT INTO "Person" (_id_person,surname,village,street,descr,birth,sex,religion) VALUES (6,'Stejskalová','Kladno','Nina',54613,'1802-09-24','žena','katolík');
INSERT INTO "Person" (_id_person,surname,village,street,descr,birth,sex,religion) VALUES (7,'Stejskal','Kladno','Nina',54613,'1800-04-01','muž','katolík');
INSERT INTO "Person" (_id_person,surname,village,street,descr,birth,sex,religion,mother_id,father_id) VALUES (8,'Stejskalová','Kladno','Nina',54613,'1829-12-05','žena','katolík',6,7);
INSERT INTO "Person" (_id_person,surname,village,street,descr,birth,sex,religion,mother_id) VALUES (9,'Stejskal','Kladno','červinková',26238,'1858-10-06','muž','katolík',8);
INSERT INTO "Person" (_id_person,surname,village,street,descr,birth,sex,religion,mother_id) VALUES (10,'Stejskalová','Kladno','Ariana',456,'1855-11-16','žena','katolík',8);
INSERT INTO "Person" (_id_person,surname,village,street,descr,birth,sex,religion) VALUES (11,'Švecová','Hradec Králové','Radegast',760,'1802-09-04','žena','katolík');
INSERT INTO "Person" (_id_person,surname,village,street,descr,birth,sex,religion) VALUES (12,'Švec','Hradec Králové','Radegast',760,'1807-10-02','muž','katolík');
INSERT INTO "Person" (_id_person,surname,village,street,descr,birth,sex,religion,mother_id,father_id) VALUES (13,'Švecová','Hradec Králové','Radegast',760,'1837-03-24','žena','katolík',11,12);
INSERT INTO "Person" (_id_person,surname,village,street,descr,birth,sex,religion,mother_id) VALUES (14,'Švec','Hradec Králové','Sigfríd',039,'1865-07-05','muž','katolík',13);
INSERT INTO "Person" (_id_person,surname,village,street,descr,birth,sex,religion,mother_id) VALUES (15,'Švecová','Hradec Králové','Vernrová',6883,'1857-02-23','žena','katolík',13);
INSERT INTO "Person" (_id_person,surname,village,street,descr,birth,sex,religion) VALUES (16,'Hájeková','Olomouc','Paskal',1329,'1805-02-27','žena','katolík');
INSERT INTO "Person" (_id_person,surname,village,street,descr,birth,sex,religion) VALUES (17,'Hájek','Olomouc','Paskal',1329,'1806-02-13','muž','katolík');
INSERT INTO "Person" (_id_person,surname,village,street,descr,birth,sex,religion,mother_id,father_id) VALUES (18,'Hájek','Olomouc','Paskal',1329,'1827-06-01','muž','katolík',16,17);
INSERT INTO "Person" (_id_person,surname,village,street,descr,birth,sex,religion,father_id) VALUES (19,'Hájek','Havířov','Milorad',786,'1858-09-07','muž','katolík',18);
INSERT INTO "Person" (_id_person,surname,village,street,descr,birth,sex,religion,father_id) VALUES (20,'Hájek','Olomouc','Bajer',30615,'1855-06-15','muž','katolík',18);
INSERT INTO "Person" (_id_person,surname,village,street,descr,birth,sex,religion,father_id) VALUES (21,'Hájek','Olomouc','Sedrik',84908,'1864-12-19','muž','katolík',18);
INSERT INTO "Person" (_id_person,surname,village,street,descr,birth,sex,religion,father_id) VALUES (22,'Hájek','Olomouc','Mirela',283,'1860-09-01','muž','katolík',18);
INSERT INTO "Person" (_id_person,surname,village,street,descr,birth,sex,religion) VALUES (23,'Horáková','Praha','Romul',72477,'1809-12-21','žena','evangelík');
INSERT INTO "Person" (_id_person,surname,village,street,descr,birth,sex,religion) VALUES (24,'Horák','Praha','Romul',72477,'1802-01-27','muž','evangelík');
INSERT INTO "Person" (_id_person,surname,village,street,descr,birth,sex,religion,mother_id,father_id) VALUES (25,'Horák','Praha','Romul',72477,'1836-01-05','muž','evangelík',23,24);
INSERT INTO "Person" (_id_person,surname,village,street,descr,birth,sex,religion,father_id) VALUES (26,'Horák','Praha','Zíková',94831,'1867-09-17','muž','evangelík',25);
INSERT INTO "Person" (_id_person,surname,village,street,descr,birth,sex,religion,father_id) VALUES (27,'Horák','Praha','Andělína',0573,'1866-08-31','muž','evangelík',25);
INSERT INTO "Person" (_id_person,surname,village,street,descr,birth,sex,religion,father_id) VALUES (28,'Horáková','Praha','Blechová',028,'1860-05-25','žena','evangelík',25);
INSERT INTO "Person" (_id_person,surname,village,street,descr,birth,sex,religion) VALUES (29,'Poláková','Plzeň','Ctislav',7666,'1806-04-22','žena','katolík');
INSERT INTO "Person" (_id_person,surname,village,street,descr,birth,sex,religion) VALUES (30,'Polák','Plzeň','Ctislav',7666,'1808-07-10','muž','katolík');
INSERT INTO "Person" (_id_person,surname,village,street,descr,birth,sex,religion,mother_id,father_id) VALUES (31,'Poláková','Plzeň','Ctislav',7666,'1825-11-10','žena','katolík',29,30);
INSERT INTO "Person" (_id_person,surname,village,street,descr,birth,sex,religion) VALUES (32,'Čermáková','Brno','Adalbert',617,'1805-11-06','žena','evangelík');
INSERT INTO "Person" (_id_person,surname,village,street,descr,birth,sex,religion) VALUES (33,'Čermák','Brno','Adalbert',617,'1804-08-05','muž','evangelík');
INSERT INTO "Person" (_id_person,surname,village,street,descr,birth,sex,religion,mother_id,father_id) VALUES (34,'Čermák','Brno','Adalbert',617,'1828-07-01','muž','evangelík',32,33);
INSERT INTO "Person" (_id_person,surname,village,street,descr,birth,sex,religion,father_id) VALUES (35,'Čermák','Praha','Pazdera',8880,'1861-07-31','muž','evangelík',34);
INSERT INTO "Person" (_id_person,surname,village,street,descr,birth,sex,religion) VALUES (36,'Sedláčeková','České Budějovice','Horová',55479,'1805-03-29','žena','katolík');
INSERT INTO "Person" (_id_person,surname,village,street,descr,birth,sex,religion) VALUES (37,'Sedláček','České Budějovice','Horová',55479,'1809-09-05','muž','katolík');
INSERT INTO "Person" (_id_person,surname,village,street,descr,birth,sex,religion,mother_id,father_id) VALUES (38,'Sedláčeková','České Budějovice','Horová',55479,'1838-02-12','žena','katolík',36,37);
INSERT INTO "Person" (_id_person,surname,village,street,descr,birth,sex,religion,mother_id) VALUES (39,'Sedláček','Ostrava','Balcarová',640,'1860-10-27','muž','katolík',38);
INSERT INTO "Person" (_id_person,surname,village,street,descr,birth,sex,religion,mother_id) VALUES (40,'Sedláčeková','České Budějovice','Gisela',3411,'1860-05-13','žena','katolík',38);
INSERT INTO "Person" (_id_person,surname,village,street,descr,birth,sex,religion,mother_id) VALUES (41,'Sedláčeková','České Budějovice','Mlčochová',66317,'1860-05-26','žena','katolík',38);
INSERT INTO "Person" (_id_person,surname,village,street,descr,birth,sex,religion,mother_id) VALUES (42,'Sedláček','České Budějovice','Ctislav',57646,'1863-08-11','muž','katolík',38);
INSERT INTO "Person" (_id_person,surname,village,street,descr,birth,sex,religion) VALUES (43,'Holubová','Pardubice','Sedlářová',93515,'1803-08-31','žena','katolík');
INSERT INTO "Person" (_id_person,surname,village,street,descr,birth,sex,religion) VALUES (44,'Holub','Pardubice','Sedlářová',93515,'1806-07-07','muž','nepokřtěn');
INSERT INTO "Person" (_id_person,surname,village,street,descr,birth,sex,religion,mother_id,father_id) VALUES (45,'Holub','Pardubice','Sedlářová',93515,'1826-06-17','muž','nepokřtěn',43,44);
INSERT INTO "Person" (_id_person,surname,village,street,descr,birth,sex,religion,father_id) VALUES (46,'Holubová','Pardubice','Koníček',557,'1866-01-03','žena','nepokřtěn',45);
INSERT INTO "Person" (_id_person,surname,village,street,descr,birth,sex,religion,father_id) VALUES (47,'Holubová','Pardubice','Stupka',7131,'1862-02-17','žena','nepokřtěn',45);
INSERT INTO "Person" (_id_person,surname,village,street,descr,birth,sex,religion,father_id) VALUES (48,'Holubová','Pardubice','Havránková',772,'1860-09-26','žena','nepokřtěn',45);
INSERT INTO "Person" (_id_person,surname,village,street,descr,birth,sex,religion) VALUES (49,'Burešová','Liberec','Rozana',3046,'1808-12-01','žena','nepokřtěn');
INSERT INTO "Person" (_id_person,surname,village,street,descr,birth,sex,religion) VALUES (50,'Bureš','Liberec','Rozana',3046,'1805-04-04','muž','nepokřtěn');
INSERT INTO "Person" (_id_person,surname,village,street,descr,birth,sex,religion,mother_id,father_id) VALUES (51,'Burešová','Liberec','Rozana',3046,'1829-03-31','žena','nepokřtěn',49,50);
INSERT INTO "Person" (_id_person,surname,village,street,descr,birth,sex,religion) VALUES (52,'Pavlíková','Zlín','šindlrová',99935,'1808-03-21','žena','nepokřtěn');
INSERT INTO "Person" (_id_person,surname,village,street,descr,birth,sex,religion) VALUES (53,'Pavlík','Zlín','šindlrová',99935,'1806-08-30','muž','nepokřtěn');
INSERT INTO "Person" (_id_person,surname,village,street,descr,birth,sex,religion,mother_id,father_id) VALUES (54,'Pavlíková','Zlín','šindlrová',99935,'1837-10-11','žena','nepokřtěn',52,53);
INSERT INTO "Person" (_id_person,surname,village,street,descr,birth,sex,religion,mother_id) VALUES (55,'Pavlík','Zlín','Kozel',9237,'1863-07-12','muž','nepokřtěn',54);
INSERT INTO "Person" (_id_person,surname,village,street,descr,birth,sex,religion,mother_id) VALUES (56,'Pavlík','Frýdek-Místek','Dana',366,'1864-06-03','muž','nepokřtěn',54);
INSERT INTO "Person" (_id_person,surname,village,street,descr,birth,sex,religion,mother_id) VALUES (57,'Pavlík','Frýdek-Místek','Čeněk',99752,'1858-09-05','muž','nepokřtěn',54);
INSERT INTO "Person" (_id_person,surname,village,street,descr,birth,sex,religion,mother_id) VALUES (58,'Pavlíková','Opava','švanda',26074,'1866-03-11','žena','nepokřtěn',54);
INSERT INTO "Person" (_id_person,surname,village,street,descr,birth,sex,religion) VALUES (59,'Křížová','Havířov','Trčka',7856,'1800-01-31','žena','katolík');
INSERT INTO "Person" (_id_person,surname,village,street,descr,birth,sex,religion) VALUES (60,'Kříž','Havířov','Trčka',7856,'1807-06-02','muž','katolík');
INSERT INTO "Person" (_id_person,surname,village,street,descr,birth,sex,religion,mother_id,father_id) VALUES (61,'Kříž','Havířov','Trčka',7856,'1827-10-17','muž','katolík',59,60);
INSERT INTO "Person" (_id_person,surname,village,street,descr,birth,sex,religion,father_id) VALUES (62,'Křížová','Havířov','Dionýz',3794,'1863-04-14','žena','katolík',61);
INSERT INTO "Person" (_id_person,surname,village,street,descr,birth,sex,religion) VALUES (63,'Sedláková','Opava','Vágnrová',431,'1802-07-09','žena','evangelík');
INSERT INTO "Person" (_id_person,surname,village,street,descr,birth,sex,religion) VALUES (64,'Sedlák','Opava','Vágnrová',431,'1801-10-04','muž','evangelík');
INSERT INTO "Person" (_id_person,surname,village,street,descr,birth,sex,religion,mother_id,father_id) VALUES (65,'Sedlák','Opava','Vágnrová',431,'1834-08-01','muž','evangelík',63,64);
INSERT INTO "Person" (_id_person,surname,village,street,descr,birth,sex,religion,father_id) VALUES (66,'Sedláková','Opava','Serafín',6656,'1857-03-28','žena','evangelík',65);
INSERT INTO "Person" (_id_person,surname,village,street,descr,birth,sex,religion,father_id) VALUES (67,'Sedlák','České Budějovice','Peštová',744,'1859-02-04','muž','evangelík',65);
INSERT INTO "Person" (_id_person,surname,village,street,descr,birth,sex,religion) VALUES (68,'Kočíová','Ostrava','Horst',2701,'1800-09-22','žena','katolík');
INSERT INTO "Person" (_id_person,surname,village,street,descr,birth,sex,religion) VALUES (69,'Kočí','Ostrava','Horst',2701,'1804-04-08','muž','katolík');
INSERT INTO "Person" (_id_person,surname,village,street,descr,birth,sex,religion,mother_id,father_id) VALUES (70,'Kočíová','Ostrava','Horst',2701,'1835-07-04','žena','katolík',68,69);
INSERT INTO "Person" (_id_person,surname,village,street,descr,birth,sex,religion) VALUES (71,'Staněková','Praha','Zíková',9338,'1802-06-07','žena','evangelík');
INSERT INTO "Person" (_id_person,surname,village,street,descr,birth,sex,religion) VALUES (72,'Staněk','Praha','Zíková',9338,'1809-05-05','muž','nepokřtěn');
INSERT INTO "Person" (_id_person,surname,village,street,descr,birth,sex,religion,mother_id,father_id) VALUES (73,'Staněk','Praha','Zíková',9338,'1826-01-24','muž','evangelík',71,72);
INSERT INTO "Person" (_id_person,surname,village,street,descr,birth,sex,religion,father_id) VALUES (74,'Staněková','Praha','Xaver',630,'1861-12-08','žena','evangelík',73);
INSERT INTO "Person" (_id_person,surname,village,street,descr,birth,sex,religion,father_id) VALUES (75,'Staněková','Brno','Pazderová',623,'1862-04-13','žena','evangelík',73);
INSERT INTO "Person" (_id_person,surname,village,street,descr,birth,sex,religion,father_id) VALUES (76,'Staněk','Jihlava','Pravdomil',420,'1857-10-15','muž','evangelík',73);
INSERT INTO "Person" (_id_person,surname,village,street,descr,birth,sex,religion) VALUES (77,'Vaněková','Ústí nad Labem','Silván',22564,'1807-02-06','žena','katolík');
INSERT INTO "Person" (_id_person,surname,village,street,descr,birth,sex,religion) VALUES (78,'Vaněk','Ústí nad Labem','Silván',22564,'1809-08-29','muž','katolík');
INSERT INTO "Person" (_id_person,surname,village,street,descr,birth,sex,religion,mother_id,father_id) VALUES (79,'Vaněková','Ústí nad Labem','Silván',22564,'1827-01-06','žena','katolík',77,78);
INSERT INTO "Person" (_id_person,surname,village,street,descr,birth,sex,religion) VALUES (80,'Králová','Most','Dalibor',58065,'1809-01-23','žena','evangelík');
INSERT INTO "Person" (_id_person,surname,village,street,descr,birth,sex,religion) VALUES (81,'Král','Most','Dalibor',58065,'1805-11-15','muž','evangelík');
INSERT INTO "Person" (_id_person,surname,village,street,descr,birth,sex,religion,mother_id,father_id) VALUES (82,'Král','Most','Dalibor',58065,'1837-05-10','muž','evangelík',80,81);
INSERT INTO "Person" (_id_person,surname,village,street,descr,birth,sex,religion,father_id) VALUES (83,'Králová','Most','Jašková',356,'1867-06-20','žena','evangelík',82);
INSERT INTO "Person" (_id_person,surname,village,street,descr,birth,sex,religion,father_id) VALUES (84,'Králová','Most','Selena',2657,'1867-08-11','žena','evangelík',82);
INSERT INTO "Person" (_id_person,surname,village,street,descr,birth,sex,religion,father_id) VALUES (85,'Králová','Most','Herbert',5911,'1857-02-12','žena','evangelík',82);
INSERT INTO "Person" (_id_person,surname,village,street,descr,birth,sex,religion,father_id) VALUES (86,'Král','Most','Chovanec',1644,'1863-10-04','muž','evangelík',82);
INSERT INTO "Person" (_id_person,surname,village,street,descr,birth,sex,religion) VALUES (87,'Němecová','Most','Teodorik',32483,'1808-07-24','žena','nepokřtěn');
INSERT INTO "Person" (_id_person,surname,village,street,descr,birth,sex,religion) VALUES (88,'Němec','Most','Teodorik',32483,'1809-01-19','muž','nepokřtěn');
INSERT INTO "Person" (_id_person,surname,village,street,descr,birth,sex,religion,mother_id,father_id) VALUES (89,'Němec','Most','Teodorik',32483,'1836-07-15','muž','nepokřtěn',87,88);
INSERT INTO "Person" (_id_person,surname,village,street,descr,birth,sex,religion,father_id) VALUES (90,'Němec','Most','Křenek',8730,'1867-06-15','muž','nepokřtěn',89);
INSERT INTO "Person" (_id_person,surname,village,street,descr,birth,sex,religion,father_id) VALUES (91,'Němec','Most','Dvořáčková',476,'1863-01-18','muž','nepokřtěn',89);
INSERT INTO "Person" (_id_person,surname,village,street,descr,birth,sex,religion,father_id) VALUES (92,'Němec','Most','Apolena',5788,'1866-05-02','muž','nepokřtěn',89);
INSERT INTO "Person" (_id_person,surname,village,street,descr,birth,sex,religion) VALUES (93,'Müllerová','Opava','Jozefa',478,'1806-03-25','žena','katolík');
INSERT INTO "Person" (_id_person,surname,village,street,descr,birth,sex,religion) VALUES (94,'Müller','Opava','Jozefa',478,'1807-11-16','muž','katolík');
INSERT INTO "Person" (_id_person,surname,village,street,descr,birth,sex,religion,mother_id,father_id) VALUES (95,'Müller','Opava','Jozefa',478,'1829-08-10','muž','katolík',93,94);
INSERT INTO "Person" (_id_person,surname,village,street,descr,birth,sex,religion,father_id) VALUES (96,'Müllerová','Opava','Uher',758,'1855-01-25','žena','katolík',95);
INSERT INTO "Person" (_id_person,surname,village,street,descr,birth,sex,religion,father_id) VALUES (97,'Müllerová','Opava','Dobromíra',55638,'1865-05-05','žena','katolík',95);
INSERT INTO "Person" (_id_person,surname,village,street,descr,birth,sex,religion,father_id) VALUES (98,'Müller','Opava','Skálová',638,'1869-08-03','muž','katolík',95);
INSERT INTO "Person" (_id_person,surname,village,street,descr,birth,sex,religion) VALUES (99,'Žáková','Kladno','Borislava',0478,'1801-05-27','žena','evangelík');
INSERT INTO "Person" (_id_person,surname,village,street,descr,birth,sex,religion) VALUES (100,'Žák','Kladno','Borislava',0478,'1807-02-20','muž','evangelík');
INSERT INTO "Person" (_id_person,surname,village,street,descr,birth,sex,religion,mother_id,father_id) VALUES (101,'Žák','Kladno','Borislava',0478,'1831-12-15','muž','evangelík',99,100);
INSERT INTO "Person" (_id_person,surname,village,street,descr,birth,sex,religion,father_id) VALUES (102,'Žák','Kladno','Hyacinta',40971,'1856-02-18','muž','evangelík',101);
INSERT INTO "Person" (_id_person,surname,village,street,descr,birth,sex,religion) VALUES (103,'Šmídová','Havířov','Lia',7892,'1805-08-10','žena','evangelík');
INSERT INTO "Person" (_id_person,surname,village,street,descr,birth,sex,religion) VALUES (104,'Šmíd','Havířov','Lia',7892,'1800-07-30','muž','evangelík');
INSERT INTO "Person" (_id_person,surname,village,street,descr,birth,sex,religion,mother_id,father_id) VALUES (105,'Šmíd','Havířov','Lia',7892,'1836-12-16','muž','evangelík',103,104);
INSERT INTO "Person" (_id_person,surname,village,street,descr,birth,sex,religion,father_id) VALUES (106,'Šmíd','Havířov','Mlčochová',25387,'1860-06-16','muž','evangelík',105);
INSERT INTO "Person" (_id_person,surname,village,street,descr,birth,sex,religion,father_id) VALUES (107,'Šmíd','Havířov','Leopoldina',0517,'1864-07-22','muž','evangelík',105);
INSERT INTO "Person" (_id_person,surname,village,street,descr,birth,sex,religion,father_id) VALUES (108,'Šmíd','Havířov','Ondráčková',3359,'1856-09-09','muž','evangelík',105);
INSERT INTO "Person" (_id_person,surname,village,street,descr,birth,sex,religion,father_id) VALUES (109,'Šmíd','Havířov','Pařízek',592,'1855-10-11','muž','evangelík',105);
INSERT INTO "Person" (_id_person,surname,village,street,descr,birth,sex,religion) VALUES (110,'Navrátilová','Praha','Hamplová',066,'1804-05-12','žena','evangelík');
INSERT INTO "Person" (_id_person,surname,village,street,descr,birth,sex,religion) VALUES (111,'Navrátil','Praha','Hamplová',066,'1807-01-15','muž','evangelík');
INSERT INTO "Person" (_id_person,surname,village,street,descr,birth,sex,religion,mother_id,father_id) VALUES (112,'Navrátilová','Praha','Hamplová',066,'1836-10-12','žena','evangelík',110,111);
INSERT INTO "Person" (_id_person,surname,village,street,descr,birth,sex,religion) VALUES (113,'Musilová','Most','Rambousek',89759,'1801-04-22','žena','nepokřtěn');
INSERT INTO "Person" (_id_person,surname,village,street,descr,birth,sex,religion) VALUES (114,'Musil','Most','Rambousek',89759,'1806-01-22','muž','nepokřtěn');
INSERT INTO "Person" (_id_person,surname,village,street,descr,birth,sex,religion,mother_id,father_id) VALUES (115,'Musilová','Most','Rambousek',89759,'1838-12-25','žena','nepokřtěn',113,114);
INSERT INTO "Person" (_id_person,surname,village,street,descr,birth,sex,religion,mother_id) VALUES (116,'Musilová','Karviná','Vorlíček',14285,'1865-05-28','žena','nepokřtěn',115);
INSERT INTO "Person" (_id_person,surname,village,street,descr,birth,sex,religion,mother_id) VALUES (117,'Musil','Most','Vlastimír',6749,'1859-12-11','muž','nepokřtěn',115);
INSERT INTO "Person" (_id_person,surname,village,street,descr,birth,sex,religion,mother_id) VALUES (118,'Musilová','Most','Sofronie',96192,'1862-02-26','žena','nepokřtěn',115);
INSERT INTO "Person" (_id_person,surname,village,street,descr,birth,sex,religion,mother_id) VALUES (119,'Musil','Most','Neumann',193,'1865-05-20','muž','nepokřtěn',115);
INSERT INTO "Person" (_id_person,surname,village,street,descr,birth,sex,religion) VALUES (120,'Novaková','Ústí nad Labem','Darek',1757,'1807-03-07','žena','evangelík');
INSERT INTO "Person" (_id_person,surname,village,street,descr,birth,sex,religion) VALUES (121,'Novak','Ústí nad Labem','Darek',1757,'1800-09-04','muž','evangelík');
INSERT INTO "Person" (_id_person,surname,village,street,descr,birth,sex,religion,mother_id,father_id) VALUES (122,'Novak','Ústí nad Labem','Darek',1757,'1827-03-08','muž','evangelík',120,121);
INSERT INTO "Person" (_id_person,surname,village,street,descr,birth,sex,religion,father_id) VALUES (123,'Novak','Ústí nad Labem','Xaver',502,'1855-03-30','muž','evangelík',122);
INSERT INTO "Person" (_id_person,surname,village,street,descr,birth,sex,religion,father_id) VALUES (124,'Novak','Ústí nad Labem','Apolena',8698,'1855-05-28','muž','evangelík',122);
INSERT INTO "Person" (_id_person,surname,village,street,descr,birth,sex,religion,father_id) VALUES (125,'Novak','Zlín','Pohl',0932,'1855-08-03','muž','evangelík',122);
INSERT INTO "Person" (_id_person,surname,village,street,descr,birth,sex,religion) VALUES (126,'Vaceková','Kladno','Ambrož',407,'1804-06-22','žena','katolík');
INSERT INTO "Person" (_id_person,surname,village,street,descr,birth,sex,religion) VALUES (127,'Vacek','Kladno','Ambrož',407,'1808-04-01','muž','katolík');
INSERT INTO "Person" (_id_person,surname,village,street,descr,birth,sex,religion,mother_id,father_id) VALUES (128,'Vacek','Kladno','Ambrož',407,'1837-09-19','muž','katolík',126,127);
INSERT INTO "Person" (_id_person,surname,village,street,descr,birth,sex,religion) VALUES (129,'Matoušeková','Liberec','Mikoová',663,'1809-07-16','žena','evangelík');
INSERT INTO "Person" (_id_person,surname,village,street,descr,birth,sex,religion) VALUES (130,'Matoušek','Liberec','Mikoová',663,'1808-12-26','muž','evangelík');
INSERT INTO "Person" (_id_person,surname,village,street,descr,birth,sex,religion,mother_id,father_id) VALUES (131,'Matoušek','Liberec','Mikoová',663,'1825-09-28','muž','evangelík',129,130);
INSERT INTO "Person" (_id_person,surname,village,street,descr,birth,sex,religion) VALUES (132,'Urbanová','Pardubice','Bezděk',477,'1803-07-31','žena','katolík');
INSERT INTO "Person" (_id_person,surname,village,street,descr,birth,sex,religion) VALUES (133,'Urban','Pardubice','Bezděk',477,'1800-09-27','muž','evangelík');
INSERT INTO "Person" (_id_person,surname,village,street,descr,birth,sex,religion,mother_id,father_id) VALUES (134,'Urban','Pardubice','Bezděk',477,'1831-09-21','muž','katolík',132,133);
INSERT INTO "Person" (_id_person,surname,village,street,descr,birth,sex,religion) VALUES (135,'Mareková','Ústí nad Labem','Cihlářová',5827,'1802-03-01','žena','katolík');
INSERT INTO "Person" (_id_person,surname,village,street,descr,birth,sex,religion) VALUES (136,'Marek','Ústí nad Labem','Cihlářová',5827,'1800-05-11','muž','katolík');
INSERT INTO "Person" (_id_person,surname,village,street,descr,birth,sex,religion,mother_id,father_id) VALUES (137,'Marek','Ústí nad Labem','Cihlářová',5827,'1834-02-10','muž','katolík',135,136);
INSERT INTO "Person" (_id_person,surname,village,street,descr,birth,sex,religion,father_id) VALUES (138,'Mareková','Ústí nad Labem','Strnad',0172,'1869-10-10','žena','katolík',137);
INSERT INTO "Person" (_id_person,surname,village,street,descr,birth,sex,religion,father_id) VALUES (139,'Mareková','Opava','Skalickýová',288,'1865-05-12','žena','katolík',137);
INSERT INTO "Person" (_id_person,surname,village,street,descr,birth,sex,religion) VALUES (140,'Kovařová','Havířov','Miromil',2941,'1808-09-29','žena','katolík');
INSERT INTO "Person" (_id_person,surname,village,street,descr,birth,sex,religion) VALUES (141,'Kovař','Havířov','Miromil',2941,'1803-08-15','muž','evangelík');
INSERT INTO "Person" (_id_person,surname,village,street,descr,birth,sex,religion,mother_id,father_id) VALUES (142,'Kovařová','Havířov','Miromil',2941,'1828-01-04','žena','evangelík',140,141);
INSERT INTO "Person" (_id_person,surname,village,street,descr,birth,sex,religion,mother_id) VALUES (143,'Kovařová','Havířov','Křížek',954,'1863-04-30','žena','evangelík',142);
INSERT INTO "Person" (_id_person,surname,village,street,descr,birth,sex,religion) VALUES (144,'Zemanová','Zlín','Bajrová',05931,'1801-06-09','žena','katolík');
INSERT INTO "Person" (_id_person,surname,village,street,descr,birth,sex,religion) VALUES (145,'Zeman','Zlín','Bajrová',05931,'1802-03-05','muž','katolík');
INSERT INTO "Person" (_id_person,surname,village,street,descr,birth,sex,religion,mother_id,father_id) VALUES (146,'Zeman','Zlín','Bajrová',05931,'1831-07-18','muž','katolík',144,145);
INSERT INTO "Person" (_id_person,surname,village,street,descr,birth,sex,religion) VALUES (147,'Žáková','Zlín','Zbyšek',6503,'1805-05-12','žena','evangelík');
INSERT INTO "Person" (_id_person,surname,village,street,descr,birth,sex,religion) VALUES (148,'Žák','Zlín','Zbyšek',6503,'1801-06-26','muž','evangelík');
INSERT INTO "Person" (_id_person,surname,village,street,descr,birth,sex,religion,mother_id,father_id) VALUES (149,'Žáková','Zlín','Zbyšek',6503,'1826-02-01','žena','evangelík',147,148);
INSERT INTO "Person" (_id_person,surname,village,street,descr,birth,sex,religion) VALUES (150,'Mareková','Plzeň','Mikulášek',052,'1806-03-10','žena','nepokřtěn');
INSERT INTO "Person" (_id_person,surname,village,street,descr,birth,sex,religion) VALUES (151,'Marek','Plzeň','Mikulášek',052,'1802-11-14','muž','nepokřtěn');
INSERT INTO "Person" (_id_person,surname,village,street,descr,birth,sex,religion,mother_id,father_id) VALUES (152,'Mareková','Plzeň','Mikulášek',052,'1828-08-04','žena','nepokřtěn',150,151);
INSERT INTO "Person" (_id_person,surname,village,street,descr,birth,sex,religion) VALUES (153,'Ševčíková','Brno','Hugo',3978,'1808-08-03','žena','evangelík');
INSERT INTO "Person" (_id_person,surname,village,street,descr,birth,sex,religion) VALUES (154,'Ševčík','Brno','Hugo',3978,'1804-11-08','muž','evangelík');
INSERT INTO "Person" (_id_person,surname,village,street,descr,birth,sex,religion,mother_id,father_id) VALUES (155,'Ševčíková','Brno','Hugo',3978,'1838-11-26','žena','evangelík',153,154);
INSERT INTO "Person" (_id_person,surname,village,street,descr,birth,sex,religion) VALUES (156,'Jelíneková','Liberec','Hrubý',726,'1808-03-30','žena','evangelík');
INSERT INTO "Person" (_id_person,surname,village,street,descr,birth,sex,religion) VALUES (157,'Jelínek','Liberec','Hrubý',726,'1806-01-13','muž','evangelík');
INSERT INTO "Person" (_id_person,surname,village,street,descr,birth,sex,religion,mother_id,father_id) VALUES (158,'Jelínek','Liberec','Hrubý',726,'1826-09-07','muž','evangelík',156,157);
INSERT INTO "Person" (_id_person,surname,village,street,descr,birth,sex,religion) VALUES (159,'Kolářová','Hradec Králové','Dvorský',745,'1809-02-18','žena','evangelík');
INSERT INTO "Person" (_id_person,surname,village,street,descr,birth,sex,religion) VALUES (160,'Kolář','Hradec Králové','Dvorský',745,'1808-08-25','muž','katolík');
INSERT INTO "Person" (_id_person,surname,village,street,descr,birth,sex,religion,mother_id,father_id) VALUES (161,'Kolářová','Hradec Králové','Dvorský',745,'1831-06-26','žena','evangelík',159,160);
INSERT INTO "Person" (_id_person,surname,village,street,descr,birth,sex,religion,mother_id) VALUES (162,'Kolářová','Hradec Králové','žďárský',59513,'1863-06-13','žena','evangelík',161);
INSERT INTO "Person" (_id_person,surname,village,street,descr,birth,sex,religion,mother_id) VALUES (163,'Kolářová','Hradec Králové','Zbyška',69892,'1857-05-23','žena','evangelík',161);
INSERT INTO "Person" (_id_person,surname,village,street,descr,birth,sex,religion,mother_id) VALUES (164,'Kolářová','Hradec Králové','Chovancová',3360,'1862-06-25','žena','evangelík',161);
INSERT INTO "Person" (_id_person,surname,village,street,descr,birth,sex,religion,mother_id) VALUES (165,'Kolářová','Ústí nad Labem','Dubskýová',79382,'1867-08-03','žena','evangelík',161);
INSERT INTO "Person" (_id_person,surname,village,street,descr,birth,sex,religion) VALUES (166,'Blažeková','Pardubice','Císařová',2876,'1802-04-21','žena','nepokřtěn');
INSERT INTO "Person" (_id_person,surname,village,street,descr,birth,sex,religion) VALUES (167,'Blažek','Pardubice','Císařová',2876,'1808-02-09','muž','nepokřtěn');
INSERT INTO "Person" (_id_person,surname,village,street,descr,birth,sex,religion,mother_id,father_id) VALUES (168,'Blažek','Pardubice','Císařová',2876,'1832-08-24','muž','nepokřtěn',166,167);
INSERT INTO "Person" (_id_person,surname,village,street,descr,birth,sex,religion) VALUES (169,'Němečeková','Ústí nad Labem','Zdražilová',341,'1801-08-30','žena','evangelík');
INSERT INTO "Person" (_id_person,surname,village,street,descr,birth,sex,religion) VALUES (170,'Němeček','Ústí nad Labem','Zdražilová',341,'1807-04-02','muž','evangelík');
INSERT INTO "Person" (_id_person,surname,village,street,descr,birth,sex,religion,mother_id,father_id) VALUES (171,'Němečeková','Ústí nad Labem','Zdražilová',341,'1832-01-12','žena','evangelík',169,170);
INSERT INTO "Person" (_id_person,surname,village,street,descr,birth,sex,religion,mother_id) VALUES (172,'Němečeková','Ústí nad Labem','Smola',60371,'1858-02-28','žena','evangelík',171);
INSERT INTO "Person" (_id_person,surname,village,street,descr,birth,sex,religion,mother_id) VALUES (173,'Němeček','Ústí nad Labem','Kaňová',6410,'1861-01-07','muž','evangelík',171);
INSERT INTO "Person" (_id_person,surname,village,street,descr,birth,sex,religion) VALUES (174,'Tomanová','Opava','řezáčová',20070,'1801-10-28','žena','evangelík');
INSERT INTO "Person" (_id_person,surname,village,street,descr,birth,sex,religion) VALUES (175,'Toman','Opava','řezáčová',20070,'1803-11-20','muž','katolík');
INSERT INTO "Person" (_id_person,surname,village,street,descr,birth,sex,religion,mother_id,father_id) VALUES (176,'Toman','Opava','řezáčová',20070,'1832-03-03','muž','evangelík',174,175);
INSERT INTO "Person" (_id_person,surname,village,street,descr,birth,sex,religion,father_id) VALUES (177,'Toman','České Budějovice','Evženie',89897,'1864-05-12','muž','evangelík',176);
INSERT INTO "Person" (_id_person,surname,village,street,descr,birth,sex,religion) VALUES (178,'Fišerová','Liberec','Rudolf',5302,'1806-10-15','žena','evangelík');
INSERT INTO "Person" (_id_person,surname,village,street,descr,birth,sex,religion) VALUES (179,'Fišer','Liberec','Rudolf',5302,'1800-06-25','muž','evangelík');
INSERT INTO "Person" (_id_person,surname,village,street,descr,birth,sex,religion,mother_id,father_id) VALUES (180,'Fišerová','Liberec','Rudolf',5302,'1838-02-22','žena','evangelík',178,179);
INSERT INTO "Person" (_id_person,surname,village,street,descr,birth,sex,religion,mother_id) VALUES (181,'Fišer','Liberec','Ingeborg',184,'1869-06-03','muž','evangelík',180);
INSERT INTO "Person" (_id_person,surname,village,street,descr,birth,sex,religion,mother_id) VALUES (182,'Fišer','Liberec','Beranová',703,'1861-08-16','muž','evangelík',180);
INSERT INTO "Person" (_id_person,surname,village,street,descr,birth,sex,religion,mother_id) VALUES (183,'Fišer','Liberec','Hana',81724,'1861-05-29','muž','evangelík',180);
INSERT INTO "Person" (_id_person,surname,village,street,descr,birth,sex,religion) VALUES (184,'Bíleková','Liberec','Sylvie',6230,'1804-06-11','žena','katolík');
INSERT INTO "Person" (_id_person,surname,village,street,descr,birth,sex,religion) VALUES (185,'Bílek','Liberec','Sylvie',6230,'1806-02-15','muž','katolík');
INSERT INTO "Person" (_id_person,surname,village,street,descr,birth,sex,religion,mother_id,father_id) VALUES (186,'Bílek','Liberec','Sylvie',6230,'1825-11-11','muž','katolík',184,185);
INSERT INTO "Person" (_id_person,surname,village,street,descr,birth,sex,religion,father_id) VALUES (187,'Bíleková','Liberec','Neda',89058,'1868-08-17','žena','katolík',186);
INSERT INTO "Person" (_id_person,surname,village,street,descr,birth,sex,religion) VALUES (188,'Kadlecová','Praha','Krasoslav',1494,'1809-05-31','žena','katolík');
INSERT INTO "Person" (_id_person,surname,village,street,descr,birth,sex,religion) VALUES (189,'Kadlec','Praha','Krasoslav',1494,'1800-08-05','muž','evangelík');
INSERT INTO "Person" (_id_person,surname,village,street,descr,birth,sex,religion,mother_id,father_id) VALUES (190,'Kadlec','Praha','Krasoslav',1494,'1838-03-06','muž','katolík',188,189);
INSERT INTO "Person" (_id_person,surname,village,street,descr,birth,sex,religion) VALUES (191,'Macháčeková','Olomouc','Sojka',172,'1802-04-06','žena','nepokřtěn');
INSERT INTO "Person" (_id_person,surname,village,street,descr,birth,sex,religion) VALUES (192,'Macháček','Olomouc','Sojka',172,'1805-06-07','muž','katolík');
INSERT INTO "Person" (_id_person,surname,village,street,descr,birth,sex,religion,mother_id,father_id) VALUES (193,'Macháčeková','Olomouc','Sojka',172,'1839-01-13','žena','katolík',191,192);
INSERT INTO "Person" (_id_person,surname,village,street,descr,birth,sex,religion) VALUES (194,'Švecová','Havířov','Jirásek',61315,'1809-06-12','žena','katolík');
INSERT INTO "Person" (_id_person,surname,village,street,descr,birth,sex,religion) VALUES (195,'Švec','Havířov','Jirásek',61315,'1801-10-29','muž','nepokřtěn');
INSERT INTO "Person" (_id_person,surname,village,street,descr,birth,sex,religion,mother_id,father_id) VALUES (196,'Švec','Havířov','Jirásek',61315,'1838-12-28','muž','katolík',194,195);
INSERT INTO "Person" (_id_person,surname,village,street,descr,birth,sex,religion,father_id) VALUES (197,'Švecová','Havířov','Barnabáš',6707,'1861-01-31','žena','katolík',196);
INSERT INTO "Person" (_id_person,surname,village,street,descr,birth,sex,religion,father_id) VALUES (198,'Švec','Zlín','Grubrová',891,'1864-04-11','muž','katolík',196);
INSERT INTO "Person" (_id_person,surname,village,street,descr,birth,sex,religion,father_id) VALUES (199,'Švec','Havířov','Radová',27731,'1867-06-21','muž','katolík',196);
INSERT INTO "Person" (_id_person,surname,village,street,descr,birth,sex,religion) VALUES (200,'Machová','Opava','Augustina',031,'1800-01-31','žena','katolík');
INSERT INTO "Person" (_id_person,surname,village,street,descr,birth,sex,religion) VALUES (201,'Mach','Opava','Augustina',031,'1808-09-05','muž','katolík');
INSERT INTO "Person" (_id_person,surname,village,street,descr,birth,sex,religion,mother_id,father_id) VALUES (202,'Machová','Opava','Augustina',031,'1828-08-08','žena','katolík',200,201);
INSERT INTO "Person" (_id_person,surname,village,street,descr,birth,sex,religion) VALUES (203,'Urbanová','Olomouc','Matoušek',67792,'1802-09-16','žena','evangelík');
INSERT INTO "Person" (_id_person,surname,village,street,descr,birth,sex,religion) VALUES (204,'Urban','Olomouc','Matoušek',67792,'1801-06-16','muž','evangelík');
INSERT INTO "Person" (_id_person,surname,village,street,descr,birth,sex,religion,mother_id,father_id) VALUES (205,'Urbanová','Olomouc','Matoušek',67792,'1829-02-02','žena','evangelík',203,204);
INSERT INTO "Person" (_id_person,surname,village,street,descr,birth,sex,religion,mother_id) VALUES (206,'Urban','Olomouc','Bohuslav',0079,'1860-10-01','muž','evangelík',205);
INSERT INTO "Person" (_id_person,surname,village,street,descr,birth,sex,religion) VALUES (207,'Marešová','Zlín','Jirka',8843,'1806-04-20','žena','katolík');
INSERT INTO "Person" (_id_person,surname,village,street,descr,birth,sex,religion) VALUES (208,'Mareš','Zlín','Jirka',8843,'1807-06-26','muž','katolík');
INSERT INTO "Person" (_id_person,surname,village,street,descr,birth,sex,religion,mother_id,father_id) VALUES (209,'Marešová','Zlín','Jirka',8843,'1834-09-08','žena','katolík',207,208);
INSERT INTO "Person" (_id_person,surname,village,street,descr,birth,sex,religion) VALUES (210,'Dvořáková','Most','Bayrová',32338,'1801-06-30','žena','katolík');
INSERT INTO "Person" (_id_person,surname,village,street,descr,birth,sex,religion) VALUES (211,'Dvořák','Most','Bayrová',32338,'1803-07-27','muž','nepokřtěn');
INSERT INTO "Person" (_id_person,surname,village,street,descr,birth,sex,religion,mother_id,father_id) VALUES (212,'Dvořák','Most','Bayrová',32338,'1833-01-06','muž','katolík',210,211);
INSERT INTO "Person" (_id_person,surname,village,street,descr,birth,sex,religion) VALUES (213,'Ježeková','Liberec','Egmont',430,'1801-11-27','žena','nepokřtěn');
INSERT INTO "Person" (_id_person,surname,village,street,descr,birth,sex,religion) VALUES (214,'Ježek','Liberec','Egmont',430,'1805-04-01','muž','evangelík');
INSERT INTO "Person" (_id_person,surname,village,street,descr,birth,sex,religion,mother_id,father_id) VALUES (215,'Ježek','Liberec','Egmont',430,'1828-12-09','muž','nepokřtěn',213,214);
INSERT INTO "Person" (_id_person,surname,village,street,descr,birth,sex,religion) VALUES (216,'Dušeková','Brno','Neklan',441,'1807-01-03','žena','nepokřtěn');
INSERT INTO "Person" (_id_person,surname,village,street,descr,birth,sex,religion) VALUES (217,'Dušek','Brno','Neklan',441,'1808-11-24','muž','nepokřtěn');
INSERT INTO "Person" (_id_person,surname,village,street,descr,birth,sex,religion,mother_id,father_id) VALUES (218,'Dušek','Brno','Neklan',441,'1832-01-22','muž','nepokřtěn',216,217);
INSERT INTO "Person" (_id_person,surname,village,street,descr,birth,sex,religion) VALUES (219,'Macháčeková','Kladno','Mikešová',991,'1807-01-20','žena','katolík');
INSERT INTO "Person" (_id_person,surname,village,street,descr,birth,sex,religion) VALUES (220,'Macháček','Kladno','Mikešová',991,'1808-07-04','muž','katolík');
INSERT INTO "Person" (_id_person,surname,village,street,descr,birth,sex,religion,mother_id,father_id) VALUES (221,'Macháček','Kladno','Mikešová',991,'1833-11-17','muž','katolík',219,220);
INSERT INTO "Person" (_id_person,surname,village,street,descr,birth,sex,religion) VALUES (222,'Beráneková','Liberec','Nedbalová',15891,'1807-06-11','žena','nepokřtěn');
INSERT INTO "Person" (_id_person,surname,village,street,descr,birth,sex,religion) VALUES (223,'Beránek','Liberec','Nedbalová',15891,'1805-05-30','muž','katolík');
INSERT INTO "Person" (_id_person,surname,village,street,descr,birth,sex,religion,mother_id,father_id) VALUES (224,'Beráneková','Liberec','Nedbalová',15891,'1833-09-21','žena','katolík',222,223);
INSERT INTO "Person" (_id_person,surname,village,street,descr,birth,sex,religion,mother_id) VALUES (225,'Beránek','Liberec','Ignácie',1624,'1864-03-14','muž','katolík',224);
INSERT INTO "Person" (_id_person,surname,village,street,descr,birth,sex,religion) VALUES (226,'Fišerová','Opava','Polyxena',42629,'1807-05-16','žena','nepokřtěn');
INSERT INTO "Person" (_id_person,surname,village,street,descr,birth,sex,religion) VALUES (227,'Fišer','Opava','Polyxena',42629,'1809-12-06','muž','nepokřtěn');
INSERT INTO "Person" (_id_person,surname,village,street,descr,birth,sex,religion,mother_id,father_id) VALUES (228,'Fišer','Opava','Polyxena',42629,'1829-07-19','muž','nepokřtěn',226,227);
INSERT INTO "Person" (_id_person,surname,village,street,descr,birth,sex,religion,father_id) VALUES (229,'Fišer','Opava','František',0868,'1860-03-06','muž','nepokřtěn',228);
INSERT INTO "Person" (_id_person,surname,village,street,descr,birth,sex,religion,father_id) VALUES (230,'Fišer','Opava','Pavelková',532,'1864-02-06','muž','nepokřtěn',228);
INSERT INTO "Person" (_id_person,surname,village,street,descr,birth,sex,religion,father_id) VALUES (231,'Fišer','Opava','Jurčík',18656,'1869-01-12','muž','nepokřtěn',228);
INSERT INTO "Person" (_id_person,surname,village,street,descr,birth,sex,religion,father_id) VALUES (232,'Fišerová','Opava','Mlejnek',8192,'1859-02-28','žena','nepokřtěn',228);
INSERT INTO "Person" (_id_person,surname,village,street,descr,birth,sex,religion) VALUES (233,'Kolářová','Most','Ludoslava',30434,'1809-02-28','žena','katolík');
INSERT INTO "Person" (_id_person,surname,village,street,descr,birth,sex,religion) VALUES (234,'Kolář','Most','Ludoslava',30434,'1804-10-31','muž','katolík');
INSERT INTO "Person" (_id_person,surname,village,street,descr,birth,sex,religion,mother_id,father_id) VALUES (235,'Kolář','Most','Ludoslava',30434,'1829-04-07','muž','katolík',233,234);
INSERT INTO "Person" (_id_person,surname,village,street,descr,birth,sex,religion,father_id) VALUES (236,'Kolář','Frýdek-Místek','Kohoutek',271,'1859-07-01','muž','katolík',235);
INSERT INTO "Person" (_id_person,surname,village,street,descr,birth,sex,religion) VALUES (237,'Sedláčeková','Olomouc','Macková',17585,'1806-01-31','žena','nepokřtěn');
INSERT INTO "Person" (_id_person,surname,village,street,descr,birth,sex,religion) VALUES (238,'Sedláček','Olomouc','Macková',17585,'1808-09-21','muž','katolík');
INSERT INTO "Person" (_id_person,surname,village,street,descr,birth,sex,religion,mother_id,father_id) VALUES (239,'Sedláček','Olomouc','Macková',17585,'1834-12-20','muž','katolík',237,238);
INSERT INTO "Person" (_id_person,surname,village,street,descr,birth,sex,religion,father_id) VALUES (240,'Sedláček','Olomouc','Kašpárková',70259,'1858-12-12','muž','katolík',239);
INSERT INTO "Person" (_id_person,surname,village,street,descr,birth,sex,religion,father_id) VALUES (241,'Sedláček','Olomouc','Sába',766,'1868-09-09','muž','katolík',239);
INSERT INTO "Person" (_id_person,surname,village,street,descr,birth,sex,religion,father_id) VALUES (242,'Sedláčeková','Olomouc','Hušek',7465,'1857-12-05','žena','katolík',239);
INSERT INTO "Person" (_id_person,surname,village,street,descr,birth,sex,religion,father_id) VALUES (243,'Sedláček','Olomouc','Fischer',3701,'1862-09-02','muž','katolík',239);
INSERT INTO "Person" (_id_person,surname,village,street,descr,birth,sex,religion) VALUES (244,'Štěpáneková','Liberec','Budislav',5153,'1806-04-30','žena','nepokřtěn');
INSERT INTO "Person" (_id_person,surname,village,street,descr,birth,sex,religion) VALUES (245,'Štěpánek','Liberec','Budislav',5153,'1805-05-18','muž','nepokřtěn');
INSERT INTO "Person" (_id_person,surname,village,street,descr,birth,sex,religion,mother_id,father_id) VALUES (246,'Štěpánek','Liberec','Budislav',5153,'1825-10-16','muž','nepokřtěn',244,245);
INSERT INTO "Person" (_id_person,surname,village,street,descr,birth,sex,religion) VALUES (247,'Stejskalová','Ústí nad Labem','Wagner',487,'1800-08-03','žena','nepokřtěn');
INSERT INTO "Person" (_id_person,surname,village,street,descr,birth,sex,religion) VALUES (248,'Stejskal','Ústí nad Labem','Wagner',487,'1802-05-21','muž','katolík');
INSERT INTO "Person" (_id_person,surname,village,street,descr,birth,sex,religion,mother_id,father_id) VALUES (249,'Stejskal','Ústí nad Labem','Wagner',487,'1837-11-05','muž','katolík',247,248);
INSERT INTO "Person" (_id_person,surname,village,street,descr,birth,sex,religion,father_id) VALUES (250,'Stejskalová','Ústí nad Labem','Lukášková',4085,'1855-08-05','žena','katolík',249);
INSERT INTO "Person" (_id_person,surname,village,street,descr,birth,sex,religion,father_id) VALUES (251,'Stejskal','Ústí nad Labem','Berky',286,'1867-11-16','muž','katolík',249);
INSERT INTO "Person" (_id_person,surname,village,street,descr,birth,sex,religion,father_id) VALUES (252,'Stejskalová','Ústí nad Labem','Popelková',0237,'1858-11-23','žena','katolík',249);
INSERT INTO "Person" (_id_person,surname,village,street,descr,birth,sex,religion) VALUES (253,'Krejčíová','Kladno','Eliška',430,'1803-04-03','žena','nepokřtěn');
INSERT INTO "Person" (_id_person,surname,village,street,descr,birth,sex,religion) VALUES (254,'Krejčí','Kladno','Eliška',430,'1802-05-21','muž','nepokřtěn');
INSERT INTO "Person" (_id_person,surname,village,street,descr,birth,sex,religion,mother_id,father_id) VALUES (255,'Krejčíová','Kladno','Eliška',430,'1827-04-21','žena','nepokřtěn',253,254);
INSERT INTO "Person" (_id_person,surname,village,street,descr,birth,sex,religion) VALUES (256,'Benešová','Opava','Gina',25756,'1804-01-13','žena','nepokřtěn');
INSERT INTO "Person" (_id_person,surname,village,street,descr,birth,sex,religion) VALUES (257,'Beneš','Opava','Gina',25756,'1805-06-20','muž','nepokřtěn');
INSERT INTO "Person" (_id_person,surname,village,street,descr,birth,sex,religion,mother_id,father_id) VALUES (258,'Benešová','Opava','Gina',25756,'1837-03-15','žena','nepokřtěn',256,257);
INSERT INTO "Person" (_id_person,surname,village,street,descr,birth,sex,religion,mother_id) VALUES (259,'Benešová','Kladno','Němec',5496,'1865-07-22','žena','nepokřtěn',258);
INSERT INTO "Person" (_id_person,surname,village,street,descr,birth,sex,religion,mother_id) VALUES (260,'Benešová','Opava','Kalašová',64811,'1869-02-26','žena','nepokřtěn',258);
INSERT INTO "Person" (_id_person,surname,village,street,descr,birth,sex,religion,mother_id) VALUES (261,'Beneš','Opava','Věra',3113,'1861-08-14','muž','nepokřtěn',258);
INSERT INTO "Person" (_id_person,surname,village,street,descr,birth,sex,religion) VALUES (262,'Horváthová','Ostrava','Fabián',9564,'1809-06-29','žena','nepokřtěn');
INSERT INTO "Person" (_id_person,surname,village,street,descr,birth,sex,religion) VALUES (263,'Horváth','Ostrava','Fabián',9564,'1800-01-31','muž','evangelík');
INSERT INTO "Person" (_id_person,surname,village,street,descr,birth,sex,religion,mother_id,father_id) VALUES (264,'Horváthová','Ostrava','Fabián',9564,'1839-10-10','žena','evangelík',262,263);
INSERT INTO "Person" (_id_person,surname,village,street,descr,birth,sex,religion) VALUES (265,'Bartošová','České Budějovice','Horký',364,'1807-02-16','žena','evangelík');
INSERT INTO "Person" (_id_person,surname,village,street,descr,birth,sex,religion) VALUES (266,'Bartoš','České Budějovice','Horký',364,'1807-01-09','muž','evangelík');
INSERT INTO "Person" (_id_person,surname,village,street,descr,birth,sex,religion,mother_id,father_id) VALUES (267,'Bartošová','České Budějovice','Horký',364,'1829-06-18','žena','evangelík',265,266);
INSERT INTO "Person" (_id_person,surname,village,street,descr,birth,sex,religion) VALUES (268,'Šmídová','Olomouc','Bernard',620,'1800-07-28','žena','katolík');
INSERT INTO "Person" (_id_person,surname,village,street,descr,birth,sex,religion) VALUES (269,'Šmíd','Olomouc','Bernard',620,'1804-03-03','muž','katolík');
INSERT INTO "Person" (_id_person,surname,village,street,descr,birth,sex,religion,mother_id,father_id) VALUES (270,'Šmídová','Olomouc','Bernard',620,'1836-12-07','žena','katolík',268,269);
INSERT INTO "Person" (_id_person,surname,village,street,descr,birth,sex,religion,mother_id) VALUES (271,'Šmíd','Olomouc','Leonid',4656,'1855-08-20','muž','katolík',270);
INSERT INTO "Person" (_id_person,surname,village,street,descr,birth,sex,religion,mother_id) VALUES (272,'Šmíd','Olomouc','Achiles',53589,'1866-04-27','muž','katolík',270);
INSERT INTO "Person" (_id_person,surname,village,street,descr,birth,sex,religion,mother_id) VALUES (273,'Šmíd','Olomouc','Hlávková',0088,'1866-07-21','muž','katolík',270);
INSERT INTO "Person" (_id_person,surname,village,street,descr,birth,sex,religion,mother_id) VALUES (274,'Šmíd','Olomouc','Moravcová',635,'1856-03-04','muž','katolík',270);
INSERT INTO "Person" (_id_person,surname,village,street,descr,birth,sex,religion) VALUES (275,'Víteková','Praha','Teodora',237,'1804-10-24','žena','nepokřtěn');
INSERT INTO "Person" (_id_person,surname,village,street,descr,birth,sex,religion) VALUES (276,'Vítek','Praha','Teodora',237,'1805-10-15','muž','nepokřtěn');
INSERT INTO "Person" (_id_person,surname,village,street,descr,birth,sex,religion,mother_id,father_id) VALUES (277,'Vítek','Praha','Teodora',237,'1829-05-30','muž','nepokřtěn',275,276);
INSERT INTO "Person" (_id_person,surname,village,street,descr,birth,sex,religion,father_id) VALUES (278,'Vítek','Opava','Liška',65901,'1855-02-08','muž','nepokřtěn',277);
INSERT INTO "Person" (_id_person,surname,village,street,descr,birth,sex,religion,father_id) VALUES (279,'Vítek','Praha','Šebastián',8157,'1861-08-04','muž','nepokřtěn',277);
--------------------------PersonName--------------------------
INSERT INTO "PersonName" (person_id,name_id) VALUES (0,366);
INSERT INTO "PersonName" (person_id,name_id) VALUES (1,69);
INSERT INTO "PersonName" (person_id,name_id) VALUES (2,283);
INSERT INTO "PersonName" (person_id,name_id) VALUES (3,216);
INSERT INTO "PersonName" (person_id,name_id) VALUES (4,129);
INSERT INTO "PersonName" (person_id,name_id) VALUES (5,65);
INSERT INTO "PersonName" (person_id,name_id) VALUES (6,291);
INSERT INTO "PersonName" (person_id,name_id) VALUES (7,21);
INSERT INTO "PersonName" (person_id,name_id) VALUES (8,241);
INSERT INTO "PersonName" (person_id,name_id) VALUES (9,83);
INSERT INTO "PersonName" (person_id,name_id) VALUES (10,318);
INSERT INTO "PersonName" (person_id,name_id) VALUES (11,197);
INSERT INTO "PersonName" (person_id,name_id) VALUES (12,146);
INSERT INTO "PersonName" (person_id,name_id) VALUES (13,339);
INSERT INTO "PersonName" (person_id,name_id) VALUES (14,173);
INSERT INTO "PersonName" (person_id,name_id) VALUES (15,256);
INSERT INTO "PersonName" (person_id,name_id) VALUES (16,187);
INSERT INTO "PersonName" (person_id,name_id) VALUES (17,172);
INSERT INTO "PersonName" (person_id,name_id) VALUES (18,143);
INSERT INTO "PersonName" (person_id,name_id) VALUES (19,46);
INSERT INTO "PersonName" (person_id,name_id) VALUES (20,5);
INSERT INTO "PersonName" (person_id,name_id) VALUES (21,51);
INSERT INTO "PersonName" (person_id,name_id) VALUES (22,45);
INSERT INTO "PersonName" (person_id,name_id) VALUES (23,204);
INSERT INTO "PersonName" (person_id,name_id) VALUES (24,183);
INSERT INTO "PersonName" (person_id,name_id) VALUES (25,37);
INSERT INTO "PersonName" (person_id,name_id) VALUES (26,39);
INSERT INTO "PersonName" (person_id,name_id) VALUES (27,42);
INSERT INTO "PersonName" (person_id,name_id) VALUES (28,219);
INSERT INTO "PersonName" (person_id,name_id) VALUES (29,352);
INSERT INTO "PersonName" (person_id,name_id) VALUES (30,53);
INSERT INTO "PersonName" (person_id,name_id) VALUES (31,350);
INSERT INTO "PersonName" (person_id,name_id) VALUES (32,313);
INSERT INTO "PersonName" (person_id,name_id) VALUES (33,166);
INSERT INTO "PersonName" (person_id,name_id) VALUES (34,119);
INSERT INTO "PersonName" (person_id,name_id) VALUES (35,72);
INSERT INTO "PersonName" (person_id,name_id) VALUES (36,329);
INSERT INTO "PersonName" (person_id,name_id) VALUES (37,74);
INSERT INTO "PersonName" (person_id,name_id) VALUES (38,355);
INSERT INTO "PersonName" (person_id,name_id) VALUES (39,48);
INSERT INTO "PersonName" (person_id,name_id) VALUES (40,300);
INSERT INTO "PersonName" (person_id,name_id) VALUES (41,201);
INSERT INTO "PersonName" (person_id,name_id) VALUES (42,153);
INSERT INTO "PersonName" (person_id,name_id) VALUES (43,307);
INSERT INTO "PersonName" (person_id,name_id) VALUES (44,132);
INSERT INTO "PersonName" (person_id,name_id) VALUES (45,36);
INSERT INTO "PersonName" (person_id,name_id) VALUES (46,364);
INSERT INTO "PersonName" (person_id,name_id) VALUES (47,324);
INSERT INTO "PersonName" (person_id,name_id) VALUES (48,232);
INSERT INTO "PersonName" (person_id,name_id) VALUES (49,336);
INSERT INTO "PersonName" (person_id,name_id) VALUES (50,26);
INSERT INTO "PersonName" (person_id,name_id) VALUES (51,243);
INSERT INTO "PersonName" (person_id,name_id) VALUES (52,299);
INSERT INTO "PersonName" (person_id,name_id) VALUES (53,100);
INSERT INTO "PersonName" (person_id,name_id) VALUES (54,268);
INSERT INTO "PersonName" (person_id,name_id) VALUES (55,80);
INSERT INTO "PersonName" (person_id,name_id) VALUES (56,84);
INSERT INTO "PersonName" (person_id,name_id) VALUES (57,121);
INSERT INTO "PersonName" (person_id,name_id) VALUES (58,279);
INSERT INTO "PersonName" (person_id,name_id) VALUES (59,323);
INSERT INTO "PersonName" (person_id,name_id) VALUES (60,82);
INSERT INTO "PersonName" (person_id,name_id) VALUES (61,24);
INSERT INTO "PersonName" (person_id,name_id) VALUES (62,230);
INSERT INTO "PersonName" (person_id,name_id) VALUES (63,255);
INSERT INTO "PersonName" (person_id,name_id) VALUES (64,85);
INSERT INTO "PersonName" (person_id,name_id) VALUES (65,12);
INSERT INTO "PersonName" (person_id,name_id) VALUES (66,357);
INSERT INTO "PersonName" (person_id,name_id) VALUES (67,179);
INSERT INTO "PersonName" (person_id,name_id) VALUES (68,328);
INSERT INTO "PersonName" (person_id,name_id) VALUES (69,165);
INSERT INTO "PersonName" (person_id,name_id) VALUES (70,280);
INSERT INTO "PersonName" (person_id,name_id) VALUES (71,292);
INSERT INTO "PersonName" (person_id,name_id) VALUES (72,108);
INSERT INTO "PersonName" (person_id,name_id) VALUES (73,90);
INSERT INTO "PersonName" (person_id,name_id) VALUES (74,228);
INSERT INTO "PersonName" (person_id,name_id) VALUES (75,286);
INSERT INTO "PersonName" (person_id,name_id) VALUES (76,16);
INSERT INTO "PersonName" (person_id,name_id) VALUES (77,262);
INSERT INTO "PersonName" (person_id,name_id) VALUES (78,29);
INSERT INTO "PersonName" (person_id,name_id) VALUES (79,193);
INSERT INTO "PersonName" (person_id,name_id) VALUES (80,238);
INSERT INTO "PersonName" (person_id,name_id) VALUES (81,10);
INSERT INTO "PersonName" (person_id,name_id) VALUES (82,163);
INSERT INTO "PersonName" (person_id,name_id) VALUES (83,229);
INSERT INTO "PersonName" (person_id,name_id) VALUES (84,266);
INSERT INTO "PersonName" (person_id,name_id) VALUES (85,200);
INSERT INTO "PersonName" (person_id,name_id) VALUES (86,171);
INSERT INTO "PersonName" (person_id,name_id) VALUES (87,252);
INSERT INTO "PersonName" (person_id,name_id) VALUES (88,32);
INSERT INTO "PersonName" (person_id,name_id) VALUES (89,157);
INSERT INTO "PersonName" (person_id,name_id) VALUES (90,55);
INSERT INTO "PersonName" (person_id,name_id) VALUES (91,158);
INSERT INTO "PersonName" (person_id,name_id) VALUES (92,148);
INSERT INTO "PersonName" (person_id,name_id) VALUES (93,353);
INSERT INTO "PersonName" (person_id,name_id) VALUES (94,98);
INSERT INTO "PersonName" (person_id,name_id) VALUES (95,110);
INSERT INTO "PersonName" (person_id,name_id) VALUES (96,264);
INSERT INTO "PersonName" (person_id,name_id) VALUES (97,302);
INSERT INTO "PersonName" (person_id,name_id) VALUES (98,94);
INSERT INTO "PersonName" (person_id,name_id) VALUES (99,348);
INSERT INTO "PersonName" (person_id,name_id) VALUES (100,43);
INSERT INTO "PersonName" (person_id,name_id) VALUES (101,101);
INSERT INTO "PersonName" (person_id,name_id) VALUES (102,30);
INSERT INTO "PersonName" (person_id,name_id) VALUES (103,367);
INSERT INTO "PersonName" (person_id,name_id) VALUES (104,71);
INSERT INTO "PersonName" (person_id,name_id) VALUES (105,180);
INSERT INTO "PersonName" (person_id,name_id) VALUES (106,152);
INSERT INTO "PersonName" (person_id,name_id) VALUES (107,123);
INSERT INTO "PersonName" (person_id,name_id) VALUES (108,23);
INSERT INTO "PersonName" (person_id,name_id) VALUES (109,168);
INSERT INTO "PersonName" (person_id,name_id) VALUES (110,278);
INSERT INTO "PersonName" (person_id,name_id) VALUES (111,118);
INSERT INTO "PersonName" (person_id,name_id) VALUES (112,196);
INSERT INTO "PersonName" (person_id,name_id) VALUES (113,235);
INSERT INTO "PersonName" (person_id,name_id) VALUES (114,154);
INSERT INTO "PersonName" (person_id,name_id) VALUES (115,270);
INSERT INTO "PersonName" (person_id,name_id) VALUES (116,220);
INSERT INTO "PersonName" (person_id,name_id) VALUES (117,58);
INSERT INTO "PersonName" (person_id,name_id) VALUES (118,338);
INSERT INTO "PersonName" (person_id,name_id) VALUES (119,136);
INSERT INTO "PersonName" (person_id,name_id) VALUES (120,271);
INSERT INTO "PersonName" (person_id,name_id) VALUES (121,1);
INSERT INTO "PersonName" (person_id,name_id) VALUES (122,176);
INSERT INTO "PersonName" (person_id,name_id) VALUES (123,70);
INSERT INTO "PersonName" (person_id,name_id) VALUES (124,99);
INSERT INTO "PersonName" (person_id,name_id) VALUES (125,63);
INSERT INTO "PersonName" (person_id,name_id) VALUES (126,218);
INSERT INTO "PersonName" (person_id,name_id) VALUES (127,89);
INSERT INTO "PersonName" (person_id,name_id) VALUES (128,139);
INSERT INTO "PersonName" (person_id,name_id) VALUES (129,349);
INSERT INTO "PersonName" (person_id,name_id) VALUES (130,170);
INSERT INTO "PersonName" (person_id,name_id) VALUES (131,11);
INSERT INTO "PersonName" (person_id,name_id) VALUES (132,360);
INSERT INTO "PersonName" (person_id,name_id) VALUES (133,142);
INSERT INTO "PersonName" (person_id,name_id) VALUES (134,159);
INSERT INTO "PersonName" (person_id,name_id) VALUES (135,263);
INSERT INTO "PersonName" (person_id,name_id) VALUES (136,103);
INSERT INTO "PersonName" (person_id,name_id) VALUES (137,78);
INSERT INTO "PersonName" (person_id,name_id) VALUES (138,311);
INSERT INTO "PersonName" (person_id,name_id) VALUES (139,282);
INSERT INTO "PersonName" (person_id,name_id) VALUES (140,308);
INSERT INTO "PersonName" (person_id,name_id) VALUES (141,120);
INSERT INTO "PersonName" (person_id,name_id) VALUES (142,361);
INSERT INTO "PersonName" (person_id,name_id) VALUES (143,320);
INSERT INTO "PersonName" (person_id,name_id) VALUES (144,190);
INSERT INTO "PersonName" (person_id,name_id) VALUES (145,112);
INSERT INTO "PersonName" (person_id,name_id) VALUES (146,128);
INSERT INTO "PersonName" (person_id,name_id) VALUES (147,233);
INSERT INTO "PersonName" (person_id,name_id) VALUES (148,141);
INSERT INTO "PersonName" (person_id,name_id) VALUES (149,319);
INSERT INTO "PersonName" (person_id,name_id) VALUES (150,345);
INSERT INTO "PersonName" (person_id,name_id) VALUES (151,73);
INSERT INTO "PersonName" (person_id,name_id) VALUES (152,244);
INSERT INTO "PersonName" (person_id,name_id) VALUES (153,236);
INSERT INTO "PersonName" (person_id,name_id) VALUES (154,81);
INSERT INTO "PersonName" (person_id,name_id) VALUES (155,253);
INSERT INTO "PersonName" (person_id,name_id) VALUES (156,231);
INSERT INTO "PersonName" (person_id,name_id) VALUES (157,184);
INSERT INTO "PersonName" (person_id,name_id) VALUES (158,161);
INSERT INTO "PersonName" (person_id,name_id) VALUES (159,356);
INSERT INTO "PersonName" (person_id,name_id) VALUES (160,66);
INSERT INTO "PersonName" (person_id,name_id) VALUES (161,240);
INSERT INTO "PersonName" (person_id,name_id) VALUES (162,368);
INSERT INTO "PersonName" (person_id,name_id) VALUES (163,316);
INSERT INTO "PersonName" (person_id,name_id) VALUES (164,242);
INSERT INTO "PersonName" (person_id,name_id) VALUES (165,249);
INSERT INTO "PersonName" (person_id,name_id) VALUES (166,213);
INSERT INTO "PersonName" (person_id,name_id) VALUES (167,62);
INSERT INTO "PersonName" (person_id,name_id) VALUES (168,178);
INSERT INTO "PersonName" (person_id,name_id) VALUES (169,203);
INSERT INTO "PersonName" (person_id,name_id) VALUES (170,138);
INSERT INTO "PersonName" (person_id,name_id) VALUES (171,227);
INSERT INTO "PersonName" (person_id,name_id) VALUES (172,223);
INSERT INTO "PersonName" (person_id,name_id) VALUES (173,40);
INSERT INTO "PersonName" (person_id,name_id) VALUES (174,211);
INSERT INTO "PersonName" (person_id,name_id) VALUES (175,22);
INSERT INTO "PersonName" (person_id,name_id) VALUES (176,57);
INSERT INTO "PersonName" (person_id,name_id) VALUES (177,175);
INSERT INTO "PersonName" (person_id,name_id) VALUES (178,250);
INSERT INTO "PersonName" (person_id,name_id) VALUES (179,169);
INSERT INTO "PersonName" (person_id,name_id) VALUES (180,284);
INSERT INTO "PersonName" (person_id,name_id) VALUES (181,18);
INSERT INTO "PersonName" (person_id,name_id) VALUES (182,117);
INSERT INTO "PersonName" (person_id,name_id) VALUES (183,130);
INSERT INTO "PersonName" (person_id,name_id) VALUES (184,306);
INSERT INTO "PersonName" (person_id,name_id) VALUES (185,35);
INSERT INTO "PersonName" (person_id,name_id) VALUES (186,135);
INSERT INTO "PersonName" (person_id,name_id) VALUES (187,325);
INSERT INTO "PersonName" (person_id,name_id) VALUES (188,359);
INSERT INTO "PersonName" (person_id,name_id) VALUES (189,185);
INSERT INTO "PersonName" (person_id,name_id) VALUES (190,25);
INSERT INTO "PersonName" (person_id,name_id) VALUES (191,351);
INSERT INTO "PersonName" (person_id,name_id) VALUES (192,44);
INSERT INTO "PersonName" (person_id,name_id) VALUES (193,342);
INSERT INTO "PersonName" (person_id,name_id) VALUES (194,189);
INSERT INTO "PersonName" (person_id,name_id) VALUES (195,127);
INSERT INTO "PersonName" (person_id,name_id) VALUES (196,109);
INSERT INTO "PersonName" (person_id,name_id) VALUES (197,224);
INSERT INTO "PersonName" (person_id,name_id) VALUES (198,122);
INSERT INTO "PersonName" (person_id,name_id) VALUES (199,96);
INSERT INTO "PersonName" (person_id,name_id) VALUES (200,296);
INSERT INTO "PersonName" (person_id,name_id) VALUES (201,67);
INSERT INTO "PersonName" (person_id,name_id) VALUES (202,314);
INSERT INTO "PersonName" (person_id,name_id) VALUES (203,303);
INSERT INTO "PersonName" (person_id,name_id) VALUES (204,93);
INSERT INTO "PersonName" (person_id,name_id) VALUES (205,246);
INSERT INTO "PersonName" (person_id,name_id) VALUES (206,167);
INSERT INTO "PersonName" (person_id,name_id) VALUES (207,191);
INSERT INTO "PersonName" (person_id,name_id) VALUES (208,49);
INSERT INTO "PersonName" (person_id,name_id) VALUES (209,301);
INSERT INTO "PersonName" (person_id,name_id) VALUES (210,245);
INSERT INTO "PersonName" (person_id,name_id) VALUES (211,160);
INSERT INTO "PersonName" (person_id,name_id) VALUES (212,60);
INSERT INTO "PersonName" (person_id,name_id) VALUES (213,363);
INSERT INTO "PersonName" (person_id,name_id) VALUES (214,104);
INSERT INTO "PersonName" (person_id,name_id) VALUES (215,41);
INSERT INTO "PersonName" (person_id,name_id) VALUES (216,289);
INSERT INTO "PersonName" (person_id,name_id) VALUES (217,95);
INSERT INTO "PersonName" (person_id,name_id) VALUES (218,28);
INSERT INTO "PersonName" (person_id,name_id) VALUES (219,281);
INSERT INTO "PersonName" (person_id,name_id) VALUES (220,64);
INSERT INTO "PersonName" (person_id,name_id) VALUES (221,3);
INSERT INTO "PersonName" (person_id,name_id) VALUES (222,186);
INSERT INTO "PersonName" (person_id,name_id) VALUES (223,8);
INSERT INTO "PersonName" (person_id,name_id) VALUES (224,225);
INSERT INTO "PersonName" (person_id,name_id) VALUES (225,88);
INSERT INTO "PersonName" (person_id,name_id) VALUES (226,298);
INSERT INTO "PersonName" (person_id,name_id) VALUES (227,164);
INSERT INTO "PersonName" (person_id,name_id) VALUES (228,147);
INSERT INTO "PersonName" (person_id,name_id) VALUES (229,126);
INSERT INTO "PersonName" (person_id,name_id) VALUES (230,6);
INSERT INTO "PersonName" (person_id,name_id) VALUES (231,87);
INSERT INTO "PersonName" (person_id,name_id) VALUES (232,222);
INSERT INTO "PersonName" (person_id,name_id) VALUES (233,297);
INSERT INTO "PersonName" (person_id,name_id) VALUES (234,47);
INSERT INTO "PersonName" (person_id,name_id) VALUES (235,151);
INSERT INTO "PersonName" (person_id,name_id) VALUES (236,13);
INSERT INTO "PersonName" (person_id,name_id) VALUES (237,341);
INSERT INTO "PersonName" (person_id,name_id) VALUES (238,86);
INSERT INTO "PersonName" (person_id,name_id) VALUES (239,125);
INSERT INTO "PersonName" (person_id,name_id) VALUES (240,145);
INSERT INTO "PersonName" (person_id,name_id) VALUES (241,75);
INSERT INTO "PersonName" (person_id,name_id) VALUES (242,275);
INSERT INTO "PersonName" (person_id,name_id) VALUES (243,77);
INSERT INTO "PersonName" (person_id,name_id) VALUES (244,198);
INSERT INTO "PersonName" (person_id,name_id) VALUES (245,144);
INSERT INTO "PersonName" (person_id,name_id) VALUES (246,113);
INSERT INTO "PersonName" (person_id,name_id) VALUES (247,210);
INSERT INTO "PersonName" (person_id,name_id) VALUES (248,34);
INSERT INTO "PersonName" (person_id,name_id) VALUES (249,133);
INSERT INTO "PersonName" (person_id,name_id) VALUES (250,257);
INSERT INTO "PersonName" (person_id,name_id) VALUES (251,20);
INSERT INTO "PersonName" (person_id,name_id) VALUES (252,226);
INSERT INTO "PersonName" (person_id,name_id) VALUES (253,304);
INSERT INTO "PersonName" (person_id,name_id) VALUES (254,97);
INSERT INTO "PersonName" (person_id,name_id) VALUES (255,214);
INSERT INTO "PersonName" (person_id,name_id) VALUES (256,365);
INSERT INTO "PersonName" (person_id,name_id) VALUES (257,177);
INSERT INTO "PersonName" (person_id,name_id) VALUES (258,326);
INSERT INTO "PersonName" (person_id,name_id) VALUES (259,212);
INSERT INTO "PersonName" (person_id,name_id) VALUES (260,321);
INSERT INTO "PersonName" (person_id,name_id) VALUES (261,102);
INSERT INTO "PersonName" (person_id,name_id) VALUES (262,248);
INSERT INTO "PersonName" (person_id,name_id) VALUES (263,0);
INSERT INTO "PersonName" (person_id,name_id) VALUES (264,209);
INSERT INTO "PersonName" (person_id,name_id) VALUES (265,354);
INSERT INTO "PersonName" (person_id,name_id) VALUES (266,156);
INSERT INTO "PersonName" (person_id,name_id) VALUES (267,259);
INSERT INTO "PersonName" (person_id,name_id) VALUES (268,310);
INSERT INTO "PersonName" (person_id,name_id) VALUES (269,155);
INSERT INTO "PersonName" (person_id,name_id) VALUES (270,290);
INSERT INTO "PersonName" (person_id,name_id) VALUES (271,111);
INSERT INTO "PersonName" (person_id,name_id) VALUES (272,149);
INSERT INTO "PersonName" (person_id,name_id) VALUES (273,54);
INSERT INTO "PersonName" (person_id,name_id) VALUES (274,76);
INSERT INTO "PersonName" (person_id,name_id) VALUES (275,317);
INSERT INTO "PersonName" (person_id,name_id) VALUES (276,33);
INSERT INTO "PersonName" (person_id,name_id) VALUES (277,2);
INSERT INTO "PersonName" (person_id,name_id) VALUES (278,15);
--------------------------PersonOccupation--------------------------
INSERT INTO "PersonOccupation" (person_id,occup_id) VALUES (0,438);
INSERT INTO "PersonOccupation" (person_id,occup_id) VALUES (1,390);
INSERT INTO "PersonOccupation" (person_id,occup_id) VALUES (2,118);
INSERT INTO "PersonOccupation" (person_id,occup_id) VALUES (3,478);
INSERT INTO "PersonOccupation" (person_id,occup_id) VALUES (4,285);
INSERT INTO "PersonOccupation" (person_id,occup_id) VALUES (5,645);
INSERT INTO "PersonOccupation" (person_id,occup_id) VALUES (6,306);
INSERT INTO "PersonOccupation" (person_id,occup_id) VALUES (7,299);
INSERT INTO "PersonOccupation" (person_id,occup_id) VALUES (8,845);
INSERT INTO "PersonOccupation" (person_id,occup_id) VALUES (9,309);
INSERT INTO "PersonOccupation" (person_id,occup_id) VALUES (10,414);
INSERT INTO "PersonOccupation" (person_id,occup_id) VALUES (11,401);
INSERT INTO "PersonOccupation" (person_id,occup_id) VALUES (12,262);
INSERT INTO "PersonOccupation" (person_id,occup_id) VALUES (13,464);
INSERT INTO "PersonOccupation" (person_id,occup_id) VALUES (14,398);
INSERT INTO "PersonOccupation" (person_id,occup_id) VALUES (15,848);
INSERT INTO "PersonOccupation" (person_id,occup_id) VALUES (16,123);
INSERT INTO "PersonOccupation" (person_id,occup_id) VALUES (17,46);
INSERT INTO "PersonOccupation" (person_id,occup_id) VALUES (18,866);
INSERT INTO "PersonOccupation" (person_id,occup_id) VALUES (19,413);
INSERT INTO "PersonOccupation" (person_id,occup_id) VALUES (20,599);
INSERT INTO "PersonOccupation" (person_id,occup_id) VALUES (21,763);
INSERT INTO "PersonOccupation" (person_id,occup_id) VALUES (22,300);
INSERT INTO "PersonOccupation" (person_id,occup_id) VALUES (23,816);
INSERT INTO "PersonOccupation" (person_id,occup_id) VALUES (24,758);
INSERT INTO "PersonOccupation" (person_id,occup_id) VALUES (25,221);
INSERT INTO "PersonOccupation" (person_id,occup_id) VALUES (26,890);
INSERT INTO "PersonOccupation" (person_id,occup_id) VALUES (27,444);
INSERT INTO "PersonOccupation" (person_id,occup_id) VALUES (28,855);
INSERT INTO "PersonOccupation" (person_id,occup_id) VALUES (29,611);
INSERT INTO "PersonOccupation" (person_id,occup_id) VALUES (30,854);
INSERT INTO "PersonOccupation" (person_id,occup_id) VALUES (31,274);
INSERT INTO "PersonOccupation" (person_id,occup_id) VALUES (32,596);
INSERT INTO "PersonOccupation" (person_id,occup_id) VALUES (33,132);
INSERT INTO "PersonOccupation" (person_id,occup_id) VALUES (34,479);
INSERT INTO "PersonOccupation" (person_id,occup_id) VALUES (35,650);
INSERT INTO "PersonOccupation" (person_id,occup_id) VALUES (36,30);
INSERT INTO "PersonOccupation" (person_id,occup_id) VALUES (37,111);
INSERT INTO "PersonOccupation" (person_id,occup_id) VALUES (38,6);
INSERT INTO "PersonOccupation" (person_id,occup_id) VALUES (39,60);
INSERT INTO "PersonOccupation" (person_id,occup_id) VALUES (40,363);
INSERT INTO "PersonOccupation" (person_id,occup_id) VALUES (41,460);
INSERT INTO "PersonOccupation" (person_id,occup_id) VALUES (42,680);
INSERT INTO "PersonOccupation" (person_id,occup_id) VALUES (43,380);
INSERT INTO "PersonOccupation" (person_id,occup_id) VALUES (44,322);
INSERT INTO "PersonOccupation" (person_id,occup_id) VALUES (45,701);
INSERT INTO "PersonOccupation" (person_id,occup_id) VALUES (46,404);
INSERT INTO "PersonOccupation" (person_id,occup_id) VALUES (47,374);
INSERT INTO "PersonOccupation" (person_id,occup_id) VALUES (48,156);
INSERT INTO "PersonOccupation" (person_id,occup_id) VALUES (49,93);
INSERT INTO "PersonOccupation" (person_id,occup_id) VALUES (50,24);
INSERT INTO "PersonOccupation" (person_id,occup_id) VALUES (51,842);
INSERT INTO "PersonOccupation" (person_id,occup_id) VALUES (52,734);
INSERT INTO "PersonOccupation" (person_id,occup_id) VALUES (53,64);
INSERT INTO "PersonOccupation" (person_id,occup_id) VALUES (54,881);
INSERT INTO "PersonOccupation" (person_id,occup_id) VALUES (55,699);
INSERT INTO "PersonOccupation" (person_id,occup_id) VALUES (56,321);
INSERT INTO "PersonOccupation" (person_id,occup_id) VALUES (57,389);
INSERT INTO "PersonOccupation" (person_id,occup_id) VALUES (58,1);
INSERT INTO "PersonOccupation" (person_id,occup_id) VALUES (59,463);
INSERT INTO "PersonOccupation" (person_id,occup_id) VALUES (60,86);
INSERT INTO "PersonOccupation" (person_id,occup_id) VALUES (61,490);
INSERT INTO "PersonOccupation" (person_id,occup_id) VALUES (62,157);
INSERT INTO "PersonOccupation" (person_id,occup_id) VALUES (63,559);
INSERT INTO "PersonOccupation" (person_id,occup_id) VALUES (64,707);
INSERT INTO "PersonOccupation" (person_id,occup_id) VALUES (65,186);
INSERT INTO "PersonOccupation" (person_id,occup_id) VALUES (66,623);
INSERT INTO "PersonOccupation" (person_id,occup_id) VALUES (67,230);
INSERT INTO "PersonOccupation" (person_id,occup_id) VALUES (68,553);
INSERT INTO "PersonOccupation" (person_id,occup_id) VALUES (69,540);
INSERT INTO "PersonOccupation" (person_id,occup_id) VALUES (70,327);
INSERT INTO "PersonOccupation" (person_id,occup_id) VALUES (71,889);
INSERT INTO "PersonOccupation" (person_id,occup_id) VALUES (72,225);
INSERT INTO "PersonOccupation" (person_id,occup_id) VALUES (73,607);
INSERT INTO "PersonOccupation" (person_id,occup_id) VALUES (74,8);
INSERT INTO "PersonOccupation" (person_id,occup_id) VALUES (75,119);
INSERT INTO "PersonOccupation" (person_id,occup_id) VALUES (76,472);
INSERT INTO "PersonOccupation" (person_id,occup_id) VALUES (77,502);
INSERT INTO "PersonOccupation" (person_id,occup_id) VALUES (78,25);
INSERT INTO "PersonOccupation" (person_id,occup_id) VALUES (79,66);
INSERT INTO "PersonOccupation" (person_id,occup_id) VALUES (80,656);
INSERT INTO "PersonOccupation" (person_id,occup_id) VALUES (81,169);
INSERT INTO "PersonOccupation" (person_id,occup_id) VALUES (82,685);
INSERT INTO "PersonOccupation" (person_id,occup_id) VALUES (83,270);
INSERT INTO "PersonOccupation" (person_id,occup_id) VALUES (84,793);
INSERT INTO "PersonOccupation" (person_id,occup_id) VALUES (85,293);
INSERT INTO "PersonOccupation" (person_id,occup_id) VALUES (86,552);
INSERT INTO "PersonOccupation" (person_id,occup_id) VALUES (87,662);
INSERT INTO "PersonOccupation" (person_id,occup_id) VALUES (88,55);
INSERT INTO "PersonOccupation" (person_id,occup_id) VALUES (89,883);
INSERT INTO "PersonOccupation" (person_id,occup_id) VALUES (90,551);
INSERT INTO "PersonOccupation" (person_id,occup_id) VALUES (91,277);
INSERT INTO "PersonOccupation" (person_id,occup_id) VALUES (92,301);
INSERT INTO "PersonOccupation" (person_id,occup_id) VALUES (93,751);
INSERT INTO "PersonOccupation" (person_id,occup_id) VALUES (94,19);
INSERT INTO "PersonOccupation" (person_id,occup_id) VALUES (95,48);
INSERT INTO "PersonOccupation" (person_id,occup_id) VALUES (96,799);
INSERT INTO "PersonOccupation" (person_id,occup_id) VALUES (97,70);
INSERT INTO "PersonOccupation" (person_id,occup_id) VALUES (98,127);
INSERT INTO "PersonOccupation" (person_id,occup_id) VALUES (99,264);
INSERT INTO "PersonOccupation" (person_id,occup_id) VALUES (100,68);
INSERT INTO "PersonOccupation" (person_id,occup_id) VALUES (101,382);
INSERT INTO "PersonOccupation" (person_id,occup_id) VALUES (102,91);
INSERT INTO "PersonOccupation" (person_id,occup_id) VALUES (103,686);
INSERT INTO "PersonOccupation" (person_id,occup_id) VALUES (104,569);
INSERT INTO "PersonOccupation" (person_id,occup_id) VALUES (105,387);
INSERT INTO "PersonOccupation" (person_id,occup_id) VALUES (106,467);
INSERT INTO "PersonOccupation" (person_id,occup_id) VALUES (107,821);
INSERT INTO "PersonOccupation" (person_id,occup_id) VALUES (108,207);
INSERT INTO "PersonOccupation" (person_id,occup_id) VALUES (109,314);
INSERT INTO "PersonOccupation" (person_id,occup_id) VALUES (110,191);
INSERT INTO "PersonOccupation" (person_id,occup_id) VALUES (111,326);
INSERT INTO "PersonOccupation" (person_id,occup_id) VALUES (112,212);
INSERT INTO "PersonOccupation" (person_id,occup_id) VALUES (113,139);
INSERT INTO "PersonOccupation" (person_id,occup_id) VALUES (114,882);
INSERT INTO "PersonOccupation" (person_id,occup_id) VALUES (115,771);
INSERT INTO "PersonOccupation" (person_id,occup_id) VALUES (116,859);
INSERT INTO "PersonOccupation" (person_id,occup_id) VALUES (117,95);
INSERT INTO "PersonOccupation" (person_id,occup_id) VALUES (118,323);
INSERT INTO "PersonOccupation" (person_id,occup_id) VALUES (119,886);
INSERT INTO "PersonOccupation" (person_id,occup_id) VALUES (120,857);
INSERT INTO "PersonOccupation" (person_id,occup_id) VALUES (121,764);
INSERT INTO "PersonOccupation" (person_id,occup_id) VALUES (122,9);
INSERT INTO "PersonOccupation" (person_id,occup_id) VALUES (123,125);
INSERT INTO "PersonOccupation" (person_id,occup_id) VALUES (124,341);
INSERT INTO "PersonOccupation" (person_id,occup_id) VALUES (125,143);
INSERT INTO "PersonOccupation" (person_id,occup_id) VALUES (126,688);
INSERT INTO "PersonOccupation" (person_id,occup_id) VALUES (127,37);
INSERT INTO "PersonOccupation" (person_id,occup_id) VALUES (128,670);
INSERT INTO "PersonOccupation" (person_id,occup_id) VALUES (129,11);
INSERT INTO "PersonOccupation" (person_id,occup_id) VALUES (130,548);
INSERT INTO "PersonOccupation" (person_id,occup_id) VALUES (131,833);
INSERT INTO "PersonOccupation" (person_id,occup_id) VALUES (132,766);
INSERT INTO "PersonOccupation" (person_id,occup_id) VALUES (133,858);
INSERT INTO "PersonOccupation" (person_id,occup_id) VALUES (134,505);
INSERT INTO "PersonOccupation" (person_id,occup_id) VALUES (135,654);
INSERT INTO "PersonOccupation" (person_id,occup_id) VALUES (136,106);
INSERT INTO "PersonOccupation" (person_id,occup_id) VALUES (137,308);
INSERT INTO "PersonOccupation" (person_id,occup_id) VALUES (138,172);
INSERT INTO "PersonOccupation" (person_id,occup_id) VALUES (139,140);
INSERT INTO "PersonOccupation" (person_id,occup_id) VALUES (140,594);
INSERT INTO "PersonOccupation" (person_id,occup_id) VALUES (141,474);
INSERT INTO "PersonOccupation" (person_id,occup_id) VALUES (142,557);
INSERT INTO "PersonOccupation" (person_id,occup_id) VALUES (143,454);
INSERT INTO "PersonOccupation" (person_id,occup_id) VALUES (144,232);
INSERT INTO "PersonOccupation" (person_id,occup_id) VALUES (145,666);
INSERT INTO "PersonOccupation" (person_id,occup_id) VALUES (146,351);
INSERT INTO "PersonOccupation" (person_id,occup_id) VALUES (147,342);
INSERT INTO "PersonOccupation" (person_id,occup_id) VALUES (148,606);
INSERT INTO "PersonOccupation" (person_id,occup_id) VALUES (149,170);
INSERT INTO "PersonOccupation" (person_id,occup_id) VALUES (150,104);
INSERT INTO "PersonOccupation" (person_id,occup_id) VALUES (151,762);
INSERT INTO "PersonOccupation" (person_id,occup_id) VALUES (152,574);
INSERT INTO "PersonOccupation" (person_id,occup_id) VALUES (153,528);
INSERT INTO "PersonOccupation" (person_id,occup_id) VALUES (154,243);
INSERT INTO "PersonOccupation" (person_id,occup_id) VALUES (155,79);
INSERT INTO "PersonOccupation" (person_id,occup_id) VALUES (156,223);
INSERT INTO "PersonOccupation" (person_id,occup_id) VALUES (157,792);
INSERT INTO "PersonOccupation" (person_id,occup_id) VALUES (158,138);
INSERT INTO "PersonOccupation" (person_id,occup_id) VALUES (159,155);
INSERT INTO "PersonOccupation" (person_id,occup_id) VALUES (160,447);
INSERT INTO "PersonOccupation" (person_id,occup_id) VALUES (161,847);
INSERT INTO "PersonOccupation" (person_id,occup_id) VALUES (162,807);
INSERT INTO "PersonOccupation" (person_id,occup_id) VALUES (163,391);
INSERT INTO "PersonOccupation" (person_id,occup_id) VALUES (164,572);
INSERT INTO "PersonOccupation" (person_id,occup_id) VALUES (165,443);
INSERT INTO "PersonOccupation" (person_id,occup_id) VALUES (166,782);
INSERT INTO "PersonOccupation" (person_id,occup_id) VALUES (167,62);
INSERT INTO "PersonOccupation" (person_id,occup_id) VALUES (168,188);
INSERT INTO "PersonOccupation" (person_id,occup_id) VALUES (169,152);
INSERT INTO "PersonOccupation" (person_id,occup_id) VALUES (170,784);
INSERT INTO "PersonOccupation" (person_id,occup_id) VALUES (171,101);
INSERT INTO "PersonOccupation" (person_id,occup_id) VALUES (172,427);
INSERT INTO "PersonOccupation" (person_id,occup_id) VALUES (173,266);
INSERT INTO "PersonOccupation" (person_id,occup_id) VALUES (174,292);
INSERT INTO "PersonOccupation" (person_id,occup_id) VALUES (175,828);
INSERT INTO "PersonOccupation" (person_id,occup_id) VALUES (176,455);
INSERT INTO "PersonOccupation" (person_id,occup_id) VALUES (177,768);
INSERT INTO "PersonOccupation" (person_id,occup_id) VALUES (178,549);
INSERT INTO "PersonOccupation" (person_id,occup_id) VALUES (179,148);
INSERT INTO "PersonOccupation" (person_id,occup_id) VALUES (180,627);
INSERT INTO "PersonOccupation" (person_id,occup_id) VALUES (181,591);
INSERT INTO "PersonOccupation" (person_id,occup_id) VALUES (182,267);
INSERT INTO "PersonOccupation" (person_id,occup_id) VALUES (183,567);
INSERT INTO "PersonOccupation" (person_id,occup_id) VALUES (184,700);
INSERT INTO "PersonOccupation" (person_id,occup_id) VALUES (185,238);
INSERT INTO "PersonOccupation" (person_id,occup_id) VALUES (186,193);
INSERT INTO "PersonOccupation" (person_id,occup_id) VALUES (187,749);
INSERT INTO "PersonOccupation" (person_id,occup_id) VALUES (188,175);
INSERT INTO "PersonOccupation" (person_id,occup_id) VALUES (189,671);
INSERT INTO "PersonOccupation" (person_id,occup_id) VALUES (190,547);
INSERT INTO "PersonOccupation" (person_id,occup_id) VALUES (191,286);
INSERT INTO "PersonOccupation" (person_id,occup_id) VALUES (192,40);
INSERT INTO "PersonOccupation" (person_id,occup_id) VALUES (193,668);
INSERT INTO "PersonOccupation" (person_id,occup_id) VALUES (194,633);
INSERT INTO "PersonOccupation" (person_id,occup_id) VALUES (195,536);
INSERT INTO "PersonOccupation" (person_id,occup_id) VALUES (196,63);
INSERT INTO "PersonOccupation" (person_id,occup_id) VALUES (197,409);
INSERT INTO "PersonOccupation" (person_id,occup_id) VALUES (198,710);
INSERT INTO "PersonOccupation" (person_id,occup_id) VALUES (199,434);
INSERT INTO "PersonOccupation" (person_id,occup_id) VALUES (200,348);
INSERT INTO "PersonOccupation" (person_id,occup_id) VALUES (201,227);
INSERT INTO "PersonOccupation" (person_id,occup_id) VALUES (202,519);
INSERT INTO "PersonOccupation" (person_id,occup_id) VALUES (203,531);
INSERT INTO "PersonOccupation" (person_id,occup_id) VALUES (204,731);
INSERT INTO "PersonOccupation" (person_id,occup_id) VALUES (205,696);
INSERT INTO "PersonOccupation" (person_id,occup_id) VALUES (206,664);
INSERT INTO "PersonOccupation" (person_id,occup_id) VALUES (207,378);
INSERT INTO "PersonOccupation" (person_id,occup_id) VALUES (208,235);
INSERT INTO "PersonOccupation" (person_id,occup_id) VALUES (209,867);
INSERT INTO "PersonOccupation" (person_id,occup_id) VALUES (210,263);
INSERT INTO "PersonOccupation" (person_id,occup_id) VALUES (211,587);
INSERT INTO "PersonOccupation" (person_id,occup_id) VALUES (212,383);
INSERT INTO "PersonOccupation" (person_id,occup_id) VALUES (213,437);
INSERT INTO "PersonOccupation" (person_id,occup_id) VALUES (214,211);
INSERT INTO "PersonOccupation" (person_id,occup_id) VALUES (215,797);
INSERT INTO "PersonOccupation" (person_id,occup_id) VALUES (216,213);
INSERT INTO "PersonOccupation" (person_id,occup_id) VALUES (217,244);
INSERT INTO "PersonOccupation" (person_id,occup_id) VALUES (218,90);
INSERT INTO "PersonOccupation" (person_id,occup_id) VALUES (219,365);
INSERT INTO "PersonOccupation" (person_id,occup_id) VALUES (220,74);
INSERT INTO "PersonOccupation" (person_id,occup_id) VALUES (221,316);
INSERT INTO "PersonOccupation" (person_id,occup_id) VALUES (222,307);
INSERT INTO "PersonOccupation" (person_id,occup_id) VALUES (223,844);
INSERT INTO "PersonOccupation" (person_id,occup_id) VALUES (224,287);
INSERT INTO "PersonOccupation" (person_id,occup_id) VALUES (225,226);
INSERT INTO "PersonOccupation" (person_id,occup_id) VALUES (226,777);
INSERT INTO "PersonOccupation" (person_id,occup_id) VALUES (227,458);
INSERT INTO "PersonOccupation" (person_id,occup_id) VALUES (228,583);
INSERT INTO "PersonOccupation" (person_id,occup_id) VALUES (229,184);
INSERT INTO "PersonOccupation" (person_id,occup_id) VALUES (230,785);
INSERT INTO "PersonOccupation" (person_id,occup_id) VALUES (231,461);
INSERT INTO "PersonOccupation" (person_id,occup_id) VALUES (232,491);
INSERT INTO "PersonOccupation" (person_id,occup_id) VALUES (233,885);
INSERT INTO "PersonOccupation" (person_id,occup_id) VALUES (234,871);
INSERT INTO "PersonOccupation" (person_id,occup_id) VALUES (235,702);
INSERT INTO "PersonOccupation" (person_id,occup_id) VALUES (236,366);
INSERT INTO "PersonOccupation" (person_id,occup_id) VALUES (237,618);
INSERT INTO "PersonOccupation" (person_id,occup_id) VALUES (238,837);
INSERT INTO "PersonOccupation" (person_id,occup_id) VALUES (239,94);
INSERT INTO "PersonOccupation" (person_id,occup_id) VALUES (240,489);
INSERT INTO "PersonOccupation" (person_id,occup_id) VALUES (241,580);
INSERT INTO "PersonOccupation" (person_id,occup_id) VALUES (242,819);
INSERT INTO "PersonOccupation" (person_id,occup_id) VALUES (243,558);
INSERT INTO "PersonOccupation" (person_id,occup_id) VALUES (244,636);
INSERT INTO "PersonOccupation" (person_id,occup_id) VALUES (245,361);
INSERT INTO "PersonOccupation" (person_id,occup_id) VALUES (246,355);
INSERT INTO "PersonOccupation" (person_id,occup_id) VALUES (247,173);
INSERT INTO "PersonOccupation" (person_id,occup_id) VALUES (248,67);
INSERT INTO "PersonOccupation" (person_id,occup_id) VALUES (249,42);
INSERT INTO "PersonOccupation" (person_id,occup_id) VALUES (250,644);
INSERT INTO "PersonOccupation" (person_id,occup_id) VALUES (251,256);
INSERT INTO "PersonOccupation" (person_id,occup_id) VALUES (252,649);
INSERT INTO "PersonOccupation" (person_id,occup_id) VALUES (253,99);
INSERT INTO "PersonOccupation" (person_id,occup_id) VALUES (254,761);
INSERT INTO "PersonOccupation" (person_id,occup_id) VALUES (255,501);
INSERT INTO "PersonOccupation" (person_id,occup_id) VALUES (256,4);
INSERT INTO "PersonOccupation" (person_id,occup_id) VALUES (257,190);
INSERT INTO "PersonOccupation" (person_id,occup_id) VALUES (258,439);
INSERT INTO "PersonOccupation" (person_id,occup_id) VALUES (259,194);
INSERT INTO "PersonOccupation" (person_id,occup_id) VALUES (260,869);
INSERT INTO "PersonOccupation" (person_id,occup_id) VALUES (261,818);
INSERT INTO "PersonOccupation" (person_id,occup_id) VALUES (262,732);
INSERT INTO "PersonOccupation" (person_id,occup_id) VALUES (263,615);
INSERT INTO "PersonOccupation" (person_id,occup_id) VALUES (264,210);
INSERT INTO "PersonOccupation" (person_id,occup_id) VALUES (265,875);
INSERT INTO "PersonOccupation" (person_id,occup_id) VALUES (266,329);
INSERT INTO "PersonOccupation" (person_id,occup_id) VALUES (267,537);
INSERT INTO "PersonOccupation" (person_id,occup_id) VALUES (268,400);
INSERT INTO "PersonOccupation" (person_id,occup_id) VALUES (269,429);
INSERT INTO "PersonOccupation" (person_id,occup_id) VALUES (270,257);
INSERT INTO "PersonOccupation" (person_id,occup_id) VALUES (271,352);
INSERT INTO "PersonOccupation" (person_id,occup_id) VALUES (272,754);
INSERT INTO "PersonOccupation" (person_id,occup_id) VALUES (273,69);
INSERT INTO "PersonOccupation" (person_id,occup_id) VALUES (274,729);
INSERT INTO "PersonOccupation" (person_id,occup_id) VALUES (275,590);
INSERT INTO "PersonOccupation" (person_id,occup_id) VALUES (276,302);
INSERT INTO "PersonOccupation" (person_id,occup_id) VALUES (277,441);
INSERT INTO "PersonOccupation" (person_id,occup_id) VALUES (278,430);
--------------------------Marriage--------------------------
INSERT INTO "Marriage" (_id_marriage,rec_ready,rec_order,scan_order,scan_layout,date,village,groom_y,groom_m,groom_d,bride_y,bride_m,bride_d,groom_adult,bride_adult,relationship,banns_1,banns_2,banns_3,groom_id,bride_id,user_id,register_id,officiant_id) VALUES (0,true,236,756,'C','1855-02-23','Olomouc',27,9,4,17,11,10,true,false,'ne','banns1','banns2','banns3',18,13,0,19,2);
--------------------------Witness--------------------------
INSERT INTO "Witness" (person_id,marriage_id,side,relationship) VALUES (138,0,'ženicha','přítel');
INSERT INTO "Witness" (person_id,marriage_id,side,relationship) VALUES (264,0,'ženicha','jiné');
INSERT INTO "Witness" (person_id,marriage_id,side,relationship) VALUES (202,0,'nevěsty','sourozenec');
INSERT INTO "Witness" (person_id,marriage_id,side,relationship) VALUES (99,0,'nevěsty','jiné');
INSERT INTO "Marriage" (_id_marriage,rec_ready,rec_order,scan_order,scan_layout,date,village,groom_y,groom_m,groom_d,bride_y,bride_m,bride_d,groom_adult,bride_adult,relationship,banns_1,banns_2,banns_3,groom_id,bride_id,user_id,register_id,officiant_id) VALUES (1,true,713,26,'P','1869-06-29','Opava',31,9,21,32,8,28,true,true,'ne','banns1','banns2','banns3',128,112,1,85,1);
--------------------------Witness--------------------------
INSERT INTO "Witness" (person_id,marriage_id,side,relationship) VALUES (246,1,'ženicha','jiné');
INSERT INTO "Witness" (person_id,marriage_id,side,relationship) VALUES (132,1,'ženicha','sourozenec');
INSERT INTO "Witness" (person_id,marriage_id,side,relationship) VALUES (52,1,'nevěsty','sourozenec');
INSERT INTO "Witness" (person_id,marriage_id,side,relationship) VALUES (73,1,'nevěsty','sourozenec');
INSERT INTO "Marriage" (_id_marriage,rec_ready,rec_order,scan_order,scan_layout,date,village,groom_y,groom_m,groom_d,bride_y,bride_m,bride_d,groom_adult,bride_adult,relationship,banns_1,banns_2,banns_3,groom_id,bride_id,user_id,register_id,officiant_id) VALUES (2,true,918,874,'C','1865-02-19','Praha',28,7,16,27,11,18,true,true,'ne','banns1','banns2','banns3',89,258,0,42,0);
--------------------------Witness--------------------------
INSERT INTO "Witness" (person_id,marriage_id,side,relationship) VALUES (222,2,'ženicha','jiné');
INSERT INTO "Witness" (person_id,marriage_id,side,relationship) VALUES (182,2,'ženicha','sourozenec');
INSERT INTO "Witness" (person_id,marriage_id,side,relationship) VALUES (111,2,'nevěsty','sourozenec');
INSERT INTO "Witness" (person_id,marriage_id,side,relationship) VALUES (106,2,'nevěsty','sourozenec');
INSERT INTO "Marriage" (_id_marriage,rec_ready,rec_order,scan_order,scan_layout,date,village,groom_y,groom_m,groom_d,bride_y,bride_m,bride_d,groom_adult,bride_adult,relationship,banns_1,banns_2,banns_3,groom_id,bride_id,user_id,register_id,officiant_id) VALUES (3,true,61,965,'C','1855-10-28','Olomouc',24,3,18,24,4,10,true,true,'ne','banns1','banns2','banns3',146,161,1,64,0);
--------------------------Witness--------------------------
INSERT INTO "Witness" (person_id,marriage_id,side,relationship) VALUES (222,3,'ženicha','sourozenec');
INSERT INTO "Witness" (person_id,marriage_id,side,relationship) VALUES (108,3,'ženicha','sourozenec');
INSERT INTO "Witness" (person_id,marriage_id,side,relationship) VALUES (89,3,'nevěsty','sourozenec');
INSERT INTO "Witness" (person_id,marriage_id,side,relationship) VALUES (125,3,'nevěsty','jiné');
INSERT INTO "Marriage" (_id_marriage,rec_ready,rec_order,scan_order,scan_layout,date,village,groom_y,groom_m,groom_d,bride_y,bride_m,bride_d,groom_adult,bride_adult,relationship,banns_1,banns_2,banns_3,groom_id,bride_id,user_id,register_id,officiant_id) VALUES (4,true,300,122,'C','1852-06-17','Kladno',20,11,10,20,5,12,true,true,'ne','banns1','banns2','banns3',146,171,0,15,1);
--------------------------Witness--------------------------
INSERT INTO "Witness" (person_id,marriage_id,side,relationship) VALUES (261,4,'ženicha','jiné');
INSERT INTO "Witness" (person_id,marriage_id,side,relationship) VALUES (272,4,'ženicha','sourozenec');
INSERT INTO "Witness" (person_id,marriage_id,side,relationship) VALUES (50,4,'nevěsty','jiné');
INSERT INTO "Witness" (person_id,marriage_id,side,relationship) VALUES (20,4,'nevěsty','jiné');
INSERT INTO "Marriage" (_id_marriage,rec_ready,rec_order,scan_order,scan_layout,date,village,groom_y,groom_m,groom_d,bride_y,bride_m,bride_d,groom_adult,bride_adult,relationship,banns_1,banns_2,banns_3,groom_id,bride_id,user_id,register_id,officiant_id) VALUES (5,true,735,605,'C','1847-09-20','Zlín',21,3,10,21,7,26,true,true,'ne','banns1','banns2','banns3',45,149,0,55,0);
--------------------------Witness--------------------------
INSERT INTO "Witness" (person_id,marriage_id,side,relationship) VALUES (219,5,'ženicha','sourozenec');
INSERT INTO "Witness" (person_id,marriage_id,side,relationship) VALUES (96,5,'ženicha','jiné');
INSERT INTO "Witness" (person_id,marriage_id,side,relationship) VALUES (35,5,'nevěsty','jiné');
INSERT INTO "Witness" (person_id,marriage_id,side,relationship) VALUES (178,5,'nevěsty','sourozenec');
INSERT INTO "Marriage" (_id_marriage,rec_ready,rec_order,scan_order,scan_layout,date,village,groom_y,groom_m,groom_d,bride_y,bride_m,bride_d,groom_adult,bride_adult,relationship,banns_1,banns_2,banns_3,groom_id,bride_id,user_id,register_id,officiant_id) VALUES (6,true,462,581,'C','1847-01-28','Plzeň',18,1,24,13,4,12,true,false,'ne','banns1','banns2','banns3',215,224,1,39,1);
--------------------------Witness--------------------------
INSERT INTO "Witness" (person_id,marriage_id,side,relationship) VALUES (43,6,'ženicha','jiné');
INSERT INTO "Witness" (person_id,marriage_id,side,relationship) VALUES (63,6,'ženicha','jiné');
INSERT INTO "Witness" (person_id,marriage_id,side,relationship) VALUES (86,6,'nevěsty','sourozenec');
INSERT INTO "Witness" (person_id,marriage_id,side,relationship) VALUES (98,6,'nevěsty','jiné');
INSERT INTO "Marriage" (_id_marriage,rec_ready,rec_order,scan_order,scan_layout,date,village,groom_y,groom_m,groom_d,bride_y,bride_m,bride_d,groom_adult,bride_adult,relationship,banns_1,banns_2,banns_3,groom_id,bride_id,user_id,register_id,officiant_id) VALUES (7,true,822,682,'L','1855-09-19','Havířov',24,0,4,27,8,25,true,true,'ne','banns1','banns2','banns3',134,142,1,73,0);
--------------------------Witness--------------------------
INSERT INTO "Witness" (person_id,marriage_id,side,relationship) VALUES (81,7,'ženicha','jiné');
INSERT INTO "Witness" (person_id,marriage_id,side,relationship) VALUES (244,7,'ženicha','sourozenec');
INSERT INTO "Witness" (person_id,marriage_id,side,relationship) VALUES (210,7,'nevěsty','sourozenec');
INSERT INTO "Witness" (person_id,marriage_id,side,relationship) VALUES (84,7,'nevěsty','jiné');
INSERT INTO "Marriage" (_id_marriage,rec_ready,rec_order,scan_order,scan_layout,date,village,groom_y,groom_m,groom_d,bride_y,bride_m,bride_d,groom_adult,bride_adult,relationship,banns_1,banns_2,banns_3,groom_id,bride_id,user_id,register_id,officiant_id) VALUES (8,true,580,814,'L','1859-02-09','Havířov',22,2,0,21,11,6,true,true,'ne','banns1','banns2','banns3',105,258,0,54,2);
--------------------------Witness--------------------------
INSERT INTO "Witness" (person_id,marriage_id,side,relationship) VALUES (193,8,'ženicha','jiné');
INSERT INTO "Witness" (person_id,marriage_id,side,relationship) VALUES (19,8,'ženicha','sourozenec');
INSERT INTO "Witness" (person_id,marriage_id,side,relationship) VALUES (173,8,'nevěsty','sourozenec');
INSERT INTO "Witness" (person_id,marriage_id,side,relationship) VALUES (274,8,'nevěsty','přítel');
INSERT INTO "Marriage" (_id_marriage,rec_ready,rec_order,scan_order,scan_layout,date,village,groom_y,groom_m,groom_d,bride_y,bride_m,bride_d,groom_adult,bride_adult,relationship,banns_1,banns_2,banns_3,groom_id,bride_id,user_id,register_id,officiant_id) VALUES (9,true,186,694,'L','1847-11-11','Olomouc',12,10,29,20,6,29,false,true,'ne','banns1','banns2','banns3',239,255,0,46,1);
--------------------------Witness--------------------------
INSERT INTO "Witness" (person_id,marriage_id,side,relationship) VALUES (151,9,'ženicha','sourozenec');
INSERT INTO "Witness" (person_id,marriage_id,side,relationship) VALUES (132,9,'ženicha','jiné');
INSERT INTO "Witness" (person_id,marriage_id,side,relationship) VALUES (7,9,'nevěsty','sourozenec');
INSERT INTO "Witness" (person_id,marriage_id,side,relationship) VALUES (24,9,'nevěsty','sourozenec');
INSERT INTO "Marriage" (_id_marriage,rec_ready,rec_order,scan_order,scan_layout,date,village,groom_y,groom_m,groom_d,bride_y,bride_m,bride_d,groom_adult,bride_adult,relationship,banns_1,banns_2,banns_3,groom_id,bride_id,user_id,register_id,officiant_id) VALUES (10,true,826,815,'P','1857-10-25','Ústí nad Labem',30,0,16,28,9,2,true,true,'ne','banns1','banns2','banns3',61,205,0,41,2);
--------------------------Witness--------------------------
INSERT INTO "Witness" (person_id,marriage_id,side,relationship) VALUES (193,10,'ženicha','jiné');
INSERT INTO "Witness" (person_id,marriage_id,side,relationship) VALUES (177,10,'ženicha','sourozenec');
INSERT INTO "Witness" (person_id,marriage_id,side,relationship) VALUES (198,10,'nevěsty','sourozenec');
INSERT INTO "Witness" (person_id,marriage_id,side,relationship) VALUES (159,10,'nevěsty','sourozenec');
INSERT INTO "Marriage" (_id_marriage,rec_ready,rec_order,scan_order,scan_layout,date,village,groom_y,groom_m,groom_d,bride_y,bride_m,bride_d,groom_adult,bride_adult,relationship,banns_1,banns_2,banns_3,groom_id,bride_id,user_id,register_id,officiant_id) VALUES (11,true,146,126,'P','1863-02-20','Olomouc',35,9,3,28,5,22,true,true,'ne','banns1','banns2','banns3',18,209,0,34,2);
--------------------------Witness--------------------------
INSERT INTO "Witness" (person_id,marriage_id,side,relationship) VALUES (14,11,'ženicha','sourozenec');
INSERT INTO "Witness" (person_id,marriage_id,side,relationship) VALUES (1,11,'ženicha','jiné');
INSERT INTO "Witness" (person_id,marriage_id,side,relationship) VALUES (42,11,'nevěsty','přítel');
INSERT INTO "Witness" (person_id,marriage_id,side,relationship) VALUES (114,11,'nevěsty','jiné');
INSERT INTO "Marriage" (_id_marriage,rec_ready,rec_order,scan_order,scan_layout,date,village,groom_y,groom_m,groom_d,bride_y,bride_m,bride_d,groom_adult,bride_adult,relationship,banns_1,banns_2,banns_3,groom_id,bride_id,user_id,register_id,officiant_id) VALUES (12,true,177,103,'P','1862-07-27','Opava',36,8,27,25,4,20,true,true,'ne','banns1','banns2','banns3',186,258,0,69,0);
--------------------------Witness--------------------------
INSERT INTO "Witness" (person_id,marriage_id,side,relationship) VALUES (46,12,'ženicha','jiné');
INSERT INTO "Witness" (person_id,marriage_id,side,relationship) VALUES (200,12,'ženicha','sourozenec');
INSERT INTO "Witness" (person_id,marriage_id,side,relationship) VALUES (170,12,'nevěsty','jiné');
INSERT INTO "Witness" (person_id,marriage_id,side,relationship) VALUES (35,12,'nevěsty','přítel');
INSERT INTO "Marriage" (_id_marriage,rec_ready,rec_order,scan_order,scan_layout,date,village,groom_y,groom_m,groom_d,bride_y,bride_m,bride_d,groom_adult,bride_adult,relationship,banns_1,banns_2,banns_3,groom_id,bride_id,user_id,register_id,officiant_id) VALUES (13,false,18,150,'C','1851-02-15','Plzeň',18,1,14,25,3,13,true,true,'ne','banns1','banns2','banns3',212,31,1,83,1);
--------------------------Witness--------------------------
INSERT INTO "Witness" (person_id,marriage_id,side,relationship) VALUES (23,13,'ženicha','jiné');
INSERT INTO "Witness" (person_id,marriage_id,side,relationship) VALUES (13,13,'ženicha','sourozenec');
INSERT INTO "Witness" (person_id,marriage_id,side,relationship) VALUES (148,13,'nevěsty','přítel');
INSERT INTO "Witness" (person_id,marriage_id,side,relationship) VALUES (172,13,'nevěsty','jiné');
INSERT INTO "Marriage" (_id_marriage,rec_ready,rec_order,scan_order,scan_layout,date,village,groom_y,groom_m,groom_d,bride_y,bride_m,bride_d,groom_adult,bride_adult,relationship,banns_1,banns_2,banns_3,groom_id,bride_id,user_id,register_id,officiant_id) VALUES (14,false,408,769,'P','1864-01-02','Ostrava',34,5,25,24,3,0,true,true,'ne','banns1','banns2','banns3',228,264,0,5,1);
--------------------------Witness--------------------------
INSERT INTO "Witness" (person_id,marriage_id,side,relationship) VALUES (109,14,'ženicha','jiné');
INSERT INTO "Witness" (person_id,marriage_id,side,relationship) VALUES (53,14,'ženicha','sourozenec');
INSERT INTO "Witness" (person_id,marriage_id,side,relationship) VALUES (243,14,'nevěsty','sourozenec');
INSERT INTO "Witness" (person_id,marriage_id,side,relationship) VALUES (224,14,'nevěsty','sourozenec');
INSERT INTO "Marriage" (_id_marriage,rec_ready,rec_order,scan_order,scan_layout,date,village,groom_y,groom_m,groom_d,bride_y,bride_m,bride_d,groom_adult,bride_adult,relationship,banns_1,banns_2,banns_3,groom_id,bride_id,user_id,register_id,officiant_id) VALUES (15,true,509,94,'P','1854-02-12','Liberec',28,3,10,20,4,29,true,true,'ne','banns1','banns2','banns3',186,224,1,4,1);
--------------------------Witness--------------------------
INSERT INTO "Witness" (person_id,marriage_id,side,relationship) VALUES (258,15,'ženicha','sourozenec');
INSERT INTO "Witness" (person_id,marriage_id,side,relationship) VALUES (238,15,'ženicha','sourozenec');
INSERT INTO "Witness" (person_id,marriage_id,side,relationship) VALUES (276,15,'nevěsty','jiné');
INSERT INTO "Witness" (person_id,marriage_id,side,relationship) VALUES (72,15,'nevěsty','jiné');
INSERT INTO "Marriage" (_id_marriage,rec_ready,rec_order,scan_order,scan_layout,date,village,groom_y,groom_m,groom_d,bride_y,bride_m,bride_d,groom_adult,bride_adult,relationship,banns_1,banns_2,banns_3,groom_id,bride_id,user_id,register_id,officiant_id) VALUES (16,true,552,4,'P','1858-06-23','Ostrava',20,7,25,27,0,4,true,true,'ne','banns1','banns2','banns3',249,161,1,45,2);
--------------------------Witness--------------------------
INSERT INTO "Witness" (person_id,marriage_id,side,relationship) VALUES (59,16,'ženicha','sourozenec');
INSERT INTO "Witness" (person_id,marriage_id,side,relationship) VALUES (119,16,'ženicha','jiné');
INSERT INTO "Witness" (person_id,marriage_id,side,relationship) VALUES (197,16,'nevěsty','jiné');
INSERT INTO "Witness" (person_id,marriage_id,side,relationship) VALUES (66,16,'nevěsty','sourozenec');
INSERT INTO "Marriage" (_id_marriage,rec_ready,rec_order,scan_order,scan_layout,date,village,groom_y,groom_m,groom_d,bride_y,bride_m,bride_d,groom_adult,bride_adult,relationship,banns_1,banns_2,banns_3,groom_id,bride_id,user_id,register_id,officiant_id) VALUES (17,true,697,417,'C','1859-06-05','Praha',22,11,0,33,4,12,true,true,'ne','banns1','banns2','banns3',89,149,0,86,0);
--------------------------Witness--------------------------
INSERT INTO "Witness" (person_id,marriage_id,side,relationship) VALUES (1,17,'ženicha','jiné');
INSERT INTO "Witness" (person_id,marriage_id,side,relationship) VALUES (106,17,'ženicha','jiné');
INSERT INTO "Witness" (person_id,marriage_id,side,relationship) VALUES (35,17,'nevěsty','jiné');
INSERT INTO "Witness" (person_id,marriage_id,side,relationship) VALUES (29,17,'nevěsty','přítel');
INSERT INTO "Marriage" (_id_marriage,rec_ready,rec_order,scan_order,scan_layout,date,village,groom_y,groom_m,groom_d,bride_y,bride_m,bride_d,groom_adult,bride_adult,relationship,banns_1,banns_2,banns_3,groom_id,bride_id,user_id,register_id,officiant_id) VALUES (18,true,725,127,'C','1847-07-27','Pardubice',15,10,13,21,8,24,false,true,'ne','banns1','banns2','banns3',134,31,0,66,1);
--------------------------Witness--------------------------
INSERT INTO "Witness" (person_id,marriage_id,side,relationship) VALUES (272,18,'ženicha','sourozenec');
INSERT INTO "Witness" (person_id,marriage_id,side,relationship) VALUES (160,18,'ženicha','sourozenec');
INSERT INTO "Witness" (person_id,marriage_id,side,relationship) VALUES (149,18,'nevěsty','jiné');
INSERT INTO "Witness" (person_id,marriage_id,side,relationship) VALUES (180,18,'nevěsty','sourozenec');
INSERT INTO "Marriage" (_id_marriage,rec_ready,rec_order,scan_order,scan_layout,date,village,groom_y,groom_m,groom_d,bride_y,bride_m,bride_d,groom_adult,bride_adult,relationship,banns_1,banns_2,banns_3,groom_id,bride_id,user_id,register_id,officiant_id) VALUES (19,true,665,613,'P','1859-04-23','Ústí nad Labem',32,1,24,23,9,29,true,true,'ne','banns1','banns2','banns3',122,70,0,32,0);
--------------------------Witness--------------------------
INSERT INTO "Witness" (person_id,marriage_id,side,relationship) VALUES (6,19,'ženicha','jiné');
INSERT INTO "Witness" (person_id,marriage_id,side,relationship) VALUES (11,19,'ženicha','sourozenec');
INSERT INTO "Witness" (person_id,marriage_id,side,relationship) VALUES (114,19,'nevěsty','sourozenec');
INSERT INTO "Witness" (person_id,marriage_id,side,relationship) VALUES (206,19,'nevěsty','sourozenec');
INSERT INTO "Marriage" (_id_marriage,rec_ready,rec_order,scan_order,scan_layout,date,village,groom_y,groom_m,groom_d,bride_y,bride_m,bride_d,groom_adult,bride_adult,relationship,banns_1,banns_2,banns_3,groom_id,bride_id,user_id,register_id,officiant_id) VALUES (20,true,765,153,'C','1844-02-16','Liberec',18,4,25,15,6,19,true,false,'ne','banns1','banns2','banns3',131,152,1,27,1);
--------------------------Witness--------------------------
INSERT INTO "Witness" (person_id,marriage_id,side,relationship) VALUES (226,20,'ženicha','sourozenec');
INSERT INTO "Witness" (person_id,marriage_id,side,relationship) VALUES (44,20,'ženicha','jiné');
INSERT INTO "Witness" (person_id,marriage_id,side,relationship) VALUES (209,20,'nevěsty','sourozenec');
INSERT INTO "Witness" (person_id,marriage_id,side,relationship) VALUES (72,20,'nevěsty','sourozenec');
INSERT INTO "Marriage" (_id_marriage,rec_ready,rec_order,scan_order,scan_layout,date,village,groom_y,groom_m,groom_d,bride_y,bride_m,bride_d,groom_adult,bride_adult,relationship,banns_1,banns_2,banns_3,groom_id,bride_id,user_id,register_id,officiant_id) VALUES (21,false,853,41,'P','1867-01-22','Liberec',33,2,14,30,1,23,true,true,'ne','banns1','banns2','banns3',221,270,1,58,2);
--------------------------Witness--------------------------
INSERT INTO "Witness" (person_id,marriage_id,side,relationship) VALUES (108,21,'ženicha','jiné');
INSERT INTO "Witness" (person_id,marriage_id,side,relationship) VALUES (15,21,'ženicha','sourozenec');
INSERT INTO "Witness" (person_id,marriage_id,side,relationship) VALUES (20,21,'nevěsty','sourozenec');
INSERT INTO "Witness" (person_id,marriage_id,side,relationship) VALUES (219,21,'nevěsty','přítel');
INSERT INTO "Marriage" (_id_marriage,rec_ready,rec_order,scan_order,scan_layout,date,village,groom_y,groom_m,groom_d,bride_y,bride_m,bride_d,groom_adult,bride_adult,relationship,banns_1,banns_2,banns_3,groom_id,bride_id,user_id,register_id,officiant_id) VALUES (22,true,523,609,'P','1855-02-21','Praha',28,5,24,16,2,2,true,false,'ne','banns1','banns2','banns3',158,115,0,87,1);
--------------------------Witness--------------------------
INSERT INTO "Witness" (person_id,marriage_id,side,relationship) VALUES (270,22,'ženicha','jiné');
INSERT INTO "Witness" (person_id,marriage_id,side,relationship) VALUES (124,22,'ženicha','sourozenec');
INSERT INTO "Witness" (person_id,marriage_id,side,relationship) VALUES (255,22,'nevěsty','jiné');
INSERT INTO "Witness" (person_id,marriage_id,side,relationship) VALUES (20,22,'nevěsty','sourozenec');
INSERT INTO "Marriage" (_id_marriage,rec_ready,rec_order,scan_order,scan_layout,date,village,groom_y,groom_m,groom_d,bride_y,bride_m,bride_d,groom_adult,bride_adult,relationship,banns_1,banns_2,banns_3,groom_id,bride_id,user_id,register_id,officiant_id) VALUES (23,true,957,635,'C','1851-02-25','Ústí nad Labem',23,4,17,21,8,17,true,true,'ne','banns1','banns2','banns3',61,267,0,68,1);
--------------------------Witness--------------------------
INSERT INTO "Witness" (person_id,marriage_id,side,relationship) VALUES (197,23,'ženicha','jiné');
INSERT INTO "Witness" (person_id,marriage_id,side,relationship) VALUES (226,23,'ženicha','sourozenec');
INSERT INTO "Witness" (person_id,marriage_id,side,relationship) VALUES (83,23,'nevěsty','jiné');
INSERT INTO "Witness" (person_id,marriage_id,side,relationship) VALUES (137,23,'nevěsty','sourozenec');
INSERT INTO "Marriage" (_id_marriage,rec_ready,rec_order,scan_order,scan_layout,date,village,groom_y,groom_m,groom_d,bride_y,bride_m,bride_d,groom_adult,bride_adult,relationship,banns_1,banns_2,banns_3,groom_id,bride_id,user_id,register_id,officiant_id) VALUES (24,true,424,999,'C','1859-07-31','Opava',33,6,16,22,4,23,true,true,'ne','banns1','banns2','banns3',73,258,1,59,2);
--------------------------Witness--------------------------
INSERT INTO "Witness" (person_id,marriage_id,side,relationship) VALUES (44,24,'ženicha','jiné');
INSERT INTO "Witness" (person_id,marriage_id,side,relationship) VALUES (96,24,'ženicha','jiné');
INSERT INTO "Witness" (person_id,marriage_id,side,relationship) VALUES (121,24,'nevěsty','jiné');
INSERT INTO "Witness" (person_id,marriage_id,side,relationship) VALUES (176,24,'nevěsty','sourozenec');
INSERT INTO "Marriage" (_id_marriage,rec_ready,rec_order,scan_order,scan_layout,date,village,groom_y,groom_m,groom_d,bride_y,bride_m,bride_d,groom_adult,bride_adult,relationship,banns_1,banns_2,banns_3,groom_id,bride_id,user_id,register_id,officiant_id) VALUES (25,true,265,135,'P','1860-01-02','Plzeň',30,5,24,27,12,2,true,true,'ne','banns1','banns2','banns3',228,171,0,3,0);
--------------------------Witness--------------------------
INSERT INTO "Witness" (person_id,marriage_id,side,relationship) VALUES (168,25,'ženicha','sourozenec');
INSERT INTO "Witness" (person_id,marriage_id,side,relationship) VALUES (28,25,'ženicha','přítel');
INSERT INTO "Witness" (person_id,marriage_id,side,relationship) VALUES (255,25,'nevěsty','jiné');
INSERT INTO "Witness" (person_id,marriage_id,side,relationship) VALUES (70,25,'nevěsty','sourozenec');
INSERT INTO "Marriage" (_id_marriage,rec_ready,rec_order,scan_order,scan_layout,date,village,groom_y,groom_m,groom_d,bride_y,bride_m,bride_d,groom_adult,bride_adult,relationship,banns_1,banns_2,banns_3,groom_id,bride_id,user_id,register_id,officiant_id) VALUES (26,true,613,269,'C','1865-02-27','Most',32,2,0,27,11,17,true,true,'ne','banns1','banns2','banns3',212,13,0,36,1);
--------------------------Witness--------------------------
INSERT INTO "Witness" (person_id,marriage_id,side,relationship) VALUES (200,26,'ženicha','sourozenec');
INSERT INTO "Witness" (person_id,marriage_id,side,relationship) VALUES (4,26,'ženicha','sourozenec');
INSERT INTO "Witness" (person_id,marriage_id,side,relationship) VALUES (58,26,'nevěsty','sourozenec');
INSERT INTO "Witness" (person_id,marriage_id,side,relationship) VALUES (77,26,'nevěsty','přítel');
INSERT INTO "Death" (_id_death,rec_ready,rec_order,scan_order,scan_layout,death_village,death_street,death_descr,place_funeral,place_death,widowed,age_y,age_m,age_d,age_h,death_cause,inspection,notes,person_id,user_id,register_id,director_id,celebrant_id,death_date,funeral_date) VALUES (0,true,451,111,'C','Havířov','Lia',7892,'Havířov','nemocnice',false,1,0,0,3,'aa',false,'notes',105,0,5,1,0,'1837-12-16','1837-12-18');
INSERT INTO "Death" (_id_death,rec_ready,rec_order,scan_order,scan_layout,death_village,death_street,death_descr,place_funeral,place_death,widowed,age_y,age_m,age_d,age_h,death_cause,inspection,notes,person_id,user_id,register_id,director_id,celebrant_id,death_date,funeral_date) VALUES (1,true,994,775,'L','Liberec','Sylvie',6230,'Liberec','nezname',false,2,0,0,22,'aa',false,'notes',186,1,56,2,1,'1827-11-11','1827-11-13');
INSERT INTO "Death" (_id_death,rec_ready,rec_order,scan_order,scan_layout,death_village,death_street,death_descr,place_funeral,place_death,widowed,age_y,age_m,age_d,age_h,death_cause,inspection,notes,person_id,user_id,register_id,director_id,celebrant_id,death_date,funeral_date) VALUES (2,true,667,979,'C','Most','Rambousek',89759,'Most','nezname',true,28,0,7,16,'aa',false,'notes',115,1,26,0,2,'1866-12-25','1866-12-26');
INSERT INTO "Death" (_id_death,rec_ready,rec_order,scan_order,scan_layout,death_village,death_street,death_descr,place_funeral,place_death,widowed,age_y,age_m,age_d,age_h,death_cause,inspection,notes,person_id,user_id,register_id,director_id,celebrant_id,death_date,funeral_date) VALUES (3,false,276,318,'P','Ostrava','Cyril',270,'Hradec Králové','nezname',false,76,0,18,10,'aa',false,'notes',161,1,16,1,2,'1907-06-26','1907-06-28');
INSERT INTO "Death" (_id_death,rec_ready,rec_order,scan_order,scan_layout,death_village,death_street,death_descr,place_funeral,place_death,widowed,age_y,age_m,age_d,age_h,death_cause,inspection,notes,person_id,user_id,register_id,director_id,celebrant_id,death_date,funeral_date,inspection_by) VALUES (4,true,345,2,'P','Kladno','Chranislav',809,'Pardubice','nezname',false,99,0,24,23,'aa',true,'notes',45,0,6,0,0,'1925-06-17','1925-06-18','Doktor z hor');
INSERT INTO "Death" (_id_death,rec_ready,rec_order,scan_order,scan_layout,death_village,death_street,death_descr,place_funeral,place_death,widowed,age_y,age_m,age_d,age_h,death_cause,inspection,notes,person_id,user_id,register_id,director_id,celebrant_id,death_date,funeral_date) VALUES (5,false,129,157,'P','České Budějovice','Horová',55479,'České Budějovice','nezname',true,94,0,22,3,'aa',false,'notes',38,0,15,0,2,'1932-02-12','1932-02-14');
INSERT INTO "Death" (_id_death,rec_ready,rec_order,scan_order,scan_layout,death_village,death_street,death_descr,place_funeral,place_death,widowed,age_y,age_m,age_d,age_h,death_cause,inspection,notes,person_id,user_id,register_id,director_id,celebrant_id,death_date,funeral_date) VALUES (6,true,263,444,'C','Praha','Romul',72477,'Praha','nezname',false,68,0,16,5,'aa',false,'notes',25,1,19,1,1,'1904-01-05','1904-01-07');
INSERT INTO "Death" (_id_death,rec_ready,rec_order,scan_order,scan_layout,death_village,death_street,death_descr,place_funeral,place_death,widowed,age_y,age_m,age_d,age_h,death_cause,inspection,notes,person_id,user_id,register_id,director_id,celebrant_id,death_date,funeral_date,inspection_by) VALUES (7,true,805,96,'L','Brno','Hugo',3978,'Brno','nezname',true,56,0,14,10,'aa',true,'notes',155,1,31,0,2,'1894-11-26','1894-11-28','Doktor z hor');
INSERT INTO "Death" (_id_death,rec_ready,rec_order,scan_order,scan_layout,death_village,death_street,death_descr,place_funeral,place_death,widowed,age_y,age_m,age_d,age_h,death_cause,inspection,notes,person_id,user_id,register_id,director_id,celebrant_id,death_date,funeral_date) VALUES (8,true,570,992,'P','České Budějovice','Lothar',87499,'Plzeň','nezname',false,51,0,13,9,'aa',false,'notes',31,1,72,0,1,'1876-11-10','1876-11-11');
INSERT INTO "Death" (_id_death,rec_ready,rec_order,scan_order,scan_layout,death_village,death_street,death_descr,place_funeral,place_death,widowed,age_y,age_m,age_d,age_h,death_cause,inspection,notes,person_id,user_id,register_id,director_id,celebrant_id,provision_date) VALUES (9,true,266,286,'C','Praha','Hamplová',066,'Praha','nemocnice',false,33,0,8,21,'aa',false,'notes',112,1,87,0,1,'1869-10-12');
INSERT INTO "Death" (_id_death,rec_ready,rec_order,scan_order,scan_layout,death_village,death_street,death_descr,place_funeral,place_death,widowed,age_y,age_m,age_d,age_h,death_cause,inspection,notes,person_id,user_id,register_id,director_id,celebrant_id,death_date,funeral_date) VALUES (10,true,535,44,'C','České Budějovice','Aldo',6861,'Kladno','nezname',false,48,0,12,18,'aa',false,'notes',255,1,84,1,1,'1875-04-21','1875-04-23');
INSERT INTO "Death" (_id_death,rec_ready,rec_order,scan_order,scan_layout,death_village,death_street,death_descr,place_funeral,place_death,widowed,age_y,age_m,age_d,age_h,death_cause,inspection,notes,person_id,user_id,register_id,director_id,celebrant_id,death_date,funeral_date) VALUES (11,true,832,569,'P','Ústí nad Labem','Zdražilová',341,'Ústí nad Labem','nemocnice',true,55,0,14,11,'aa',false,'notes',171,0,13,0,2,'1887-01-12','1887-01-14');
INSERT INTO "Death" (_id_death,rec_ready,rec_order,scan_order,scan_layout,death_village,death_street,death_descr,place_funeral,place_death,widowed,age_y,age_m,age_d,age_h,death_cause,inspection,notes,person_id,user_id,register_id,director_id,celebrant_id,death_date,funeral_date,inspection_by) VALUES (12,true,29,367,'C','Olomouc','Bernard',620,'Olomouc','nezname',true,12,0,3,8,'aa',true,'notes',270,0,86,0,1,'1848-12-07','1848-12-08','Doktor z hor');
INSERT INTO "Death" (_id_death,rec_ready,rec_order,scan_order,scan_layout,death_village,death_street,death_descr,place_funeral,place_death,widowed,age_y,age_m,age_d,age_h,death_cause,inspection,notes,person_id,user_id,register_id,director_id,celebrant_id,death_date,funeral_date) VALUES (13,false,402,619,'L','Havířov','Miromil',2941,'Havířov','nezname',true,86,0,21,14,'aa',false,'notes',142,1,33,0,2,'1914-01-04','1914-01-05');
INSERT INTO "Death" (_id_death,rec_ready,rec_order,scan_order,scan_layout,death_village,death_street,death_descr,place_funeral,place_death,widowed,age_y,age_m,age_d,age_h,death_cause,inspection,notes,person_id,user_id,register_id,director_id,celebrant_id,provision_date) VALUES (14,true,454,698,'P','Liberec','Rozana',3046,'Liberec','nezname',false,71,0,17,13,'aa',false,'notes',51,0,70,1,1,'1900-03-31');
INSERT INTO "Death" (_id_death,rec_ready,rec_order,scan_order,scan_layout,death_village,death_street,death_descr,place_funeral,place_death,widowed,age_y,age_m,age_d,age_h,death_cause,inspection,notes,person_id,user_id,register_id,director_id,celebrant_id,death_date,funeral_date) VALUES (15,true,15,806,'C','Zlín','Zbyšek',6503,'Zlín','nezname',false,72,0,18,9,'aa',false,'notes',149,0,62,2,1,'1898-02-01','1898-02-03');
INSERT INTO "Death" (_id_death,rec_ready,rec_order,scan_order,scan_layout,death_village,death_street,death_descr,place_funeral,place_death,widowed,age_y,age_m,age_d,age_h,death_cause,inspection,notes,person_id,user_id,register_id,director_id,celebrant_id,death_date,funeral_date) VALUES (16,true,756,436,'C','Liberec','Malý',55213,'Olomouc','nezname',false,62,0,16,21,'aa',false,'notes',239,1,30,1,1,'1896-12-20','1896-12-21');
INSERT INTO "Death" (_id_death,rec_ready,rec_order,scan_order,scan_layout,death_village,death_street,death_descr,place_funeral,place_death,widowed,age_y,age_m,age_d,age_h,death_cause,inspection,notes,person_id,user_id,register_id,director_id,celebrant_id,death_date,funeral_date,inspection_by) VALUES (17,false,184,712,'P','Hradec Králové','šimůnek',8846,'Most','nezname',true,83,0,19,12,'aa',true,'notes',212,0,47,2,2,'1916-01-06','1916-01-07','Doktor z hor');
INSERT INTO "Death" (_id_death,rec_ready,rec_order,scan_order,scan_layout,death_village,death_street,death_descr,place_funeral,place_death,widowed,age_y,age_m,age_d,age_h,death_cause,inspection,notes,person_id,user_id,register_id,director_id,celebrant_id,provision_date) VALUES (18,true,442,249,'P','Opava','Rambousková',24049,'Praha','nezname',false,75,0,18,13,'aa',false,'notes',277,0,45,0,1,'1904-05-30');
INSERT INTO "Death" (_id_death,rec_ready,rec_order,scan_order,scan_layout,death_village,death_street,death_descr,place_funeral,place_death,widowed,age_y,age_m,age_d,age_h,death_cause,inspection,notes,person_id,user_id,register_id,director_id,celebrant_id,death_date,funeral_date,inspection_by) VALUES (19,true,524,29,'C','Zlín','Vlková',328,'Kladno','nezname',false,70,0,16,7,'aa',true,'notes',221,0,36,0,1,'1903-11-17','1903-11-19','Doktor z hor');
INSERT INTO "Death" (_id_death,rec_ready,rec_order,scan_order,scan_layout,death_village,death_street,death_descr,place_funeral,place_death,widowed,age_y,age_m,age_d,age_h,death_cause,inspection,notes,person_id,user_id,register_id,director_id,celebrant_id,death_date,funeral_date) VALUES (20,false,855,436,'L','Liberec','Antonín',0348,'Olomouc','nezname',true,11,0,2,19,'aa',false,'notes',205,1,1,0,0,'1840-02-02','1840-02-03');
INSERT INTO "Death" (_id_death,rec_ready,rec_order,scan_order,scan_layout,death_village,death_street,death_descr,place_funeral,place_death,widowed,age_y,age_m,age_d,age_h,death_cause,inspection,notes,person_id,user_id,register_id,director_id,celebrant_id,death_date,funeral_date) VALUES (21,true,127,122,'P','Most','Ilza',665,'Havířov','nemocnice',true,59,0,15,14,'aa',false,'notes',61,0,44,1,1,'1886-10-17','1886-10-19');
INSERT INTO "Death" (_id_death,rec_ready,rec_order,scan_order,scan_layout,death_village,death_street,death_descr,place_funeral,place_death,widowed,age_y,age_m,age_d,age_h,death_cause,inspection,notes,person_id,user_id,register_id,director_id,celebrant_id,death_date,funeral_date) VALUES (22,true,701,928,'P','Ostrava','Rosa',545,'Liberec','nezname',true,24,0,6,15,'aa',false,'notes',215,1,12,2,1,'1852-12-09','1852-12-11');
INSERT INTO "Death" (_id_death,rec_ready,rec_order,scan_order,scan_layout,death_village,death_street,death_descr,place_funeral,place_death,widowed,age_y,age_m,age_d,age_h,death_cause,inspection,notes,person_id,user_id,register_id,director_id,celebrant_id,death_date,funeral_date,inspection_by) VALUES (23,true,912,113,'C','Ostrava','Rybář',090,'České Budějovice','nezname',false,20,0,5,3,'aa',true,'notes',267,0,18,2,1,'1849-06-18','1849-06-19','Doktor z hor');
INSERT INTO "Death" (_id_death,rec_ready,rec_order,scan_order,scan_layout,death_village,death_street,death_descr,place_funeral,place_death,widowed,age_y,age_m,age_d,age_h,death_cause,inspection,notes,person_id,user_id,register_id,director_id,celebrant_id,death_date,funeral_date) VALUES (24,true,22,869,'L','Praha','Zíková',9338,'Praha','nezname',true,80,0,19,7,'aa',false,'notes',73,0,39,0,0,'1906-01-24','1906-01-25');
INSERT INTO "Death" (_id_death,rec_ready,rec_order,scan_order,scan_layout,death_village,death_street,death_descr,place_funeral,place_death,widowed,age_y,age_m,age_d,age_h,death_cause,inspection,notes,person_id,user_id,register_id,director_id,celebrant_id,death_date,funeral_date) VALUES (25,true,600,314,'P','Ostrava','Florentýna',083,'Brno','nezname',false,87,0,21,22,'aa',false,'notes',218,1,8,2,0,'1919-01-22','1919-01-23');
INSERT INTO "Death" (_id_death,rec_ready,rec_order,scan_order,scan_layout,death_village,death_street,death_descr,place_funeral,place_death,widowed,age_y,age_m,age_d,age_h,death_cause,inspection,notes,person_id,user_id,register_id,director_id,celebrant_id,death_date,funeral_date) VALUES (26,true,125,110,'C','Pardubice','Kolman',16175,'Ústí nad Labem','nezname',true,82,0,20,15,'aa',false,'notes',122,0,20,2,1,'1909-03-08','1909-03-10');
INSERT INTO "Death" (_id_death,rec_ready,rec_order,scan_order,scan_layout,death_village,death_street,death_descr,place_funeral,place_death,widowed,age_y,age_m,age_d,age_h,death_cause,inspection,notes,person_id,user_id,register_id,director_id,celebrant_id,death_date,funeral_date) VALUES (27,true,522,832,'C','Olomouc','Paskal',1329,'Olomouc','nezname',false,52,0,13,2,'aa',false,'notes',18,0,88,1,2,'1879-06-01','1879-06-03');
INSERT INTO "Death" (_id_death,rec_ready,rec_order,scan_order,scan_layout,death_village,death_street,death_descr,place_funeral,place_death,widowed,age_y,age_m,age_d,age_h,death_cause,inspection,notes,person_id,user_id,register_id,director_id,celebrant_id,death_date,funeral_date) VALUES (28,true,13,459,'C','Liberec','Nedbalová',15891,'Liberec','nemocnice',false,82,0,19,21,'aa',false,'notes',224,0,80,0,1,'1915-09-21','1915-09-23');
INSERT INTO "Death" (_id_death,rec_ready,rec_order,scan_order,scan_layout,death_village,death_street,death_descr,place_funeral,place_death,widowed,age_y,age_m,age_d,age_h,death_cause,inspection,notes,person_id,user_id,register_id,director_id,celebrant_id,provision_date) VALUES (29,true,439,948,'P','Zlín','Bajrová',05931,'Zlín','nezname',false,98,0,24,0,'aa',false,'notes',146,0,49,1,2,'1929-07-18');
INSERT INTO "Death" (_id_death,rec_ready,rec_order,scan_order,scan_layout,death_village,death_street,death_descr,place_funeral,place_death,widowed,age_y,age_m,age_d,age_h,death_cause,inspection,notes,person_id,user_id,register_id,director_id,celebrant_id,death_date,funeral_date) VALUES (30,true,205,662,'P','Ústí nad Labem','Miloň',3021,'Ústí nad Labem','nezname',false,69,0,16,3,'aa',false,'notes',5,0,79,2,1,'1907-10-01','1907-10-03');
