--------------------------User--------------------------
INSERT INTO "User" (_id_user,name) VALUES (0,'Saturnin Zajíc');
INSERT INTO "User" (_id_user,name) VALUES (1,'Upton Bartoň');
--------------------------Register--------------------------
INSERT INTO "Register" (_id_register,archive,fond,signature) VALUES (0,'AR0','FOND0',0);
INSERT INTO "Register" (_id_register,archive,fond,signature) VALUES (1,'AR0','FOND0',1);
INSERT INTO "Register" (_id_register,archive,fond,signature) VALUES (2,'AR0','FOND0',2);
INSERT INTO "Register" (_id_register,archive,fond,signature) VALUES (3,'AR0','FOND0',3);
INSERT INTO "Register" (_id_register,archive,fond,signature) VALUES (4,'AR0','FOND0',4);
INSERT INTO "Register" (_id_register,archive,fond,signature) VALUES (5,'AR0','FOND0',5);
INSERT INTO "Register" (_id_register,archive,fond,signature) VALUES (6,'AR0','FOND0',6);
INSERT INTO "Register" (_id_register,archive,fond,signature) VALUES (7,'AR0','FOND0',7);
INSERT INTO "Register" (_id_register,archive,fond,signature) VALUES (8,'AR0','FOND0',8);
INSERT INTO "Register" (_id_register,archive,fond,signature) VALUES (9,'AR0','FOND0',9);
INSERT INTO "Register" (_id_register,archive,fond,signature) VALUES (10,'AR0','FOND1',0);
INSERT INTO "Register" (_id_register,archive,fond,signature) VALUES (11,'AR0','FOND1',1);
INSERT INTO "Register" (_id_register,archive,fond,signature) VALUES (12,'AR0','FOND1',2);
INSERT INTO "Register" (_id_register,archive,fond,signature) VALUES (13,'AR0','FOND1',3);
INSERT INTO "Register" (_id_register,archive,fond,signature) VALUES (14,'AR0','FOND1',4);
INSERT INTO "Register" (_id_register,archive,fond,signature) VALUES (15,'AR0','FOND1',5);
INSERT INTO "Register" (_id_register,archive,fond,signature) VALUES (16,'AR0','FOND1',6);
INSERT INTO "Register" (_id_register,archive,fond,signature) VALUES (17,'AR0','FOND1',7);
INSERT INTO "Register" (_id_register,archive,fond,signature) VALUES (18,'AR0','FOND1',8);
INSERT INTO "Register" (_id_register,archive,fond,signature) VALUES (19,'AR0','FOND1',9);
INSERT INTO "Register" (_id_register,archive,fond,signature) VALUES (20,'AR0','FOND2',0);
INSERT INTO "Register" (_id_register,archive,fond,signature) VALUES (21,'AR0','FOND2',1);
INSERT INTO "Register" (_id_register,archive,fond,signature) VALUES (22,'AR0','FOND2',2);
INSERT INTO "Register" (_id_register,archive,fond,signature) VALUES (23,'AR0','FOND2',3);
INSERT INTO "Register" (_id_register,archive,fond,signature) VALUES (24,'AR0','FOND2',4);
INSERT INTO "Register" (_id_register,archive,fond,signature) VALUES (25,'AR0','FOND2',5);
INSERT INTO "Register" (_id_register,archive,fond,signature) VALUES (26,'AR0','FOND2',6);
INSERT INTO "Register" (_id_register,archive,fond,signature) VALUES (27,'AR0','FOND2',7);
INSERT INTO "Register" (_id_register,archive,fond,signature) VALUES (28,'AR0','FOND2',8);
INSERT INTO "Register" (_id_register,archive,fond,signature) VALUES (29,'AR0','FOND2',9);
INSERT INTO "Register" (_id_register,archive,fond,signature) VALUES (30,'AR1','FOND0',0);
INSERT INTO "Register" (_id_register,archive,fond,signature) VALUES (31,'AR1','FOND0',1);
INSERT INTO "Register" (_id_register,archive,fond,signature) VALUES (32,'AR1','FOND0',2);
INSERT INTO "Register" (_id_register,archive,fond,signature) VALUES (33,'AR1','FOND0',3);
INSERT INTO "Register" (_id_register,archive,fond,signature) VALUES (34,'AR1','FOND0',4);
INSERT INTO "Register" (_id_register,archive,fond,signature) VALUES (35,'AR1','FOND0',5);
INSERT INTO "Register" (_id_register,archive,fond,signature) VALUES (36,'AR1','FOND0',6);
INSERT INTO "Register" (_id_register,archive,fond,signature) VALUES (37,'AR1','FOND0',7);
INSERT INTO "Register" (_id_register,archive,fond,signature) VALUES (38,'AR1','FOND0',8);
INSERT INTO "Register" (_id_register,archive,fond,signature) VALUES (39,'AR1','FOND0',9);
INSERT INTO "Register" (_id_register,archive,fond,signature) VALUES (40,'AR1','FOND1',0);
INSERT INTO "Register" (_id_register,archive,fond,signature) VALUES (41,'AR1','FOND1',1);
INSERT INTO "Register" (_id_register,archive,fond,signature) VALUES (42,'AR1','FOND1',2);
INSERT INTO "Register" (_id_register,archive,fond,signature) VALUES (43,'AR1','FOND1',3);
INSERT INTO "Register" (_id_register,archive,fond,signature) VALUES (44,'AR1','FOND1',4);
INSERT INTO "Register" (_id_register,archive,fond,signature) VALUES (45,'AR1','FOND1',5);
INSERT INTO "Register" (_id_register,archive,fond,signature) VALUES (46,'AR1','FOND1',6);
INSERT INTO "Register" (_id_register,archive,fond,signature) VALUES (47,'AR1','FOND1',7);
INSERT INTO "Register" (_id_register,archive,fond,signature) VALUES (48,'AR1','FOND1',8);
INSERT INTO "Register" (_id_register,archive,fond,signature) VALUES (49,'AR1','FOND1',9);
INSERT INTO "Register" (_id_register,archive,fond,signature) VALUES (50,'AR1','FOND2',0);
INSERT INTO "Register" (_id_register,archive,fond,signature) VALUES (51,'AR1','FOND2',1);
INSERT INTO "Register" (_id_register,archive,fond,signature) VALUES (52,'AR1','FOND2',2);
INSERT INTO "Register" (_id_register,archive,fond,signature) VALUES (53,'AR1','FOND2',3);
INSERT INTO "Register" (_id_register,archive,fond,signature) VALUES (54,'AR1','FOND2',4);
INSERT INTO "Register" (_id_register,archive,fond,signature) VALUES (55,'AR1','FOND2',5);
INSERT INTO "Register" (_id_register,archive,fond,signature) VALUES (56,'AR1','FOND2',6);
INSERT INTO "Register" (_id_register,archive,fond,signature) VALUES (57,'AR1','FOND2',7);
INSERT INTO "Register" (_id_register,archive,fond,signature) VALUES (58,'AR1','FOND2',8);
INSERT INTO "Register" (_id_register,archive,fond,signature) VALUES (59,'AR1','FOND2',9);
--------------------------Name--------------------------
INSERT INTO "Name" (_id_name,name) VALUES (0,'Adam');
INSERT INTO "Name" (_id_name,name) VALUES (1,'Adolf');
INSERT INTO "Name" (_id_name,name) VALUES (2,'Alan');
INSERT INTO "Name" (_id_name,name) VALUES (3,'Albert');
INSERT INTO "Name" (_id_name,name) VALUES (4,'Aleš');
INSERT INTO "Name" (_id_name,name) VALUES (5,'Alexandr');
INSERT INTO "Name" (_id_name,name) VALUES (6,'Alexej');
INSERT INTO "Name" (_id_name,name) VALUES (7,'Alois');
INSERT INTO "Name" (_id_name,name) VALUES (8,'Ambrož');
INSERT INTO "Name" (_id_name,name) VALUES (9,'Benjamín');
INSERT INTO "Name" (_id_name,name) VALUES (10,'Andrej');
INSERT INTO "Name" (_id_name,name) VALUES (11,'Antonín');
INSERT INTO "Name" (_id_name,name) VALUES (12,'Arnošt');
INSERT INTO "Name" (_id_name,name) VALUES (13,'Artur');
INSERT INTO "Name" (_id_name,name) VALUES (14,'Augustýn');
INSERT INTO "Name" (_id_name,name) VALUES (15,'Bartoloměj');
INSERT INTO "Name" (_id_name,name) VALUES (16,'Bedřich');
INSERT INTO "Name" (_id_name,name) VALUES (17,'Benedikt');
INSERT INTO "Name" (_id_name,name) VALUES (18,'Bernard');
INSERT INTO "Name" (_id_name,name) VALUES (19,'Blahoslav');
INSERT INTO "Name" (_id_name,name) VALUES (20,'Blažej');
INSERT INTO "Name" (_id_name,name) VALUES (21,'Bohdan');
INSERT INTO "Name" (_id_name,name) VALUES (22,'Bohumil');
INSERT INTO "Name" (_id_name,name) VALUES (23,'Bohumír');
INSERT INTO "Name" (_id_name,name) VALUES (24,'Bohuslav');
INSERT INTO "Name" (_id_name,name) VALUES (25,'Boleslav');
INSERT INTO "Name" (_id_name,name) VALUES (26,'Bonifác');
INSERT INTO "Name" (_id_name,name) VALUES (27,'Boris');
INSERT INTO "Name" (_id_name,name) VALUES (28,'Bořek');
INSERT INTO "Name" (_id_name,name) VALUES (29,'Bořivoj');
INSERT INTO "Name" (_id_name,name) VALUES (30,'Bronislav');
INSERT INTO "Name" (_id_name,name) VALUES (31,'Bruno');
INSERT INTO "Name" (_id_name,name) VALUES (32,'Břetislav');
INSERT INTO "Name" (_id_name,name) VALUES (33,'Ctibor');
INSERT INTO "Name" (_id_name,name) VALUES (34,'Ctirad');
INSERT INTO "Name" (_id_name,name) VALUES (35,'Cyril');
INSERT INTO "Name" (_id_name,name) VALUES (36,'Metoděj');
INSERT INTO "Name" (_id_name,name) VALUES (37,'Čeněk');
INSERT INTO "Name" (_id_name,name) VALUES (38,'Čestmír');
INSERT INTO "Name" (_id_name,name) VALUES (39,'Dalibor');
INSERT INTO "Name" (_id_name,name) VALUES (40,'Dalimil');
INSERT INTO "Name" (_id_name,name) VALUES (41,'Daniel');
INSERT INTO "Name" (_id_name,name) VALUES (42,'David');
INSERT INTO "Name" (_id_name,name) VALUES (43,'Dobroslav');
INSERT INTO "Name" (_id_name,name) VALUES (44,'Dominik');
INSERT INTO "Name" (_id_name,name) VALUES (45,'Drahoslav');
INSERT INTO "Name" (_id_name,name) VALUES (46,'Dušan');
INSERT INTO "Name" (_id_name,name) VALUES (47,'Eduard');
INSERT INTO "Name" (_id_name,name) VALUES (48,'Herbert');
INSERT INTO "Name" (_id_name,name) VALUES (49,'Emanuel');
INSERT INTO "Name" (_id_name,name) VALUES (50,'Emil');
INSERT INTO "Name" (_id_name,name) VALUES (51,'Erik');
INSERT INTO "Name" (_id_name,name) VALUES (52,'Evžen');
INSERT INTO "Name" (_id_name,name) VALUES (53,'Felix');
INSERT INTO "Name" (_id_name,name) VALUES (54,'Ferdinand');
INSERT INTO "Name" (_id_name,name) VALUES (55,'Filip');
INSERT INTO "Name" (_id_name,name) VALUES (56,'František');
INSERT INTO "Name" (_id_name,name) VALUES (57,'Gabriel');
INSERT INTO "Name" (_id_name,name) VALUES (58,'Gustav');
INSERT INTO "Name" (_id_name,name) VALUES (59,'Hanuš');
INSERT INTO "Name" (_id_name,name) VALUES (60,'Havel');
INSERT INTO "Name" (_id_name,name) VALUES (61,'Heřman');
INSERT INTO "Name" (_id_name,name) VALUES (62,'Hubert');
INSERT INTO "Name" (_id_name,name) VALUES (63,'Hugo');
INSERT INTO "Name" (_id_name,name) VALUES (64,'Hynek');
INSERT INTO "Name" (_id_name,name) VALUES (65,'Ignác');
INSERT INTO "Name" (_id_name,name) VALUES (66,'Igor');
INSERT INTO "Name" (_id_name,name) VALUES (67,'Ivan');
INSERT INTO "Name" (_id_name,name) VALUES (68,'Slavoj');
INSERT INTO "Name" (_id_name,name) VALUES (69,'Ivo');
INSERT INTO "Name" (_id_name,name) VALUES (70,'Jáchym');
INSERT INTO "Name" (_id_name,name) VALUES (71,'Jakub');
INSERT INTO "Name" (_id_name,name) VALUES (72,'Jan');
INSERT INTO "Name" (_id_name,name) VALUES (73,'Jarmil');
INSERT INTO "Name" (_id_name,name) VALUES (74,'Jaromír');
INSERT INTO "Name" (_id_name,name) VALUES (75,'Jaroslav');
INSERT INTO "Name" (_id_name,name) VALUES (76,'Jeroným');
INSERT INTO "Name" (_id_name,name) VALUES (77,'Jindřich');
INSERT INTO "Name" (_id_name,name) VALUES (78,'Jiří');
INSERT INTO "Name" (_id_name,name) VALUES (79,'Jonáš');
INSERT INTO "Name" (_id_name,name) VALUES (80,'Josef');
INSERT INTO "Name" (_id_name,name) VALUES (81,'Julius');
INSERT INTO "Name" (_id_name,name) VALUES (82,'Kamil');
INSERT INTO "Name" (_id_name,name) VALUES (83,'Karel');
INSERT INTO "Name" (_id_name,name) VALUES (84,'Kazimir');
INSERT INTO "Name" (_id_name,name) VALUES (85,'Klement');
INSERT INTO "Name" (_id_name,name) VALUES (86,'Kristian');
INSERT INTO "Name" (_id_name,name) VALUES (87,'Kryštof');
INSERT INTO "Name" (_id_name,name) VALUES (88,'Květoslav');
INSERT INTO "Name" (_id_name,name) VALUES (89,'Kvido');
INSERT INTO "Name" (_id_name,name) VALUES (90,'Ladislav');
INSERT INTO "Name" (_id_name,name) VALUES (91,'Leopold');
INSERT INTO "Name" (_id_name,name) VALUES (92,'Leoš');
INSERT INTO "Name" (_id_name,name) VALUES (93,'Libor');
INSERT INTO "Name" (_id_name,name) VALUES (94,'Samuel');
INSERT INTO "Name" (_id_name,name) VALUES (95,'Lubomír');
INSERT INTO "Name" (_id_name,name) VALUES (96,'Lubor');
INSERT INTO "Name" (_id_name,name) VALUES (97,'Luboš');
INSERT INTO "Name" (_id_name,name) VALUES (98,'Luděk');
INSERT INTO "Name" (_id_name,name) VALUES (99,'Ludvík');
INSERT INTO "Name" (_id_name,name) VALUES (100,'Lukáš');
INSERT INTO "Name" (_id_name,name) VALUES (101,'Lumír');
INSERT INTO "Name" (_id_name,name) VALUES (102,'Marcel');
INSERT INTO "Name" (_id_name,name) VALUES (103,'Marek');
INSERT INTO "Name" (_id_name,name) VALUES (104,'Marian');
INSERT INTO "Name" (_id_name,name) VALUES (105,'Martin');
INSERT INTO "Name" (_id_name,name) VALUES (106,'Matěj');
INSERT INTO "Name" (_id_name,name) VALUES (107,'Matouš');
INSERT INTO "Name" (_id_name,name) VALUES (108,'Maxmilián');
INSERT INTO "Name" (_id_name,name) VALUES (109,'Medard');
INSERT INTO "Name" (_id_name,name) VALUES (110,'Michal');
INSERT INTO "Name" (_id_name,name) VALUES (111,'Mikuláš');
INSERT INTO "Name" (_id_name,name) VALUES (112,'Milan');
INSERT INTO "Name" (_id_name,name) VALUES (113,'Miloslav');
INSERT INTO "Name" (_id_name,name) VALUES (114,'Miloš');
INSERT INTO "Name" (_id_name,name) VALUES (115,'Miroslav');
INSERT INTO "Name" (_id_name,name) VALUES (116,'Mojmír');
INSERT INTO "Name" (_id_name,name) VALUES (117,'Norbert');
INSERT INTO "Name" (_id_name,name) VALUES (118,'Oldřich');
INSERT INTO "Name" (_id_name,name) VALUES (119,'Oleg');
INSERT INTO "Name" (_id_name,name) VALUES (120,'Oliver');
INSERT INTO "Name" (_id_name,name) VALUES (121,'Ondřej');
INSERT INTO "Name" (_id_name,name) VALUES (122,'Oskar');
INSERT INTO "Name" (_id_name,name) VALUES (123,'Otakar');
INSERT INTO "Name" (_id_name,name) VALUES (124,'Otmar');
INSERT INTO "Name" (_id_name,name) VALUES (125,'Oto');
INSERT INTO "Name" (_id_name,name) VALUES (126,'Pankrác');
INSERT INTO "Name" (_id_name,name) VALUES (127,'Patrik');
INSERT INTO "Name" (_id_name,name) VALUES (128,'Petr');
INSERT INTO "Name" (_id_name,name) VALUES (129,'Petr');
INSERT INTO "Name" (_id_name,name) VALUES (130,'Pavel');
INSERT INTO "Name" (_id_name,name) VALUES (131,'Pravoslav');
INSERT INTO "Name" (_id_name,name) VALUES (132,'Prokop');
INSERT INTO "Name" (_id_name,name) VALUES (133,'Přemysl');
INSERT INTO "Name" (_id_name,name) VALUES (134,'Radan');
INSERT INTO "Name" (_id_name,name) VALUES (135,'Radek');
INSERT INTO "Name" (_id_name,name) VALUES (136,'Radim');
INSERT INTO "Name" (_id_name,name) VALUES (137,'Radomír');
INSERT INTO "Name" (_id_name,name) VALUES (138,'Radoslav');
INSERT INTO "Name" (_id_name,name) VALUES (139,'Radovan');
INSERT INTO "Name" (_id_name,name) VALUES (140,'René');
INSERT INTO "Name" (_id_name,name) VALUES (141,'Richard');
INSERT INTO "Name" (_id_name,name) VALUES (142,'Robert');
INSERT INTO "Name" (_id_name,name) VALUES (143,'Robin');
INSERT INTO "Name" (_id_name,name) VALUES (144,'Roland');
INSERT INTO "Name" (_id_name,name) VALUES (145,'Roman');
INSERT INTO "Name" (_id_name,name) VALUES (146,'Rostislav');
INSERT INTO "Name" (_id_name,name) VALUES (147,'Rudolf');
INSERT INTO "Name" (_id_name,name) VALUES (148,'Řehoř');
INSERT INTO "Name" (_id_name,name) VALUES (149,'Servác');
INSERT INTO "Name" (_id_name,name) VALUES (150,'Silvestr');
INSERT INTO "Name" (_id_name,name) VALUES (151,'Slavomír');
INSERT INTO "Name" (_id_name,name) VALUES (152,'Soběslav');
INSERT INTO "Name" (_id_name,name) VALUES (153,'Stanislav');
INSERT INTO "Name" (_id_name,name) VALUES (154,'Svatopluk');
INSERT INTO "Name" (_id_name,name) VALUES (155,'Svatoslav');
INSERT INTO "Name" (_id_name,name) VALUES (156,'Šimon');
INSERT INTO "Name" (_id_name,name) VALUES (157,'Štefan');
INSERT INTO "Name" (_id_name,name) VALUES (158,'Štěpán');
INSERT INTO "Name" (_id_name,name) VALUES (159,'Tadeáš');
INSERT INTO "Name" (_id_name,name) VALUES (160,'Teodor');
INSERT INTO "Name" (_id_name,name) VALUES (161,'Tibor');
INSERT INTO "Name" (_id_name,name) VALUES (162,'Tomáš');
INSERT INTO "Name" (_id_name,name) VALUES (163,'Václav');
INSERT INTO "Name" (_id_name,name) VALUES (164,'Valdemar');
INSERT INTO "Name" (_id_name,name) VALUES (165,'Valentýn');
INSERT INTO "Name" (_id_name,name) VALUES (166,'Vavřinec');
INSERT INTO "Name" (_id_name,name) VALUES (167,'Věnceslav');
INSERT INTO "Name" (_id_name,name) VALUES (168,'Vendelín');
INSERT INTO "Name" (_id_name,name) VALUES (169,'Věroslav');
INSERT INTO "Name" (_id_name,name) VALUES (170,'Viktor');
INSERT INTO "Name" (_id_name,name) VALUES (171,'Vilém');
INSERT INTO "Name" (_id_name,name) VALUES (172,'Vincenc');
INSERT INTO "Name" (_id_name,name) VALUES (173,'Vít');
INSERT INTO "Name" (_id_name,name) VALUES (174,'Vítězslav');
INSERT INTO "Name" (_id_name,name) VALUES (175,'Vladan');
INSERT INTO "Name" (_id_name,name) VALUES (176,'Vladimír');
INSERT INTO "Name" (_id_name,name) VALUES (177,'Vladislav');
INSERT INTO "Name" (_id_name,name) VALUES (178,'Vlastimil');
INSERT INTO "Name" (_id_name,name) VALUES (179,'Vlastislav');
INSERT INTO "Name" (_id_name,name) VALUES (180,'Vojtěch');
INSERT INTO "Name" (_id_name,name) VALUES (181,'Vratislav');
INSERT INTO "Name" (_id_name,name) VALUES (182,'Zbyněk');
INSERT INTO "Name" (_id_name,name) VALUES (183,'Zbyšek');
INSERT INTO "Name" (_id_name,name) VALUES (184,'Zdeněk');
INSERT INTO "Name" (_id_name,name) VALUES (185,'Zikmund');
INSERT INTO "Name" (_id_name,name) VALUES (186,'Eva');
INSERT INTO "Name" (_id_name,name) VALUES (187,'Adéla');
INSERT INTO "Name" (_id_name,name) VALUES (188,'Adriana');
INSERT INTO "Name" (_id_name,name) VALUES (189,'Agáta');
INSERT INTO "Name" (_id_name,name) VALUES (190,'Albína');
INSERT INTO "Name" (_id_name,name) VALUES (191,'Alena');
INSERT INTO "Name" (_id_name,name) VALUES (192,'Alexandra');
INSERT INTO "Name" (_id_name,name) VALUES (193,'Alžběta');
INSERT INTO "Name" (_id_name,name) VALUES (194,'Anděla');
INSERT INTO "Name" (_id_name,name) VALUES (195,'Andrea');
INSERT INTO "Name" (_id_name,name) VALUES (196,'Aneta');
INSERT INTO "Name" (_id_name,name) VALUES (197,'Anežka');
INSERT INTO "Name" (_id_name,name) VALUES (198,'Anna');
INSERT INTO "Name" (_id_name,name) VALUES (199,'Apolena');
INSERT INTO "Name" (_id_name,name) VALUES (200,'Barbora');
INSERT INTO "Name" (_id_name,name) VALUES (201,'Beáta');
INSERT INTO "Name" (_id_name,name) VALUES (202,'Běla');
INSERT INTO "Name" (_id_name,name) VALUES (203,'Berta');
INSERT INTO "Name" (_id_name,name) VALUES (204,'Blanka');
INSERT INTO "Name" (_id_name,name) VALUES (205,'Blažena');
INSERT INTO "Name" (_id_name,name) VALUES (206,'Bohdana');
INSERT INTO "Name" (_id_name,name) VALUES (207,'Bohumila');
INSERT INTO "Name" (_id_name,name) VALUES (208,'Bohuslava');
INSERT INTO "Name" (_id_name,name) VALUES (209,'Božena');
INSERT INTO "Name" (_id_name,name) VALUES (210,'Brigita');
INSERT INTO "Name" (_id_name,name) VALUES (211,'Dana');
INSERT INTO "Name" (_id_name,name) VALUES (212,'Daniela');
INSERT INTO "Name" (_id_name,name) VALUES (213,'Darina');
INSERT INTO "Name" (_id_name,name) VALUES (214,'Darja');
INSERT INTO "Name" (_id_name,name) VALUES (215,'Denisa');
INSERT INTO "Name" (_id_name,name) VALUES (216,'Diana');
INSERT INTO "Name" (_id_name,name) VALUES (217,'Dita');
INSERT INTO "Name" (_id_name,name) VALUES (218,'Dobromila');
INSERT INTO "Name" (_id_name,name) VALUES (219,'Dorota');
INSERT INTO "Name" (_id_name,name) VALUES (220,'Doubravka');
INSERT INTO "Name" (_id_name,name) VALUES (221,'Drahomíra');
INSERT INTO "Name" (_id_name,name) VALUES (222,'Drahoslava');
INSERT INTO "Name" (_id_name,name) VALUES (223,'Edita');
INSERT INTO "Name" (_id_name,name) VALUES (224,'Elena');
INSERT INTO "Name" (_id_name,name) VALUES (225,'Eliška');
INSERT INTO "Name" (_id_name,name) VALUES (226,'Ema');
INSERT INTO "Name" (_id_name,name) VALUES (227,'Erika');
INSERT INTO "Name" (_id_name,name) VALUES (228,'Evelína');
INSERT INTO "Name" (_id_name,name) VALUES (229,'Františka');
INSERT INTO "Name" (_id_name,name) VALUES (230,'Gabriela');
INSERT INTO "Name" (_id_name,name) VALUES (231,'Gita');
INSERT INTO "Name" (_id_name,name) VALUES (232,'Gizela');
INSERT INTO "Name" (_id_name,name) VALUES (233,'Hana');
INSERT INTO "Name" (_id_name,name) VALUES (234,'Hedvika');
INSERT INTO "Name" (_id_name,name) VALUES (235,'Helena');
INSERT INTO "Name" (_id_name,name) VALUES (236,'Hermína');
INSERT INTO "Name" (_id_name,name) VALUES (237,'Ida');
INSERT INTO "Name" (_id_name,name) VALUES (238,'Ilja');
INSERT INTO "Name" (_id_name,name) VALUES (239,'Ilona');
INSERT INTO "Name" (_id_name,name) VALUES (240,'Irena');
INSERT INTO "Name" (_id_name,name) VALUES (241,'Irma');
INSERT INTO "Name" (_id_name,name) VALUES (242,'Iva');
INSERT INTO "Name" (_id_name,name) VALUES (243,'Ivana');
INSERT INTO "Name" (_id_name,name) VALUES (244,'Iveta');
INSERT INTO "Name" (_id_name,name) VALUES (245,'Ivona');
INSERT INTO "Name" (_id_name,name) VALUES (246,'Izabela');
INSERT INTO "Name" (_id_name,name) VALUES (247,'Jana');
INSERT INTO "Name" (_id_name,name) VALUES (248,'Jarmila');
INSERT INTO "Name" (_id_name,name) VALUES (249,'Jaroslava');
INSERT INTO "Name" (_id_name,name) VALUES (250,'Jindřiška');
INSERT INTO "Name" (_id_name,name) VALUES (251,'Jiřina');
INSERT INTO "Name" (_id_name,name) VALUES (252,'Jitka');
INSERT INTO "Name" (_id_name,name) VALUES (253,'Johana');
INSERT INTO "Name" (_id_name,name) VALUES (254,'Jolana');
INSERT INTO "Name" (_id_name,name) VALUES (255,'Judita');
INSERT INTO "Name" (_id_name,name) VALUES (256,'Justýna');
INSERT INTO "Name" (_id_name,name) VALUES (257,'Kamila');
INSERT INTO "Name" (_id_name,name) VALUES (258,'Karina');
INSERT INTO "Name" (_id_name,name) VALUES (259,'Karolína');
INSERT INTO "Name" (_id_name,name) VALUES (260,'Kateřina');
INSERT INTO "Name" (_id_name,name) VALUES (261,'Klára');
INSERT INTO "Name" (_id_name,name) VALUES (262,'Kristýna');
INSERT INTO "Name" (_id_name,name) VALUES (263,'Květa');
INSERT INTO "Name" (_id_name,name) VALUES (264,'Květoslava');
INSERT INTO "Name" (_id_name,name) VALUES (265,'Lada');
INSERT INTO "Name" (_id_name,name) VALUES (266,'Laura');
INSERT INTO "Name" (_id_name,name) VALUES (267,'Lenka');
INSERT INTO "Name" (_id_name,name) VALUES (268,'Leona');
INSERT INTO "Name" (_id_name,name) VALUES (269,'Liběna');
INSERT INTO "Name" (_id_name,name) VALUES (270,'Liliana');
INSERT INTO "Name" (_id_name,name) VALUES (271,'Linda');
INSERT INTO "Name" (_id_name,name) VALUES (272,'Ljuba');
INSERT INTO "Name" (_id_name,name) VALUES (273,'Ludmila');
INSERT INTO "Name" (_id_name,name) VALUES (274,'Magdaléna');
INSERT INTO "Name" (_id_name,name) VALUES (275,'Mahulena');
INSERT INTO "Name" (_id_name,name) VALUES (276,'Marcela');
INSERT INTO "Name" (_id_name,name) VALUES (277,'Mariana');
INSERT INTO "Name" (_id_name,name) VALUES (278,'Marika');
INSERT INTO "Name" (_id_name,name) VALUES (279,'Marina');
INSERT INTO "Name" (_id_name,name) VALUES (280,'Markéta');
INSERT INTO "Name" (_id_name,name) VALUES (281,'Marta');
INSERT INTO "Name" (_id_name,name) VALUES (282,'Martina');
INSERT INTO "Name" (_id_name,name) VALUES (283,'Michaela');
INSERT INTO "Name" (_id_name,name) VALUES (284,'Milada');
INSERT INTO "Name" (_id_name,name) VALUES (285,'Milena');
INSERT INTO "Name" (_id_name,name) VALUES (286,'Miloslava');
INSERT INTO "Name" (_id_name,name) VALUES (287,'Miroslava');
INSERT INTO "Name" (_id_name,name) VALUES (288,'Monika');
INSERT INTO "Name" (_id_name,name) VALUES (289,'Naděžda');
INSERT INTO "Name" (_id_name,name) VALUES (290,'Nataša');
INSERT INTO "Name" (_id_name,name) VALUES (291,'Nela');
INSERT INTO "Name" (_id_name,name) VALUES (292,'Nikola');
INSERT INTO "Name" (_id_name,name) VALUES (293,'Nina');
INSERT INTO "Name" (_id_name,name) VALUES (294,'Nora');
INSERT INTO "Name" (_id_name,name) VALUES (295,'Oldřiška');
INSERT INTO "Name" (_id_name,name) VALUES (296,'Olga');
INSERT INTO "Name" (_id_name,name) VALUES (297,'Pavla');
INSERT INTO "Name" (_id_name,name) VALUES (298,'Pavlína');
INSERT INTO "Name" (_id_name,name) VALUES (299,'Petra');
INSERT INTO "Name" (_id_name,name) VALUES (300,'Radana');
INSERT INTO "Name" (_id_name,name) VALUES (301,'Radka');
INSERT INTO "Name" (_id_name,name) VALUES (302,'Radmila');
INSERT INTO "Name" (_id_name,name) VALUES (303,'Regína');
INSERT INTO "Name" (_id_name,name) VALUES (304,'Renáta');
INSERT INTO "Name" (_id_name,name) VALUES (305,'Romana');
INSERT INTO "Name" (_id_name,name) VALUES (306,'Matylda');
INSERT INTO "Name" (_id_name,name) VALUES (307,'Růžena');
INSERT INTO "Name" (_id_name,name) VALUES (308,'Sabina');
INSERT INTO "Name" (_id_name,name) VALUES (309,'Sandra');
INSERT INTO "Name" (_id_name,name) VALUES (310,'Sáva');
INSERT INTO "Name" (_id_name,name) VALUES (311,'Simona');
INSERT INTO "Name" (_id_name,name) VALUES (312,'Slavěna');
INSERT INTO "Name" (_id_name,name) VALUES (313,'Soňa');
INSERT INTO "Name" (_id_name,name) VALUES (314,'Stanislava');
INSERT INTO "Name" (_id_name,name) VALUES (315,'Stela');
INSERT INTO "Name" (_id_name,name) VALUES (316,'Svatava');
INSERT INTO "Name" (_id_name,name) VALUES (317,'Světlana');
INSERT INTO "Name" (_id_name,name) VALUES (318,'Šárka');
INSERT INTO "Name" (_id_name,name) VALUES (319,'Šarlota');
INSERT INTO "Name" (_id_name,name) VALUES (320,'Sára');
INSERT INTO "Name" (_id_name,name) VALUES (321,'Štěpánka');
INSERT INTO "Name" (_id_name,name) VALUES (322,'Tamara');
INSERT INTO "Name" (_id_name,name) VALUES (323,'Taťána');
INSERT INTO "Name" (_id_name,name) VALUES (324,'Tereza');
INSERT INTO "Name" (_id_name,name) VALUES (325,'Vanda');
INSERT INTO "Name" (_id_name,name) VALUES (326,'Vendula');
INSERT INTO "Name" (_id_name,name) VALUES (327,'Věra');
INSERT INTO "Name" (_id_name,name) VALUES (328,'Veronika');
INSERT INTO "Name" (_id_name,name) VALUES (329,'Vilma');
INSERT INTO "Name" (_id_name,name) VALUES (330,'Viola');
INSERT INTO "Name" (_id_name,name) VALUES (331,'Vladěna');
INSERT INTO "Name" (_id_name,name) VALUES (332,'Vlasta');
INSERT INTO "Name" (_id_name,name) VALUES (333,'Zdeňka');
INSERT INTO "Name" (_id_name,name) VALUES (334,'Zdislava');
INSERT INTO "Name" (_id_name,name) VALUES (335,'Zina');
INSERT INTO "Name" (_id_name,name) VALUES (336,'Zita');
INSERT INTO "Name" (_id_name,name) VALUES (337,'Zlata');
INSERT INTO "Name" (_id_name,name) VALUES (338,'Zora');
INSERT INTO "Name" (_id_name,name) VALUES (339,'Zuzana');
INSERT INTO "Name" (_id_name,name) VALUES (340,'Alice');
INSERT INTO "Name" (_id_name,name) VALUES (341,'Anastázie');
INSERT INTO "Name" (_id_name,name) VALUES (342,'Antonie');
INSERT INTO "Name" (_id_name,name) VALUES (343,'Cecílie');
INSERT INTO "Name" (_id_name,name) VALUES (344,'Emílie');
INSERT INTO "Name" (_id_name,name) VALUES (345,'Evženie');
INSERT INTO "Name" (_id_name,name) VALUES (346,'Julie');
INSERT INTO "Name" (_id_name,name) VALUES (347,'Klaudie');
INSERT INTO "Name" (_id_name,name) VALUES (348,'Libuše');
INSERT INTO "Name" (_id_name,name) VALUES (349,'Amálie');
INSERT INTO "Name" (_id_name,name) VALUES (350,'Lucie');
INSERT INTO "Name" (_id_name,name) VALUES (351,'Lýdie');
INSERT INTO "Name" (_id_name,name) VALUES (352,'Marie');
INSERT INTO "Name" (_id_name,name) VALUES (353,'Miluše');
INSERT INTO "Name" (_id_name,name) VALUES (354,'Natálie');
INSERT INTO "Name" (_id_name,name) VALUES (355,'Olivie');
INSERT INTO "Name" (_id_name,name) VALUES (356,'Otýlie');
INSERT INTO "Name" (_id_name,name) VALUES (357,'Patricie');
INSERT INTO "Name" (_id_name,name) VALUES (358,'Saskie');
INSERT INTO "Name" (_id_name,name) VALUES (359,'Silvie');
INSERT INTO "Name" (_id_name,name) VALUES (360,'Zoe');
INSERT INTO "Name" (_id_name,name) VALUES (361,'Valérie');
INSERT INTO "Name" (_id_name,name) VALUES (362,'Viktorie');
INSERT INTO "Name" (_id_name,name) VALUES (363,'Xenie');
INSERT INTO "Name" (_id_name,name) VALUES (364,'Žofie');
INSERT INTO "Name" (_id_name,name) VALUES (365,'Dagmar');
INSERT INTO "Name" (_id_name,name) VALUES (366,'Ester');
INSERT INTO "Name" (_id_name,name) VALUES (367,'Ingrid');
INSERT INTO "Name" (_id_name,name) VALUES (368,'Miriam');
INSERT INTO "Name" (_id_name,name) VALUES (369,'Růt');
--------------------------Occupation--------------------------
INSERT INTO "Occupation" (_id_occup,name) VALUES (0,'Tancmajst');
INSERT INTO "Occupation" (_id_occup,name) VALUES (1,'Konvář');
INSERT INTO "Occupation" (_id_occup,name) VALUES (2,'Mykač');
INSERT INTO "Occupation" (_id_occup,name) VALUES (3,'Měšečník');
INSERT INTO "Occupation" (_id_occup,name) VALUES (4,'Krampléř');
INSERT INTO "Occupation" (_id_occup,name) VALUES (5,'Pláštník');
INSERT INTO "Occupation" (_id_occup,name) VALUES (6,'Plotnář');
INSERT INTO "Occupation" (_id_occup,name) VALUES (7,'Zábojník');
INSERT INTO "Occupation" (_id_occup,name) VALUES (8,'Provazník');
INSERT INTO "Occupation" (_id_occup,name) VALUES (9,'Krupér');
INSERT INTO "Occupation" (_id_occup,name) VALUES (10,'Pračník');
INSERT INTO "Occupation" (_id_occup,name) VALUES (11,'Hrnčíř');
INSERT INTO "Occupation" (_id_occup,name) VALUES (12,'Přadlák');
INSERT INTO "Occupation" (_id_occup,name) VALUES (13,'Nosič');
INSERT INTO "Occupation" (_id_occup,name) VALUES (14,'Kudlák');
--------------------------Director--------------------------
INSERT INTO "Director" (_id_director,surname,title) VALUES (0,'Kovař','admininstrátor');
INSERT INTO "Director" (_id_director,surname,title) VALUES (1,'Němeček','farář');
INSERT INTO "Director" (_id_director,surname,title) VALUES (2,'Bartoš','kaplan');
--------------------------DirectorName--------------------------
INSERT INTO "DirectorName" (director_id,name_id) VALUES (0,169);
INSERT INTO "DirectorName" (director_id,name_id) VALUES (1,52);
INSERT INTO "DirectorName" (director_id,name_id) VALUES (2,75);
--------------------------Celebrant--------------------------
INSERT INTO "Celebrant" (_id_celebrant,surname,title_occup) VALUES (0,'Moravec','kurát');
INSERT INTO "Celebrant" (_id_celebrant,surname,title_occup) VALUES (1,'Strnad','admininstrátor');
INSERT INTO "Celebrant" (_id_celebrant,surname,title_occup) VALUES (2,'Němeček','farář');
--------------------------CelebrantName--------------------------
INSERT INTO "CelebrantName" (celebrant_id,name_id) VALUES (0,98);
INSERT INTO "CelebrantName" (celebrant_id,name_id) VALUES (1,142);
INSERT INTO "CelebrantName" (celebrant_id,name_id) VALUES (2,150);
--------------------------Officiant--------------------------
INSERT INTO "Officiant" (_id_officiant,surname,title) VALUES (0,'Blažek','kooperátor');
INSERT INTO "Officiant" (_id_officiant,surname,title) VALUES (1,'Urban','admininstrátor');
INSERT INTO "Officiant" (_id_officiant,surname,title) VALUES (2,'Dušek','farář');
--------------------------OfficiantName--------------------------
INSERT INTO "OfficiantName" (officiant_id,name_id) VALUES (0,166);
INSERT INTO "OfficiantName" (officiant_id,name_id) VALUES (1,20);
INSERT INTO "OfficiantName" (officiant_id,name_id) VALUES (2,51);
--------------------------Person--------------------------
INSERT INTO "Person" (_id_person,surname,village,street,descr,birth,sex,religion) VALUES (0,'Králová','Praha','Larisa',4046,'1800-01-21','žena','evangelík');
INSERT INTO "Person" (_id_person,surname,village,street,descr,birth,sex,religion) VALUES (1,'Král','Praha','Larisa',4046,'1802-10-27','muž','evangelík');
INSERT INTO "Person" (_id_person,surname,village,street,descr,birth,sex,religion,mother_id,father_id) VALUES (2,'Král','Praha','Larisa',4046,'1827-04-13','muž','evangelík',0,1);
INSERT INTO "Person" (_id_person,surname,village,street,descr,birth,sex,religion) VALUES (3,'Staněková','Plzeň','Alžběta',33106,'1801-06-26','žena','katolík');
INSERT INTO "Person" (_id_person,surname,village,street,descr,birth,sex,religion) VALUES (4,'Staněk','Plzeň','Alžběta',33106,'1808-08-22','muž','katolík');
INSERT INTO "Person" (_id_person,surname,village,street,descr,birth,sex,religion,mother_id,father_id) VALUES (5,'Staněk','Plzeň','Alžběta',33106,'1825-02-20','muž','katolík',3,4);
INSERT INTO "Person" (_id_person,surname,village,street,descr,birth,sex,religion,father_id) VALUES (6,'Staněk','Ústí nad Labem','Bouda',561,'1857-12-15','muž','katolík',5);
INSERT INTO "Person" (_id_person,surname,village,street,descr,birth,sex,religion) VALUES (7,'Urbanová','Ústí nad Labem','Emanuel',39340,'1808-07-26','žena','nepokřtěn');
INSERT INTO "Person" (_id_person,surname,village,street,descr,birth,sex,religion) VALUES (8,'Urban','Ústí nad Labem','Emanuel',39340,'1802-09-03','muž','katolík');
INSERT INTO "Person" (_id_person,surname,village,street,descr,birth,sex,religion,mother_id,father_id) VALUES (9,'Urban','Ústí nad Labem','Emanuel',39340,'1839-03-21','muž','nepokřtěn',7,8);
INSERT INTO "Person" (_id_person,surname,village,street,descr,birth,sex,religion) VALUES (10,'Šimeková','Zlín','Jarmila',66814,'1805-09-03','žena','evangelík');
INSERT INTO "Person" (_id_person,surname,village,street,descr,birth,sex,religion) VALUES (11,'Šimek','Zlín','Jarmila',66814,'1808-12-17','muž','evangelík');
INSERT INTO "Person" (_id_person,surname,village,street,descr,birth,sex,religion,mother_id,father_id) VALUES (12,'Šimek','Zlín','Jarmila',66814,'1828-01-08','muž','evangelík',10,11);
INSERT INTO "Person" (_id_person,surname,village,street,descr,birth,sex,religion) VALUES (13,'Machová','Most','Fantová',896,'1800-06-25','žena','katolík');
INSERT INTO "Person" (_id_person,surname,village,street,descr,birth,sex,religion) VALUES (14,'Mach','Most','Fantová',896,'1803-06-11','muž','katolík');
INSERT INTO "Person" (_id_person,surname,village,street,descr,birth,sex,religion,mother_id,father_id) VALUES (15,'Mach','Most','Fantová',896,'1837-05-29','muž','katolík',13,14);
INSERT INTO "Person" (_id_person,surname,village,street,descr,birth,sex,religion,father_id) VALUES (16,'Mach','Most','Zosim',83926,'1864-02-14','muž','katolík',15);
INSERT INTO "Person" (_id_person,surname,village,street,descr,birth,sex,religion,father_id) VALUES (17,'Mach','Frýdek-Místek','Kubeš',4903,'1856-06-30','muž','katolík',15);
INSERT INTO "Person" (_id_person,surname,village,street,descr,birth,sex,religion,father_id) VALUES (18,'Machová','Most','Lýdie',29943,'1865-05-18','žena','katolík',15);
INSERT INTO "Person" (_id_person,surname,village,street,descr,birth,sex,religion) VALUES (19,'Horváthová','Děčín','Luděk',38887,'1804-02-26','žena','katolík');
INSERT INTO "Person" (_id_person,surname,village,street,descr,birth,sex,religion) VALUES (20,'Horváth','Děčín','Luděk',38887,'1802-01-10','muž','katolík');
INSERT INTO "Person" (_id_person,surname,village,street,descr,birth,sex,religion,mother_id,father_id) VALUES (21,'Horváthová','Děčín','Luděk',38887,'1828-07-10','žena','katolík',19,20);
INSERT INTO "Person" (_id_person,surname,village,street,descr,birth,sex,religion,mother_id) VALUES (22,'Horváth','Děčín','Popelka',4037,'1861-08-10','muž','katolík',21);
INSERT INTO "Person" (_id_person,surname,village,street,descr,birth,sex,religion,mother_id) VALUES (23,'Horváthová','Opava','Pavelka',4990,'1857-09-15','žena','katolík',21);
INSERT INTO "Person" (_id_person,surname,village,street,descr,birth,sex,religion) VALUES (24,'Bíleková','Prostějov','Vladislav',94418,'1808-01-25','žena','katolík');
INSERT INTO "Person" (_id_person,surname,village,street,descr,birth,sex,religion) VALUES (25,'Bílek','Prostějov','Vladislav',94418,'1802-07-03','muž','katolík');
INSERT INTO "Person" (_id_person,surname,village,street,descr,birth,sex,religion,mother_id,father_id) VALUES (26,'Bíleková','Prostějov','Vladislav',94418,'1830-09-12','žena','katolík',24,25);
INSERT INTO "Person" (_id_person,surname,village,street,descr,birth,sex,religion) VALUES (27,'Krejčíová','Třebíč','Roxana',927,'1802-05-04','žena','evangelík');
INSERT INTO "Person" (_id_person,surname,village,street,descr,birth,sex,religion) VALUES (28,'Krejčí','Třebíč','Roxana',927,'1801-05-07','muž','katolík');
INSERT INTO "Person" (_id_person,surname,village,street,descr,birth,sex,religion,mother_id,father_id) VALUES (29,'Krejčí','Třebíč','Roxana',927,'1839-10-03','muž','evangelík',27,28);
INSERT INTO "Person" (_id_person,surname,village,street,descr,birth,sex,religion) VALUES (30,'Králová','Znojmo','Macháčová',899,'1800-11-29','žena','katolík');
INSERT INTO "Person" (_id_person,surname,village,street,descr,birth,sex,religion) VALUES (31,'Král','Znojmo','Macháčová',899,'1809-12-12','muž','katolík');
INSERT INTO "Person" (_id_person,surname,village,street,descr,birth,sex,religion,mother_id,father_id) VALUES (32,'Králová','Znojmo','Macháčová',899,'1831-06-14','žena','katolík',30,31);
INSERT INTO "Person" (_id_person,surname,village,street,descr,birth,sex,religion) VALUES (33,'Kovařová','Kolín','Ljuba',1724,'1800-12-14','žena','nepokřtěn');
INSERT INTO "Person" (_id_person,surname,village,street,descr,birth,sex,religion) VALUES (34,'Kovař','Kolín','Ljuba',1724,'1809-02-15','muž','nepokřtěn');
INSERT INTO "Person" (_id_person,surname,village,street,descr,birth,sex,religion,mother_id,father_id) VALUES (35,'Kovařová','Kolín','Ljuba',1724,'1826-01-26','žena','nepokřtěn',33,34);
INSERT INTO "Person" (_id_person,surname,village,street,descr,birth,sex,religion) VALUES (36,'Kočíová','Orlová','Tancoš',570,'1808-12-22','žena','evangelík');
INSERT INTO "Person" (_id_person,surname,village,street,descr,birth,sex,religion) VALUES (37,'Kočí','Orlová','Tancoš',570,'1802-05-27','muž','evangelík');
INSERT INTO "Person" (_id_person,surname,village,street,descr,birth,sex,religion,mother_id,father_id) VALUES (38,'Kočí','Orlová','Tancoš',570,'1839-11-02','muž','evangelík',36,37);
INSERT INTO "Person" (_id_person,surname,village,street,descr,birth,sex,religion,father_id) VALUES (39,'Kočí','Orlová','Táňa',9084,'1860-09-06','muž','evangelík',38);
INSERT INTO "Person" (_id_person,surname,village,street,descr,birth,sex,religion,father_id) VALUES (40,'Kočíová','Ostrava','David',984,'1861-02-05','žena','evangelík',38);
INSERT INTO "Person" (_id_person,surname,village,street,descr,birth,sex,religion) VALUES (41,'Tomanová','Břeclav','Věra',477,'1804-01-17','žena','evangelík');
INSERT INTO "Person" (_id_person,surname,village,street,descr,birth,sex,religion) VALUES (42,'Toman','Břeclav','Věra',477,'1801-08-26','muž','evangelík');
INSERT INTO "Person" (_id_person,surname,village,street,descr,birth,sex,religion,mother_id,father_id) VALUES (43,'Tomanová','Břeclav','Věra',477,'1838-04-13','žena','evangelík',41,42);
INSERT INTO "Person" (_id_person,surname,village,street,descr,birth,sex,religion) VALUES (44,'Kašparová','Litvínov','Sekanina',4462,'1805-09-05','žena','nepokřtěn');
INSERT INTO "Person" (_id_person,surname,village,street,descr,birth,sex,religion) VALUES (45,'Kašpar','Litvínov','Sekanina',4462,'1804-07-10','muž','nepokřtěn');
INSERT INTO "Person" (_id_person,surname,village,street,descr,birth,sex,religion,mother_id,father_id) VALUES (46,'Kašparová','Litvínov','Sekanina',4462,'1834-12-06','žena','nepokřtěn',44,45);
INSERT INTO "Person" (_id_person,surname,village,street,descr,birth,sex,religion,mother_id) VALUES (47,'Kašpar','Praha','Kolombín',3212,'1862-06-23','muž','nepokřtěn',46);
INSERT INTO "Person" (_id_person,surname,village,street,descr,birth,sex,religion,mother_id) VALUES (48,'Kašparová','Litvínov','Stehlíková',6410,'1869-04-03','žena','nepokřtěn',46);
INSERT INTO "Person" (_id_person,surname,village,street,descr,birth,sex,religion) VALUES (49,'Vaceková','Chrudim','Blahomíra',4946,'1809-04-16','žena','katolík');
INSERT INTO "Person" (_id_person,surname,village,street,descr,birth,sex,religion) VALUES (50,'Vacek','Chrudim','Blahomíra',4946,'1808-03-25','muž','katolík');
INSERT INTO "Person" (_id_person,surname,village,street,descr,birth,sex,religion,mother_id,father_id) VALUES (51,'Vacek','Chrudim','Blahomíra',4946,'1827-10-26','muž','katolík',49,50);
INSERT INTO "Person" (_id_person,surname,village,street,descr,birth,sex,religion,father_id) VALUES (52,'Vaceková','Liberec','Severová',68058,'1862-06-03','žena','katolík',51);
INSERT INTO "Person" (_id_person,surname,village,street,descr,birth,sex,religion,father_id) VALUES (53,'Vacek','Chrudim','Vodička',802,'1860-12-08','muž','katolík',51);
INSERT INTO "Person" (_id_person,surname,village,street,descr,birth,sex,religion,father_id) VALUES (54,'Vaceková','Liberec','Roger',74669,'1864-09-05','žena','katolík',51);
INSERT INTO "Person" (_id_person,surname,village,street,descr,birth,sex,religion) VALUES (55,'Navrátilová','Jindřichův Hradec','Adriana',03592,'1802-10-01','žena','evangelík');
INSERT INTO "Person" (_id_person,surname,village,street,descr,birth,sex,religion) VALUES (56,'Navrátil','Jindřichův Hradec','Adriana',03592,'1806-02-04','muž','evangelík');
INSERT INTO "Person" (_id_person,surname,village,street,descr,birth,sex,religion,mother_id,father_id) VALUES (57,'Navrátilová','Jindřichův Hradec','Adriana',03592,'1838-04-07','žena','evangelík',55,56);
INSERT INTO "Person" (_id_person,surname,village,street,descr,birth,sex,religion,mother_id) VALUES (58,'Navrátil','Jindřichův Hradec','Michálková',341,'1867-07-18','muž','evangelík',57);
INSERT INTO "Person" (_id_person,surname,village,street,descr,birth,sex,religion,mother_id) VALUES (59,'Navrátilová','Jindřichův Hradec','Ambrožová',197,'1862-08-11','žena','evangelík',57);
INSERT INTO "Person" (_id_person,surname,village,street,descr,birth,sex,religion) VALUES (60,'Kočíová','Kutná Hora','Míková',98476,'1803-10-07','žena','nepokřtěn');
INSERT INTO "Person" (_id_person,surname,village,street,descr,birth,sex,religion) VALUES (61,'Kočí','Kutná Hora','Míková',98476,'1804-10-23','muž','evangelík');
INSERT INTO "Person" (_id_person,surname,village,street,descr,birth,sex,religion,mother_id,father_id) VALUES (62,'Kočíová','Kutná Hora','Míková',98476,'1833-01-24','žena','nepokřtěn',60,61);
INSERT INTO "Person" (_id_person,surname,village,street,descr,birth,sex,religion) VALUES (63,'Mašeková','Beroun','Vodrážka',525,'1807-02-18','žena','evangelík');
INSERT INTO "Person" (_id_person,surname,village,street,descr,birth,sex,religion) VALUES (64,'Mašek','Beroun','Vodrážka',525,'1802-05-09','muž','evangelík');
INSERT INTO "Person" (_id_person,surname,village,street,descr,birth,sex,religion,mother_id,father_id) VALUES (65,'Mašek','Beroun','Vodrážka',525,'1830-07-10','muž','evangelík',63,64);
INSERT INTO "Person" (_id_person,surname,village,street,descr,birth,sex,religion) VALUES (66,'Urbanová','Brandýs nad Labem-Stará Boleslav','Xenie',37480,'1802-02-15','žena','katolík');
INSERT INTO "Person" (_id_person,surname,village,street,descr,birth,sex,religion) VALUES (67,'Urban','Brandýs nad Labem-Stará Boleslav','Xenie',37480,'1807-12-20','muž','evangelík');
INSERT INTO "Person" (_id_person,surname,village,street,descr,birth,sex,religion,mother_id,father_id) VALUES (68,'Urbanová','Brandýs nad Labem-Stará Boleslav','Xenie',37480,'1833-03-25','žena','evangelík',66,67);
INSERT INTO "Person" (_id_person,surname,village,street,descr,birth,sex,religion) VALUES (69,'Matoušeková','Kralupy nad Vltavou','Dino',09564,'1801-09-08','žena','katolík');
INSERT INTO "Person" (_id_person,surname,village,street,descr,birth,sex,religion) VALUES (70,'Matoušek','Kralupy nad Vltavou','Dino',09564,'1809-11-25','muž','nepokřtěn');
INSERT INTO "Person" (_id_person,surname,village,street,descr,birth,sex,religion,mother_id,father_id) VALUES (71,'Matoušeková','Kralupy nad Vltavou','Dino',09564,'1830-10-07','žena','katolík',69,70);
INSERT INTO "Person" (_id_person,surname,village,street,descr,birth,sex,religion,mother_id) VALUES (72,'Matoušek','Kralupy nad Vltavou','Gerhard',752,'1862-04-15','muž','katolík',71);
INSERT INTO "Person" (_id_person,surname,village,street,descr,birth,sex,religion,mother_id) VALUES (73,'Matoušek','Kralupy nad Vltavou','Skopal',49657,'1866-09-09','muž','katolík',71);
INSERT INTO "Person" (_id_person,surname,village,street,descr,birth,sex,religion) VALUES (74,'Marešová','Ostrov','Blahová',656,'1804-06-01','žena','evangelík');
INSERT INTO "Person" (_id_person,surname,village,street,descr,birth,sex,religion) VALUES (75,'Mareš','Ostrov','Blahová',656,'1804-11-25','muž','evangelík');
INSERT INTO "Person" (_id_person,surname,village,street,descr,birth,sex,religion,mother_id,father_id) VALUES (76,'Mareš','Ostrov','Blahová',656,'1836-06-08','muž','evangelík',74,75);
INSERT INTO "Person" (_id_person,surname,village,street,descr,birth,sex,religion,father_id) VALUES (77,'Mareš','Ostrov','Pavla',5587,'1868-08-16','muž','evangelík',76);
INSERT INTO "Person" (_id_person,surname,village,street,descr,birth,sex,religion,father_id) VALUES (78,'Marešová','Ostrov','Nečas',722,'1859-12-08','žena','evangelík',76);
INSERT INTO "Person" (_id_person,surname,village,street,descr,birth,sex,religion) VALUES (79,'Zemanová','Rožnov pod Radhoštěm','Krajíček',3222,'1807-03-24','žena','nepokřtěn');
INSERT INTO "Person" (_id_person,surname,village,street,descr,birth,sex,religion) VALUES (80,'Zeman','Rožnov pod Radhoštěm','Krajíček',3222,'1801-11-07','muž','nepokřtěn');
INSERT INTO "Person" (_id_person,surname,village,street,descr,birth,sex,religion,mother_id,father_id) VALUES (81,'Zemanová','Rožnov pod Radhoštěm','Krajíček',3222,'1828-10-16','žena','nepokřtěn',79,80);
INSERT INTO "Person" (_id_person,surname,village,street,descr,birth,sex,religion,mother_id) VALUES (82,'Zeman','České Budějovice','Kopečný',73951,'1855-10-09','muž','nepokřtěn',81);
INSERT INTO "Person" (_id_person,surname,village,street,descr,birth,sex,religion,mother_id) VALUES (83,'Zeman','Rožnov pod Radhoštěm','Bartáková',1068,'1867-04-12','muž','nepokřtěn',81);
INSERT INTO "Person" (_id_person,surname,village,street,descr,birth,sex,religion) VALUES (84,'Kašparová','Slaný','Novotný',95215,'1807-06-05','žena','katolík');
INSERT INTO "Person" (_id_person,surname,village,street,descr,birth,sex,religion) VALUES (85,'Kašpar','Slaný','Novotný',95215,'1807-04-07','muž','katolík');
INSERT INTO "Person" (_id_person,surname,village,street,descr,birth,sex,religion,mother_id,father_id) VALUES (86,'Kašpar','Slaný','Novotný',95215,'1837-01-02','muž','katolík',84,85);
INSERT INTO "Person" (_id_person,surname,village,street,descr,birth,sex,religion) VALUES (87,'Holubová','Varnsdorf','Novotný',10146,'1804-08-01','žena','evangelík');
INSERT INTO "Person" (_id_person,surname,village,street,descr,birth,sex,religion) VALUES (88,'Holub','Varnsdorf','Novotný',10146,'1802-04-30','muž','evangelík');
INSERT INTO "Person" (_id_person,surname,village,street,descr,birth,sex,religion,mother_id,father_id) VALUES (89,'Holubová','Varnsdorf','Novotný',10146,'1836-02-14','žena','evangelík',87,88);
INSERT INTO "Person" (_id_person,surname,village,street,descr,birth,sex,religion) VALUES (90,'Strnadová','Turnov','Smejkal',3901,'1809-05-19','žena','katolík');
INSERT INTO "Person" (_id_person,surname,village,street,descr,birth,sex,religion) VALUES (91,'Strnad','Turnov','Smejkal',3901,'1805-10-02','muž','evangelík');
INSERT INTO "Person" (_id_person,surname,village,street,descr,birth,sex,religion,mother_id,father_id) VALUES (92,'Strnad','Turnov','Smejkal',3901,'1826-10-05','muž','evangelík',90,91);
INSERT INTO "Person" (_id_person,surname,village,street,descr,birth,sex,religion) VALUES (93,'Sedláčeková','Rokycany','Pavelková',537,'1808-04-19','žena','evangelík');
INSERT INTO "Person" (_id_person,surname,village,street,descr,birth,sex,religion) VALUES (94,'Sedláček','Rokycany','Pavelková',537,'1809-04-23','muž','nepokřtěn');
INSERT INTO "Person" (_id_person,surname,village,street,descr,birth,sex,religion,mother_id,father_id) VALUES (95,'Sedláčeková','Rokycany','Pavelková',537,'1831-04-16','žena','nepokřtěn',93,94);
INSERT INTO "Person" (_id_person,surname,village,street,descr,birth,sex,religion,mother_id) VALUES (96,'Sedláčeková','Rokycany','Rainhard',92486,'1864-09-22','žena','nepokřtěn',95);
INSERT INTO "Person" (_id_person,surname,village,street,descr,birth,sex,religion,mother_id) VALUES (97,'Sedláček','Rokycany','Artur',75156,'1859-03-27','muž','nepokřtěn',95);
INSERT INTO "Person" (_id_person,surname,village,street,descr,birth,sex,religion,mother_id) VALUES (98,'Sedláčeková','Rokycany','Lešek',84897,'1865-12-01','žena','nepokřtěn',95);
INSERT INTO "Person" (_id_person,surname,village,street,descr,birth,sex,religion) VALUES (99,'Macháčeková','Český Krumlov','Hartman',42800,'1805-09-10','žena','katolík');
INSERT INTO "Person" (_id_person,surname,village,street,descr,birth,sex,religion) VALUES (100,'Macháček','Český Krumlov','Hartman',42800,'1803-08-17','muž','katolík');
INSERT INTO "Person" (_id_person,surname,village,street,descr,birth,sex,religion,mother_id,father_id) VALUES (101,'Macháčeková','Český Krumlov','Hartman',42800,'1828-03-12','žena','katolík',99,100);
INSERT INTO "Person" (_id_person,surname,village,street,descr,birth,sex,religion) VALUES (102,'Macháčeková','Tachov','Fráňa',1588,'1805-09-18','žena','evangelík');
INSERT INTO "Person" (_id_person,surname,village,street,descr,birth,sex,religion) VALUES (103,'Macháček','Tachov','Fráňa',1588,'1808-11-19','muž','evangelík');
INSERT INTO "Person" (_id_person,surname,village,street,descr,birth,sex,religion,mother_id,father_id) VALUES (104,'Macháček','Tachov','Fráňa',1588,'1835-04-29','muž','evangelík',102,103);
INSERT INTO "Person" (_id_person,surname,village,street,descr,birth,sex,religion) VALUES (105,'Kratochvílová','Jaroměř','Voříšková',024,'1800-06-03','žena','nepokřtěn');
INSERT INTO "Person" (_id_person,surname,village,street,descr,birth,sex,religion) VALUES (106,'Kratochvíl','Jaroměř','Voříšková',024,'1802-02-09','muž','nepokřtěn');
INSERT INTO "Person" (_id_person,surname,village,street,descr,birth,sex,religion,mother_id,father_id) VALUES (107,'Kratochvílová','Jaroměř','Voříšková',024,'1828-10-25','žena','nepokřtěn',105,106);
INSERT INTO "Person" (_id_person,surname,village,street,descr,birth,sex,religion) VALUES (108,'Kadlecová','Nový Bor','Chrabroš',940,'1805-03-22','žena','nepokřtěn');
INSERT INTO "Person" (_id_person,surname,village,street,descr,birth,sex,religion) VALUES (109,'Kadlec','Nový Bor','Chrabroš',940,'1805-02-20','muž','nepokřtěn');
INSERT INTO "Person" (_id_person,surname,village,street,descr,birth,sex,religion,mother_id,father_id) VALUES (110,'Kadlec','Nový Bor','Chrabroš',940,'1833-06-19','muž','nepokřtěn',108,109);
INSERT INTO "Person" (_id_person,surname,village,street,descr,birth,sex,religion) VALUES (111,'Pavlíková','Vlašim','Eduarda',9149,'1801-01-07','žena','katolík');
INSERT INTO "Person" (_id_person,surname,village,street,descr,birth,sex,religion) VALUES (112,'Pavlík','Vlašim','Eduarda',9149,'1802-01-05','muž','evangelík');
INSERT INTO "Person" (_id_person,surname,village,street,descr,birth,sex,religion,mother_id,father_id) VALUES (113,'Pavlík','Vlašim','Eduarda',9149,'1835-01-09','muž','katolík',111,112);
INSERT INTO "Person" (_id_person,surname,village,street,descr,birth,sex,religion) VALUES (114,'Jarošová','Uničov','šebesta',84246,'1806-04-14','žena','evangelík');
INSERT INTO "Person" (_id_person,surname,village,street,descr,birth,sex,religion) VALUES (115,'Jaroš','Uničov','šebesta',84246,'1803-04-01','muž','evangelík');
INSERT INTO "Person" (_id_person,surname,village,street,descr,birth,sex,religion,mother_id,father_id) VALUES (116,'Jaroš','Uničov','šebesta',84246,'1825-09-17','muž','evangelík',114,115);
INSERT INTO "Person" (_id_person,surname,village,street,descr,birth,sex,religion) VALUES (117,'Benešová','Domažlice','Jarmila',1136,'1802-09-04','žena','evangelík');
INSERT INTO "Person" (_id_person,surname,village,street,descr,birth,sex,religion) VALUES (118,'Beneš','Domažlice','Jarmila',1136,'1807-02-03','muž','katolík');
INSERT INTO "Person" (_id_person,surname,village,street,descr,birth,sex,religion,mother_id,father_id) VALUES (119,'Benešová','Domažlice','Jarmila',1136,'1830-02-05','žena','katolík',117,118);
INSERT INTO "Person" (_id_person,surname,village,street,descr,birth,sex,religion,mother_id) VALUES (120,'Beneš','Domažlice','Přibyslav',20718,'1867-01-29','muž','katolík',119);
INSERT INTO "Person" (_id_person,surname,village,street,descr,birth,sex,religion,mother_id) VALUES (121,'Benešová','Domažlice','Paris',661,'1861-06-28','žena','katolík',119);
INSERT INTO "Person" (_id_person,surname,village,street,descr,birth,sex,religion,mother_id) VALUES (122,'Beneš','Domažlice','Konstance',59891,'1859-07-14','muž','katolík',119);
INSERT INTO "Person" (_id_person,surname,village,street,descr,birth,sex,religion,mother_id) VALUES (123,'Benešová','Domažlice','Vojtěška',957,'1858-09-27','žena','katolík',119);
INSERT INTO "Person" (_id_person,surname,village,street,descr,birth,sex,religion) VALUES (124,'Sedláčeková','Humpolec','Přemysl',70546,'1802-01-26','žena','evangelík');
INSERT INTO "Person" (_id_person,surname,village,street,descr,birth,sex,religion) VALUES (125,'Sedláček','Humpolec','Přemysl',70546,'1809-08-08','muž','evangelík');
INSERT INTO "Person" (_id_person,surname,village,street,descr,birth,sex,religion,mother_id,father_id) VALUES (126,'Sedláček','Humpolec','Přemysl',70546,'1837-01-23','muž','evangelík',124,125);
INSERT INTO "Person" (_id_person,surname,village,street,descr,birth,sex,religion) VALUES (127,'Fišerová','Litomyšl','Jonáš',70562,'1803-07-23','žena','nepokřtěn');
INSERT INTO "Person" (_id_person,surname,village,street,descr,birth,sex,religion) VALUES (128,'Fišer','Litomyšl','Jonáš',70562,'1805-07-09','muž','katolík');
INSERT INTO "Person" (_id_person,surname,village,street,descr,birth,sex,religion,mother_id,father_id) VALUES (129,'Fišer','Litomyšl','Jonáš',70562,'1836-10-15','muž','katolík',127,128);
INSERT INTO "Person" (_id_person,surname,village,street,descr,birth,sex,religion) VALUES (130,'Müllerová','Lanškroun','Aranka',18953,'1800-09-29','žena','evangelík');
INSERT INTO "Person" (_id_person,surname,village,street,descr,birth,sex,religion) VALUES (131,'Müller','Lanškroun','Aranka',18953,'1803-10-18','muž','evangelík');
INSERT INTO "Person" (_id_person,surname,village,street,descr,birth,sex,religion,mother_id,father_id) VALUES (132,'Müller','Lanškroun','Aranka',18953,'1836-08-21','muž','evangelík',130,131);
INSERT INTO "Person" (_id_person,surname,village,street,descr,birth,sex,religion) VALUES (133,'Jelíneková','Ivančice','Jakešová',818,'1803-02-09','žena','katolík');
INSERT INTO "Person" (_id_person,surname,village,street,descr,birth,sex,religion) VALUES (134,'Jelínek','Ivančice','Jakešová',818,'1800-11-02','muž','katolík');
INSERT INTO "Person" (_id_person,surname,village,street,descr,birth,sex,religion,mother_id,father_id) VALUES (135,'Jelínek','Ivančice','Jakešová',818,'1836-04-05','muž','katolík',133,134);
INSERT INTO "Person" (_id_person,surname,village,street,descr,birth,sex,religion,father_id) VALUES (136,'Jelíneková','Ivančice','Rak',742,'1862-07-04','žena','katolík',135);
INSERT INTO "Person" (_id_person,surname,village,street,descr,birth,sex,religion,father_id) VALUES (137,'Jelíneková','Ivančice','Zikmundová',264,'1867-06-19','žena','katolík',135);
INSERT INTO "Person" (_id_person,surname,village,street,descr,birth,sex,religion,father_id) VALUES (138,'Jelíneková','Karviná','Felix',13614,'1869-06-09','žena','katolík',135);
INSERT INTO "Person" (_id_person,surname,village,street,descr,birth,sex,religion,father_id) VALUES (139,'Jelínek','Ivančice','Bertolda',24707,'1861-10-13','muž','katolík',135);
INSERT INTO "Person" (_id_person,surname,village,street,descr,birth,sex,religion) VALUES (140,'Ježeková','Mohelnice','Mlejnková',1324,'1802-01-08','žena','katolík');
INSERT INTO "Person" (_id_person,surname,village,street,descr,birth,sex,religion) VALUES (141,'Ježek','Mohelnice','Mlejnková',1324,'1801-10-24','muž','katolík');
INSERT INTO "Person" (_id_person,surname,village,street,descr,birth,sex,religion,mother_id,father_id) VALUES (142,'Ježeková','Mohelnice','Mlejnková',1324,'1837-02-09','žena','katolík',140,141);
INSERT INTO "Person" (_id_person,surname,village,street,descr,birth,sex,religion,mother_id) VALUES (143,'Ježeková','Mohelnice','Vítězslav',6507,'1869-04-30','žena','katolík',142);
INSERT INTO "Person" (_id_person,surname,village,street,descr,birth,sex,religion) VALUES (144,'Novaková','Dobříš','Tranová',66295,'1802-07-08','žena','katolík');
INSERT INTO "Person" (_id_person,surname,village,street,descr,birth,sex,religion) VALUES (145,'Novak','Dobříš','Tranová',66295,'1803-06-17','muž','katolík');
INSERT INTO "Person" (_id_person,surname,village,street,descr,birth,sex,religion,mother_id,father_id) VALUES (146,'Novaková','Dobříš','Tranová',66295,'1831-05-15','žena','katolík',144,145);
INSERT INTO "Person" (_id_person,surname,village,street,descr,birth,sex,religion,mother_id) VALUES (147,'Novaková','Dobříš','Vaculíková',8313,'1866-12-30','žena','katolík',146);
INSERT INTO "Person" (_id_person,surname,village,street,descr,birth,sex,religion,mother_id) VALUES (148,'Novaková','Dobříš','Kašík',6506,'1867-01-14','žena','katolík',146);
INSERT INTO "Person" (_id_person,surname,village,street,descr,birth,sex,religion,mother_id) VALUES (149,'Novak','Dobříš','Sládek',507,'1863-06-23','muž','katolík',146);
INSERT INTO "Person" (_id_person,surname,village,street,descr,birth,sex,religion,mother_id) VALUES (150,'Novaková','Praha','Vavříková',40802,'1868-02-13','žena','katolík',146);
INSERT INTO "Person" (_id_person,surname,village,street,descr,birth,sex,religion) VALUES (151,'Ševčíková','Hořice','Vojtíšek',064,'1805-10-05','žena','evangelík');
INSERT INTO "Person" (_id_person,surname,village,street,descr,birth,sex,religion) VALUES (152,'Ševčík','Hořice','Vojtíšek',064,'1800-08-01','muž','katolík');
INSERT INTO "Person" (_id_person,surname,village,street,descr,birth,sex,religion,mother_id,father_id) VALUES (153,'Ševčíková','Hořice','Vojtíšek',064,'1830-06-09','žena','evangelík',151,152);
INSERT INTO "Person" (_id_person,surname,village,street,descr,birth,sex,religion,mother_id) VALUES (154,'Ševčík','Hořice','Štěpán',5479,'1856-09-22','muž','evangelík',153);
INSERT INTO "Person" (_id_person,surname,village,street,descr,birth,sex,religion) VALUES (155,'Matoušeková','Duchcov','šesták',789,'1809-05-02','žena','katolík');
INSERT INTO "Person" (_id_person,surname,village,street,descr,birth,sex,religion) VALUES (156,'Matoušek','Duchcov','šesták',789,'1800-07-23','muž','katolík');
INSERT INTO "Person" (_id_person,surname,village,street,descr,birth,sex,religion,mother_id,father_id) VALUES (157,'Matoušek','Duchcov','šesták',789,'1832-08-19','muž','katolík',155,156);
INSERT INTO "Person" (_id_person,surname,village,street,descr,birth,sex,religion) VALUES (158,'Čermáková','Hostivice','Mečislav',97583,'1804-05-25','žena','katolík');
INSERT INTO "Person" (_id_person,surname,village,street,descr,birth,sex,religion) VALUES (159,'Čermák','Hostivice','Mečislav',97583,'1805-08-16','muž','katolík');
INSERT INTO "Person" (_id_person,surname,village,street,descr,birth,sex,religion,mother_id,father_id) VALUES (160,'Čermáková','Hostivice','Mečislav',97583,'1835-01-31','žena','katolík',158,159);
INSERT INTO "Person" (_id_person,surname,village,street,descr,birth,sex,religion,mother_id) VALUES (161,'Čermáková','Karviná','Jana',38147,'1855-08-23','žena','katolík',160);
INSERT INTO "Person" (_id_person,surname,village,street,descr,birth,sex,religion,mother_id) VALUES (162,'Čermáková','Hostivice','Schmidt',424,'1864-09-03','žena','katolík',160);
INSERT INTO "Person" (_id_person,surname,village,street,descr,birth,sex,religion) VALUES (163,'Burešová','Lipník nad Bečvou','Vaněková',7420,'1803-09-05','žena','katolík');
INSERT INTO "Person" (_id_person,surname,village,street,descr,birth,sex,religion) VALUES (164,'Bureš','Lipník nad Bečvou','Vaněková',7420,'1803-06-09','muž','katolík');
INSERT INTO "Person" (_id_person,surname,village,street,descr,birth,sex,religion,mother_id,father_id) VALUES (165,'Burešová','Lipník nad Bečvou','Vaněková',7420,'1827-09-16','žena','katolík',163,164);
INSERT INTO "Person" (_id_person,surname,village,street,descr,birth,sex,religion,mother_id) VALUES (166,'Burešová','Lipník nad Bečvou','Perzida',731,'1856-06-08','žena','katolík',165);
INSERT INTO "Person" (_id_person,surname,village,street,descr,birth,sex,religion,mother_id) VALUES (167,'Burešová','Lipník nad Bečvou','Artuš',634,'1859-10-04','žena','katolík',165);
INSERT INTO "Person" (_id_person,surname,village,street,descr,birth,sex,religion) VALUES (168,'Stejskalová','Hrádek nad Nisou','Přemysl',207,'1808-12-15','žena','katolík');
INSERT INTO "Person" (_id_person,surname,village,street,descr,birth,sex,religion) VALUES (169,'Stejskal','Hrádek nad Nisou','Přemysl',207,'1800-08-03','muž','evangelík');
INSERT INTO "Person" (_id_person,surname,village,street,descr,birth,sex,religion,mother_id,father_id) VALUES (170,'Stejskalová','Hrádek nad Nisou','Přemysl',207,'1828-03-20','žena','katolík',168,169);
INSERT INTO "Person" (_id_person,surname,village,street,descr,birth,sex,religion) VALUES (171,'Soukupová','Šlapanice','Theodorik',7732,'1807-08-05','žena','nepokřtěn');
INSERT INTO "Person" (_id_person,surname,village,street,descr,birth,sex,religion) VALUES (172,'Soukup','Šlapanice','Theodorik',7732,'1802-11-08','muž','nepokřtěn');
INSERT INTO "Person" (_id_person,surname,village,street,descr,birth,sex,religion,mother_id,father_id) VALUES (173,'Soukup','Šlapanice','Theodorik',7732,'1826-02-14','muž','nepokřtěn',171,172);
INSERT INTO "Person" (_id_person,surname,village,street,descr,birth,sex,religion) VALUES (174,'Dvořáková','Moravské Budějovice','Stojmír',31697,'1801-07-08','žena','katolík');
INSERT INTO "Person" (_id_person,surname,village,street,descr,birth,sex,religion) VALUES (175,'Dvořák','Moravské Budějovice','Stojmír',31697,'1801-02-23','muž','katolík');
INSERT INTO "Person" (_id_person,surname,village,street,descr,birth,sex,religion,mother_id,father_id) VALUES (176,'Dvořáková','Moravské Budějovice','Stojmír',31697,'1833-08-13','žena','katolík',174,175);
INSERT INTO "Person" (_id_person,surname,village,street,descr,birth,sex,religion,mother_id) VALUES (177,'Dvořáková','Moravské Budějovice','Juta',75796,'1862-09-24','žena','katolík',176);
INSERT INTO "Person" (_id_person,surname,village,street,descr,birth,sex,religion) VALUES (178,'Soukupová','Dačice','Macáková',06084,'1804-03-10','žena','katolík');
INSERT INTO "Person" (_id_person,surname,village,street,descr,birth,sex,religion) VALUES (179,'Soukup','Dačice','Macáková',06084,'1806-06-30','muž','evangelík');
INSERT INTO "Person" (_id_person,surname,village,street,descr,birth,sex,religion,mother_id,father_id) VALUES (180,'Soukupová','Dačice','Macáková',06084,'1837-05-01','žena','katolík',178,179);
INSERT INTO "Person" (_id_person,surname,village,street,descr,birth,sex,religion) VALUES (181,'Machová','Napajedla','Kazda',6489,'1808-06-13','žena','katolík');
INSERT INTO "Person" (_id_person,surname,village,street,descr,birth,sex,religion) VALUES (182,'Mach','Napajedla','Kazda',6489,'1804-12-08','muž','katolík');
INSERT INTO "Person" (_id_person,surname,village,street,descr,birth,sex,religion,mother_id,father_id) VALUES (183,'Machová','Napajedla','Kazda',6489,'1830-05-11','žena','katolík',181,182);
INSERT INTO "Person" (_id_person,surname,village,street,descr,birth,sex,religion,mother_id) VALUES (184,'Machová','Napajedla','Hušková',19121,'1862-01-02','žena','katolík',183);
INSERT INTO "Person" (_id_person,surname,village,street,descr,birth,sex,religion,mother_id) VALUES (185,'Mach','Karviná','Sidon',4254,'1855-02-06','muž','katolík',183);
INSERT INTO "Person" (_id_person,surname,village,street,descr,birth,sex,religion,mother_id) VALUES (186,'Mach','Napajedla','Francová',198,'1864-04-30','muž','katolík',183);
--------------------------PersonName--------------------------
INSERT INTO "PersonName" (person_id,name_id) VALUES (0,252);
INSERT INTO "PersonName" (person_id,name_id) VALUES (1,37);
INSERT INTO "PersonName" (person_id,name_id) VALUES (2,9);
INSERT INTO "PersonName" (person_id,name_id) VALUES (3,362);
INSERT INTO "PersonName" (person_id,name_id) VALUES (4,125);
INSERT INTO "PersonName" (person_id,name_id) VALUES (5,142);
INSERT INTO "PersonName" (person_id,name_id) VALUES (6,163);
INSERT INTO "PersonName" (person_id,name_id) VALUES (7,308);
INSERT INTO "PersonName" (person_id,name_id) VALUES (8,95);
INSERT INTO "PersonName" (person_id,name_id) VALUES (9,44);
INSERT INTO "PersonName" (person_id,name_id) VALUES (10,187);
INSERT INTO "PersonName" (person_id,name_id) VALUES (11,79);
INSERT INTO "PersonName" (person_id,name_id) VALUES (12,42);
INSERT INTO "PersonName" (person_id,name_id) VALUES (13,363);
INSERT INTO "PersonName" (person_id,name_id) VALUES (14,116);
INSERT INTO "PersonName" (person_id,name_id) VALUES (15,159);
INSERT INTO "PersonName" (person_id,name_id) VALUES (16,72);
INSERT INTO "PersonName" (person_id,name_id) VALUES (17,182);
INSERT INTO "PersonName" (person_id,name_id) VALUES (18,219);
INSERT INTO "PersonName" (person_id,name_id) VALUES (19,275);
INSERT INTO "PersonName" (person_id,name_id) VALUES (20,166);
INSERT INTO "PersonName" (person_id,name_id) VALUES (21,255);
INSERT INTO "PersonName" (person_id,name_id) VALUES (22,13);
INSERT INTO "PersonName" (person_id,name_id) VALUES (23,313);
INSERT INTO "PersonName" (person_id,name_id) VALUES (24,194);
INSERT INTO "PersonName" (person_id,name_id) VALUES (25,171);
INSERT INTO "PersonName" (person_id,name_id) VALUES (26,227);
INSERT INTO "PersonName" (person_id,name_id) VALUES (27,312);
INSERT INTO "PersonName" (person_id,name_id) VALUES (28,144);
INSERT INTO "PersonName" (person_id,name_id) VALUES (29,54);
INSERT INTO "PersonName" (person_id,name_id) VALUES (30,304);
INSERT INTO "PersonName" (person_id,name_id) VALUES (31,113);
INSERT INTO "PersonName" (person_id,name_id) VALUES (32,190);
INSERT INTO "PersonName" (person_id,name_id) VALUES (33,331);
INSERT INTO "PersonName" (person_id,name_id) VALUES (34,93);
INSERT INTO "PersonName" (person_id,name_id) VALUES (35,309);
INSERT INTO "PersonName" (person_id,name_id) VALUES (36,239);
INSERT INTO "PersonName" (person_id,name_id) VALUES (37,47);
INSERT INTO "PersonName" (person_id,name_id) VALUES (38,40);
INSERT INTO "PersonName" (person_id,name_id) VALUES (39,90);
INSERT INTO "PersonName" (person_id,name_id) VALUES (40,260);
INSERT INTO "PersonName" (person_id,name_id) VALUES (41,274);
INSERT INTO "PersonName" (person_id,name_id) VALUES (42,39);
INSERT INTO "PersonName" (person_id,name_id) VALUES (43,287);
INSERT INTO "PersonName" (person_id,name_id) VALUES (44,317);
INSERT INTO "PersonName" (person_id,name_id) VALUES (45,156);
INSERT INTO "PersonName" (person_id,name_id) VALUES (46,306);
INSERT INTO "PersonName" (person_id,name_id) VALUES (47,111);
INSERT INTO "PersonName" (person_id,name_id) VALUES (48,229);
INSERT INTO "PersonName" (person_id,name_id) VALUES (49,295);
INSERT INTO "PersonName" (person_id,name_id) VALUES (50,114);
INSERT INTO "PersonName" (person_id,name_id) VALUES (51,11);
INSERT INTO "PersonName" (person_id,name_id) VALUES (52,206);
INSERT INTO "PersonName" (person_id,name_id) VALUES (53,131);
INSERT INTO "PersonName" (person_id,name_id) VALUES (54,213);
INSERT INTO "PersonName" (person_id,name_id) VALUES (55,195);
INSERT INTO "PersonName" (person_id,name_id) VALUES (56,121);
INSERT INTO "PersonName" (person_id,name_id) VALUES (57,358);
INSERT INTO "PersonName" (person_id,name_id) VALUES (58,17);
INSERT INTO "PersonName" (person_id,name_id) VALUES (59,283);
INSERT INTO "PersonName" (person_id,name_id) VALUES (60,310);
INSERT INTO "PersonName" (person_id,name_id) VALUES (61,128);
INSERT INTO "PersonName" (person_id,name_id) VALUES (62,203);
INSERT INTO "PersonName" (person_id,name_id) VALUES (63,281);
INSERT INTO "PersonName" (person_id,name_id) VALUES (64,153);
INSERT INTO "PersonName" (person_id,name_id) VALUES (65,122);
INSERT INTO "PersonName" (person_id,name_id) VALUES (66,231);
INSERT INTO "PersonName" (person_id,name_id) VALUES (67,110);
INSERT INTO "PersonName" (person_id,name_id) VALUES (68,334);
INSERT INTO "PersonName" (person_id,name_id) VALUES (69,319);
INSERT INTO "PersonName" (person_id,name_id) VALUES (70,107);
INSERT INTO "PersonName" (person_id,name_id) VALUES (71,202);
INSERT INTO "PersonName" (person_id,name_id) VALUES (72,150);
INSERT INTO "PersonName" (person_id,name_id) VALUES (73,76);
INSERT INTO "PersonName" (person_id,name_id) VALUES (74,235);
INSERT INTO "PersonName" (person_id,name_id) VALUES (75,155);
INSERT INTO "PersonName" (person_id,name_id) VALUES (76,157);
INSERT INTO "PersonName" (person_id,name_id) VALUES (77,18);
INSERT INTO "PersonName" (person_id,name_id) VALUES (78,200);
INSERT INTO "PersonName" (person_id,name_id) VALUES (79,340);
INSERT INTO "PersonName" (person_id,name_id) VALUES (80,70);
INSERT INTO "PersonName" (person_id,name_id) VALUES (81,298);
INSERT INTO "PersonName" (person_id,name_id) VALUES (82,102);
INSERT INTO "PersonName" (person_id,name_id) VALUES (83,4);
INSERT INTO "PersonName" (person_id,name_id) VALUES (84,242);
INSERT INTO "PersonName" (person_id,name_id) VALUES (85,174);
INSERT INTO "PersonName" (person_id,name_id) VALUES (86,69);
INSERT INTO "PersonName" (person_id,name_id) VALUES (87,216);
INSERT INTO "PersonName" (person_id,name_id) VALUES (88,183);
INSERT INTO "PersonName" (person_id,name_id) VALUES (89,267);
INSERT INTO "PersonName" (person_id,name_id) VALUES (90,271);
INSERT INTO "PersonName" (person_id,name_id) VALUES (91,22);
INSERT INTO "PersonName" (person_id,name_id) VALUES (92,74);
INSERT INTO "PersonName" (person_id,name_id) VALUES (93,278);
INSERT INTO "PersonName" (person_id,name_id) VALUES (94,108);
INSERT INTO "PersonName" (person_id,name_id) VALUES (95,221);
INSERT INTO "PersonName" (person_id,name_id) VALUES (96,355);
INSERT INTO "PersonName" (person_id,name_id) VALUES (97,29);
INSERT INTO "PersonName" (person_id,name_id) VALUES (98,300);
INSERT INTO "PersonName" (person_id,name_id) VALUES (99,328);
INSERT INTO "PersonName" (person_id,name_id) VALUES (100,78);
INSERT INTO "PersonName" (person_id,name_id) VALUES (101,240);
INSERT INTO "PersonName" (person_id,name_id) VALUES (102,314);
INSERT INTO "PersonName" (person_id,name_id) VALUES (103,50);
INSERT INTO "PersonName" (person_id,name_id) VALUES (104,151);
INSERT INTO "PersonName" (person_id,name_id) VALUES (105,311);
INSERT INTO "PersonName" (person_id,name_id) VALUES (106,10);
INSERT INTO "PersonName" (person_id,name_id) VALUES (107,273);
INSERT INTO "PersonName" (person_id,name_id) VALUES (108,188);
INSERT INTO "PersonName" (person_id,name_id) VALUES (109,41);
INSERT INTO "PersonName" (person_id,name_id) VALUES (110,172);
INSERT INTO "PersonName" (person_id,name_id) VALUES (111,193);
INSERT INTO "PersonName" (person_id,name_id) VALUES (112,88);
INSERT INTO "PersonName" (person_id,name_id) VALUES (113,91);
INSERT INTO "PersonName" (person_id,name_id) VALUES (114,330);
INSERT INTO "PersonName" (person_id,name_id) VALUES (115,16);
INSERT INTO "PersonName" (person_id,name_id) VALUES (116,24);
INSERT INTO "PersonName" (person_id,name_id) VALUES (117,270);
INSERT INTO "PersonName" (person_id,name_id) VALUES (118,35);
INSERT INTO "PersonName" (person_id,name_id) VALUES (119,264);
INSERT INTO "PersonName" (person_id,name_id) VALUES (120,173);
INSERT INTO "PersonName" (person_id,name_id) VALUES (121,266);
INSERT INTO "PersonName" (person_id,name_id) VALUES (122,184);
INSERT INTO "PersonName" (person_id,name_id) VALUES (123,225);
INSERT INTO "PersonName" (person_id,name_id) VALUES (124,366);
INSERT INTO "PersonName" (person_id,name_id) VALUES (125,161);
INSERT INTO "PersonName" (person_id,name_id) VALUES (126,28);
INSERT INTO "PersonName" (person_id,name_id) VALUES (127,269);
INSERT INTO "PersonName" (person_id,name_id) VALUES (128,23);
INSERT INTO "PersonName" (person_id,name_id) VALUES (129,56);
INSERT INTO "PersonName" (person_id,name_id) VALUES (130,356);
INSERT INTO "PersonName" (person_id,name_id) VALUES (131,85);
INSERT INTO "PersonName" (person_id,name_id) VALUES (132,63);
INSERT INTO "PersonName" (person_id,name_id) VALUES (133,207);
INSERT INTO "PersonName" (person_id,name_id) VALUES (134,109);
INSERT INTO "PersonName" (person_id,name_id) VALUES (135,96);
INSERT INTO "PersonName" (person_id,name_id) VALUES (136,321);
INSERT INTO "PersonName" (person_id,name_id) VALUES (137,354);
INSERT INTO "PersonName" (person_id,name_id) VALUES (138,208);
INSERT INTO "PersonName" (person_id,name_id) VALUES (139,136);
INSERT INTO "PersonName" (person_id,name_id) VALUES (140,349);
INSERT INTO "PersonName" (person_id,name_id) VALUES (141,66);
INSERT INTO "PersonName" (person_id,name_id) VALUES (142,196);
INSERT INTO "PersonName" (person_id,name_id) VALUES (143,244);
INSERT INTO "PersonName" (person_id,name_id) VALUES (144,211);
INSERT INTO "PersonName" (person_id,name_id) VALUES (145,134);
INSERT INTO "PersonName" (person_id,name_id) VALUES (146,222);
INSERT INTO "PersonName" (person_id,name_id) VALUES (147,359);
INSERT INTO "PersonName" (person_id,name_id) VALUES (148,320);
INSERT INTO "PersonName" (person_id,name_id) VALUES (149,80);
INSERT INTO "PersonName" (person_id,name_id) VALUES (150,341);
INSERT INTO "PersonName" (person_id,name_id) VALUES (151,353);
INSERT INTO "PersonName" (person_id,name_id) VALUES (152,73);
INSERT INTO "PersonName" (person_id,name_id) VALUES (153,262);
INSERT INTO "PersonName" (person_id,name_id) VALUES (154,64);
INSERT INTO "PersonName" (person_id,name_id) VALUES (155,333);
INSERT INTO "PersonName" (person_id,name_id) VALUES (156,43);
INSERT INTO "PersonName" (person_id,name_id) VALUES (157,162);
INSERT INTO "PersonName" (person_id,name_id) VALUES (158,259);
INSERT INTO "PersonName" (person_id,name_id) VALUES (159,137);
INSERT INTO "PersonName" (person_id,name_id) VALUES (160,327);
INSERT INTO "PersonName" (person_id,name_id) VALUES (161,201);
INSERT INTO "PersonName" (person_id,name_id) VALUES (162,237);
INSERT INTO "PersonName" (person_id,name_id) VALUES (163,290);
INSERT INTO "PersonName" (person_id,name_id) VALUES (164,181);
INSERT INTO "PersonName" (person_id,name_id) VALUES (165,325);
INSERT INTO "PersonName" (person_id,name_id) VALUES (166,186);
INSERT INTO "PersonName" (person_id,name_id) VALUES (167,256);
INSERT INTO "PersonName" (person_id,name_id) VALUES (168,214);
INSERT INTO "PersonName" (person_id,name_id) VALUES (169,100);
INSERT INTO "PersonName" (person_id,name_id) VALUES (170,230);
INSERT INTO "PersonName" (person_id,name_id) VALUES (171,212);
INSERT INTO "PersonName" (person_id,name_id) VALUES (172,27);
INSERT INTO "PersonName" (person_id,name_id) VALUES (173,135);
INSERT INTO "PersonName" (person_id,name_id) VALUES (174,192);
INSERT INTO "PersonName" (person_id,name_id) VALUES (175,68);
INSERT INTO "PersonName" (person_id,name_id) VALUES (176,289);
INSERT INTO "PersonName" (person_id,name_id) VALUES (177,293);
INSERT INTO "PersonName" (person_id,name_id) VALUES (178,226);
INSERT INTO "PersonName" (person_id,name_id) VALUES (179,8);
INSERT INTO "PersonName" (person_id,name_id) VALUES (180,291);
INSERT INTO "PersonName" (person_id,name_id) VALUES (181,339);
INSERT INTO "PersonName" (person_id,name_id) VALUES (182,104);
INSERT INTO "PersonName" (person_id,name_id) VALUES (183,367);
INSERT INTO "PersonName" (person_id,name_id) VALUES (184,284);
INSERT INTO "PersonName" (person_id,name_id) VALUES (185,119);
--------------------------PersonOccupation--------------------------
INSERT INTO "PersonOccupation" (person_id,occup_id) VALUES (0,861);
INSERT INTO "PersonOccupation" (person_id,occup_id) VALUES (1,334);
INSERT INTO "PersonOccupation" (person_id,occup_id) VALUES (2,642);
INSERT INTO "PersonOccupation" (person_id,occup_id) VALUES (3,814);
INSERT INTO "PersonOccupation" (person_id,occup_id) VALUES (4,772);
INSERT INTO "PersonOccupation" (person_id,occup_id) VALUES (5,719);
INSERT INTO "PersonOccupation" (person_id,occup_id) VALUES (6,251);
INSERT INTO "PersonOccupation" (person_id,occup_id) VALUES (7,638);
INSERT INTO "PersonOccupation" (person_id,occup_id) VALUES (8,413);
INSERT INTO "PersonOccupation" (person_id,occup_id) VALUES (9,350);
INSERT INTO "PersonOccupation" (person_id,occup_id) VALUES (10,426);
INSERT INTO "PersonOccupation" (person_id,occup_id) VALUES (11,505);
INSERT INTO "PersonOccupation" (person_id,occup_id) VALUES (12,480);
INSERT INTO "PersonOccupation" (person_id,occup_id) VALUES (13,683);
INSERT INTO "PersonOccupation" (person_id,occup_id) VALUES (14,594);
INSERT INTO "PersonOccupation" (person_id,occup_id) VALUES (15,668);
INSERT INTO "PersonOccupation" (person_id,occup_id) VALUES (16,427);
INSERT INTO "PersonOccupation" (person_id,occup_id) VALUES (17,842);
INSERT INTO "PersonOccupation" (person_id,occup_id) VALUES (18,43);
INSERT INTO "PersonOccupation" (person_id,occup_id) VALUES (19,236);
INSERT INTO "PersonOccupation" (person_id,occup_id) VALUES (20,492);
INSERT INTO "PersonOccupation" (person_id,occup_id) VALUES (21,249);
INSERT INTO "PersonOccupation" (person_id,occup_id) VALUES (22,301);
INSERT INTO "PersonOccupation" (person_id,occup_id) VALUES (23,193);
INSERT INTO "PersonOccupation" (person_id,occup_id) VALUES (24,328);
INSERT INTO "PersonOccupation" (person_id,occup_id) VALUES (25,622);
INSERT INTO "PersonOccupation" (person_id,occup_id) VALUES (26,488);
INSERT INTO "PersonOccupation" (person_id,occup_id) VALUES (27,127);
INSERT INTO "PersonOccupation" (person_id,occup_id) VALUES (28,682);
INSERT INTO "PersonOccupation" (person_id,occup_id) VALUES (29,863);
INSERT INTO "PersonOccupation" (person_id,occup_id) VALUES (30,455);
INSERT INTO "PersonOccupation" (person_id,occup_id) VALUES (31,382);
INSERT INTO "PersonOccupation" (person_id,occup_id) VALUES (32,554);
INSERT INTO "PersonOccupation" (person_id,occup_id) VALUES (33,794);
INSERT INTO "PersonOccupation" (person_id,occup_id) VALUES (34,139);
INSERT INTO "PersonOccupation" (person_id,occup_id) VALUES (35,386);
INSERT INTO "PersonOccupation" (person_id,occup_id) VALUES (36,393);
INSERT INTO "PersonOccupation" (person_id,occup_id) VALUES (37,276);
INSERT INTO "PersonOccupation" (person_id,occup_id) VALUES (38,709);
INSERT INTO "PersonOccupation" (person_id,occup_id) VALUES (39,6);
INSERT INTO "PersonOccupation" (person_id,occup_id) VALUES (40,636);
INSERT INTO "PersonOccupation" (person_id,occup_id) VALUES (41,775);
INSERT INTO "PersonOccupation" (person_id,occup_id) VALUES (42,202);
INSERT INTO "PersonOccupation" (person_id,occup_id) VALUES (43,269);
INSERT INTO "PersonOccupation" (person_id,occup_id) VALUES (44,736);
INSERT INTO "PersonOccupation" (person_id,occup_id) VALUES (45,312);
INSERT INTO "PersonOccupation" (person_id,occup_id) VALUES (46,8);
INSERT INTO "PersonOccupation" (person_id,occup_id) VALUES (47,217);
INSERT INTO "PersonOccupation" (person_id,occup_id) VALUES (48,580);
INSERT INTO "PersonOccupation" (person_id,occup_id) VALUES (49,225);
INSERT INTO "PersonOccupation" (person_id,occup_id) VALUES (50,103);
INSERT INTO "PersonOccupation" (person_id,occup_id) VALUES (51,552);
INSERT INTO "PersonOccupation" (person_id,occup_id) VALUES (52,370);
INSERT INTO "PersonOccupation" (person_id,occup_id) VALUES (53,665);
INSERT INTO "PersonOccupation" (person_id,occup_id) VALUES (54,728);
INSERT INTO "PersonOccupation" (person_id,occup_id) VALUES (55,569);
INSERT INTO "PersonOccupation" (person_id,occup_id) VALUES (56,143);
INSERT INTO "PersonOccupation" (person_id,occup_id) VALUES (57,351);
INSERT INTO "PersonOccupation" (person_id,occup_id) VALUES (58,45);
INSERT INTO "PersonOccupation" (person_id,occup_id) VALUES (59,7);
INSERT INTO "PersonOccupation" (person_id,occup_id) VALUES (60,809);
INSERT INTO "PersonOccupation" (person_id,occup_id) VALUES (61,511);
INSERT INTO "PersonOccupation" (person_id,occup_id) VALUES (62,130);
INSERT INTO "PersonOccupation" (person_id,occup_id) VALUES (63,308);
INSERT INTO "PersonOccupation" (person_id,occup_id) VALUES (64,20);
INSERT INTO "PersonOccupation" (person_id,occup_id) VALUES (65,390);
INSERT INTO "PersonOccupation" (person_id,occup_id) VALUES (66,869);
INSERT INTO "PersonOccupation" (person_id,occup_id) VALUES (67,99);
INSERT INTO "PersonOccupation" (person_id,occup_id) VALUES (68,833);
INSERT INTO "PersonOccupation" (person_id,occup_id) VALUES (69,483);
INSERT INTO "PersonOccupation" (person_id,occup_id) VALUES (70,443);
INSERT INTO "PersonOccupation" (person_id,occup_id) VALUES (71,76);
INSERT INTO "PersonOccupation" (person_id,occup_id) VALUES (72,599);
INSERT INTO "PersonOccupation" (person_id,occup_id) VALUES (73,79);
INSERT INTO "PersonOccupation" (person_id,occup_id) VALUES (74,514);
INSERT INTO "PersonOccupation" (person_id,occup_id) VALUES (75,585);
INSERT INTO "PersonOccupation" (person_id,occup_id) VALUES (76,61);
INSERT INTO "PersonOccupation" (person_id,occup_id) VALUES (77,849);
INSERT INTO "PersonOccupation" (person_id,occup_id) VALUES (78,609);
INSERT INTO "PersonOccupation" (person_id,occup_id) VALUES (79,616);
INSERT INTO "PersonOccupation" (person_id,occup_id) VALUES (80,600);
INSERT INTO "PersonOccupation" (person_id,occup_id) VALUES (81,695);
INSERT INTO "PersonOccupation" (person_id,occup_id) VALUES (82,685);
INSERT INTO "PersonOccupation" (person_id,occup_id) VALUES (83,259);
INSERT INTO "PersonOccupation" (person_id,occup_id) VALUES (84,757);
INSERT INTO "PersonOccupation" (person_id,occup_id) VALUES (85,355);
INSERT INTO "PersonOccupation" (person_id,occup_id) VALUES (86,482);
INSERT INTO "PersonOccupation" (person_id,occup_id) VALUES (87,124);
INSERT INTO "PersonOccupation" (person_id,occup_id) VALUES (88,526);
INSERT INTO "PersonOccupation" (person_id,occup_id) VALUES (89,147);
INSERT INTO "PersonOccupation" (person_id,occup_id) VALUES (90,724);
INSERT INTO "PersonOccupation" (person_id,occup_id) VALUES (91,827);
INSERT INTO "PersonOccupation" (person_id,occup_id) VALUES (92,265);
INSERT INTO "PersonOccupation" (person_id,occup_id) VALUES (93,320);
INSERT INTO "PersonOccupation" (person_id,occup_id) VALUES (94,423);
INSERT INTO "PersonOccupation" (person_id,occup_id) VALUES (95,80);
INSERT INTO "PersonOccupation" (person_id,occup_id) VALUES (96,357);
INSERT INTO "PersonOccupation" (person_id,occup_id) VALUES (97,172);
INSERT INTO "PersonOccupation" (person_id,occup_id) VALUES (98,643);
INSERT INTO "PersonOccupation" (person_id,occup_id) VALUES (99,391);
INSERT INTO "PersonOccupation" (person_id,occup_id) VALUES (100,112);
INSERT INTO "PersonOccupation" (person_id,occup_id) VALUES (101,399);
INSERT INTO "PersonOccupation" (person_id,occup_id) VALUES (102,460);
INSERT INTO "PersonOccupation" (person_id,occup_id) VALUES (103,684);
INSERT INTO "PersonOccupation" (person_id,occup_id) VALUES (104,855);
INSERT INTO "PersonOccupation" (person_id,occup_id) VALUES (105,412);
INSERT INTO "PersonOccupation" (person_id,occup_id) VALUES (106,362);
INSERT INTO "PersonOccupation" (person_id,occup_id) VALUES (107,23);
INSERT INTO "PersonOccupation" (person_id,occup_id) VALUES (108,274);
INSERT INTO "PersonOccupation" (person_id,occup_id) VALUES (109,340);
INSERT INTO "PersonOccupation" (person_id,occup_id) VALUES (110,411);
INSERT INTO "PersonOccupation" (person_id,occup_id) VALUES (111,607);
INSERT INTO "PersonOccupation" (person_id,occup_id) VALUES (112,363);
INSERT INTO "PersonOccupation" (person_id,occup_id) VALUES (113,537);
INSERT INTO "PersonOccupation" (person_id,occup_id) VALUES (114,436);
INSERT INTO "PersonOccupation" (person_id,occup_id) VALUES (115,4);
INSERT INTO "PersonOccupation" (person_id,occup_id) VALUES (116,629);
INSERT INTO "PersonOccupation" (person_id,occup_id) VALUES (117,885);
INSERT INTO "PersonOccupation" (person_id,occup_id) VALUES (118,762);
INSERT INTO "PersonOccupation" (person_id,occup_id) VALUES (119,527);
INSERT INTO "PersonOccupation" (person_id,occup_id) VALUES (120,212);
INSERT INTO "PersonOccupation" (person_id,occup_id) VALUES (121,218);
INSERT INTO "PersonOccupation" (person_id,occup_id) VALUES (122,5);
INSERT INTO "PersonOccupation" (person_id,occup_id) VALUES (123,356);
INSERT INTO "PersonOccupation" (person_id,occup_id) VALUES (124,854);
INSERT INTO "PersonOccupation" (person_id,occup_id) VALUES (125,341);
INSERT INTO "PersonOccupation" (person_id,occup_id) VALUES (126,419);
INSERT INTO "PersonOccupation" (person_id,occup_id) VALUES (127,40);
INSERT INTO "PersonOccupation" (person_id,occup_id) VALUES (128,113);
INSERT INTO "PersonOccupation" (person_id,occup_id) VALUES (129,690);
INSERT INTO "PersonOccupation" (person_id,occup_id) VALUES (130,874);
INSERT INTO "PersonOccupation" (person_id,occup_id) VALUES (131,352);
INSERT INTO "PersonOccupation" (person_id,occup_id) VALUES (132,654);
INSERT INTO "PersonOccupation" (person_id,occup_id) VALUES (133,333);
INSERT INTO "PersonOccupation" (person_id,occup_id) VALUES (134,140);
INSERT INTO "PersonOccupation" (person_id,occup_id) VALUES (135,806);
INSERT INTO "PersonOccupation" (person_id,occup_id) VALUES (136,125);
INSERT INTO "PersonOccupation" (person_id,occup_id) VALUES (137,773);
INSERT INTO "PersonOccupation" (person_id,occup_id) VALUES (138,229);
INSERT INTO "PersonOccupation" (person_id,occup_id) VALUES (139,532);
INSERT INTO "PersonOccupation" (person_id,occup_id) VALUES (140,547);
INSERT INTO "PersonOccupation" (person_id,occup_id) VALUES (141,519);
INSERT INTO "PersonOccupation" (person_id,occup_id) VALUES (142,420);
INSERT INTO "PersonOccupation" (person_id,occup_id) VALUES (143,3);
INSERT INTO "PersonOccupation" (person_id,occup_id) VALUES (144,512);
INSERT INTO "PersonOccupation" (person_id,occup_id) VALUES (145,29);
INSERT INTO "PersonOccupation" (person_id,occup_id) VALUES (146,92);
INSERT INTO "PersonOccupation" (person_id,occup_id) VALUES (147,108);
INSERT INTO "PersonOccupation" (person_id,occup_id) VALUES (148,693);
INSERT INTO "PersonOccupation" (person_id,occup_id) VALUES (149,304);
INSERT INTO "PersonOccupation" (person_id,occup_id) VALUES (150,882);
INSERT INTO "PersonOccupation" (person_id,occup_id) VALUES (151,820);
INSERT INTO "PersonOccupation" (person_id,occup_id) VALUES (152,830);
INSERT INTO "PersonOccupation" (person_id,occup_id) VALUES (153,213);
INSERT INTO "PersonOccupation" (person_id,occup_id) VALUES (154,415);
INSERT INTO "PersonOccupation" (person_id,occup_id) VALUES (155,767);
INSERT INTO "PersonOccupation" (person_id,occup_id) VALUES (156,10);
INSERT INTO "PersonOccupation" (person_id,occup_id) VALUES (157,302);
INSERT INTO "PersonOccupation" (person_id,occup_id) VALUES (158,823);
INSERT INTO "PersonOccupation" (person_id,occup_id) VALUES (159,496);
INSERT INTO "PersonOccupation" (person_id,occup_id) VALUES (160,624);
INSERT INTO "PersonOccupation" (person_id,occup_id) VALUES (161,876);
INSERT INTO "PersonOccupation" (person_id,occup_id) VALUES (162,166);
INSERT INTO "PersonOccupation" (person_id,occup_id) VALUES (163,216);
INSERT INTO "PersonOccupation" (person_id,occup_id) VALUES (164,560);
INSERT INTO "PersonOccupation" (person_id,occup_id) VALUES (165,811);
INSERT INTO "PersonOccupation" (person_id,occup_id) VALUES (166,481);
INSERT INTO "PersonOccupation" (person_id,occup_id) VALUES (167,743);
INSERT INTO "PersonOccupation" (person_id,occup_id) VALUES (168,452);
INSERT INTO "PersonOccupation" (person_id,occup_id) VALUES (169,164);
INSERT INTO "PersonOccupation" (person_id,occup_id) VALUES (170,710);
INSERT INTO "PersonOccupation" (person_id,occup_id) VALUES (171,846);
INSERT INTO "PersonOccupation" (person_id,occup_id) VALUES (172,651);
INSERT INTO "PersonOccupation" (person_id,occup_id) VALUES (173,118);
INSERT INTO "PersonOccupation" (person_id,occup_id) VALUES (174,190);
INSERT INTO "PersonOccupation" (person_id,occup_id) VALUES (175,530);
INSERT INTO "PersonOccupation" (person_id,occup_id) VALUES (176,287);
INSERT INTO "PersonOccupation" (person_id,occup_id) VALUES (177,578);
INSERT INTO "PersonOccupation" (person_id,occup_id) VALUES (178,279);
INSERT INTO "PersonOccupation" (person_id,occup_id) VALUES (179,680);
INSERT INTO "PersonOccupation" (person_id,occup_id) VALUES (180,183);
INSERT INTO "PersonOccupation" (person_id,occup_id) VALUES (181,801);
INSERT INTO "PersonOccupation" (person_id,occup_id) VALUES (182,766);
INSERT INTO "PersonOccupation" (person_id,occup_id) VALUES (183,345);
INSERT INTO "PersonOccupation" (person_id,occup_id) VALUES (184,53);
INSERT INTO "PersonOccupation" (person_id,occup_id) VALUES (185,780);
--------------------------Marriage--------------------------
INSERT INTO "Marriage" (_id_marriage,rec_ready,rec_order,scan_order,scan_layout,date,village,groom_y,groom_m,groom_d,bride_y,bride_m,bride_d,groom_adult,bride_adult,relationship,banns_1,banns_2,banns_3,user_id,register_id,groom_id,bride_id,officiant_id) VALUES (0,true,149,685,'P','1854-01-09','Ústí nad Labem',27,3,13,25,10,1,true,true,'ano','banns1','banns2','banns3',1,1,92,170,1);
--------------------------Witness--------------------------
INSERT INTO "Witness" (person_id,marriage_id,side,relationship) VALUES (136,0,'ženicha','přítel');
INSERT INTO "Witness" (person_id,marriage_id,side,relationship) VALUES (21,0,'ženicha','jiné');
INSERT INTO "Witness" (person_id,marriage_id,side,relationship) VALUES (26,0,'nevěsty','jiné');
INSERT INTO "Witness" (person_id,marriage_id,side,relationship) VALUES (25,0,'nevěsty','sourozenec');
INSERT INTO "Marriage" (_id_marriage,rec_ready,rec_order,scan_order,scan_layout,date,village,groom_y,groom_m,groom_d,bride_y,bride_m,bride_d,groom_adult,bride_adult,relationship,banns_1,banns_2,banns_3,user_id,register_id,groom_id,bride_id,officiant_id) VALUES (1,true,778,141,'L','1855-06-06','Ústí nad Labem',18,0,12,23,12,3,true,true,'ne','banns1','banns2','banns3',1,1,15,32,1);
--------------------------Witness--------------------------
INSERT INTO "Witness" (person_id,marriage_id,side,relationship) VALUES (121,1,'ženicha','jiné');
INSERT INTO "Witness" (person_id,marriage_id,side,relationship) VALUES (181,1,'ženicha','jiné');
INSERT INTO "Witness" (person_id,marriage_id,side,relationship) VALUES (105,1,'nevěsty','sourozenec');
INSERT INTO "Witness" (person_id,marriage_id,side,relationship) VALUES (33,1,'nevěsty','jiné');
INSERT INTO "Marriage" (_id_marriage,rec_ready,rec_order,scan_order,scan_layout,date,village,groom_y,groom_m,groom_d,bride_y,bride_m,bride_d,groom_adult,bride_adult,relationship,banns_1,banns_2,banns_3,user_id,register_id,groom_id,bride_id,officiant_id) VALUES (2,false,457,974,'P','1855-10-27','Plzeň',28,0,8,27,7,25,true,true,'ne','banns1','banns2','banns3',1,1,51,101,1);
--------------------------Witness--------------------------
INSERT INTO "Witness" (person_id,marriage_id,side,relationship) VALUES (78,2,'ženicha','sourozenec');
INSERT INTO "Witness" (person_id,marriage_id,side,relationship) VALUES (42,2,'ženicha','sourozenec');
INSERT INTO "Witness" (person_id,marriage_id,side,relationship) VALUES (20,2,'nevěsty','sourozenec');
INSERT INTO "Witness" (person_id,marriage_id,side,relationship) VALUES (80,2,'nevěsty','jiné');
INSERT INTO "Marriage" (_id_marriage,rec_ready,rec_order,scan_order,scan_layout,date,village,groom_y,groom_m,groom_d,bride_y,bride_m,bride_d,groom_adult,bride_adult,relationship,banns_1,banns_2,banns_3,user_id,register_id,groom_id,bride_id,officiant_id) VALUES (3,true,789,441,'C','1844-10-22','Plzeň',8,4,18,16,3,18,true,true,'ne','banns1','banns2','banns3',1,1,76,21,1);
--------------------------Witness--------------------------
INSERT INTO "Witness" (person_id,marriage_id,side,relationship) VALUES (67,3,'ženicha','sourozenec');
INSERT INTO "Witness" (person_id,marriage_id,side,relationship) VALUES (20,3,'ženicha','jiné');
INSERT INTO "Witness" (person_id,marriage_id,side,relationship) VALUES (180,3,'nevěsty','přítel');
INSERT INTO "Witness" (person_id,marriage_id,side,relationship) VALUES (131,3,'nevěsty','jiné');
INSERT INTO "Marriage" (_id_marriage,rec_ready,rec_order,scan_order,scan_layout,date,village,groom_y,groom_m,groom_d,bride_y,bride_m,bride_d,groom_adult,bride_adult,relationship,banns_1,banns_2,banns_3,user_id,register_id,groom_id,bride_id,officiant_id) VALUES (4,true,318,16,'L','1856-09-10','Liberec',23,2,29,28,6,1,true,true,'ne','banns1','banns2','banns3',1,1,110,170,1);
--------------------------Witness--------------------------
INSERT INTO "Witness" (person_id,marriage_id,side,relationship) VALUES (82,4,'ženicha','sourozenec');
INSERT INTO "Witness" (person_id,marriage_id,side,relationship) VALUES (61,4,'ženicha','sourozenec');
INSERT INTO "Witness" (person_id,marriage_id,side,relationship) VALUES (29,4,'nevěsty','sourozenec');
INSERT INTO "Witness" (person_id,marriage_id,side,relationship) VALUES (38,4,'nevěsty','přítel');
INSERT INTO "Marriage" (_id_marriage,rec_ready,rec_order,scan_order,scan_layout,date,village,groom_y,groom_m,groom_d,bride_y,bride_m,bride_d,groom_adult,bride_adult,relationship,banns_1,banns_2,banns_3,user_id,register_id,groom_id,bride_id,officiant_id) VALUES (5,true,731,316,'P','1848-05-13','Ostrava',20,4,11,14,9,7,true,true,'ne','banns1','banns2','banns3',1,1,12,176,1);
--------------------------Witness--------------------------
INSERT INTO "Witness" (person_id,marriage_id,side,relationship) VALUES (108,5,'ženicha','jiné');
INSERT INTO "Witness" (person_id,marriage_id,side,relationship) VALUES (30,5,'ženicha','jiné');
INSERT INTO "Witness" (person_id,marriage_id,side,relationship) VALUES (178,5,'nevěsty','sourozenec');
INSERT INTO "Witness" (person_id,marriage_id,side,relationship) VALUES (66,5,'nevěsty','přítel');
INSERT INTO "Marriage" (_id_marriage,rec_ready,rec_order,scan_order,scan_layout,date,village,groom_y,groom_m,groom_d,bride_y,bride_m,bride_d,groom_adult,bride_adult,relationship,banns_1,banns_2,banns_3,user_id,register_id,groom_id,bride_id,officiant_id) VALUES (6,false,802,581,'C','1859-02-04','Kladno',25,7,26,30,10,28,true,true,'ne','banns1','banns2','banns3',1,1,110,170,1);
--------------------------Witness--------------------------
INSERT INTO "Witness" (person_id,marriage_id,side,relationship) VALUES (115,6,'ženicha','sourozenec');
INSERT INTO "Witness" (person_id,marriage_id,side,relationship) VALUES (70,6,'ženicha','jiné');
INSERT INTO "Witness" (person_id,marriage_id,side,relationship) VALUES (76,6,'nevěsty','sourozenec');
INSERT INTO "Witness" (person_id,marriage_id,side,relationship) VALUES (52,6,'nevěsty','sourozenec');
INSERT INTO "Marriage" (_id_marriage,rec_ready,rec_order,scan_order,scan_layout,date,village,groom_y,groom_m,groom_d,bride_y,bride_m,bride_d,groom_adult,bride_adult,relationship,banns_1,banns_2,banns_3,user_id,register_id,groom_id,bride_id,officiant_id) VALUES (7,true,767,282,'L','1856-04-28','Ostrava',30,7,21,28,7,22,true,true,'ne','banns1','banns2','banns3',1,1,116,165,1);
--------------------------Witness--------------------------
INSERT INTO "Witness" (person_id,marriage_id,side,relationship) VALUES (178,7,'ženicha','přítel');
INSERT INTO "Witness" (person_id,marriage_id,side,relationship) VALUES (30,7,'ženicha','jiné');
INSERT INTO "Witness" (person_id,marriage_id,side,relationship) VALUES (74,7,'nevěsty','jiné');
INSERT INTO "Witness" (person_id,marriage_id,side,relationship) VALUES (60,7,'nevěsty','sourozenec');
INSERT INTO "Marriage" (_id_marriage,rec_ready,rec_order,scan_order,scan_layout,date,village,groom_y,groom_m,groom_d,bride_y,bride_m,bride_d,groom_adult,bride_adult,relationship,banns_1,banns_2,banns_3,user_id,register_id,groom_id,bride_id,officiant_id) VALUES (8,true,911,834,'C','1869-02-26','Ostrava',29,5,4,30,10,27,true,true,'ne','banns1','banns2','banns3',1,1,29,43,1);
--------------------------Witness--------------------------
INSERT INTO "Witness" (person_id,marriage_id,side,relationship) VALUES (74,8,'ženicha','přítel');
INSERT INTO "Witness" (person_id,marriage_id,side,relationship) VALUES (170,8,'ženicha','přítel');
INSERT INTO "Witness" (person_id,marriage_id,side,relationship) VALUES (158,8,'nevěsty','jiné');
INSERT INTO "Witness" (person_id,marriage_id,side,relationship) VALUES (142,8,'nevěsty','jiné');
INSERT INTO "Marriage" (_id_marriage,rec_ready,rec_order,scan_order,scan_layout,date,village,groom_y,groom_m,groom_d,bride_y,bride_m,bride_d,groom_adult,bride_adult,relationship,banns_1,banns_2,banns_3,user_id,register_id,groom_id,bride_id,officiant_id) VALUES (9,true,806,946,'L','1855-07-06','Praha',15,9,10,17,2,28,true,true,'ne','banns1','banns2','banns3',1,1,29,43,1);
--------------------------Witness--------------------------
INSERT INTO "Witness" (person_id,marriage_id,side,relationship) VALUES (86,9,'ženicha','jiné');
INSERT INTO "Witness" (person_id,marriage_id,side,relationship) VALUES (141,9,'ženicha','přítel');
INSERT INTO "Witness" (person_id,marriage_id,side,relationship) VALUES (13,9,'nevěsty','přítel');
INSERT INTO "Witness" (person_id,marriage_id,side,relationship) VALUES (7,9,'nevěsty','sourozenec');
INSERT INTO "Marriage" (_id_marriage,rec_ready,rec_order,scan_order,scan_layout,date,village,groom_y,groom_m,groom_d,bride_y,bride_m,bride_d,groom_adult,bride_adult,relationship,banns_1,banns_2,banns_3,user_id,register_id,groom_id,bride_id,officiant_id) VALUES (10,true,911,475,'C','1851-02-21','Ústí nad Labem',14,10,25,20,8,22,true,true,'ano','banns1','banns2','banns3',1,1,135,153,1);
--------------------------Witness--------------------------
INSERT INTO "Witness" (person_id,marriage_id,side,relationship) VALUES (76,10,'ženicha','přítel');
INSERT INTO "Witness" (person_id,marriage_id,side,relationship) VALUES (95,10,'ženicha','sourozenec');
INSERT INTO "Witness" (person_id,marriage_id,side,relationship) VALUES (55,10,'nevěsty','jiné');
INSERT INTO "Witness" (person_id,marriage_id,side,relationship) VALUES (144,10,'nevěsty','přítel');
INSERT INTO "Marriage" (_id_marriage,rec_ready,rec_order,scan_order,scan_layout,date,village,groom_y,groom_m,groom_d,bride_y,bride_m,bride_d,groom_adult,bride_adult,relationship,banns_1,banns_2,banns_3,user_id,register_id,groom_id,bride_id,officiant_id) VALUES (11,true,370,4,'C','1851-05-30','Ostrava',23,4,28,18,2,10,true,true,'ne','banns1','banns2','banns3',1,1,12,68,1);
--------------------------Witness--------------------------
INSERT INTO "Witness" (person_id,marriage_id,side,relationship) VALUES (45,11,'ženicha','jiné');
INSERT INTO "Witness" (person_id,marriage_id,side,relationship) VALUES (14,11,'ženicha','sourozenec');
INSERT INTO "Witness" (person_id,marriage_id,side,relationship) VALUES (149,11,'nevěsty','přítel');
INSERT INTO "Witness" (person_id,marriage_id,side,relationship) VALUES (38,11,'nevěsty','jiné');
INSERT INTO "Marriage" (_id_marriage,rec_ready,rec_order,scan_order,scan_layout,date,village,groom_y,groom_m,groom_d,bride_y,bride_m,bride_d,groom_adult,bride_adult,relationship,banns_1,banns_2,banns_3,user_id,register_id,groom_id,bride_id,officiant_id) VALUES (12,true,335,354,'P','1859-04-16','Olomouc',24,3,13,28,11,17,true,true,'ne','banns1','banns2','banns3',1,1,113,183,1);
--------------------------Witness--------------------------
INSERT INTO "Witness" (person_id,marriage_id,side,relationship) VALUES (84,12,'ženicha','sourozenec');
INSERT INTO "Witness" (person_id,marriage_id,side,relationship) VALUES (119,12,'ženicha','sourozenec');
INSERT INTO "Witness" (person_id,marriage_id,side,relationship) VALUES (64,12,'nevěsty','sourozenec');
INSERT INTO "Witness" (person_id,marriage_id,side,relationship) VALUES (37,12,'nevěsty','přítel');
INSERT INTO "Marriage" (_id_marriage,rec_ready,rec_order,scan_order,scan_layout,date,village,groom_y,groom_m,groom_d,bride_y,bride_m,bride_d,groom_adult,bride_adult,relationship,banns_1,banns_2,banns_3,user_id,register_id,groom_id,bride_id,officiant_id) VALUES (13,true,379,258,'C','1865-11-22','Ostrava',26,1,27,30,11,29,true,true,'ne','banns1','banns2','banns3',1,1,29,46,1);
--------------------------Witness--------------------------
INSERT INTO "Witness" (person_id,marriage_id,side,relationship) VALUES (9,13,'ženicha','přítel');
INSERT INTO "Witness" (person_id,marriage_id,side,relationship) VALUES (67,13,'ženicha','sourozenec');
INSERT INTO "Witness" (person_id,marriage_id,side,relationship) VALUES (174,13,'nevěsty','sourozenec');
INSERT INTO "Witness" (person_id,marriage_id,side,relationship) VALUES (79,13,'nevěsty','sourozenec');
INSERT INTO "Marriage" (_id_marriage,rec_ready,rec_order,scan_order,scan_layout,date,village,groom_y,groom_m,groom_d,bride_y,bride_m,bride_d,groom_adult,bride_adult,relationship,banns_1,banns_2,banns_3,user_id,register_id,groom_id,bride_id,officiant_id) VALUES (14,true,931,470,'C','1865-03-29','Most',27,10,11,33,11,26,true,true,'ne','banns1','banns2','banns3',1,1,15,95,1);
--------------------------Witness--------------------------
INSERT INTO "Witness" (person_id,marriage_id,side,relationship) VALUES (132,14,'ženicha','přítel');
INSERT INTO "Witness" (person_id,marriage_id,side,relationship) VALUES (64,14,'ženicha','sourozenec');
INSERT INTO "Witness" (person_id,marriage_id,side,relationship) VALUES (175,14,'nevěsty','jiné');
INSERT INTO "Witness" (person_id,marriage_id,side,relationship) VALUES (111,14,'nevěsty','jiné');
INSERT INTO "Marriage" (_id_marriage,rec_ready,rec_order,scan_order,scan_layout,date,village,groom_y,groom_m,groom_d,bride_y,bride_m,bride_d,groom_adult,bride_adult,relationship,banns_1,banns_2,banns_3,user_id,register_id,groom_id,bride_id,officiant_id) VALUES (15,true,171,751,'C','1855-02-21','Plzeň',15,3,25,20,2,22,true,true,'ano','banns1','banns2','banns3',1,1,38,46,1);
--------------------------Witness--------------------------
INSERT INTO "Witness" (person_id,marriage_id,side,relationship) VALUES (69,15,'ženicha','jiné');
INSERT INTO "Witness" (person_id,marriage_id,side,relationship) VALUES (66,15,'ženicha','jiné');
INSERT INTO "Witness" (person_id,marriage_id,side,relationship) VALUES (123,15,'nevěsty','sourozenec');
INSERT INTO "Witness" (person_id,marriage_id,side,relationship) VALUES (70,15,'nevěsty','jiné');
INSERT INTO "Marriage" (_id_marriage,rec_ready,rec_order,scan_order,scan_layout,date,village,groom_y,groom_m,groom_d,bride_y,bride_m,bride_d,groom_adult,bride_adult,relationship,banns_1,banns_2,banns_3,user_id,register_id,groom_id,bride_id,officiant_id) VALUES (16,true,884,699,'C','1852-05-30','Praha',25,8,4,14,1,27,true,true,'ne','banns1','banns2','banns3',1,1,92,57,1);
--------------------------Witness--------------------------
INSERT INTO "Witness" (person_id,marriage_id,side,relationship) VALUES (138,16,'ženicha','sourozenec');
INSERT INTO "Witness" (person_id,marriage_id,side,relationship) VALUES (183,16,'ženicha','sourozenec');
INSERT INTO "Witness" (person_id,marriage_id,side,relationship) VALUES (109,16,'nevěsty','sourozenec');
INSERT INTO "Witness" (person_id,marriage_id,side,relationship) VALUES (96,16,'nevěsty','jiné');
INSERT INTO "Marriage" (_id_marriage,rec_ready,rec_order,scan_order,scan_layout,date,village,groom_y,groom_m,groom_d,bride_y,bride_m,bride_d,groom_adult,bride_adult,relationship,banns_1,banns_2,banns_3,user_id,register_id,groom_id,bride_id,officiant_id) VALUES (17,true,296,105,'P','1852-10-22','Havířov',16,0,11,19,7,6,true,true,'ano','banns1','banns2','banns3',1,1,129,68,1);
--------------------------Witness--------------------------
INSERT INTO "Witness" (person_id,marriage_id,side,relationship) VALUES (67,17,'ženicha','jiné');
INSERT INTO "Witness" (person_id,marriage_id,side,relationship) VALUES (78,17,'ženicha','přítel');
INSERT INTO "Witness" (person_id,marriage_id,side,relationship) VALUES (112,17,'nevěsty','jiné');
INSERT INTO "Witness" (person_id,marriage_id,side,relationship) VALUES (54,17,'nevěsty','jiné');
