--------------------------User--------------------------
INSERT INTO "User" (_id_user,name) VALUES (0,'Pravoslav Nečasová');
INSERT INTO "User" (_id_user,name) VALUES (1,'Frída Hora');
--------------------------Register--------------------------
INSERT INTO "Register" (_id_register,archive,fond,signature) VALUES (0,'AR0','FOND0',0);
INSERT INTO "Register" (_id_register,archive,fond,signature) VALUES (1,'AR0','FOND0',1);
INSERT INTO "Register" (_id_register,archive,fond,signature) VALUES (2,'AR0','FOND0',2);
INSERT INTO "Register" (_id_register,archive,fond,signature) VALUES (3,'AR0','FOND0',3);
INSERT INTO "Register" (_id_register,archive,fond,signature) VALUES (4,'AR0','FOND0',4);
INSERT INTO "Register" (_id_register,archive,fond,signature) VALUES (5,'AR0','FOND0',5);
INSERT INTO "Register" (_id_register,archive,fond,signature) VALUES (6,'AR0','FOND0',6);
INSERT INTO "Register" (_id_register,archive,fond,signature) VALUES (7,'AR0','FOND0',7);
INSERT INTO "Register" (_id_register,archive,fond,signature) VALUES (8,'AR0','FOND0',8);
INSERT INTO "Register" (_id_register,archive,fond,signature) VALUES (9,'AR0','FOND0',9);
INSERT INTO "Register" (_id_register,archive,fond,signature) VALUES (10,'AR0','FOND1',0);
INSERT INTO "Register" (_id_register,archive,fond,signature) VALUES (11,'AR0','FOND1',1);
INSERT INTO "Register" (_id_register,archive,fond,signature) VALUES (12,'AR0','FOND1',2);
INSERT INTO "Register" (_id_register,archive,fond,signature) VALUES (13,'AR0','FOND1',3);
INSERT INTO "Register" (_id_register,archive,fond,signature) VALUES (14,'AR0','FOND1',4);
INSERT INTO "Register" (_id_register,archive,fond,signature) VALUES (15,'AR0','FOND1',5);
INSERT INTO "Register" (_id_register,archive,fond,signature) VALUES (16,'AR0','FOND1',6);
INSERT INTO "Register" (_id_register,archive,fond,signature) VALUES (17,'AR0','FOND1',7);
INSERT INTO "Register" (_id_register,archive,fond,signature) VALUES (18,'AR0','FOND1',8);
INSERT INTO "Register" (_id_register,archive,fond,signature) VALUES (19,'AR0','FOND1',9);
INSERT INTO "Register" (_id_register,archive,fond,signature) VALUES (20,'AR0','FOND2',0);
INSERT INTO "Register" (_id_register,archive,fond,signature) VALUES (21,'AR0','FOND2',1);
INSERT INTO "Register" (_id_register,archive,fond,signature) VALUES (22,'AR0','FOND2',2);
INSERT INTO "Register" (_id_register,archive,fond,signature) VALUES (23,'AR0','FOND2',3);
INSERT INTO "Register" (_id_register,archive,fond,signature) VALUES (24,'AR0','FOND2',4);
INSERT INTO "Register" (_id_register,archive,fond,signature) VALUES (25,'AR0','FOND2',5);
INSERT INTO "Register" (_id_register,archive,fond,signature) VALUES (26,'AR0','FOND2',6);
INSERT INTO "Register" (_id_register,archive,fond,signature) VALUES (27,'AR0','FOND2',7);
INSERT INTO "Register" (_id_register,archive,fond,signature) VALUES (28,'AR0','FOND2',8);
INSERT INTO "Register" (_id_register,archive,fond,signature) VALUES (29,'AR0','FOND2',9);
INSERT INTO "Register" (_id_register,archive,fond,signature) VALUES (30,'AR1','FOND0',0);
INSERT INTO "Register" (_id_register,archive,fond,signature) VALUES (31,'AR1','FOND0',1);
INSERT INTO "Register" (_id_register,archive,fond,signature) VALUES (32,'AR1','FOND0',2);
INSERT INTO "Register" (_id_register,archive,fond,signature) VALUES (33,'AR1','FOND0',3);
INSERT INTO "Register" (_id_register,archive,fond,signature) VALUES (34,'AR1','FOND0',4);
INSERT INTO "Register" (_id_register,archive,fond,signature) VALUES (35,'AR1','FOND0',5);
INSERT INTO "Register" (_id_register,archive,fond,signature) VALUES (36,'AR1','FOND0',6);
INSERT INTO "Register" (_id_register,archive,fond,signature) VALUES (37,'AR1','FOND0',7);
INSERT INTO "Register" (_id_register,archive,fond,signature) VALUES (38,'AR1','FOND0',8);
INSERT INTO "Register" (_id_register,archive,fond,signature) VALUES (39,'AR1','FOND0',9);
INSERT INTO "Register" (_id_register,archive,fond,signature) VALUES (40,'AR1','FOND1',0);
INSERT INTO "Register" (_id_register,archive,fond,signature) VALUES (41,'AR1','FOND1',1);
INSERT INTO "Register" (_id_register,archive,fond,signature) VALUES (42,'AR1','FOND1',2);
INSERT INTO "Register" (_id_register,archive,fond,signature) VALUES (43,'AR1','FOND1',3);
INSERT INTO "Register" (_id_register,archive,fond,signature) VALUES (44,'AR1','FOND1',4);
INSERT INTO "Register" (_id_register,archive,fond,signature) VALUES (45,'AR1','FOND1',5);
INSERT INTO "Register" (_id_register,archive,fond,signature) VALUES (46,'AR1','FOND1',6);
INSERT INTO "Register" (_id_register,archive,fond,signature) VALUES (47,'AR1','FOND1',7);
INSERT INTO "Register" (_id_register,archive,fond,signature) VALUES (48,'AR1','FOND1',8);
INSERT INTO "Register" (_id_register,archive,fond,signature) VALUES (49,'AR1','FOND1',9);
INSERT INTO "Register" (_id_register,archive,fond,signature) VALUES (50,'AR1','FOND2',0);
INSERT INTO "Register" (_id_register,archive,fond,signature) VALUES (51,'AR1','FOND2',1);
INSERT INTO "Register" (_id_register,archive,fond,signature) VALUES (52,'AR1','FOND2',2);
INSERT INTO "Register" (_id_register,archive,fond,signature) VALUES (53,'AR1','FOND2',3);
INSERT INTO "Register" (_id_register,archive,fond,signature) VALUES (54,'AR1','FOND2',4);
INSERT INTO "Register" (_id_register,archive,fond,signature) VALUES (55,'AR1','FOND2',5);
INSERT INTO "Register" (_id_register,archive,fond,signature) VALUES (56,'AR1','FOND2',6);
INSERT INTO "Register" (_id_register,archive,fond,signature) VALUES (57,'AR1','FOND2',7);
INSERT INTO "Register" (_id_register,archive,fond,signature) VALUES (58,'AR1','FOND2',8);
INSERT INTO "Register" (_id_register,archive,fond,signature) VALUES (59,'AR1','FOND2',9);
--------------------------Name--------------------------
INSERT INTO "Name" (_id_name,name) VALUES (0,'Adam');
INSERT INTO "Name" (_id_name,name) VALUES (1,'Adolf');
INSERT INTO "Name" (_id_name,name) VALUES (2,'Alan');
INSERT INTO "Name" (_id_name,name) VALUES (3,'Albert');
INSERT INTO "Name" (_id_name,name) VALUES (4,'Aleš');
INSERT INTO "Name" (_id_name,name) VALUES (5,'Alexandr');
INSERT INTO "Name" (_id_name,name) VALUES (6,'Alexej');
INSERT INTO "Name" (_id_name,name) VALUES (7,'Alois');
INSERT INTO "Name" (_id_name,name) VALUES (8,'Ambrož');
INSERT INTO "Name" (_id_name,name) VALUES (9,'Benjamín');
INSERT INTO "Name" (_id_name,name) VALUES (10,'Andrej');
INSERT INTO "Name" (_id_name,name) VALUES (11,'Antonín');
INSERT INTO "Name" (_id_name,name) VALUES (12,'Arnošt');
INSERT INTO "Name" (_id_name,name) VALUES (13,'Artur');
INSERT INTO "Name" (_id_name,name) VALUES (14,'Augustýn');
INSERT INTO "Name" (_id_name,name) VALUES (15,'Bartoloměj');
INSERT INTO "Name" (_id_name,name) VALUES (16,'Bedřich');
INSERT INTO "Name" (_id_name,name) VALUES (17,'Benedikt');
INSERT INTO "Name" (_id_name,name) VALUES (18,'Bernard');
INSERT INTO "Name" (_id_name,name) VALUES (19,'Blahoslav');
INSERT INTO "Name" (_id_name,name) VALUES (20,'Blažej');
INSERT INTO "Name" (_id_name,name) VALUES (21,'Bohdan');
INSERT INTO "Name" (_id_name,name) VALUES (22,'Bohumil');
INSERT INTO "Name" (_id_name,name) VALUES (23,'Bohumír');
INSERT INTO "Name" (_id_name,name) VALUES (24,'Bohuslav');
INSERT INTO "Name" (_id_name,name) VALUES (25,'Boleslav');
INSERT INTO "Name" (_id_name,name) VALUES (26,'Bonifác');
INSERT INTO "Name" (_id_name,name) VALUES (27,'Boris');
INSERT INTO "Name" (_id_name,name) VALUES (28,'Bořek');
INSERT INTO "Name" (_id_name,name) VALUES (29,'Bořivoj');
INSERT INTO "Name" (_id_name,name) VALUES (30,'Bronislav');
INSERT INTO "Name" (_id_name,name) VALUES (31,'Bruno');
INSERT INTO "Name" (_id_name,name) VALUES (32,'Břetislav');
INSERT INTO "Name" (_id_name,name) VALUES (33,'Ctibor');
INSERT INTO "Name" (_id_name,name) VALUES (34,'Ctirad');
INSERT INTO "Name" (_id_name,name) VALUES (35,'Cyril');
INSERT INTO "Name" (_id_name,name) VALUES (36,'Metoděj');
INSERT INTO "Name" (_id_name,name) VALUES (37,'Čeněk');
INSERT INTO "Name" (_id_name,name) VALUES (38,'Čestmír');
INSERT INTO "Name" (_id_name,name) VALUES (39,'Dalibor');
INSERT INTO "Name" (_id_name,name) VALUES (40,'Dalimil');
INSERT INTO "Name" (_id_name,name) VALUES (41,'Daniel');
INSERT INTO "Name" (_id_name,name) VALUES (42,'David');
INSERT INTO "Name" (_id_name,name) VALUES (43,'Dobroslav');
INSERT INTO "Name" (_id_name,name) VALUES (44,'Dominik');
INSERT INTO "Name" (_id_name,name) VALUES (45,'Drahoslav');
INSERT INTO "Name" (_id_name,name) VALUES (46,'Dušan');
INSERT INTO "Name" (_id_name,name) VALUES (47,'Eduard');
INSERT INTO "Name" (_id_name,name) VALUES (48,'Herbert');
INSERT INTO "Name" (_id_name,name) VALUES (49,'Emanuel');
INSERT INTO "Name" (_id_name,name) VALUES (50,'Emil');
INSERT INTO "Name" (_id_name,name) VALUES (51,'Erik');
INSERT INTO "Name" (_id_name,name) VALUES (52,'Evžen');
INSERT INTO "Name" (_id_name,name) VALUES (53,'Felix');
INSERT INTO "Name" (_id_name,name) VALUES (54,'Ferdinand');
INSERT INTO "Name" (_id_name,name) VALUES (55,'Filip');
INSERT INTO "Name" (_id_name,name) VALUES (56,'František');
INSERT INTO "Name" (_id_name,name) VALUES (57,'Gabriel');
INSERT INTO "Name" (_id_name,name) VALUES (58,'Gustav');
INSERT INTO "Name" (_id_name,name) VALUES (59,'Hanuš');
INSERT INTO "Name" (_id_name,name) VALUES (60,'Havel');
INSERT INTO "Name" (_id_name,name) VALUES (61,'Heřman');
INSERT INTO "Name" (_id_name,name) VALUES (62,'Hubert');
INSERT INTO "Name" (_id_name,name) VALUES (63,'Hugo');
INSERT INTO "Name" (_id_name,name) VALUES (64,'Hynek');
INSERT INTO "Name" (_id_name,name) VALUES (65,'Ignác');
INSERT INTO "Name" (_id_name,name) VALUES (66,'Igor');
INSERT INTO "Name" (_id_name,name) VALUES (67,'Ivan');
INSERT INTO "Name" (_id_name,name) VALUES (68,'Slavoj');
INSERT INTO "Name" (_id_name,name) VALUES (69,'Ivo');
INSERT INTO "Name" (_id_name,name) VALUES (70,'Jáchym');
INSERT INTO "Name" (_id_name,name) VALUES (71,'Jakub');
INSERT INTO "Name" (_id_name,name) VALUES (72,'Jan');
INSERT INTO "Name" (_id_name,name) VALUES (73,'Jarmil');
INSERT INTO "Name" (_id_name,name) VALUES (74,'Jaromír');
INSERT INTO "Name" (_id_name,name) VALUES (75,'Jaroslav');
INSERT INTO "Name" (_id_name,name) VALUES (76,'Jeroným');
INSERT INTO "Name" (_id_name,name) VALUES (77,'Jindřich');
INSERT INTO "Name" (_id_name,name) VALUES (78,'Jiří');
INSERT INTO "Name" (_id_name,name) VALUES (79,'Jonáš');
INSERT INTO "Name" (_id_name,name) VALUES (80,'Josef');
INSERT INTO "Name" (_id_name,name) VALUES (81,'Julius');
INSERT INTO "Name" (_id_name,name) VALUES (82,'Kamil');
INSERT INTO "Name" (_id_name,name) VALUES (83,'Karel');
INSERT INTO "Name" (_id_name,name) VALUES (84,'Kazimir');
INSERT INTO "Name" (_id_name,name) VALUES (85,'Klement');
INSERT INTO "Name" (_id_name,name) VALUES (86,'Kristian');
INSERT INTO "Name" (_id_name,name) VALUES (87,'Kryštof');
INSERT INTO "Name" (_id_name,name) VALUES (88,'Květoslav');
INSERT INTO "Name" (_id_name,name) VALUES (89,'Kvido');
INSERT INTO "Name" (_id_name,name) VALUES (90,'Ladislav');
INSERT INTO "Name" (_id_name,name) VALUES (91,'Leopold');
INSERT INTO "Name" (_id_name,name) VALUES (92,'Leoš');
INSERT INTO "Name" (_id_name,name) VALUES (93,'Libor');
INSERT INTO "Name" (_id_name,name) VALUES (94,'Samuel');
INSERT INTO "Name" (_id_name,name) VALUES (95,'Lubomír');
INSERT INTO "Name" (_id_name,name) VALUES (96,'Lubor');
INSERT INTO "Name" (_id_name,name) VALUES (97,'Luboš');
INSERT INTO "Name" (_id_name,name) VALUES (98,'Luděk');
INSERT INTO "Name" (_id_name,name) VALUES (99,'Ludvík');
INSERT INTO "Name" (_id_name,name) VALUES (100,'Lukáš');
INSERT INTO "Name" (_id_name,name) VALUES (101,'Lumír');
INSERT INTO "Name" (_id_name,name) VALUES (102,'Marcel');
INSERT INTO "Name" (_id_name,name) VALUES (103,'Marek');
INSERT INTO "Name" (_id_name,name) VALUES (104,'Marian');
INSERT INTO "Name" (_id_name,name) VALUES (105,'Martin');
INSERT INTO "Name" (_id_name,name) VALUES (106,'Matěj');
INSERT INTO "Name" (_id_name,name) VALUES (107,'Matouš');
INSERT INTO "Name" (_id_name,name) VALUES (108,'Maxmilián');
INSERT INTO "Name" (_id_name,name) VALUES (109,'Medard');
INSERT INTO "Name" (_id_name,name) VALUES (110,'Michal');
INSERT INTO "Name" (_id_name,name) VALUES (111,'Mikuláš');
INSERT INTO "Name" (_id_name,name) VALUES (112,'Milan');
INSERT INTO "Name" (_id_name,name) VALUES (113,'Miloslav');
INSERT INTO "Name" (_id_name,name) VALUES (114,'Miloš');
INSERT INTO "Name" (_id_name,name) VALUES (115,'Miroslav');
INSERT INTO "Name" (_id_name,name) VALUES (116,'Mojmír');
INSERT INTO "Name" (_id_name,name) VALUES (117,'Norbert');
INSERT INTO "Name" (_id_name,name) VALUES (118,'Oldřich');
INSERT INTO "Name" (_id_name,name) VALUES (119,'Oleg');
INSERT INTO "Name" (_id_name,name) VALUES (120,'Oliver');
INSERT INTO "Name" (_id_name,name) VALUES (121,'Ondřej');
INSERT INTO "Name" (_id_name,name) VALUES (122,'Oskar');
INSERT INTO "Name" (_id_name,name) VALUES (123,'Otakar');
INSERT INTO "Name" (_id_name,name) VALUES (124,'Otmar');
INSERT INTO "Name" (_id_name,name) VALUES (125,'Oto');
INSERT INTO "Name" (_id_name,name) VALUES (126,'Pankrác');
INSERT INTO "Name" (_id_name,name) VALUES (127,'Patrik');
INSERT INTO "Name" (_id_name,name) VALUES (128,'Petr');
INSERT INTO "Name" (_id_name,name) VALUES (129,'Petr');
INSERT INTO "Name" (_id_name,name) VALUES (130,'Pavel');
INSERT INTO "Name" (_id_name,name) VALUES (131,'Pravoslav');
INSERT INTO "Name" (_id_name,name) VALUES (132,'Prokop');
INSERT INTO "Name" (_id_name,name) VALUES (133,'Přemysl');
INSERT INTO "Name" (_id_name,name) VALUES (134,'Radan');
INSERT INTO "Name" (_id_name,name) VALUES (135,'Radek');
INSERT INTO "Name" (_id_name,name) VALUES (136,'Radim');
INSERT INTO "Name" (_id_name,name) VALUES (137,'Radomír');
INSERT INTO "Name" (_id_name,name) VALUES (138,'Radoslav');
INSERT INTO "Name" (_id_name,name) VALUES (139,'Radovan');
INSERT INTO "Name" (_id_name,name) VALUES (140,'René');
INSERT INTO "Name" (_id_name,name) VALUES (141,'Richard');
INSERT INTO "Name" (_id_name,name) VALUES (142,'Robert');
INSERT INTO "Name" (_id_name,name) VALUES (143,'Robin');
INSERT INTO "Name" (_id_name,name) VALUES (144,'Roland');
INSERT INTO "Name" (_id_name,name) VALUES (145,'Roman');
INSERT INTO "Name" (_id_name,name) VALUES (146,'Rostislav');
INSERT INTO "Name" (_id_name,name) VALUES (147,'Rudolf');
INSERT INTO "Name" (_id_name,name) VALUES (148,'Řehoř');
INSERT INTO "Name" (_id_name,name) VALUES (149,'Servác');
INSERT INTO "Name" (_id_name,name) VALUES (150,'Silvestr');
INSERT INTO "Name" (_id_name,name) VALUES (151,'Slavomír');
INSERT INTO "Name" (_id_name,name) VALUES (152,'Soběslav');
INSERT INTO "Name" (_id_name,name) VALUES (153,'Stanislav');
INSERT INTO "Name" (_id_name,name) VALUES (154,'Svatopluk');
INSERT INTO "Name" (_id_name,name) VALUES (155,'Svatoslav');
INSERT INTO "Name" (_id_name,name) VALUES (156,'Šimon');
INSERT INTO "Name" (_id_name,name) VALUES (157,'Štefan');
INSERT INTO "Name" (_id_name,name) VALUES (158,'Štěpán');
INSERT INTO "Name" (_id_name,name) VALUES (159,'Tadeáš');
INSERT INTO "Name" (_id_name,name) VALUES (160,'Teodor');
INSERT INTO "Name" (_id_name,name) VALUES (161,'Tibor');
INSERT INTO "Name" (_id_name,name) VALUES (162,'Tomáš');
INSERT INTO "Name" (_id_name,name) VALUES (163,'Václav');
INSERT INTO "Name" (_id_name,name) VALUES (164,'Valdemar');
INSERT INTO "Name" (_id_name,name) VALUES (165,'Valentýn');
INSERT INTO "Name" (_id_name,name) VALUES (166,'Vavřinec');
INSERT INTO "Name" (_id_name,name) VALUES (167,'Věnceslav');
INSERT INTO "Name" (_id_name,name) VALUES (168,'Vendelín');
INSERT INTO "Name" (_id_name,name) VALUES (169,'Věroslav');
INSERT INTO "Name" (_id_name,name) VALUES (170,'Viktor');
INSERT INTO "Name" (_id_name,name) VALUES (171,'Vilém');
INSERT INTO "Name" (_id_name,name) VALUES (172,'Vincenc');
INSERT INTO "Name" (_id_name,name) VALUES (173,'Vít');
INSERT INTO "Name" (_id_name,name) VALUES (174,'Vítězslav');
INSERT INTO "Name" (_id_name,name) VALUES (175,'Vladan');
INSERT INTO "Name" (_id_name,name) VALUES (176,'Vladimír');
INSERT INTO "Name" (_id_name,name) VALUES (177,'Vladislav');
INSERT INTO "Name" (_id_name,name) VALUES (178,'Vlastimil');
INSERT INTO "Name" (_id_name,name) VALUES (179,'Vlastislav');
INSERT INTO "Name" (_id_name,name) VALUES (180,'Vojtěch');
INSERT INTO "Name" (_id_name,name) VALUES (181,'Vratislav');
INSERT INTO "Name" (_id_name,name) VALUES (182,'Zbyněk');
INSERT INTO "Name" (_id_name,name) VALUES (183,'Zbyšek');
INSERT INTO "Name" (_id_name,name) VALUES (184,'Zdeněk');
INSERT INTO "Name" (_id_name,name) VALUES (185,'Zikmund');
INSERT INTO "Name" (_id_name,name) VALUES (186,'Eva');
INSERT INTO "Name" (_id_name,name) VALUES (187,'Adéla');
INSERT INTO "Name" (_id_name,name) VALUES (188,'Adriana');
INSERT INTO "Name" (_id_name,name) VALUES (189,'Agáta');
INSERT INTO "Name" (_id_name,name) VALUES (190,'Albína');
INSERT INTO "Name" (_id_name,name) VALUES (191,'Alena');
INSERT INTO "Name" (_id_name,name) VALUES (192,'Alexandra');
INSERT INTO "Name" (_id_name,name) VALUES (193,'Alžběta');
INSERT INTO "Name" (_id_name,name) VALUES (194,'Anděla');
INSERT INTO "Name" (_id_name,name) VALUES (195,'Andrea');
INSERT INTO "Name" (_id_name,name) VALUES (196,'Aneta');
INSERT INTO "Name" (_id_name,name) VALUES (197,'Anežka');
INSERT INTO "Name" (_id_name,name) VALUES (198,'Anna');
INSERT INTO "Name" (_id_name,name) VALUES (199,'Apolena');
INSERT INTO "Name" (_id_name,name) VALUES (200,'Barbora');
INSERT INTO "Name" (_id_name,name) VALUES (201,'Beáta');
INSERT INTO "Name" (_id_name,name) VALUES (202,'Běla');
INSERT INTO "Name" (_id_name,name) VALUES (203,'Berta');
INSERT INTO "Name" (_id_name,name) VALUES (204,'Blanka');
INSERT INTO "Name" (_id_name,name) VALUES (205,'Blažena');
INSERT INTO "Name" (_id_name,name) VALUES (206,'Bohdana');
INSERT INTO "Name" (_id_name,name) VALUES (207,'Bohumila');
INSERT INTO "Name" (_id_name,name) VALUES (208,'Bohuslava');
INSERT INTO "Name" (_id_name,name) VALUES (209,'Božena');
INSERT INTO "Name" (_id_name,name) VALUES (210,'Brigita');
INSERT INTO "Name" (_id_name,name) VALUES (211,'Dana');
INSERT INTO "Name" (_id_name,name) VALUES (212,'Daniela');
INSERT INTO "Name" (_id_name,name) VALUES (213,'Darina');
INSERT INTO "Name" (_id_name,name) VALUES (214,'Darja');
INSERT INTO "Name" (_id_name,name) VALUES (215,'Denisa');
INSERT INTO "Name" (_id_name,name) VALUES (216,'Diana');
INSERT INTO "Name" (_id_name,name) VALUES (217,'Dita');
INSERT INTO "Name" (_id_name,name) VALUES (218,'Dobromila');
INSERT INTO "Name" (_id_name,name) VALUES (219,'Dorota');
INSERT INTO "Name" (_id_name,name) VALUES (220,'Doubravka');
INSERT INTO "Name" (_id_name,name) VALUES (221,'Drahomíra');
INSERT INTO "Name" (_id_name,name) VALUES (222,'Drahoslava');
INSERT INTO "Name" (_id_name,name) VALUES (223,'Edita');
INSERT INTO "Name" (_id_name,name) VALUES (224,'Elena');
INSERT INTO "Name" (_id_name,name) VALUES (225,'Eliška');
INSERT INTO "Name" (_id_name,name) VALUES (226,'Ema');
INSERT INTO "Name" (_id_name,name) VALUES (227,'Erika');
INSERT INTO "Name" (_id_name,name) VALUES (228,'Evelína');
INSERT INTO "Name" (_id_name,name) VALUES (229,'Františka');
INSERT INTO "Name" (_id_name,name) VALUES (230,'Gabriela');
INSERT INTO "Name" (_id_name,name) VALUES (231,'Gita');
INSERT INTO "Name" (_id_name,name) VALUES (232,'Gizela');
INSERT INTO "Name" (_id_name,name) VALUES (233,'Hana');
INSERT INTO "Name" (_id_name,name) VALUES (234,'Hedvika');
INSERT INTO "Name" (_id_name,name) VALUES (235,'Helena');
INSERT INTO "Name" (_id_name,name) VALUES (236,'Hermína');
INSERT INTO "Name" (_id_name,name) VALUES (237,'Ida');
INSERT INTO "Name" (_id_name,name) VALUES (238,'Ilja');
INSERT INTO "Name" (_id_name,name) VALUES (239,'Ilona');
INSERT INTO "Name" (_id_name,name) VALUES (240,'Irena');
INSERT INTO "Name" (_id_name,name) VALUES (241,'Irma');
INSERT INTO "Name" (_id_name,name) VALUES (242,'Iva');
INSERT INTO "Name" (_id_name,name) VALUES (243,'Ivana');
INSERT INTO "Name" (_id_name,name) VALUES (244,'Iveta');
INSERT INTO "Name" (_id_name,name) VALUES (245,'Ivona');
INSERT INTO "Name" (_id_name,name) VALUES (246,'Izabela');
INSERT INTO "Name" (_id_name,name) VALUES (247,'Jana');
INSERT INTO "Name" (_id_name,name) VALUES (248,'Jarmila');
INSERT INTO "Name" (_id_name,name) VALUES (249,'Jaroslava');
INSERT INTO "Name" (_id_name,name) VALUES (250,'Jindřiška');
INSERT INTO "Name" (_id_name,name) VALUES (251,'Jiřina');
INSERT INTO "Name" (_id_name,name) VALUES (252,'Jitka');
INSERT INTO "Name" (_id_name,name) VALUES (253,'Johana');
INSERT INTO "Name" (_id_name,name) VALUES (254,'Jolana');
INSERT INTO "Name" (_id_name,name) VALUES (255,'Judita');
INSERT INTO "Name" (_id_name,name) VALUES (256,'Justýna');
INSERT INTO "Name" (_id_name,name) VALUES (257,'Kamila');
INSERT INTO "Name" (_id_name,name) VALUES (258,'Karina');
INSERT INTO "Name" (_id_name,name) VALUES (259,'Karolína');
INSERT INTO "Name" (_id_name,name) VALUES (260,'Kateřina');
INSERT INTO "Name" (_id_name,name) VALUES (261,'Klára');
INSERT INTO "Name" (_id_name,name) VALUES (262,'Kristýna');
INSERT INTO "Name" (_id_name,name) VALUES (263,'Květa');
INSERT INTO "Name" (_id_name,name) VALUES (264,'Květoslava');
INSERT INTO "Name" (_id_name,name) VALUES (265,'Lada');
INSERT INTO "Name" (_id_name,name) VALUES (266,'Laura');
INSERT INTO "Name" (_id_name,name) VALUES (267,'Lenka');
INSERT INTO "Name" (_id_name,name) VALUES (268,'Leona');
INSERT INTO "Name" (_id_name,name) VALUES (269,'Liběna');
INSERT INTO "Name" (_id_name,name) VALUES (270,'Liliana');
INSERT INTO "Name" (_id_name,name) VALUES (271,'Linda');
INSERT INTO "Name" (_id_name,name) VALUES (272,'Ljuba');
INSERT INTO "Name" (_id_name,name) VALUES (273,'Ludmila');
INSERT INTO "Name" (_id_name,name) VALUES (274,'Magdaléna');
INSERT INTO "Name" (_id_name,name) VALUES (275,'Mahulena');
INSERT INTO "Name" (_id_name,name) VALUES (276,'Marcela');
INSERT INTO "Name" (_id_name,name) VALUES (277,'Mariana');
INSERT INTO "Name" (_id_name,name) VALUES (278,'Marika');
INSERT INTO "Name" (_id_name,name) VALUES (279,'Marina');
INSERT INTO "Name" (_id_name,name) VALUES (280,'Markéta');
INSERT INTO "Name" (_id_name,name) VALUES (281,'Marta');
INSERT INTO "Name" (_id_name,name) VALUES (282,'Martina');
INSERT INTO "Name" (_id_name,name) VALUES (283,'Michaela');
INSERT INTO "Name" (_id_name,name) VALUES (284,'Milada');
INSERT INTO "Name" (_id_name,name) VALUES (285,'Milena');
INSERT INTO "Name" (_id_name,name) VALUES (286,'Miloslava');
INSERT INTO "Name" (_id_name,name) VALUES (287,'Miroslava');
INSERT INTO "Name" (_id_name,name) VALUES (288,'Monika');
INSERT INTO "Name" (_id_name,name) VALUES (289,'Naděžda');
INSERT INTO "Name" (_id_name,name) VALUES (290,'Nataša');
INSERT INTO "Name" (_id_name,name) VALUES (291,'Nela');
INSERT INTO "Name" (_id_name,name) VALUES (292,'Nikola');
INSERT INTO "Name" (_id_name,name) VALUES (293,'Nina');
INSERT INTO "Name" (_id_name,name) VALUES (294,'Nora');
INSERT INTO "Name" (_id_name,name) VALUES (295,'Oldřiška');
INSERT INTO "Name" (_id_name,name) VALUES (296,'Olga');
INSERT INTO "Name" (_id_name,name) VALUES (297,'Pavla');
INSERT INTO "Name" (_id_name,name) VALUES (298,'Pavlína');
INSERT INTO "Name" (_id_name,name) VALUES (299,'Petra');
INSERT INTO "Name" (_id_name,name) VALUES (300,'Radana');
INSERT INTO "Name" (_id_name,name) VALUES (301,'Radka');
INSERT INTO "Name" (_id_name,name) VALUES (302,'Radmila');
INSERT INTO "Name" (_id_name,name) VALUES (303,'Regína');
INSERT INTO "Name" (_id_name,name) VALUES (304,'Renáta');
INSERT INTO "Name" (_id_name,name) VALUES (305,'Romana');
INSERT INTO "Name" (_id_name,name) VALUES (306,'Matylda');
INSERT INTO "Name" (_id_name,name) VALUES (307,'Růžena');
INSERT INTO "Name" (_id_name,name) VALUES (308,'Sabina');
INSERT INTO "Name" (_id_name,name) VALUES (309,'Sandra');
INSERT INTO "Name" (_id_name,name) VALUES (310,'Sáva');
INSERT INTO "Name" (_id_name,name) VALUES (311,'Simona');
INSERT INTO "Name" (_id_name,name) VALUES (312,'Slavěna');
INSERT INTO "Name" (_id_name,name) VALUES (313,'Soňa');
INSERT INTO "Name" (_id_name,name) VALUES (314,'Stanislava');
INSERT INTO "Name" (_id_name,name) VALUES (315,'Stela');
INSERT INTO "Name" (_id_name,name) VALUES (316,'Svatava');
INSERT INTO "Name" (_id_name,name) VALUES (317,'Světlana');
INSERT INTO "Name" (_id_name,name) VALUES (318,'Šárka');
INSERT INTO "Name" (_id_name,name) VALUES (319,'Šarlota');
INSERT INTO "Name" (_id_name,name) VALUES (320,'Sára');
INSERT INTO "Name" (_id_name,name) VALUES (321,'Štěpánka');
INSERT INTO "Name" (_id_name,name) VALUES (322,'Tamara');
INSERT INTO "Name" (_id_name,name) VALUES (323,'Taťána');
INSERT INTO "Name" (_id_name,name) VALUES (324,'Tereza');
INSERT INTO "Name" (_id_name,name) VALUES (325,'Vanda');
INSERT INTO "Name" (_id_name,name) VALUES (326,'Vendula');
INSERT INTO "Name" (_id_name,name) VALUES (327,'Věra');
INSERT INTO "Name" (_id_name,name) VALUES (328,'Veronika');
INSERT INTO "Name" (_id_name,name) VALUES (329,'Vilma');
INSERT INTO "Name" (_id_name,name) VALUES (330,'Viola');
INSERT INTO "Name" (_id_name,name) VALUES (331,'Vladěna');
INSERT INTO "Name" (_id_name,name) VALUES (332,'Vlasta');
INSERT INTO "Name" (_id_name,name) VALUES (333,'Zdeňka');
INSERT INTO "Name" (_id_name,name) VALUES (334,'Zdislava');
INSERT INTO "Name" (_id_name,name) VALUES (335,'Zina');
INSERT INTO "Name" (_id_name,name) VALUES (336,'Zita');
INSERT INTO "Name" (_id_name,name) VALUES (337,'Zlata');
INSERT INTO "Name" (_id_name,name) VALUES (338,'Zora');
INSERT INTO "Name" (_id_name,name) VALUES (339,'Zuzana');
INSERT INTO "Name" (_id_name,name) VALUES (340,'Alice');
INSERT INTO "Name" (_id_name,name) VALUES (341,'Anastázie');
INSERT INTO "Name" (_id_name,name) VALUES (342,'Antonie');
INSERT INTO "Name" (_id_name,name) VALUES (343,'Cecílie');
INSERT INTO "Name" (_id_name,name) VALUES (344,'Emílie');
INSERT INTO "Name" (_id_name,name) VALUES (345,'Evženie');
INSERT INTO "Name" (_id_name,name) VALUES (346,'Julie');
INSERT INTO "Name" (_id_name,name) VALUES (347,'Klaudie');
INSERT INTO "Name" (_id_name,name) VALUES (348,'Libuše');
INSERT INTO "Name" (_id_name,name) VALUES (349,'Amálie');
INSERT INTO "Name" (_id_name,name) VALUES (350,'Lucie');
INSERT INTO "Name" (_id_name,name) VALUES (351,'Lýdie');
INSERT INTO "Name" (_id_name,name) VALUES (352,'Marie');
INSERT INTO "Name" (_id_name,name) VALUES (353,'Miluše');
INSERT INTO "Name" (_id_name,name) VALUES (354,'Natálie');
INSERT INTO "Name" (_id_name,name) VALUES (355,'Olivie');
INSERT INTO "Name" (_id_name,name) VALUES (356,'Otýlie');
INSERT INTO "Name" (_id_name,name) VALUES (357,'Patricie');
INSERT INTO "Name" (_id_name,name) VALUES (358,'Saskie');
INSERT INTO "Name" (_id_name,name) VALUES (359,'Silvie');
INSERT INTO "Name" (_id_name,name) VALUES (360,'Zoe');
INSERT INTO "Name" (_id_name,name) VALUES (361,'Valérie');
INSERT INTO "Name" (_id_name,name) VALUES (362,'Viktorie');
INSERT INTO "Name" (_id_name,name) VALUES (363,'Xenie');
INSERT INTO "Name" (_id_name,name) VALUES (364,'Žofie');
INSERT INTO "Name" (_id_name,name) VALUES (365,'Dagmar');
INSERT INTO "Name" (_id_name,name) VALUES (366,'Ester');
INSERT INTO "Name" (_id_name,name) VALUES (367,'Ingrid');
INSERT INTO "Name" (_id_name,name) VALUES (368,'Miriam');
INSERT INTO "Name" (_id_name,name) VALUES (369,'Růt');
--------------------------Occupation--------------------------
INSERT INTO "Occupation" (_id_occup,name) VALUES (0,'Instrumentář');
INSERT INTO "Occupation" (_id_occup,name) VALUES (1,'Přadlák');
INSERT INTO "Occupation" (_id_occup,name) VALUES (2,'Metlář');
INSERT INTO "Occupation" (_id_occup,name) VALUES (3,'Řezáč dřeva');
INSERT INTO "Occupation" (_id_occup,name) VALUES (4,'Atlasu tlačitel');
INSERT INTO "Occupation" (_id_occup,name) VALUES (5,'Prknař');
INSERT INTO "Occupation" (_id_occup,name) VALUES (6,'Ščibalník');
INSERT INTO "Occupation" (_id_occup,name) VALUES (7,'Šlejfíř');
INSERT INTO "Occupation" (_id_occup,name) VALUES (8,'Zlatolijec');
INSERT INTO "Occupation" (_id_occup,name) VALUES (9,'Hamerník');
INSERT INTO "Occupation" (_id_occup,name) VALUES (10,'Dratevník');
INSERT INTO "Occupation" (_id_occup,name) VALUES (11,'Řešetář');
INSERT INTO "Occupation" (_id_occup,name) VALUES (12,'Kovolitec');
INSERT INTO "Occupation" (_id_occup,name) VALUES (13,'Kolečník');
INSERT INTO "Occupation" (_id_occup,name) VALUES (14,'Pilníkář');
--------------------------Director--------------------------
INSERT INTO "Director" (_id_director,surname,title) VALUES (0,'Slavík','admininstrátor');
INSERT INTO "Director" (_id_director,surname,title) VALUES (1,'Soukup','kaplan');
INSERT INTO "Director" (_id_director,surname,title) VALUES (2,'Horák','farář');
--------------------------DirectorName--------------------------
INSERT INTO "DirectorName" (director_id,name_id) VALUES (0,48);
INSERT INTO "DirectorName" (director_id,name_id) VALUES (1,24);
INSERT INTO "DirectorName" (director_id,name_id) VALUES (2,32);
--------------------------Celebrant--------------------------
INSERT INTO "Celebrant" (_id_celebrant,surname,title_occup) VALUES (0,'Moravec','admininstrátor');
INSERT INTO "Celebrant" (_id_celebrant,surname,title_occup) VALUES (1,'Šmíd','farář');
INSERT INTO "Celebrant" (_id_celebrant,surname,title_occup) VALUES (2,'Matoušek','kooperátor');
--------------------------CelebrantName--------------------------
INSERT INTO "CelebrantName" (celebrant_id,name_id) VALUES (0,42);
INSERT INTO "CelebrantName" (celebrant_id,name_id) VALUES (1,17);
INSERT INTO "CelebrantName" (celebrant_id,name_id) VALUES (2,39);
--------------------------Officiant--------------------------
INSERT INTO "Officiant" (_id_officiant,surname,title) VALUES (0,'Vlček','kooperátor');
INSERT INTO "Officiant" (_id_officiant,surname,title) VALUES (1,'Toman','admininstrátor');
INSERT INTO "Officiant" (_id_officiant,surname,title) VALUES (2,'Dostál','kanovník');
--------------------------OfficiantName--------------------------
INSERT INTO "OfficiantName" (officiant_id,name_id) VALUES (0,46);
INSERT INTO "OfficiantName" (officiant_id,name_id) VALUES (1,43);
INSERT INTO "OfficiantName" (officiant_id,name_id) VALUES (2,56);
--------------------------Person--------------------------
INSERT INTO "Person" (_id_person,surname,village,street,descr,birth,sex,religion) VALUES (0,'Bednářová','Praha','Navrátil',743,'1804-04-04','žena','evangelík');
INSERT INTO "Person" (_id_person,surname,village,street,descr,birth,sex,religion) VALUES (1,'Bednář','Praha','Navrátil',743,'1800-08-01','muž','evangelík');
INSERT INTO "Person" (_id_person,surname,village,street,descr,birth,sex,religion,mother_id,father_id) VALUES (2,'Bednářová','Praha','Navrátil',743,'1833-10-09','žena','evangelík',0,1);
INSERT INTO "Person" (_id_person,surname,village,street,descr,birth,sex,religion) VALUES (3,'Ševčíková','Plzeň','Rudolf',182,'1805-01-08','žena','katolík');
INSERT INTO "Person" (_id_person,surname,village,street,descr,birth,sex,religion) VALUES (4,'Ševčík','Plzeň','Rudolf',182,'1803-04-28','muž','katolík');
INSERT INTO "Person" (_id_person,surname,village,street,descr,birth,sex,religion,mother_id,father_id) VALUES (5,'Ševčíková','Plzeň','Rudolf',182,'1829-08-17','žena','katolík',3,4);
INSERT INTO "Person" (_id_person,surname,village,street,descr,birth,sex,religion) VALUES (6,'Jelíneková','České Budějovice','Lia',0086,'1807-01-30','žena','evangelík');
INSERT INTO "Person" (_id_person,surname,village,street,descr,birth,sex,religion) VALUES (7,'Jelínek','České Budějovice','Lia',0086,'1802-01-06','muž','evangelík');
INSERT INTO "Person" (_id_person,surname,village,street,descr,birth,sex,religion,mother_id,father_id) VALUES (8,'Jelínek','České Budějovice','Lia',0086,'1828-11-29','muž','evangelík',6,7);
INSERT INTO "Person" (_id_person,surname,village,street,descr,birth,sex,religion) VALUES (9,'Kašparová','Pardubice','Xaver',8449,'1808-02-20','žena','evangelík');
INSERT INTO "Person" (_id_person,surname,village,street,descr,birth,sex,religion) VALUES (10,'Kašpar','Pardubice','Xaver',8449,'1805-09-11','muž','evangelík');
INSERT INTO "Person" (_id_person,surname,village,street,descr,birth,sex,religion,mother_id,father_id) VALUES (11,'Kašparová','Pardubice','Xaver',8449,'1830-07-29','žena','evangelík',9,10);
INSERT INTO "Person" (_id_person,surname,village,street,descr,birth,sex,religion) VALUES (12,'Šmídová','Kladno','šulc',6114,'1806-08-01','žena','katolík');
INSERT INTO "Person" (_id_person,surname,village,street,descr,birth,sex,religion) VALUES (13,'Šmíd','Kladno','šulc',6114,'1800-01-21','muž','katolík');
INSERT INTO "Person" (_id_person,surname,village,street,descr,birth,sex,religion,mother_id,father_id) VALUES (14,'Šmídová','Kladno','šulc',6114,'1832-04-16','žena','katolík',12,13);
INSERT INTO "Person" (_id_person,surname,village,street,descr,birth,sex,religion) VALUES (15,'Müllerová','Frýdek-Místek','Kovaříková',2068,'1805-05-23','žena','katolík');
INSERT INTO "Person" (_id_person,surname,village,street,descr,birth,sex,religion) VALUES (16,'Müller','Frýdek-Místek','Kovaříková',2068,'1806-04-13','muž','katolík');
INSERT INTO "Person" (_id_person,surname,village,street,descr,birth,sex,religion,mother_id,father_id) VALUES (17,'Müllerová','Frýdek-Místek','Kovaříková',2068,'1837-01-26','žena','katolík',15,16);
INSERT INTO "Person" (_id_person,surname,village,street,descr,birth,sex,religion) VALUES (18,'Staněková','Teplice','Bobek',3768,'1801-04-09','žena','katolík');
INSERT INTO "Person" (_id_person,surname,village,street,descr,birth,sex,religion) VALUES (19,'Staněk','Teplice','Bobek',3768,'1809-08-11','muž','katolík');
INSERT INTO "Person" (_id_person,surname,village,street,descr,birth,sex,religion,mother_id,father_id) VALUES (20,'Staněková','Teplice','Bobek',3768,'1835-11-01','žena','katolík',18,19);
INSERT INTO "Person" (_id_person,surname,village,street,descr,birth,sex,religion) VALUES (21,'Marešová','Chomutov','Teofila',13992,'1805-12-21','žena','evangelík');
INSERT INTO "Person" (_id_person,surname,village,street,descr,birth,sex,religion) VALUES (22,'Mareš','Chomutov','Teofila',13992,'1809-03-27','muž','evangelík');
INSERT INTO "Person" (_id_person,surname,village,street,descr,birth,sex,religion,mother_id,father_id) VALUES (23,'Mareš','Chomutov','Teofila',13992,'1825-07-12','muž','evangelík',21,22);
INSERT INTO "Person" (_id_person,surname,village,street,descr,birth,sex,religion) VALUES (24,'Blažeková','Prostějov','Mužíková',0132,'1803-05-10','žena','evangelík');
INSERT INTO "Person" (_id_person,surname,village,street,descr,birth,sex,religion) VALUES (25,'Blažek','Prostějov','Mužíková',0132,'1804-10-30','muž','evangelík');
INSERT INTO "Person" (_id_person,surname,village,street,descr,birth,sex,religion,mother_id,father_id) VALUES (26,'Blažeková','Prostějov','Mužíková',0132,'1837-05-26','žena','evangelík',24,25);
INSERT INTO "Person" (_id_person,surname,village,street,descr,birth,sex,religion) VALUES (27,'Jarošová','Třebíč','Synková',8187,'1807-06-16','žena','katolík');
INSERT INTO "Person" (_id_person,surname,village,street,descr,birth,sex,religion) VALUES (28,'Jaroš','Třebíč','Synková',8187,'1804-12-10','muž','katolík');
INSERT INTO "Person" (_id_person,surname,village,street,descr,birth,sex,religion,mother_id,father_id) VALUES (29,'Jarošová','Třebíč','Synková',8187,'1839-04-14','žena','katolík',27,28);
INSERT INTO "Person" (_id_person,surname,village,street,descr,birth,sex,religion) VALUES (30,'Kratochvílová','Znojmo','Hendrychová',4728,'1806-06-02','žena','katolík');
INSERT INTO "Person" (_id_person,surname,village,street,descr,birth,sex,religion) VALUES (31,'Kratochvíl','Znojmo','Hendrychová',4728,'1807-07-09','muž','katolík');
INSERT INTO "Person" (_id_person,surname,village,street,descr,birth,sex,religion,mother_id,father_id) VALUES (32,'Kratochvílová','Znojmo','Hendrychová',4728,'1832-12-17','žena','katolík',30,31);
INSERT INTO "Person" (_id_person,surname,village,street,descr,birth,sex,religion) VALUES (33,'Kočíová','Kolín','Knotek',92516,'1807-07-25','žena','evangelík');
INSERT INTO "Person" (_id_person,surname,village,street,descr,birth,sex,religion) VALUES (34,'Kočí','Kolín','Knotek',92516,'1802-02-13','muž','evangelík');
INSERT INTO "Person" (_id_person,surname,village,street,descr,birth,sex,religion,mother_id,father_id) VALUES (35,'Kočí','Kolín','Knotek',92516,'1829-01-21','muž','evangelík',33,34);
INSERT INTO "Person" (_id_person,surname,village,street,descr,birth,sex,religion) VALUES (36,'Sedláčeková','Orlová','Pilař',676,'1806-10-20','žena','evangelík');
INSERT INTO "Person" (_id_person,surname,village,street,descr,birth,sex,religion) VALUES (37,'Sedláček','Orlová','Pilař',676,'1808-04-09','muž','evangelík');
INSERT INTO "Person" (_id_person,surname,village,street,descr,birth,sex,religion,mother_id,father_id) VALUES (38,'Sedláčeková','Orlová','Pilař',676,'1827-11-22','žena','evangelík',36,37);
INSERT INTO "Person" (_id_person,surname,village,street,descr,birth,sex,religion) VALUES (39,'Mareková','Vsetín','Ranko',217,'1807-04-09','žena','katolík');
INSERT INTO "Person" (_id_person,surname,village,street,descr,birth,sex,religion) VALUES (40,'Marek','Vsetín','Ranko',217,'1803-10-07','muž','katolík');
INSERT INTO "Person" (_id_person,surname,village,street,descr,birth,sex,religion,mother_id,father_id) VALUES (41,'Mareková','Vsetín','Ranko',217,'1828-05-26','žena','katolík',39,40);
INSERT INTO "Person" (_id_person,surname,village,street,descr,birth,sex,religion) VALUES (42,'Kašparová','Hodonín','Lumíra',48550,'1805-02-14','žena','katolík');
INSERT INTO "Person" (_id_person,surname,village,street,descr,birth,sex,religion) VALUES (43,'Kašpar','Hodonín','Lumíra',48550,'1803-10-30','muž','katolík');
INSERT INTO "Person" (_id_person,surname,village,street,descr,birth,sex,religion,mother_id,father_id) VALUES (44,'Kašpar','Hodonín','Lumíra',48550,'1833-09-24','muž','katolík',42,43);
INSERT INTO "Person" (_id_person,surname,village,street,descr,birth,sex,religion) VALUES (45,'Čermáková','Litoměřice','Petrů',323,'1806-12-08','žena','evangelík');
INSERT INTO "Person" (_id_person,surname,village,street,descr,birth,sex,religion) VALUES (46,'Čermák','Litoměřice','Petrů',323,'1805-02-15','muž','evangelík');
INSERT INTO "Person" (_id_person,surname,village,street,descr,birth,sex,religion,mother_id,father_id) VALUES (47,'Čermáková','Litoměřice','Petrů',323,'1828-11-14','žena','evangelík',45,46);
INSERT INTO "Person" (_id_person,surname,village,street,descr,birth,sex,religion) VALUES (48,'Víteková','Sokolov','Píšová',801,'1808-08-23','žena','katolík');
INSERT INTO "Person" (_id_person,surname,village,street,descr,birth,sex,religion) VALUES (49,'Vítek','Sokolov','Píšová',801,'1805-03-11','muž','katolík');
INSERT INTO "Person" (_id_person,surname,village,street,descr,birth,sex,religion,mother_id,father_id) VALUES (50,'Vítek','Sokolov','Píšová',801,'1836-04-11','muž','katolík',48,49);
INSERT INTO "Person" (_id_person,surname,village,street,descr,birth,sex,religion) VALUES (51,'Pospíšilová','Strakonice','Mabel',91834,'1806-01-07','žena','katolík');
INSERT INTO "Person" (_id_person,surname,village,street,descr,birth,sex,religion) VALUES (52,'Pospíšil','Strakonice','Mabel',91834,'1800-02-11','muž','katolík');
INSERT INTO "Person" (_id_person,surname,village,street,descr,birth,sex,religion,mother_id,father_id) VALUES (53,'Pospíšilová','Strakonice','Mabel',91834,'1838-01-23','žena','katolík',51,52);
INSERT INTO "Person" (_id_person,surname,village,street,descr,birth,sex,religion) VALUES (54,'Holubová','Kopřivnice','Dunka',085,'1807-04-20','žena','katolík');
INSERT INTO "Person" (_id_person,surname,village,street,descr,birth,sex,religion) VALUES (55,'Holub','Kopřivnice','Dunka',085,'1808-11-17','muž','katolík');
INSERT INTO "Person" (_id_person,surname,village,street,descr,birth,sex,religion,mother_id,father_id) VALUES (56,'Holubová','Kopřivnice','Dunka',085,'1834-06-15','žena','katolík',54,55);
INSERT INTO "Person" (_id_person,surname,village,street,descr,birth,sex,religion) VALUES (57,'Švecová','Žďár nad Sázavou','Milovan',516,'1804-07-23','žena','evangelík');
INSERT INTO "Person" (_id_person,surname,village,street,descr,birth,sex,religion) VALUES (58,'Švec','Žďár nad Sázavou','Milovan',516,'1800-04-11','muž','evangelík');
INSERT INTO "Person" (_id_person,surname,village,street,descr,birth,sex,religion,mother_id,father_id) VALUES (59,'Švec','Žďár nad Sázavou','Milovan',516,'1830-09-01','muž','evangelík',57,58);
INSERT INTO "Person" (_id_person,surname,village,street,descr,birth,sex,religion) VALUES (60,'Kadlecová','Kutná Hora','Soňa',32365,'1801-09-20','žena','katolík');
INSERT INTO "Person" (_id_person,surname,village,street,descr,birth,sex,religion) VALUES (61,'Kadlec','Kutná Hora','Soňa',32365,'1807-12-20','muž','katolík');
INSERT INTO "Person" (_id_person,surname,village,street,descr,birth,sex,religion,mother_id,father_id) VALUES (62,'Kadlecová','Kutná Hora','Soňa',32365,'1835-04-07','žena','katolík',60,61);
INSERT INTO "Person" (_id_person,surname,village,street,descr,birth,sex,religion) VALUES (63,'Mareková','Beroun','Elvis',686,'1807-03-04','žena','katolík');
INSERT INTO "Person" (_id_person,surname,village,street,descr,birth,sex,religion) VALUES (64,'Marek','Beroun','Elvis',686,'1806-10-29','muž','katolík');
INSERT INTO "Person" (_id_person,surname,village,street,descr,birth,sex,religion,mother_id,father_id) VALUES (65,'Marek','Beroun','Elvis',686,'1827-04-27','muž','katolík',63,64);
INSERT INTO "Person" (_id_person,surname,village,street,descr,birth,sex,religion) VALUES (66,'Musilová','Brandýs nad Labem-Stará Boleslav','Paul',1020,'1804-07-31','žena','katolík');
INSERT INTO "Person" (_id_person,surname,village,street,descr,birth,sex,religion) VALUES (67,'Musil','Brandýs nad Labem-Stará Boleslav','Paul',1020,'1808-03-01','muž','katolík');
INSERT INTO "Person" (_id_person,surname,village,street,descr,birth,sex,religion,mother_id,father_id) VALUES (68,'Musilová','Brandýs nad Labem-Stará Boleslav','Paul',1020,'1834-07-25','žena','katolík',66,67);
INSERT INTO "Person" (_id_person,surname,village,street,descr,birth,sex,religion) VALUES (69,'Králová','Kralupy nad Vltavou','Arzen',253,'1804-06-06','žena','evangelík');
INSERT INTO "Person" (_id_person,surname,village,street,descr,birth,sex,religion) VALUES (70,'Král','Kralupy nad Vltavou','Arzen',253,'1809-12-21','muž','evangelík');
INSERT INTO "Person" (_id_person,surname,village,street,descr,birth,sex,religion,mother_id,father_id) VALUES (71,'Králová','Kralupy nad Vltavou','Arzen',253,'1829-03-23','žena','evangelík',69,70);
INSERT INTO "Person" (_id_person,surname,village,street,descr,birth,sex,religion) VALUES (72,'Sedláková','Bílina','šiška',78885,'1807-02-08','žena','evangelík');
INSERT INTO "Person" (_id_person,surname,village,street,descr,birth,sex,religion) VALUES (73,'Sedlák','Bílina','šiška',78885,'1803-06-07','muž','evangelík');
INSERT INTO "Person" (_id_person,surname,village,street,descr,birth,sex,religion,mother_id,father_id) VALUES (74,'Sedláková','Bílina','šiška',78885,'1834-08-19','žena','evangelík',72,73);
INSERT INTO "Person" (_id_person,surname,village,street,descr,birth,sex,religion) VALUES (75,'Macháčeková','Uherský Brod','Zahrádková',820,'1808-03-15','žena','katolík');
INSERT INTO "Person" (_id_person,surname,village,street,descr,birth,sex,religion) VALUES (76,'Macháček','Uherský Brod','Zahrádková',820,'1805-12-20','muž','katolík');
INSERT INTO "Person" (_id_person,surname,village,street,descr,birth,sex,religion,mother_id,father_id) VALUES (77,'Macháčeková','Uherský Brod','Zahrádková',820,'1831-11-20','žena','katolík',75,76);
INSERT INTO "Person" (_id_person,surname,village,street,descr,birth,sex,religion) VALUES (78,'Hájeková','Jičín','Gracie',5726,'1806-10-13','žena','katolík');
INSERT INTO "Person" (_id_person,surname,village,street,descr,birth,sex,religion) VALUES (79,'Hájek','Jičín','Gracie',5726,'1806-04-13','muž','katolík');
INSERT INTO "Person" (_id_person,surname,village,street,descr,birth,sex,religion,mother_id,father_id) VALUES (80,'Hájeková','Jičín','Gracie',5726,'1833-11-04','žena','katolík',78,79);
INSERT INTO "Person" (_id_person,surname,village,street,descr,birth,sex,religion) VALUES (81,'Žáková','Pelhřimov','Heger',60343,'1801-06-11','žena','evangelík');
INSERT INTO "Person" (_id_person,surname,village,street,descr,birth,sex,religion) VALUES (82,'Žák','Pelhřimov','Heger',60343,'1804-10-29','muž','evangelík');
INSERT INTO "Person" (_id_person,surname,village,street,descr,birth,sex,religion,mother_id,father_id) VALUES (83,'Žáková','Pelhřimov','Heger',60343,'1835-09-08','žena','evangelík',81,82);
INSERT INTO "Person" (_id_person,surname,village,street,descr,birth,sex,religion) VALUES (84,'Kratochvílová','Slaný','Babeta',194,'1803-04-24','žena','evangelík');
INSERT INTO "Person" (_id_person,surname,village,street,descr,birth,sex,religion) VALUES (85,'Kratochvíl','Slaný','Babeta',194,'1803-07-13','muž','evangelík');
INSERT INTO "Person" (_id_person,surname,village,street,descr,birth,sex,religion,mother_id,father_id) VALUES (86,'Kratochvíl','Slaný','Babeta',194,'1836-11-26','muž','evangelík',84,85);
INSERT INTO "Person" (_id_person,surname,village,street,descr,birth,sex,religion) VALUES (87,'Bartošová','Varnsdorf','Sikorová',412,'1806-02-15','žena','katolík');
INSERT INTO "Person" (_id_person,surname,village,street,descr,birth,sex,religion) VALUES (88,'Bartoš','Varnsdorf','Sikorová',412,'1808-02-11','muž','katolík');
INSERT INTO "Person" (_id_person,surname,village,street,descr,birth,sex,religion,mother_id,father_id) VALUES (89,'Bartošová','Varnsdorf','Sikorová',412,'1833-02-09','žena','katolík',87,88);
INSERT INTO "Person" (_id_person,surname,village,street,descr,birth,sex,religion) VALUES (90,'Strnadová','Turnov','Jelena',63310,'1806-05-08','žena','katolík');
INSERT INTO "Person" (_id_person,surname,village,street,descr,birth,sex,religion) VALUES (91,'Strnad','Turnov','Jelena',63310,'1801-02-18','muž','katolík');
INSERT INTO "Person" (_id_person,surname,village,street,descr,birth,sex,religion,mother_id,father_id) VALUES (92,'Strnadová','Turnov','Jelena',63310,'1825-07-08','žena','katolík',90,91);
INSERT INTO "Person" (_id_person,surname,village,street,descr,birth,sex,religion) VALUES (93,'Zemanová','Rokycany','Jolanta',842,'1807-10-18','žena','katolík');
INSERT INTO "Person" (_id_person,surname,village,street,descr,birth,sex,religion) VALUES (94,'Zeman','Rokycany','Jolanta',842,'1800-03-28','muž','katolík');
INSERT INTO "Person" (_id_person,surname,village,street,descr,birth,sex,religion,mother_id,father_id) VALUES (95,'Zemanová','Rokycany','Jolanta',842,'1834-04-21','žena','katolík',93,94);
INSERT INTO "Person" (_id_person,surname,village,street,descr,birth,sex,religion) VALUES (96,'Stejskalová','Chodov','Dobroslav',41789,'1808-11-01','žena','katolík');
INSERT INTO "Person" (_id_person,surname,village,street,descr,birth,sex,religion) VALUES (97,'Stejskal','Chodov','Dobroslav',41789,'1801-04-30','muž','katolík');
INSERT INTO "Person" (_id_person,surname,village,street,descr,birth,sex,religion,mother_id,father_id) VALUES (98,'Stejskalová','Chodov','Dobroslav',41789,'1832-04-06','žena','katolík',96,97);
INSERT INTO "Person" (_id_person,surname,village,street,descr,birth,sex,religion) VALUES (99,'Horáková','Český Krumlov','Leon',33827,'1802-03-23','žena','evangelík');
INSERT INTO "Person" (_id_person,surname,village,street,descr,birth,sex,religion) VALUES (100,'Horák','Český Krumlov','Leon',33827,'1808-01-18','muž','evangelík');
INSERT INTO "Person" (_id_person,surname,village,street,descr,birth,sex,religion,mother_id,father_id) VALUES (101,'Horáková','Český Krumlov','Leon',33827,'1833-08-01','žena','evangelík',99,100);
INSERT INTO "Person" (_id_person,surname,village,street,descr,birth,sex,religion) VALUES (102,'Dvořáková','Tachov','Želislava',2865,'1809-04-25','žena','evangelík');
INSERT INTO "Person" (_id_person,surname,village,street,descr,birth,sex,religion) VALUES (103,'Dvořák','Tachov','Želislava',2865,'1808-03-15','muž','evangelík');
INSERT INTO "Person" (_id_person,surname,village,street,descr,birth,sex,religion,mother_id,father_id) VALUES (104,'Dvořáková','Tachov','Želislava',2865,'1831-02-28','žena','evangelík',102,103);
INSERT INTO "Person" (_id_person,surname,village,street,descr,birth,sex,religion) VALUES (105,'Bíleková','Jaroměř','Rosalinda',5193,'1807-06-08','žena','katolík');
INSERT INTO "Person" (_id_person,surname,village,street,descr,birth,sex,religion) VALUES (106,'Bílek','Jaroměř','Rosalinda',5193,'1809-07-01','muž','katolík');
INSERT INTO "Person" (_id_person,surname,village,street,descr,birth,sex,religion,mother_id,father_id) VALUES (107,'Bílek','Jaroměř','Rosalinda',5193,'1829-11-08','muž','katolík',105,106);
INSERT INTO "Person" (_id_person,surname,village,street,descr,birth,sex,religion) VALUES (108,'Pavlíková','Nový Bor','Zajíc',01332,'1806-11-10','žena','evangelík');
INSERT INTO "Person" (_id_person,surname,village,street,descr,birth,sex,religion) VALUES (109,'Pavlík','Nový Bor','Zajíc',01332,'1804-01-31','muž','evangelík');
INSERT INTO "Person" (_id_person,surname,village,street,descr,birth,sex,religion,mother_id,father_id) VALUES (110,'Pavlík','Nový Bor','Zajíc',01332,'1831-10-29','muž','evangelík',108,109);
INSERT INTO "Person" (_id_person,surname,village,street,descr,birth,sex,religion) VALUES (111,'Víteková','Vlašim','Balcarová',6872,'1808-12-15','žena','katolík');
INSERT INTO "Person" (_id_person,surname,village,street,descr,birth,sex,religion) VALUES (112,'Vítek','Vlašim','Balcarová',6872,'1807-06-27','muž','katolík');
INSERT INTO "Person" (_id_person,surname,village,street,descr,birth,sex,religion,mother_id,father_id) VALUES (113,'Víteková','Vlašim','Balcarová',6872,'1829-08-04','žena','katolík',111,112);
INSERT INTO "Person" (_id_person,surname,village,street,descr,birth,sex,religion) VALUES (114,'Ježeková','Uničov','Hostimil',805,'1808-08-01','žena','katolík');
INSERT INTO "Person" (_id_person,surname,village,street,descr,birth,sex,religion) VALUES (115,'Ježek','Uničov','Hostimil',805,'1800-03-27','muž','katolík');
INSERT INTO "Person" (_id_person,surname,village,street,descr,birth,sex,religion,mother_id,father_id) VALUES (116,'Ježeková','Uničov','Hostimil',805,'1834-10-31','žena','katolík',114,115);
INSERT INTO "Person" (_id_person,surname,village,street,descr,birth,sex,religion) VALUES (117,'Jelíneková','Domažlice','Procházková',65613,'1806-01-10','žena','katolík');
INSERT INTO "Person" (_id_person,surname,village,street,descr,birth,sex,religion) VALUES (118,'Jelínek','Domažlice','Procházková',65613,'1807-06-24','muž','katolík');
INSERT INTO "Person" (_id_person,surname,village,street,descr,birth,sex,religion,mother_id,father_id) VALUES (119,'Jelíneková','Domažlice','Procházková',65613,'1825-10-15','žena','katolík',117,118);
INSERT INTO "Person" (_id_person,surname,village,street,descr,birth,sex,religion) VALUES (120,'Matoušeková','Rumburk','Hermanová',10760,'1805-03-02','žena','katolík');
INSERT INTO "Person" (_id_person,surname,village,street,descr,birth,sex,religion) VALUES (121,'Matoušek','Rumburk','Hermanová',10760,'1805-05-07','muž','katolík');
INSERT INTO "Person" (_id_person,surname,village,street,descr,birth,sex,religion,mother_id,father_id) VALUES (122,'Matoušeková','Rumburk','Hermanová',10760,'1836-12-02','žena','katolík',120,121);
INSERT INTO "Person" (_id_person,surname,village,street,descr,birth,sex,religion) VALUES (123,'Fišerová','Prachatice','Dionýzos',20649,'1808-01-03','žena','katolík');
INSERT INTO "Person" (_id_person,surname,village,street,descr,birth,sex,religion) VALUES (124,'Fišer','Prachatice','Dionýzos',20649,'1804-09-13','muž','katolík');
INSERT INTO "Person" (_id_person,surname,village,street,descr,birth,sex,religion,mother_id,father_id) VALUES (125,'Fišer','Prachatice','Dionýzos',20649,'1827-07-22','muž','katolík',123,124);
INSERT INTO "Person" (_id_person,surname,village,street,descr,birth,sex,religion) VALUES (126,'Beráneková','Čáslav','Romuald',259,'1802-06-20','žena','katolík');
INSERT INTO "Person" (_id_person,surname,village,street,descr,birth,sex,religion) VALUES (127,'Beránek','Čáslav','Romuald',259,'1801-06-02','muž','katolík');
INSERT INTO "Person" (_id_person,surname,village,street,descr,birth,sex,religion,mother_id,father_id) VALUES (128,'Beránek','Čáslav','Romuald',259,'1836-04-10','muž','katolík',126,127);
INSERT INTO "Person" (_id_person,surname,village,street,descr,birth,sex,religion) VALUES (129,'Horváthová','Nové Město na Moravě','Jaromil',6460,'1808-06-16','žena','evangelík');
INSERT INTO "Person" (_id_person,surname,village,street,descr,birth,sex,religion) VALUES (130,'Horváth','Nové Město na Moravě','Jaromil',6460,'1808-10-13','muž','evangelík');
INSERT INTO "Person" (_id_person,surname,village,street,descr,birth,sex,religion,mother_id,father_id) VALUES (131,'Horváthová','Nové Město na Moravě','Jaromil',6460,'1828-04-12','žena','evangelík',129,130);
INSERT INTO "Person" (_id_person,surname,village,street,descr,birth,sex,religion) VALUES (132,'Beranová','Litovel','Konrád',6314,'1802-04-24','žena','katolík');
INSERT INTO "Person" (_id_person,surname,village,street,descr,birth,sex,religion) VALUES (133,'Beran','Litovel','Konrád',6314,'1800-12-06','muž','katolík');
INSERT INTO "Person" (_id_person,surname,village,street,descr,birth,sex,religion,mother_id,father_id) VALUES (134,'Beranová','Litovel','Konrád',6314,'1827-07-19','žena','katolík',132,133);
INSERT INTO "Person" (_id_person,surname,village,street,descr,birth,sex,religion) VALUES (135,'Horáčeková','Studénka','Peterka',288,'1807-06-30','žena','katolík');
INSERT INTO "Person" (_id_person,surname,village,street,descr,birth,sex,religion) VALUES (136,'Horáček','Studénka','Peterka',288,'1803-03-15','muž','katolík');
INSERT INTO "Person" (_id_person,surname,village,street,descr,birth,sex,religion,mother_id,father_id) VALUES (137,'Horáček','Studénka','Peterka',288,'1836-09-22','muž','katolík',135,136);
INSERT INTO "Person" (_id_person,surname,village,street,descr,birth,sex,religion) VALUES (138,'Kolářová','Přelouč','Jarmil',14534,'1802-07-20','žena','katolík');
INSERT INTO "Person" (_id_person,surname,village,street,descr,birth,sex,religion) VALUES (139,'Kolář','Přelouč','Jarmil',14534,'1801-06-23','muž','katolík');
INSERT INTO "Person" (_id_person,surname,village,street,descr,birth,sex,religion,mother_id,father_id) VALUES (140,'Kolář','Přelouč','Jarmil',14534,'1839-10-29','muž','katolík',138,139);
INSERT INTO "Person" (_id_person,surname,village,street,descr,birth,sex,religion) VALUES (141,'Horáčeková','Tišnov','Ignác',5789,'1801-05-19','žena','katolík');
INSERT INTO "Person" (_id_person,surname,village,street,descr,birth,sex,religion) VALUES (142,'Horáček','Tišnov','Ignác',5789,'1805-06-24','muž','katolík');
INSERT INTO "Person" (_id_person,surname,village,street,descr,birth,sex,religion,mother_id,father_id) VALUES (143,'Horáčeková','Tišnov','Ignác',5789,'1826-04-02','žena','katolík',141,142);
INSERT INTO "Person" (_id_person,surname,village,street,descr,birth,sex,religion) VALUES (144,'Matoušeková','Dobříš','Zdislava',02707,'1801-10-02','žena','evangelík');
INSERT INTO "Person" (_id_person,surname,village,street,descr,birth,sex,religion) VALUES (145,'Matoušek','Dobříš','Zdislava',02707,'1801-08-19','muž','evangelík');
INSERT INTO "Person" (_id_person,surname,village,street,descr,birth,sex,religion,mother_id,father_id) VALUES (146,'Matoušek','Dobříš','Zdislava',02707,'1830-10-05','muž','evangelík',144,145);
INSERT INTO "Person" (_id_person,surname,village,street,descr,birth,sex,religion) VALUES (147,'Němečeková','Polička','Prokopa',8116,'1802-07-20','žena','katolík');
INSERT INTO "Person" (_id_person,surname,village,street,descr,birth,sex,religion) VALUES (148,'Němeček','Polička','Prokopa',8116,'1803-07-31','muž','katolík');
INSERT INTO "Person" (_id_person,surname,village,street,descr,birth,sex,religion,mother_id,father_id) VALUES (149,'Němeček','Polička','Prokopa',8116,'1825-01-08','muž','katolík',147,148);
INSERT INTO "Person" (_id_person,surname,village,street,descr,birth,sex,religion) VALUES (150,'Čechová','Choceň','Raimund',684,'1804-08-05','žena','katolík');
INSERT INTO "Person" (_id_person,surname,village,street,descr,birth,sex,religion) VALUES (151,'Čech','Choceň','Raimund',684,'1804-09-01','muž','katolík');
INSERT INTO "Person" (_id_person,surname,village,street,descr,birth,sex,religion,mother_id,father_id) VALUES (152,'Čechová','Choceň','Raimund',684,'1833-01-13','žena','katolík',150,151);
INSERT INTO "Person" (_id_person,surname,village,street,descr,birth,sex,religion) VALUES (153,'Němecová','Semily','Janovskýová',961,'1806-06-25','žena','katolík');
INSERT INTO "Person" (_id_person,surname,village,street,descr,birth,sex,religion) VALUES (154,'Němec','Semily','Janovskýová',961,'1806-05-24','muž','katolík');
INSERT INTO "Person" (_id_person,surname,village,street,descr,birth,sex,religion,mother_id,father_id) VALUES (155,'Němec','Semily','Janovskýová',961,'1838-06-06','muž','katolík',153,154);
INSERT INTO "Person" (_id_person,surname,village,street,descr,birth,sex,religion) VALUES (156,'Tomanová','Milevsko','Zíka',55002,'1802-01-24','žena','katolík');
INSERT INTO "Person" (_id_person,surname,village,street,descr,birth,sex,religion) VALUES (157,'Toman','Milevsko','Zíka',55002,'1809-07-02','muž','katolík');
INSERT INTO "Person" (_id_person,surname,village,street,descr,birth,sex,religion,mother_id,father_id) VALUES (158,'Tomanová','Milevsko','Zíka',55002,'1838-02-26','žena','katolík',156,157);
INSERT INTO "Person" (_id_person,surname,village,street,descr,birth,sex,religion) VALUES (159,'Tomanová','Červený Kostelec','Koutný',141,'1805-05-07','žena','katolík');
INSERT INTO "Person" (_id_person,surname,village,street,descr,birth,sex,religion) VALUES (160,'Toman','Červený Kostelec','Koutný',141,'1801-10-17','muž','katolík');
INSERT INTO "Person" (_id_person,surname,village,street,descr,birth,sex,religion,mother_id,father_id) VALUES (161,'Toman','Červený Kostelec','Koutný',141,'1832-09-06','muž','katolík',159,160);
INSERT INTO "Person" (_id_person,surname,village,street,descr,birth,sex,religion) VALUES (162,'Machová','Bystřice nad Pernštejnem','Arleta',043,'1803-06-24','žena','katolík');
INSERT INTO "Person" (_id_person,surname,village,street,descr,birth,sex,religion) VALUES (163,'Mach','Bystřice nad Pernštejnem','Arleta',043,'1805-06-10','muž','katolík');
INSERT INTO "Person" (_id_person,surname,village,street,descr,birth,sex,religion,mother_id,father_id) VALUES (164,'Machová','Bystřice nad Pernštejnem','Arleta',043,'1825-08-29','žena','katolík',162,163);
INSERT INTO "Person" (_id_person,surname,village,street,descr,birth,sex,religion) VALUES (165,'Tesařová','Dubí','Erhard',51487,'1805-06-16','žena','katolík');
INSERT INTO "Person" (_id_person,surname,village,street,descr,birth,sex,religion) VALUES (166,'Tesař','Dubí','Erhard',51487,'1807-11-21','muž','katolík');
INSERT INTO "Person" (_id_person,surname,village,street,descr,birth,sex,religion,mother_id,father_id) VALUES (167,'Tesařová','Dubí','Erhard',51487,'1826-07-19','žena','katolík',165,166);
INSERT INTO "Person" (_id_person,surname,village,street,descr,birth,sex,religion) VALUES (168,'Fišerová','Hrádek nad Nisou','Svačinová',377,'1809-05-17','žena','katolík');
INSERT INTO "Person" (_id_person,surname,village,street,descr,birth,sex,religion) VALUES (169,'Fišer','Hrádek nad Nisou','Svačinová',377,'1804-10-25','muž','katolík');
INSERT INTO "Person" (_id_person,surname,village,street,descr,birth,sex,religion,mother_id,father_id) VALUES (170,'Fišerová','Hrádek nad Nisou','Svačinová',377,'1826-05-18','žena','katolík',168,169);
INSERT INTO "Person" (_id_person,surname,village,street,descr,birth,sex,religion) VALUES (171,'Dostálová','Šlapanice','Marcel',893,'1800-12-08','žena','katolík');
INSERT INTO "Person" (_id_person,surname,village,street,descr,birth,sex,religion) VALUES (172,'Dostál','Šlapanice','Marcel',893,'1806-05-17','muž','katolík');
INSERT INTO "Person" (_id_person,surname,village,street,descr,birth,sex,religion,mother_id,father_id) VALUES (173,'Dostál','Šlapanice','Marcel',893,'1836-01-30','muž','katolík',171,172);
INSERT INTO "Person" (_id_person,surname,village,street,descr,birth,sex,religion) VALUES (174,'Blažeková','Moravské Budějovice','šmerdová',734,'1809-07-06','žena','katolík');
INSERT INTO "Person" (_id_person,surname,village,street,descr,birth,sex,religion) VALUES (175,'Blažek','Moravské Budějovice','šmerdová',734,'1809-10-13','muž','katolík');
INSERT INTO "Person" (_id_person,surname,village,street,descr,birth,sex,religion,mother_id,father_id) VALUES (176,'Blažek','Moravské Budějovice','šmerdová',734,'1829-03-12','muž','katolík',174,175);
INSERT INTO "Person" (_id_person,surname,village,street,descr,birth,sex,religion) VALUES (177,'Strnadová','Rychvald','Grizelda',04037,'1800-05-16','žena','evangelík');
INSERT INTO "Person" (_id_person,surname,village,street,descr,birth,sex,religion) VALUES (178,'Strnad','Rychvald','Grizelda',04037,'1808-10-12','muž','evangelík');
INSERT INTO "Person" (_id_person,surname,village,street,descr,birth,sex,religion,mother_id,father_id) VALUES (179,'Strnad','Rychvald','Grizelda',04037,'1828-05-21','muž','evangelík',177,178);
INSERT INTO "Person" (_id_person,surname,village,street,descr,birth,sex,religion) VALUES (180,'Machová','Odry','Leokádie',2916,'1804-09-17','žena','evangelík');
INSERT INTO "Person" (_id_person,surname,village,street,descr,birth,sex,religion) VALUES (181,'Mach','Odry','Leokádie',2916,'1800-06-20','muž','evangelík');
INSERT INTO "Person" (_id_person,surname,village,street,descr,birth,sex,religion,mother_id,father_id) VALUES (182,'Mach','Odry','Leokádie',2916,'1836-05-28','muž','evangelík',180,181);
INSERT INTO "Person" (_id_person,surname,village,street,descr,birth,sex,religion) VALUES (183,'Čechová','Petřvald','Květuše',42045,'1804-03-16','žena','katolík');
INSERT INTO "Person" (_id_person,surname,village,street,descr,birth,sex,religion) VALUES (184,'Čech','Petřvald','Květuše',42045,'1806-02-07','muž','katolík');
INSERT INTO "Person" (_id_person,surname,village,street,descr,birth,sex,religion,mother_id,father_id) VALUES (185,'Čech','Petřvald','Květuše',42045,'1825-03-26','muž','katolík',183,184);
--------------------------PersonName--------------------------
INSERT INTO "PersonName" (person_id,name_id) VALUES (0,232);
INSERT INTO "PersonName" (person_id,name_id) VALUES (1,76);
INSERT INTO "PersonName" (person_id,name_id) VALUES (2,361);
INSERT INTO "PersonName" (person_id,name_id) VALUES (3,364);
INSERT INTO "PersonName" (person_id,name_id) VALUES (4,78);
INSERT INTO "PersonName" (person_id,name_id) VALUES (5,248);
INSERT INTO "PersonName" (person_id,name_id) VALUES (6,284);
INSERT INTO "PersonName" (person_id,name_id) VALUES (7,77);
INSERT INTO "PersonName" (person_id,name_id) VALUES (8,181);
INSERT INTO "PersonName" (person_id,name_id) VALUES (9,347);
INSERT INTO "PersonName" (person_id,name_id) VALUES (10,86);
INSERT INTO "PersonName" (person_id,name_id) VALUES (11,358);
INSERT INTO "PersonName" (person_id,name_id) VALUES (12,310);
INSERT INTO "PersonName" (person_id,name_id) VALUES (13,130);
INSERT INTO "PersonName" (person_id,name_id) VALUES (14,217);
INSERT INTO "PersonName" (person_id,name_id) VALUES (15,256);
INSERT INTO "PersonName" (person_id,name_id) VALUES (16,11);
INSERT INTO "PersonName" (person_id,name_id) VALUES (17,349);
INSERT INTO "PersonName" (person_id,name_id) VALUES (18,365);
INSERT INTO "PersonName" (person_id,name_id) VALUES (19,107);
INSERT INTO "PersonName" (person_id,name_id) VALUES (20,296);
INSERT INTO "PersonName" (person_id,name_id) VALUES (21,216);
INSERT INTO "PersonName" (person_id,name_id) VALUES (22,22);
INSERT INTO "PersonName" (person_id,name_id) VALUES (23,120);
INSERT INTO "PersonName" (person_id,name_id) VALUES (24,252);
INSERT INTO "PersonName" (person_id,name_id) VALUES (25,1);
INSERT INTO "PersonName" (person_id,name_id) VALUES (26,197);
INSERT INTO "PersonName" (person_id,name_id) VALUES (27,199);
INSERT INTO "PersonName" (person_id,name_id) VALUES (28,54);
INSERT INTO "PersonName" (person_id,name_id) VALUES (29,312);
INSERT INTO "PersonName" (person_id,name_id) VALUES (30,269);
INSERT INTO "PersonName" (person_id,name_id) VALUES (31,33);
INSERT INTO "PersonName" (person_id,name_id) VALUES (32,209);
INSERT INTO "PersonName" (person_id,name_id) VALUES (33,255);
INSERT INTO "PersonName" (person_id,name_id) VALUES (34,111);
INSERT INTO "PersonName" (person_id,name_id) VALUES (35,53);
INSERT INTO "PersonName" (person_id,name_id) VALUES (36,233);
INSERT INTO "PersonName" (person_id,name_id) VALUES (37,136);
INSERT INTO "PersonName" (person_id,name_id) VALUES (38,291);
INSERT INTO "PersonName" (person_id,name_id) VALUES (39,325);
INSERT INTO "PersonName" (person_id,name_id) VALUES (40,45);
INSERT INTO "PersonName" (person_id,name_id) VALUES (41,302);
INSERT INTO "PersonName" (person_id,name_id) VALUES (42,188);
INSERT INTO "PersonName" (person_id,name_id) VALUES (43,126);
INSERT INTO "PersonName" (person_id,name_id) VALUES (44,133);
INSERT INTO "PersonName" (person_id,name_id) VALUES (45,258);
INSERT INTO "PersonName" (person_id,name_id) VALUES (46,148);
INSERT INTO "PersonName" (person_id,name_id) VALUES (47,362);
INSERT INTO "PersonName" (person_id,name_id) VALUES (48,244);
INSERT INTO "PersonName" (person_id,name_id) VALUES (49,166);
INSERT INTO "PersonName" (person_id,name_id) VALUES (50,50);
INSERT INTO "PersonName" (person_id,name_id) VALUES (51,295);
INSERT INTO "PersonName" (person_id,name_id) VALUES (52,142);
INSERT INTO "PersonName" (person_id,name_id) VALUES (53,321);
INSERT INTO "PersonName" (person_id,name_id) VALUES (54,334);
INSERT INTO "PersonName" (person_id,name_id) VALUES (55,108);
INSERT INTO "PersonName" (person_id,name_id) VALUES (56,329);
INSERT INTO "PersonName" (person_id,name_id) VALUES (57,271);
INSERT INTO "PersonName" (person_id,name_id) VALUES (58,105);
INSERT INTO "PersonName" (person_id,name_id) VALUES (59,12);
INSERT INTO "PersonName" (person_id,name_id) VALUES (60,294);
INSERT INTO "PersonName" (person_id,name_id) VALUES (61,49);
INSERT INTO "PersonName" (person_id,name_id) VALUES (62,285);
INSERT INTO "PersonName" (person_id,name_id) VALUES (63,324);
INSERT INTO "PersonName" (person_id,name_id) VALUES (64,149);
INSERT INTO "PersonName" (person_id,name_id) VALUES (65,18);
INSERT INTO "PersonName" (person_id,name_id) VALUES (66,352);
INSERT INTO "PersonName" (person_id,name_id) VALUES (67,7);
INSERT INTO "PersonName" (person_id,name_id) VALUES (68,276);
INSERT INTO "PersonName" (person_id,name_id) VALUES (69,231);
INSERT INTO "PersonName" (person_id,name_id) VALUES (70,140);
INSERT INTO "PersonName" (person_id,name_id) VALUES (71,227);
INSERT INTO "PersonName" (person_id,name_id) VALUES (72,280);
INSERT INTO "PersonName" (person_id,name_id) VALUES (73,41);
INSERT INTO "PersonName" (person_id,name_id) VALUES (74,301);
INSERT INTO "PersonName" (person_id,name_id) VALUES (75,241);
INSERT INTO "PersonName" (person_id,name_id) VALUES (76,21);
INSERT INTO "PersonName" (person_id,name_id) VALUES (77,328);
INSERT INTO "PersonName" (person_id,name_id) VALUES (78,351);
INSERT INTO "PersonName" (person_id,name_id) VALUES (79,155);
INSERT INTO "PersonName" (person_id,name_id) VALUES (80,319);
INSERT INTO "PersonName" (person_id,name_id) VALUES (81,286);
INSERT INTO "PersonName" (person_id,name_id) VALUES (82,97);
INSERT INTO "PersonName" (person_id,name_id) VALUES (83,268);
INSERT INTO "PersonName" (person_id,name_id) VALUES (84,306);
INSERT INTO "PersonName" (person_id,name_id) VALUES (85,2);
INSERT INTO "PersonName" (person_id,name_id) VALUES (86,74);
INSERT INTO "PersonName" (person_id,name_id) VALUES (87,366);
INSERT INTO "PersonName" (person_id,name_id) VALUES (88,10);
INSERT INTO "PersonName" (person_id,name_id) VALUES (89,342);
INSERT INTO "PersonName" (person_id,name_id) VALUES (90,304);
INSERT INTO "PersonName" (person_id,name_id) VALUES (91,92);
INSERT INTO "PersonName" (person_id,name_id) VALUES (92,214);
INSERT INTO "PersonName" (person_id,name_id) VALUES (93,283);
INSERT INTO "PersonName" (person_id,name_id) VALUES (94,29);
INSERT INTO "PersonName" (person_id,name_id) VALUES (95,228);
INSERT INTO "PersonName" (person_id,name_id) VALUES (96,289);
INSERT INTO "PersonName" (person_id,name_id) VALUES (97,89);
INSERT INTO "PersonName" (person_id,name_id) VALUES (98,190);
INSERT INTO "PersonName" (person_id,name_id) VALUES (99,299);
INSERT INTO "PersonName" (person_id,name_id) VALUES (100,66);
INSERT INTO "PersonName" (person_id,name_id) VALUES (101,249);
INSERT INTO "PersonName" (person_id,name_id) VALUES (102,369);
INSERT INTO "PersonName" (person_id,name_id) VALUES (103,125);
INSERT INTO "PersonName" (person_id,name_id) VALUES (104,219);
INSERT INTO "PersonName" (person_id,name_id) VALUES (105,206);
INSERT INTO "PersonName" (person_id,name_id) VALUES (106,20);
INSERT INTO "PersonName" (person_id,name_id) VALUES (107,124);
INSERT INTO "PersonName" (person_id,name_id) VALUES (108,243);
INSERT INTO "PersonName" (person_id,name_id) VALUES (109,157);
INSERT INTO "PersonName" (person_id,name_id) VALUES (110,165);
INSERT INTO "PersonName" (person_id,name_id) VALUES (111,272);
INSERT INTO "PersonName" (person_id,name_id) VALUES (112,93);
INSERT INTO "PersonName" (person_id,name_id) VALUES (113,282);
INSERT INTO "PersonName" (person_id,name_id) VALUES (114,335);
INSERT INTO "PersonName" (person_id,name_id) VALUES (115,109);
INSERT INTO "PersonName" (person_id,name_id) VALUES (116,331);
INSERT INTO "PersonName" (person_id,name_id) VALUES (117,211);
INSERT INTO "PersonName" (person_id,name_id) VALUES (118,158);
INSERT INTO "PersonName" (person_id,name_id) VALUES (119,320);
INSERT INTO "PersonName" (person_id,name_id) VALUES (120,189);
INSERT INTO "PersonName" (person_id,name_id) VALUES (121,64);
INSERT INTO "PersonName" (person_id,name_id) VALUES (122,254);
INSERT INTO "PersonName" (person_id,name_id) VALUES (123,221);
INSERT INTO "PersonName" (person_id,name_id) VALUES (124,5);
INSERT INTO "PersonName" (person_id,name_id) VALUES (125,38);
INSERT INTO "PersonName" (person_id,name_id) VALUES (126,337);
INSERT INTO "PersonName" (person_id,name_id) VALUES (127,176);
INSERT INTO "PersonName" (person_id,name_id) VALUES (128,44);
INSERT INTO "PersonName" (person_id,name_id) VALUES (129,350);
INSERT INTO "PersonName" (person_id,name_id) VALUES (130,146);
INSERT INTO "PersonName" (person_id,name_id) VALUES (131,267);
INSERT INTO "PersonName" (person_id,name_id) VALUES (132,261);
INSERT INTO "PersonName" (person_id,name_id) VALUES (133,175);
INSERT INTO "PersonName" (person_id,name_id) VALUES (134,262);
INSERT INTO "PersonName" (person_id,name_id) VALUES (135,242);
INSERT INTO "PersonName" (person_id,name_id) VALUES (136,139);
INSERT INTO "PersonName" (person_id,name_id) VALUES (137,88);
INSERT INTO "PersonName" (person_id,name_id) VALUES (138,218);
INSERT INTO "PersonName" (person_id,name_id) VALUES (139,116);
INSERT INTO "PersonName" (person_id,name_id) VALUES (140,36);
INSERT INTO "PersonName" (person_id,name_id) VALUES (141,333);
INSERT INTO "PersonName" (person_id,name_id) VALUES (142,169);
INSERT INTO "PersonName" (person_id,name_id) VALUES (143,290);
INSERT INTO "PersonName" (person_id,name_id) VALUES (144,226);
INSERT INTO "PersonName" (person_id,name_id) VALUES (145,28);
INSERT INTO "PersonName" (person_id,name_id) VALUES (146,119);
INSERT INTO "PersonName" (person_id,name_id) VALUES (147,274);
INSERT INTO "PersonName" (person_id,name_id) VALUES (148,129);
INSERT INTO "PersonName" (person_id,name_id) VALUES (149,173);
INSERT INTO "PersonName" (person_id,name_id) VALUES (150,264);
INSERT INTO "PersonName" (person_id,name_id) VALUES (151,61);
INSERT INTO "PersonName" (person_id,name_id) VALUES (152,281);
INSERT INTO "PersonName" (person_id,name_id) VALUES (153,230);
INSERT INTO "PersonName" (person_id,name_id) VALUES (154,184);
INSERT INTO "PersonName" (person_id,name_id) VALUES (155,103);
INSERT INTO "PersonName" (person_id,name_id) VALUES (156,195);
INSERT INTO "PersonName" (person_id,name_id) VALUES (157,80);
INSERT INTO "PersonName" (person_id,name_id) VALUES (158,229);
INSERT INTO "PersonName" (person_id,name_id) VALUES (159,213);
INSERT INTO "PersonName" (person_id,name_id) VALUES (160,127);
INSERT INTO "PersonName" (person_id,name_id) VALUES (161,69);
INSERT INTO "PersonName" (person_id,name_id) VALUES (162,277);
INSERT INTO "PersonName" (person_id,name_id) VALUES (163,113);
INSERT INTO "PersonName" (person_id,name_id) VALUES (164,205);
INSERT INTO "PersonName" (person_id,name_id) VALUES (165,251);
INSERT INTO "PersonName" (person_id,name_id) VALUES (166,83);
INSERT INTO "PersonName" (person_id,name_id) VALUES (167,323);
INSERT INTO "PersonName" (person_id,name_id) VALUES (168,253);
INSERT INTO "PersonName" (person_id,name_id) VALUES (169,143);
INSERT INTO "PersonName" (person_id,name_id) VALUES (170,316);
INSERT INTO "PersonName" (person_id,name_id) VALUES (171,275);
INSERT INTO "PersonName" (person_id,name_id) VALUES (172,9);
INSERT INTO "PersonName" (person_id,name_id) VALUES (173,101);
INSERT INTO "PersonName" (person_id,name_id) VALUES (174,278);
INSERT INTO "PersonName" (person_id,name_id) VALUES (175,156);
INSERT INTO "PersonName" (person_id,name_id) VALUES (176,117);
INSERT INTO "PersonName" (person_id,name_id) VALUES (177,314);
INSERT INTO "PersonName" (person_id,name_id) VALUES (178,4);
INSERT INTO "PersonName" (person_id,name_id) VALUES (179,24);
INSERT INTO "PersonName" (person_id,name_id) VALUES (180,201);
INSERT INTO "PersonName" (person_id,name_id) VALUES (181,42);
INSERT INTO "PersonName" (person_id,name_id) VALUES (182,31);
INSERT INTO "PersonName" (person_id,name_id) VALUES (183,332);
INSERT INTO "PersonName" (person_id,name_id) VALUES (184,16);
INSERT INTO "PersonName" (person_id,name_id) VALUES (185,138);
--------------------------PersonOccupation--------------------------
INSERT INTO "PersonOccupation" (person_id,occup_id) VALUES (0,39);
INSERT INTO "PersonOccupation" (person_id,occup_id) VALUES (1,59);
INSERT INTO "PersonOccupation" (person_id,occup_id) VALUES (2,57);
INSERT INTO "PersonOccupation" (person_id,occup_id) VALUES (3,4);
INSERT INTO "PersonOccupation" (person_id,occup_id) VALUES (4,32);
INSERT INTO "PersonOccupation" (person_id,occup_id) VALUES (5,51);
INSERT INTO "PersonOccupation" (person_id,occup_id) VALUES (6,41);
INSERT INTO "PersonOccupation" (person_id,occup_id) VALUES (7,13);
INSERT INTO "PersonOccupation" (person_id,occup_id) VALUES (8,53);
INSERT INTO "PersonOccupation" (person_id,occup_id) VALUES (9,61);
INSERT INTO "PersonOccupation" (person_id,occup_id) VALUES (10,48);
INSERT INTO "PersonOccupation" (person_id,occup_id) VALUES (11,21);
INSERT INTO "PersonOccupation" (person_id,occup_id) VALUES (12,2);
INSERT INTO "PersonOccupation" (person_id,occup_id) VALUES (13,18);
INSERT INTO "PersonOccupation" (person_id,occup_id) VALUES (14,37);
INSERT INTO "PersonOccupation" (person_id,occup_id) VALUES (15,60);
INSERT INTO "PersonOccupation" (person_id,occup_id) VALUES (16,47);
INSERT INTO "PersonOccupation" (person_id,occup_id) VALUES (17,38);
INSERT INTO "PersonOccupation" (person_id,occup_id) VALUES (18,55);
INSERT INTO "PersonOccupation" (person_id,occup_id) VALUES (19,27);
INSERT INTO "PersonOccupation" (person_id,occup_id) VALUES (20,58);
INSERT INTO "PersonOccupation" (person_id,occup_id) VALUES (21,17);
INSERT INTO "PersonOccupation" (person_id,occup_id) VALUES (22,35);
INSERT INTO "PersonOccupation" (person_id,occup_id) VALUES (23,54);
INSERT INTO "PersonOccupation" (person_id,occup_id) VALUES (24,56);
INSERT INTO "PersonOccupation" (person_id,occup_id) VALUES (25,33);
INSERT INTO "PersonOccupation" (person_id,occup_id) VALUES (26,12);
INSERT INTO "PersonOccupation" (person_id,occup_id) VALUES (27,29);
INSERT INTO "PersonOccupation" (person_id,occup_id) VALUES (28,26);
INSERT INTO "PersonOccupation" (person_id,occup_id) VALUES (29,40);
INSERT INTO "PersonOccupation" (person_id,occup_id) VALUES (30,15);
INSERT INTO "PersonOccupation" (person_id,occup_id) VALUES (31,30);
INSERT INTO "PersonOccupation" (person_id,occup_id) VALUES (32,25);
INSERT INTO "PersonOccupation" (person_id,occup_id) VALUES (33,0);
INSERT INTO "PersonOccupation" (person_id,occup_id) VALUES (34,50);
INSERT INTO "PersonOccupation" (person_id,occup_id) VALUES (35,10);
INSERT INTO "PersonOccupation" (person_id,occup_id) VALUES (36,11);
INSERT INTO "PersonOccupation" (person_id,occup_id) VALUES (37,52);
INSERT INTO "PersonOccupation" (person_id,occup_id) VALUES (38,3);
INSERT INTO "PersonOccupation" (person_id,occup_id) VALUES (39,16);
INSERT INTO "PersonOccupation" (person_id,occup_id) VALUES (40,1);
INSERT INTO "PersonOccupation" (person_id,occup_id) VALUES (41,22);
INSERT INTO "PersonOccupation" (person_id,occup_id) VALUES (42,42);
INSERT INTO "PersonOccupation" (person_id,occup_id) VALUES (43,46);
INSERT INTO "PersonOccupation" (person_id,occup_id) VALUES (44,5);
INSERT INTO "PersonOccupation" (person_id,occup_id) VALUES (45,28);
INSERT INTO "PersonOccupation" (person_id,occup_id) VALUES (46,31);
INSERT INTO "PersonOccupation" (person_id,occup_id) VALUES (47,23);
INSERT INTO "PersonOccupation" (person_id,occup_id) VALUES (48,7);
INSERT INTO "PersonOccupation" (person_id,occup_id) VALUES (49,49);
INSERT INTO "PersonOccupation" (person_id,occup_id) VALUES (50,19);
INSERT INTO "PersonOccupation" (person_id,occup_id) VALUES (51,14);
INSERT INTO "PersonOccupation" (person_id,occup_id) VALUES (52,6);
INSERT INTO "PersonOccupation" (person_id,occup_id) VALUES (53,20);
INSERT INTO "PersonOccupation" (person_id,occup_id) VALUES (54,44);
INSERT INTO "PersonOccupation" (person_id,occup_id) VALUES (55,34);
INSERT INTO "PersonOccupation" (person_id,occup_id) VALUES (56,9);
INSERT INTO "PersonOccupation" (person_id,occup_id) VALUES (57,45);
INSERT INTO "PersonOccupation" (person_id,occup_id) VALUES (58,36);
INSERT INTO "PersonOccupation" (person_id,occup_id) VALUES (59,24);
INSERT INTO "PersonOccupation" (person_id,occup_id) VALUES (60,8);
INSERT INTO "PersonOccupation" (person_id,occup_id) VALUES (61,43);
INSERT INTO "PersonOccupation" (person_id,occup_id) VALUES (62,6);
INSERT INTO "PersonOccupation" (person_id,occup_id) VALUES (63,36);
INSERT INTO "PersonOccupation" (person_id,occup_id) VALUES (64,1);
INSERT INTO "PersonOccupation" (person_id,occup_id) VALUES (65,14);
INSERT INTO "PersonOccupation" (person_id,occup_id) VALUES (66,18);
INSERT INTO "PersonOccupation" (person_id,occup_id) VALUES (67,18);
INSERT INTO "PersonOccupation" (person_id,occup_id) VALUES (68,7);
INSERT INTO "PersonOccupation" (person_id,occup_id) VALUES (69,27);
INSERT INTO "PersonOccupation" (person_id,occup_id) VALUES (70,9);
INSERT INTO "PersonOccupation" (person_id,occup_id) VALUES (71,54);
INSERT INTO "PersonOccupation" (person_id,occup_id) VALUES (72,1);
INSERT INTO "PersonOccupation" (person_id,occup_id) VALUES (73,60);
INSERT INTO "PersonOccupation" (person_id,occup_id) VALUES (74,50);
INSERT INTO "PersonOccupation" (person_id,occup_id) VALUES (75,49);
INSERT INTO "PersonOccupation" (person_id,occup_id) VALUES (76,12);
INSERT INTO "PersonOccupation" (person_id,occup_id) VALUES (77,36);
INSERT INTO "PersonOccupation" (person_id,occup_id) VALUES (78,38);
INSERT INTO "PersonOccupation" (person_id,occup_id) VALUES (79,26);
INSERT INTO "PersonOccupation" (person_id,occup_id) VALUES (80,32);
INSERT INTO "PersonOccupation" (person_id,occup_id) VALUES (81,12);
INSERT INTO "PersonOccupation" (person_id,occup_id) VALUES (82,61);
INSERT INTO "PersonOccupation" (person_id,occup_id) VALUES (83,13);
INSERT INTO "PersonOccupation" (person_id,occup_id) VALUES (84,4);
INSERT INTO "PersonOccupation" (person_id,occup_id) VALUES (85,56);
INSERT INTO "PersonOccupation" (person_id,occup_id) VALUES (86,23);
INSERT INTO "PersonOccupation" (person_id,occup_id) VALUES (87,43);
INSERT INTO "PersonOccupation" (person_id,occup_id) VALUES (88,1);
INSERT INTO "PersonOccupation" (person_id,occup_id) VALUES (89,46);
INSERT INTO "PersonOccupation" (person_id,occup_id) VALUES (90,39);
INSERT INTO "PersonOccupation" (person_id,occup_id) VALUES (91,43);
INSERT INTO "PersonOccupation" (person_id,occup_id) VALUES (92,54);
INSERT INTO "PersonOccupation" (person_id,occup_id) VALUES (93,36);
INSERT INTO "PersonOccupation" (person_id,occup_id) VALUES (94,31);
INSERT INTO "PersonOccupation" (person_id,occup_id) VALUES (95,18);
INSERT INTO "PersonOccupation" (person_id,occup_id) VALUES (96,5);
INSERT INTO "PersonOccupation" (person_id,occup_id) VALUES (97,39);
INSERT INTO "PersonOccupation" (person_id,occup_id) VALUES (98,36);
INSERT INTO "PersonOccupation" (person_id,occup_id) VALUES (99,9);
INSERT INTO "PersonOccupation" (person_id,occup_id) VALUES (100,7);
INSERT INTO "PersonOccupation" (person_id,occup_id) VALUES (101,16);
INSERT INTO "PersonOccupation" (person_id,occup_id) VALUES (102,16);
INSERT INTO "PersonOccupation" (person_id,occup_id) VALUES (103,12);
INSERT INTO "PersonOccupation" (person_id,occup_id) VALUES (104,2);
INSERT INTO "PersonOccupation" (person_id,occup_id) VALUES (105,57);
INSERT INTO "PersonOccupation" (person_id,occup_id) VALUES (106,0);
INSERT INTO "PersonOccupation" (person_id,occup_id) VALUES (107,24);
INSERT INTO "PersonOccupation" (person_id,occup_id) VALUES (108,18);
INSERT INTO "PersonOccupation" (person_id,occup_id) VALUES (109,42);
INSERT INTO "PersonOccupation" (person_id,occup_id) VALUES (110,27);
INSERT INTO "PersonOccupation" (person_id,occup_id) VALUES (111,13);
INSERT INTO "PersonOccupation" (person_id,occup_id) VALUES (112,25);
INSERT INTO "PersonOccupation" (person_id,occup_id) VALUES (113,12);
INSERT INTO "PersonOccupation" (person_id,occup_id) VALUES (114,6);
INSERT INTO "PersonOccupation" (person_id,occup_id) VALUES (115,48);
INSERT INTO "PersonOccupation" (person_id,occup_id) VALUES (116,50);
INSERT INTO "PersonOccupation" (person_id,occup_id) VALUES (117,34);
INSERT INTO "PersonOccupation" (person_id,occup_id) VALUES (118,39);
INSERT INTO "PersonOccupation" (person_id,occup_id) VALUES (119,57);
INSERT INTO "PersonOccupation" (person_id,occup_id) VALUES (120,22);
INSERT INTO "PersonOccupation" (person_id,occup_id) VALUES (121,17);
INSERT INTO "PersonOccupation" (person_id,occup_id) VALUES (122,21);
INSERT INTO "PersonOccupation" (person_id,occup_id) VALUES (123,18);
INSERT INTO "PersonOccupation" (person_id,occup_id) VALUES (124,60);
INSERT INTO "PersonOccupation" (person_id,occup_id) VALUES (125,36);
INSERT INTO "PersonOccupation" (person_id,occup_id) VALUES (126,6);
INSERT INTO "PersonOccupation" (person_id,occup_id) VALUES (127,33);
INSERT INTO "PersonOccupation" (person_id,occup_id) VALUES (128,6);
INSERT INTO "PersonOccupation" (person_id,occup_id) VALUES (129,14);
INSERT INTO "PersonOccupation" (person_id,occup_id) VALUES (130,16);
INSERT INTO "PersonOccupation" (person_id,occup_id) VALUES (131,28);
INSERT INTO "PersonOccupation" (person_id,occup_id) VALUES (132,34);
INSERT INTO "PersonOccupation" (person_id,occup_id) VALUES (133,11);
INSERT INTO "PersonOccupation" (person_id,occup_id) VALUES (134,30);
INSERT INTO "PersonOccupation" (person_id,occup_id) VALUES (135,26);
INSERT INTO "PersonOccupation" (person_id,occup_id) VALUES (136,2);
INSERT INTO "PersonOccupation" (person_id,occup_id) VALUES (137,5);
INSERT INTO "PersonOccupation" (person_id,occup_id) VALUES (138,33);
INSERT INTO "PersonOccupation" (person_id,occup_id) VALUES (139,28);
INSERT INTO "PersonOccupation" (person_id,occup_id) VALUES (140,10);
INSERT INTO "PersonOccupation" (person_id,occup_id) VALUES (141,60);
INSERT INTO "PersonOccupation" (person_id,occup_id) VALUES (142,59);
INSERT INTO "PersonOccupation" (person_id,occup_id) VALUES (143,41);
INSERT INTO "PersonOccupation" (person_id,occup_id) VALUES (144,58);
INSERT INTO "PersonOccupation" (person_id,occup_id) VALUES (145,7);
INSERT INTO "PersonOccupation" (person_id,occup_id) VALUES (146,17);
INSERT INTO "PersonOccupation" (person_id,occup_id) VALUES (147,27);
INSERT INTO "PersonOccupation" (person_id,occup_id) VALUES (148,40);
INSERT INTO "PersonOccupation" (person_id,occup_id) VALUES (149,15);
INSERT INTO "PersonOccupation" (person_id,occup_id) VALUES (150,4);
INSERT INTO "PersonOccupation" (person_id,occup_id) VALUES (151,60);
INSERT INTO "PersonOccupation" (person_id,occup_id) VALUES (152,20);
INSERT INTO "PersonOccupation" (person_id,occup_id) VALUES (153,1);
INSERT INTO "PersonOccupation" (person_id,occup_id) VALUES (154,34);
INSERT INTO "PersonOccupation" (person_id,occup_id) VALUES (155,58);
INSERT INTO "PersonOccupation" (person_id,occup_id) VALUES (156,49);
INSERT INTO "PersonOccupation" (person_id,occup_id) VALUES (157,23);
INSERT INTO "PersonOccupation" (person_id,occup_id) VALUES (158,39);
INSERT INTO "PersonOccupation" (person_id,occup_id) VALUES (159,27);
INSERT INTO "PersonOccupation" (person_id,occup_id) VALUES (160,38);
INSERT INTO "PersonOccupation" (person_id,occup_id) VALUES (161,1);
INSERT INTO "PersonOccupation" (person_id,occup_id) VALUES (162,12);
INSERT INTO "PersonOccupation" (person_id,occup_id) VALUES (163,51);
INSERT INTO "PersonOccupation" (person_id,occup_id) VALUES (164,60);
INSERT INTO "PersonOccupation" (person_id,occup_id) VALUES (165,14);
INSERT INTO "PersonOccupation" (person_id,occup_id) VALUES (166,24);
INSERT INTO "PersonOccupation" (person_id,occup_id) VALUES (167,10);
INSERT INTO "PersonOccupation" (person_id,occup_id) VALUES (168,60);
INSERT INTO "PersonOccupation" (person_id,occup_id) VALUES (169,49);
INSERT INTO "PersonOccupation" (person_id,occup_id) VALUES (170,54);
INSERT INTO "PersonOccupation" (person_id,occup_id) VALUES (171,28);
INSERT INTO "PersonOccupation" (person_id,occup_id) VALUES (172,20);
INSERT INTO "PersonOccupation" (person_id,occup_id) VALUES (173,44);
INSERT INTO "PersonOccupation" (person_id,occup_id) VALUES (174,47);
INSERT INTO "PersonOccupation" (person_id,occup_id) VALUES (175,5);
INSERT INTO "PersonOccupation" (person_id,occup_id) VALUES (176,45);
INSERT INTO "PersonOccupation" (person_id,occup_id) VALUES (177,24);
INSERT INTO "PersonOccupation" (person_id,occup_id) VALUES (178,19);
INSERT INTO "PersonOccupation" (person_id,occup_id) VALUES (179,3);
INSERT INTO "PersonOccupation" (person_id,occup_id) VALUES (180,0);
INSERT INTO "PersonOccupation" (person_id,occup_id) VALUES (181,35);
INSERT INTO "PersonOccupation" (person_id,occup_id) VALUES (182,30);
INSERT INTO "PersonOccupation" (person_id,occup_id) VALUES (183,15);
INSERT INTO "PersonOccupation" (person_id,occup_id) VALUES (184,33);
INSERT INTO "PersonOccupation" (person_id,occup_id) VALUES (185,20);
--------------------------Marriage--------------------------
--------------------------Witness--------------------------
INSERT INTO "Witness" (person_id,marriage_id,side,relationship) VALUES (34,0,'ženicha','přítel');
INSERT INTO "Witness" (person_id,marriage_id,side,relationship) VALUES (19,0,'ženicha','sourozenec');
INSERT INTO "Witness" (person_id,marriage_id,side,relationship) VALUES (5,0,'nevěsty','jiné');
INSERT INTO "Witness" (person_id,marriage_id,side,relationship) VALUES (31,0,'nevěsty','sourozenec');
INSERT INTO "Marriage" (_id_marriage,rec_ready,rec_order,scan_order,scan_layout,date,village,groom_y,groom_m,groom_d,bride_y,bride_m,bride_d,groom_adult,bride_adult,relationship,banns_1,banns_2,banns_3,user_id,register_id,groom_id,bride_id,officiant_id) VALUES (0,true,948,125,'C','1837-03-13','Most',32,3,11,0,3,11,true,true,'ne','banns1','banns2','banns3',1,1,28,122,1);
--------------------------Witness--------------------------
INSERT INTO "Witness" (person_id,marriage_id,side,relationship) VALUES (128,1,'ženicha','sourozenec');
INSERT INTO "Witness" (person_id,marriage_id,side,relationship) VALUES (91,1,'ženicha','jiné');
INSERT INTO "Witness" (person_id,marriage_id,side,relationship) VALUES (175,1,'nevěsty','jiné');
INSERT INTO "Witness" (person_id,marriage_id,side,relationship) VALUES (97,1,'nevěsty','jiné');
INSERT INTO "Marriage" (_id_marriage,rec_ready,rec_order,scan_order,scan_layout,date,village,groom_y,groom_m,groom_d,bride_y,bride_m,bride_d,groom_adult,bride_adult,relationship,banns_1,banns_2,banns_3,user_id,register_id,groom_id,bride_id,officiant_id) VALUES (1,true,615,565,'C','1843-08-28','Pardubice',43,7,19,9,4,11,true,true,'ano','banns1','banns2','banns3',1,1,13,95,1);
--------------------------Witness--------------------------
INSERT INTO "Witness" (person_id,marriage_id,side,relationship) VALUES (119,2,'ženicha','jiné');
INSERT INTO "Witness" (person_id,marriage_id,side,relationship) VALUES (43,2,'ženicha','sourozenec');
INSERT INTO "Witness" (person_id,marriage_id,side,relationship) VALUES (182,2,'nevěsty','sourozenec');
INSERT INTO "Witness" (person_id,marriage_id,side,relationship) VALUES (17,2,'nevěsty','jiné');
INSERT INTO "Marriage" (_id_marriage,rec_ready,rec_order,scan_order,scan_layout,date,village,groom_y,groom_m,groom_d,bride_y,bride_m,bride_d,groom_adult,bride_adult,relationship,banns_1,banns_2,banns_3,user_id,register_id,groom_id,bride_id,officiant_id) VALUES (2,false,368,544,'C','1828-04-06','Ústí nad Labem',20,2,0,26,6,13,true,true,'ano','banns1','banns2','banns3',1,1,88,144,1);
--------------------------Witness--------------------------
INSERT INTO "Witness" (person_id,marriage_id,side,relationship) VALUES (71,3,'ženicha','sourozenec');
INSERT INTO "Witness" (person_id,marriage_id,side,relationship) VALUES (65,3,'ženicha','jiné');
INSERT INTO "Witness" (person_id,marriage_id,side,relationship) VALUES (120,3,'nevěsty','jiné');
INSERT INTO "Witness" (person_id,marriage_id,side,relationship) VALUES (28,3,'nevěsty','sourozenec');
INSERT INTO "Marriage" (_id_marriage,rec_ready,rec_order,scan_order,scan_layout,date,village,groom_y,groom_m,groom_d,bride_y,bride_m,bride_d,groom_adult,bride_adult,relationship,banns_1,banns_2,banns_3,user_id,register_id,groom_id,bride_id,officiant_id) VALUES (3,true,829,414,'L','1829-02-28','Plzeň',19,11,13,21,8,23,true,true,'ne','banns1','banns2','banns3',1,1,22,27,1);
--------------------------Witness--------------------------
INSERT INTO "Witness" (person_id,marriage_id,side,relationship) VALUES (83,4,'ženicha','jiné');
INSERT INTO "Witness" (person_id,marriage_id,side,relationship) VALUES (125,4,'ženicha','jiné');
INSERT INTO "Witness" (person_id,marriage_id,side,relationship) VALUES (68,4,'nevěsty','jiné');
INSERT INTO "Witness" (person_id,marriage_id,side,relationship) VALUES (182,4,'nevěsty','sourozenec');
INSERT INTO "Marriage" (_id_marriage,rec_ready,rec_order,scan_order,scan_layout,date,village,groom_y,groom_m,groom_d,bride_y,bride_m,bride_d,groom_adult,bride_adult,relationship,banns_1,banns_2,banns_3,user_id,register_id,groom_id,bride_id,officiant_id) VALUES (4,false,287,683,'P','1852-07-11','Plzeň',23,4,7,46,1,21,true,true,'ano','banns1','banns2','banns3',1,1,176,30,1);
--------------------------Witness--------------------------
INSERT INTO "Witness" (person_id,marriage_id,side,relationship) VALUES (180,5,'ženicha','jiné');
INSERT INTO "Witness" (person_id,marriage_id,side,relationship) VALUES (153,5,'ženicha','jiné');
INSERT INTO "Witness" (person_id,marriage_id,side,relationship) VALUES (84,5,'nevěsty','jiné');
INSERT INTO "Witness" (person_id,marriage_id,side,relationship) VALUES (58,5,'nevěsty','jiné');
INSERT INTO "Marriage" (_id_marriage,rec_ready,rec_order,scan_order,scan_layout,date,village,groom_y,groom_m,groom_d,bride_y,bride_m,bride_d,groom_adult,bride_adult,relationship,banns_1,banns_2,banns_3,user_id,register_id,groom_id,bride_id,officiant_id) VALUES (5,true,730,512,'P','1859-06-17','Zlín',19,7,26,24,2,17,true,true,'ne','banns1','banns2','banns3',1,1,140,62,1);
--------------------------Witness--------------------------
INSERT INTO "Witness" (person_id,marriage_id,side,relationship) VALUES (29,6,'ženicha','sourozenec');
INSERT INTO "Witness" (person_id,marriage_id,side,relationship) VALUES (60,6,'ženicha','sourozenec');
INSERT INTO "Witness" (person_id,marriage_id,side,relationship) VALUES (40,6,'nevěsty','jiné');
INSERT INTO "Witness" (person_id,marriage_id,side,relationship) VALUES (48,6,'nevěsty','přítel');
INSERT INTO "Marriage" (_id_marriage,rec_ready,rec_order,scan_order,scan_layout,date,village,groom_y,groom_m,groom_d,bride_y,bride_m,bride_d,groom_adult,bride_adult,relationship,banns_1,banns_2,banns_3,user_id,register_id,groom_id,bride_id,officiant_id) VALUES (6,true,859,40,'P','1845-08-13','Brno',45,4,29,12,6,8,true,true,'ano','banns1','banns2','banns3',1,1,94,89,1);
--------------------------Witness--------------------------
INSERT INTO "Witness" (person_id,marriage_id,side,relationship) VALUES (49,7,'ženicha','sourozenec');
INSERT INTO "Witness" (person_id,marriage_id,side,relationship) VALUES (23,7,'ženicha','jiné');
INSERT INTO "Witness" (person_id,marriage_id,side,relationship) VALUES (110,7,'nevěsty','jiné');
INSERT INTO "Witness" (person_id,marriage_id,side,relationship) VALUES (148,7,'nevěsty','sourozenec');
INSERT INTO "Marriage" (_id_marriage,rec_ready,rec_order,scan_order,scan_layout,date,village,groom_y,groom_m,groom_d,bride_y,bride_m,bride_d,groom_adult,bride_adult,relationship,banns_1,banns_2,banns_3,user_id,register_id,groom_id,bride_id,officiant_id) VALUES (7,true,350,187,'P','1847-01-27','Hradec Králové',19,6,14,21,5,6,true,true,'ne','banns1','banns2','banns3',1,1,125,164,1);
--------------------------Witness--------------------------
INSERT INTO "Witness" (person_id,marriage_id,side,relationship) VALUES (147,8,'ženicha','sourozenec');
INSERT INTO "Witness" (person_id,marriage_id,side,relationship) VALUES (97,8,'ženicha','jiné');
INSERT INTO "Witness" (person_id,marriage_id,side,relationship) VALUES (33,8,'nevěsty','jiné');
INSERT INTO "Witness" (person_id,marriage_id,side,relationship) VALUES (67,8,'nevěsty','jiné');
INSERT INTO "Marriage" (_id_marriage,rec_ready,rec_order,scan_order,scan_layout,date,village,groom_y,groom_m,groom_d,bride_y,bride_m,bride_d,groom_adult,bride_adult,relationship,banns_1,banns_2,banns_3,user_id,register_id,groom_id,bride_id,officiant_id) VALUES (8,true,344,607,'L','1827-07-31','Ostrava',27,0,5,23,0,5,true,true,'ne','banns1','banns2','banns3',1,1,1,66,1);
--------------------------Witness--------------------------
INSERT INTO "Witness" (person_id,marriage_id,side,relationship) VALUES (118,9,'ženicha','jiné');
INSERT INTO "Witness" (person_id,marriage_id,side,relationship) VALUES (60,9,'ženicha','jiné');
INSERT INTO "Witness" (person_id,marriage_id,side,relationship) VALUES (146,9,'nevěsty','sourozenec');
INSERT INTO "Witness" (person_id,marriage_id,side,relationship) VALUES (96,9,'nevěsty','sourozenec');
INSERT INTO "Marriage" (_id_marriage,rec_ready,rec_order,scan_order,scan_layout,date,village,groom_y,groom_m,groom_d,bride_y,bride_m,bride_d,groom_adult,bride_adult,relationship,banns_1,banns_2,banns_3,user_id,register_id,groom_id,bride_id,officiant_id) VALUES (9,true,231,217,'C','1839-02-09','Praha',38,10,13,31,7,22,true,true,'ne','banns1','banns2','banns3',1,1,58,135,1);
--------------------------Witness--------------------------
INSERT INTO "Witness" (person_id,marriage_id,side,relationship) VALUES (107,10,'ženicha','sourozenec');
INSERT INTO "Witness" (person_id,marriage_id,side,relationship) VALUES (177,10,'ženicha','sourozenec');
INSERT INTO "Witness" (person_id,marriage_id,side,relationship) VALUES (143,10,'nevěsty','sourozenec');
INSERT INTO "Witness" (person_id,marriage_id,side,relationship) VALUES (96,10,'nevěsty','jiné');
INSERT INTO "Marriage" (_id_marriage,rec_ready,rec_order,scan_order,scan_layout,date,village,groom_y,groom_m,groom_d,bride_y,bride_m,bride_d,groom_adult,bride_adult,relationship,banns_1,banns_2,banns_3,user_id,register_id,groom_id,bride_id,officiant_id) VALUES (10,false,82,256,'P','1837-11-09','Pardubice',4,1,17,30,3,25,true,true,'ne','banns1','banns2','banns3',1,1,44,33,1);
--------------------------Witness--------------------------
INSERT INTO "Witness" (person_id,marriage_id,side,relationship) VALUES (86,11,'ženicha','sourozenec');
INSERT INTO "Witness" (person_id,marriage_id,side,relationship) VALUES (165,11,'ženicha','přítel');
INSERT INTO "Witness" (person_id,marriage_id,side,relationship) VALUES (40,11,'nevěsty','sourozenec');
INSERT INTO "Witness" (person_id,marriage_id,side,relationship) VALUES (161,11,'nevěsty','jiné');
INSERT INTO "Marriage" (_id_marriage,rec_ready,rec_order,scan_order,scan_layout,date,village,groom_y,groom_m,groom_d,bride_y,bride_m,bride_d,groom_adult,bride_adult,relationship,banns_1,banns_2,banns_3,user_id,register_id,groom_id,bride_id,officiant_id) VALUES (11,false,682,148,'P','1836-03-31','Most',-1,11,25,32,11,4,true,true,'ne','banns1','banns2','banns3',1,1,128,24,1);
--------------------------Witness--------------------------
INSERT INTO "Witness" (person_id,marriage_id,side,relationship) VALUES (52,12,'ženicha','sourozenec');
INSERT INTO "Witness" (person_id,marriage_id,side,relationship) VALUES (171,12,'ženicha','sourozenec');
INSERT INTO "Witness" (person_id,marriage_id,side,relationship) VALUES (29,12,'nevěsty','sourozenec');
INSERT INTO "Witness" (person_id,marriage_id,side,relationship) VALUES (173,12,'nevěsty','jiné');
INSERT INTO "Marriage" (_id_marriage,rec_ready,rec_order,scan_order,scan_layout,date,village,groom_y,groom_m,groom_d,bride_y,bride_m,bride_d,groom_adult,bride_adult,relationship,banns_1,banns_2,banns_3,user_id,register_id,groom_id,bride_id,officiant_id) VALUES (12,true,854,716,'P','1844-03-03','Hradec Králové',36,2,23,4,10,25,true,true,'ne','banns1','banns2','banns3',1,1,61,29,1);
--------------------------Witness--------------------------
INSERT INTO "Witness" (person_id,marriage_id,side,relationship) VALUES (7,13,'ženicha','sourozenec');
INSERT INTO "Witness" (person_id,marriage_id,side,relationship) VALUES (175,13,'ženicha','sourozenec');
INSERT INTO "Witness" (person_id,marriage_id,side,relationship) VALUES (3,13,'nevěsty','jiné');
INSERT INTO "Witness" (person_id,marriage_id,side,relationship) VALUES (76,13,'nevěsty','sourozenec');
INSERT INTO "Marriage" (_id_marriage,rec_ready,rec_order,scan_order,scan_layout,date,village,groom_y,groom_m,groom_d,bride_y,bride_m,bride_d,groom_adult,bride_adult,relationship,banns_1,banns_2,banns_3,user_id,register_id,groom_id,bride_id,officiant_id) VALUES (13,false,678,510,'C','1824-04-10','Most',23,4,11,22,6,28,true,true,'ne','banns1','banns2','banns3',1,1,133,60,1);
--------------------------Witness--------------------------
INSERT INTO "Witness" (person_id,marriage_id,side,relationship) VALUES (95,14,'ženicha','jiné');
INSERT INTO "Witness" (person_id,marriage_id,side,relationship) VALUES (107,14,'ženicha','přítel');
INSERT INTO "Witness" (person_id,marriage_id,side,relationship) VALUES (134,14,'nevěsty','přítel');
INSERT INTO "Witness" (person_id,marriage_id,side,relationship) VALUES (114,14,'nevěsty','sourozenec');
INSERT INTO "Marriage" (_id_marriage,rec_ready,rec_order,scan_order,scan_layout,date,village,groom_y,groom_m,groom_d,bride_y,bride_m,bride_d,groom_adult,bride_adult,relationship,banns_1,banns_2,banns_3,user_id,register_id,groom_id,bride_id,officiant_id) VALUES (14,true,196,476,'C','1837-03-06','Kladno',29,2,24,29,7,22,true,true,'ne','banns1','banns2','banns3',1,1,61,33,1);
--------------------------Witness--------------------------
INSERT INTO "Witness" (person_id,marriage_id,side,relationship) VALUES (1,15,'ženicha','jiné');
INSERT INTO "Witness" (person_id,marriage_id,side,relationship) VALUES (129,15,'ženicha','sourozenec');
INSERT INTO "Witness" (person_id,marriage_id,side,relationship) VALUES (125,15,'nevěsty','sourozenec');
INSERT INTO "Witness" (person_id,marriage_id,side,relationship) VALUES (68,15,'nevěsty','sourozenec');
INSERT INTO "Marriage" (_id_marriage,rec_ready,rec_order,scan_order,scan_layout,date,village,groom_y,groom_m,groom_d,bride_y,bride_m,bride_d,groom_adult,bride_adult,relationship,banns_1,banns_2,banns_3,user_id,register_id,groom_id,bride_id,officiant_id) VALUES (15,true,578,158,'P','1838-09-02','Praha',38,5,18,9,9,24,true,true,'ne','banns1','banns2','banns3',1,1,115,47,1);
--------------------------Witness--------------------------
INSERT INTO "Witness" (person_id,marriage_id,side,relationship) VALUES (164,16,'ženicha','jiné');
INSERT INTO "Witness" (person_id,marriage_id,side,relationship) VALUES (85,16,'ženicha','jiné');
INSERT INTO "Witness" (person_id,marriage_id,side,relationship) VALUES (23,16,'nevěsty','sourozenec');
INSERT INTO "Witness" (person_id,marriage_id,side,relationship) VALUES (171,16,'nevěsty','sourozenec');
INSERT INTO "Marriage" (_id_marriage,rec_ready,rec_order,scan_order,scan_layout,date,village,groom_y,groom_m,groom_d,bride_y,bride_m,bride_d,groom_adult,bride_adult,relationship,banns_1,banns_2,banns_3,user_id,register_id,groom_id,bride_id,officiant_id) VALUES (16,true,565,861,'P','1828-06-28','Kladno',20,5,17,27,1,17,true,true,'ano','banns1','banns2','banns3',1,1,100,141,1);
--------------------------Witness--------------------------
INSERT INTO "Witness" (person_id,marriage_id,side,relationship) VALUES (122,17,'ženicha','jiné');
INSERT INTO "Witness" (person_id,marriage_id,side,relationship) VALUES (41,17,'ženicha','přítel');
INSERT INTO "Witness" (person_id,marriage_id,side,relationship) VALUES (72,17,'nevěsty','sourozenec');
INSERT INTO "Witness" (person_id,marriage_id,side,relationship) VALUES (156,17,'nevěsty','sourozenec');
INSERT INTO "Marriage" (_id_marriage,rec_ready,rec_order,scan_order,scan_layout,date,village,groom_y,groom_m,groom_d,bride_y,bride_m,bride_d,groom_adult,bride_adult,relationship,banns_1,banns_2,banns_3,user_id,register_id,groom_id,bride_id,officiant_id) VALUES (17,false,333,638,'P','1835-02-11','Havířov',35,0,29,27,10,4,true,true,'ne','banns1','banns2','banns3',1,1,13,54,1);
