--------------------------User--------------------------
INSERT INTO "User" (_id_user,name) VALUES (0,'Boleslava Hušková');
INSERT INTO "User" (_id_user,name) VALUES (1,'Rozana Valová');
--------------------------Register--------------------------
INSERT INTO "Register" (_id_register,archive,fond,signature) VALUES (0,'AR0','FOND0',0);
INSERT INTO "Register" (_id_register,archive,fond,signature) VALUES (1,'AR0','FOND0',1);
INSERT INTO "Register" (_id_register,archive,fond,signature) VALUES (2,'AR0','FOND0',2);
INSERT INTO "Register" (_id_register,archive,fond,signature) VALUES (3,'AR0','FOND0',3);
INSERT INTO "Register" (_id_register,archive,fond,signature) VALUES (4,'AR0','FOND0',4);
INSERT INTO "Register" (_id_register,archive,fond,signature) VALUES (5,'AR0','FOND0',5);
INSERT INTO "Register" (_id_register,archive,fond,signature) VALUES (6,'AR0','FOND0',6);
INSERT INTO "Register" (_id_register,archive,fond,signature) VALUES (7,'AR0','FOND0',7);
INSERT INTO "Register" (_id_register,archive,fond,signature) VALUES (8,'AR0','FOND0',8);
INSERT INTO "Register" (_id_register,archive,fond,signature) VALUES (9,'AR0','FOND0',9);
INSERT INTO "Register" (_id_register,archive,fond,signature) VALUES (10,'AR0','FOND0',10);
INSERT INTO "Register" (_id_register,archive,fond,signature) VALUES (11,'AR0','FOND0',11);
INSERT INTO "Register" (_id_register,archive,fond,signature) VALUES (12,'AR0','FOND0',12);
INSERT INTO "Register" (_id_register,archive,fond,signature) VALUES (13,'AR0','FOND0',13);
INSERT INTO "Register" (_id_register,archive,fond,signature) VALUES (14,'AR0','FOND0',14);
INSERT INTO "Register" (_id_register,archive,fond,signature) VALUES (15,'AR0','FOND1',0);
INSERT INTO "Register" (_id_register,archive,fond,signature) VALUES (16,'AR0','FOND1',1);
INSERT INTO "Register" (_id_register,archive,fond,signature) VALUES (17,'AR0','FOND1',2);
INSERT INTO "Register" (_id_register,archive,fond,signature) VALUES (18,'AR0','FOND1',3);
INSERT INTO "Register" (_id_register,archive,fond,signature) VALUES (19,'AR0','FOND1',4);
INSERT INTO "Register" (_id_register,archive,fond,signature) VALUES (20,'AR0','FOND1',5);
INSERT INTO "Register" (_id_register,archive,fond,signature) VALUES (21,'AR0','FOND1',6);
INSERT INTO "Register" (_id_register,archive,fond,signature) VALUES (22,'AR0','FOND1',7);
INSERT INTO "Register" (_id_register,archive,fond,signature) VALUES (23,'AR0','FOND1',8);
INSERT INTO "Register" (_id_register,archive,fond,signature) VALUES (24,'AR0','FOND1',9);
INSERT INTO "Register" (_id_register,archive,fond,signature) VALUES (25,'AR0','FOND1',10);
INSERT INTO "Register" (_id_register,archive,fond,signature) VALUES (26,'AR0','FOND1',11);
INSERT INTO "Register" (_id_register,archive,fond,signature) VALUES (27,'AR0','FOND1',12);
INSERT INTO "Register" (_id_register,archive,fond,signature) VALUES (28,'AR0','FOND1',13);
INSERT INTO "Register" (_id_register,archive,fond,signature) VALUES (29,'AR0','FOND1',14);
INSERT INTO "Register" (_id_register,archive,fond,signature) VALUES (30,'AR0','FOND2',0);
INSERT INTO "Register" (_id_register,archive,fond,signature) VALUES (31,'AR0','FOND2',1);
INSERT INTO "Register" (_id_register,archive,fond,signature) VALUES (32,'AR0','FOND2',2);
INSERT INTO "Register" (_id_register,archive,fond,signature) VALUES (33,'AR0','FOND2',3);
INSERT INTO "Register" (_id_register,archive,fond,signature) VALUES (34,'AR0','FOND2',4);
INSERT INTO "Register" (_id_register,archive,fond,signature) VALUES (35,'AR0','FOND2',5);
INSERT INTO "Register" (_id_register,archive,fond,signature) VALUES (36,'AR0','FOND2',6);
INSERT INTO "Register" (_id_register,archive,fond,signature) VALUES (37,'AR0','FOND2',7);
INSERT INTO "Register" (_id_register,archive,fond,signature) VALUES (38,'AR0','FOND2',8);
INSERT INTO "Register" (_id_register,archive,fond,signature) VALUES (39,'AR0','FOND2',9);
INSERT INTO "Register" (_id_register,archive,fond,signature) VALUES (40,'AR0','FOND2',10);
INSERT INTO "Register" (_id_register,archive,fond,signature) VALUES (41,'AR0','FOND2',11);
INSERT INTO "Register" (_id_register,archive,fond,signature) VALUES (42,'AR0','FOND2',12);
INSERT INTO "Register" (_id_register,archive,fond,signature) VALUES (43,'AR0','FOND2',13);
INSERT INTO "Register" (_id_register,archive,fond,signature) VALUES (44,'AR0','FOND2',14);
INSERT INTO "Register" (_id_register,archive,fond,signature) VALUES (45,'AR1','FOND0',0);
INSERT INTO "Register" (_id_register,archive,fond,signature) VALUES (46,'AR1','FOND0',1);
INSERT INTO "Register" (_id_register,archive,fond,signature) VALUES (47,'AR1','FOND0',2);
INSERT INTO "Register" (_id_register,archive,fond,signature) VALUES (48,'AR1','FOND0',3);
INSERT INTO "Register" (_id_register,archive,fond,signature) VALUES (49,'AR1','FOND0',4);
INSERT INTO "Register" (_id_register,archive,fond,signature) VALUES (50,'AR1','FOND0',5);
INSERT INTO "Register" (_id_register,archive,fond,signature) VALUES (51,'AR1','FOND0',6);
INSERT INTO "Register" (_id_register,archive,fond,signature) VALUES (52,'AR1','FOND0',7);
INSERT INTO "Register" (_id_register,archive,fond,signature) VALUES (53,'AR1','FOND0',8);
INSERT INTO "Register" (_id_register,archive,fond,signature) VALUES (54,'AR1','FOND0',9);
INSERT INTO "Register" (_id_register,archive,fond,signature) VALUES (55,'AR1','FOND0',10);
INSERT INTO "Register" (_id_register,archive,fond,signature) VALUES (56,'AR1','FOND0',11);
INSERT INTO "Register" (_id_register,archive,fond,signature) VALUES (57,'AR1','FOND0',12);
INSERT INTO "Register" (_id_register,archive,fond,signature) VALUES (58,'AR1','FOND0',13);
INSERT INTO "Register" (_id_register,archive,fond,signature) VALUES (59,'AR1','FOND0',14);
INSERT INTO "Register" (_id_register,archive,fond,signature) VALUES (60,'AR1','FOND1',0);
INSERT INTO "Register" (_id_register,archive,fond,signature) VALUES (61,'AR1','FOND1',1);
INSERT INTO "Register" (_id_register,archive,fond,signature) VALUES (62,'AR1','FOND1',2);
INSERT INTO "Register" (_id_register,archive,fond,signature) VALUES (63,'AR1','FOND1',3);
INSERT INTO "Register" (_id_register,archive,fond,signature) VALUES (64,'AR1','FOND1',4);
INSERT INTO "Register" (_id_register,archive,fond,signature) VALUES (65,'AR1','FOND1',5);
INSERT INTO "Register" (_id_register,archive,fond,signature) VALUES (66,'AR1','FOND1',6);
INSERT INTO "Register" (_id_register,archive,fond,signature) VALUES (67,'AR1','FOND1',7);
INSERT INTO "Register" (_id_register,archive,fond,signature) VALUES (68,'AR1','FOND1',8);
INSERT INTO "Register" (_id_register,archive,fond,signature) VALUES (69,'AR1','FOND1',9);
INSERT INTO "Register" (_id_register,archive,fond,signature) VALUES (70,'AR1','FOND1',10);
INSERT INTO "Register" (_id_register,archive,fond,signature) VALUES (71,'AR1','FOND1',11);
INSERT INTO "Register" (_id_register,archive,fond,signature) VALUES (72,'AR1','FOND1',12);
INSERT INTO "Register" (_id_register,archive,fond,signature) VALUES (73,'AR1','FOND1',13);
INSERT INTO "Register" (_id_register,archive,fond,signature) VALUES (74,'AR1','FOND1',14);
INSERT INTO "Register" (_id_register,archive,fond,signature) VALUES (75,'AR1','FOND2',0);
INSERT INTO "Register" (_id_register,archive,fond,signature) VALUES (76,'AR1','FOND2',1);
INSERT INTO "Register" (_id_register,archive,fond,signature) VALUES (77,'AR1','FOND2',2);
INSERT INTO "Register" (_id_register,archive,fond,signature) VALUES (78,'AR1','FOND2',3);
INSERT INTO "Register" (_id_register,archive,fond,signature) VALUES (79,'AR1','FOND2',4);
INSERT INTO "Register" (_id_register,archive,fond,signature) VALUES (80,'AR1','FOND2',5);
INSERT INTO "Register" (_id_register,archive,fond,signature) VALUES (81,'AR1','FOND2',6);
INSERT INTO "Register" (_id_register,archive,fond,signature) VALUES (82,'AR1','FOND2',7);
INSERT INTO "Register" (_id_register,archive,fond,signature) VALUES (83,'AR1','FOND2',8);
INSERT INTO "Register" (_id_register,archive,fond,signature) VALUES (84,'AR1','FOND2',9);
INSERT INTO "Register" (_id_register,archive,fond,signature) VALUES (85,'AR1','FOND2',10);
INSERT INTO "Register" (_id_register,archive,fond,signature) VALUES (86,'AR1','FOND2',11);
INSERT INTO "Register" (_id_register,archive,fond,signature) VALUES (87,'AR1','FOND2',12);
INSERT INTO "Register" (_id_register,archive,fond,signature) VALUES (88,'AR1','FOND2',13);
INSERT INTO "Register" (_id_register,archive,fond,signature) VALUES (89,'AR1','FOND2',14);
--------------------------Name--------------------------
INSERT INTO "Name" (_id_name,name) VALUES (0,'Adam');
INSERT INTO "Name" (_id_name,name) VALUES (1,'Adolf');
INSERT INTO "Name" (_id_name,name) VALUES (2,'Alan');
INSERT INTO "Name" (_id_name,name) VALUES (3,'Albert');
INSERT INTO "Name" (_id_name,name) VALUES (4,'Aleš');
INSERT INTO "Name" (_id_name,name) VALUES (5,'Alexandr');
INSERT INTO "Name" (_id_name,name) VALUES (6,'Alexej');
INSERT INTO "Name" (_id_name,name) VALUES (7,'Alois');
INSERT INTO "Name" (_id_name,name) VALUES (8,'Ambrož');
INSERT INTO "Name" (_id_name,name) VALUES (9,'Benjamín');
INSERT INTO "Name" (_id_name,name) VALUES (10,'Andrej');
INSERT INTO "Name" (_id_name,name) VALUES (11,'Antonín');
INSERT INTO "Name" (_id_name,name) VALUES (12,'Arnošt');
INSERT INTO "Name" (_id_name,name) VALUES (13,'Artur');
INSERT INTO "Name" (_id_name,name) VALUES (14,'Augustýn');
INSERT INTO "Name" (_id_name,name) VALUES (15,'Bartoloměj');
INSERT INTO "Name" (_id_name,name) VALUES (16,'Bedřich');
INSERT INTO "Name" (_id_name,name) VALUES (17,'Benedikt');
INSERT INTO "Name" (_id_name,name) VALUES (18,'Bernard');
INSERT INTO "Name" (_id_name,name) VALUES (19,'Blahoslav');
INSERT INTO "Name" (_id_name,name) VALUES (20,'Blažej');
INSERT INTO "Name" (_id_name,name) VALUES (21,'Bohdan');
INSERT INTO "Name" (_id_name,name) VALUES (22,'Bohumil');
INSERT INTO "Name" (_id_name,name) VALUES (23,'Bohumír');
INSERT INTO "Name" (_id_name,name) VALUES (24,'Bohuslav');
INSERT INTO "Name" (_id_name,name) VALUES (25,'Boleslav');
INSERT INTO "Name" (_id_name,name) VALUES (26,'Bonifác');
INSERT INTO "Name" (_id_name,name) VALUES (27,'Boris');
INSERT INTO "Name" (_id_name,name) VALUES (28,'Bořek');
INSERT INTO "Name" (_id_name,name) VALUES (29,'Bořivoj');
INSERT INTO "Name" (_id_name,name) VALUES (30,'Bronislav');
INSERT INTO "Name" (_id_name,name) VALUES (31,'Bruno');
INSERT INTO "Name" (_id_name,name) VALUES (32,'Břetislav');
INSERT INTO "Name" (_id_name,name) VALUES (33,'Ctibor');
INSERT INTO "Name" (_id_name,name) VALUES (34,'Ctirad');
INSERT INTO "Name" (_id_name,name) VALUES (35,'Cyril');
INSERT INTO "Name" (_id_name,name) VALUES (36,'Metoděj');
INSERT INTO "Name" (_id_name,name) VALUES (37,'Čeněk');
INSERT INTO "Name" (_id_name,name) VALUES (38,'Čestmír');
INSERT INTO "Name" (_id_name,name) VALUES (39,'Dalibor');
INSERT INTO "Name" (_id_name,name) VALUES (40,'Dalimil');
INSERT INTO "Name" (_id_name,name) VALUES (41,'Daniel');
INSERT INTO "Name" (_id_name,name) VALUES (42,'David');
INSERT INTO "Name" (_id_name,name) VALUES (43,'Dobroslav');
INSERT INTO "Name" (_id_name,name) VALUES (44,'Dominik');
INSERT INTO "Name" (_id_name,name) VALUES (45,'Drahoslav');
INSERT INTO "Name" (_id_name,name) VALUES (46,'Dušan');
INSERT INTO "Name" (_id_name,name) VALUES (47,'Eduard');
INSERT INTO "Name" (_id_name,name) VALUES (48,'Herbert');
INSERT INTO "Name" (_id_name,name) VALUES (49,'Emanuel');
INSERT INTO "Name" (_id_name,name) VALUES (50,'Emil');
INSERT INTO "Name" (_id_name,name) VALUES (51,'Erik');
INSERT INTO "Name" (_id_name,name) VALUES (52,'Evžen');
INSERT INTO "Name" (_id_name,name) VALUES (53,'Felix');
INSERT INTO "Name" (_id_name,name) VALUES (54,'Ferdinand');
INSERT INTO "Name" (_id_name,name) VALUES (55,'Filip');
INSERT INTO "Name" (_id_name,name) VALUES (56,'František');
INSERT INTO "Name" (_id_name,name) VALUES (57,'Gabriel');
INSERT INTO "Name" (_id_name,name) VALUES (58,'Gustav');
INSERT INTO "Name" (_id_name,name) VALUES (59,'Hanuš');
INSERT INTO "Name" (_id_name,name) VALUES (60,'Havel');
INSERT INTO "Name" (_id_name,name) VALUES (61,'Heřman');
INSERT INTO "Name" (_id_name,name) VALUES (62,'Hubert');
INSERT INTO "Name" (_id_name,name) VALUES (63,'Hugo');
INSERT INTO "Name" (_id_name,name) VALUES (64,'Hynek');
INSERT INTO "Name" (_id_name,name) VALUES (65,'Ignác');
INSERT INTO "Name" (_id_name,name) VALUES (66,'Igor');
INSERT INTO "Name" (_id_name,name) VALUES (67,'Ivan');
INSERT INTO "Name" (_id_name,name) VALUES (68,'Slavoj');
INSERT INTO "Name" (_id_name,name) VALUES (69,'Ivo');
INSERT INTO "Name" (_id_name,name) VALUES (70,'Jáchym');
INSERT INTO "Name" (_id_name,name) VALUES (71,'Jakub');
INSERT INTO "Name" (_id_name,name) VALUES (72,'Jan');
INSERT INTO "Name" (_id_name,name) VALUES (73,'Jarmil');
INSERT INTO "Name" (_id_name,name) VALUES (74,'Jaromír');
INSERT INTO "Name" (_id_name,name) VALUES (75,'Jaroslav');
INSERT INTO "Name" (_id_name,name) VALUES (76,'Jeroným');
INSERT INTO "Name" (_id_name,name) VALUES (77,'Jindřich');
INSERT INTO "Name" (_id_name,name) VALUES (78,'Jiří');
INSERT INTO "Name" (_id_name,name) VALUES (79,'Jonáš');
INSERT INTO "Name" (_id_name,name) VALUES (80,'Josef');
INSERT INTO "Name" (_id_name,name) VALUES (81,'Julius');
INSERT INTO "Name" (_id_name,name) VALUES (82,'Kamil');
INSERT INTO "Name" (_id_name,name) VALUES (83,'Karel');
INSERT INTO "Name" (_id_name,name) VALUES (84,'Kazimir');
INSERT INTO "Name" (_id_name,name) VALUES (85,'Klement');
INSERT INTO "Name" (_id_name,name) VALUES (86,'Kristian');
INSERT INTO "Name" (_id_name,name) VALUES (87,'Kryštof');
INSERT INTO "Name" (_id_name,name) VALUES (88,'Květoslav');
INSERT INTO "Name" (_id_name,name) VALUES (89,'Kvido');
INSERT INTO "Name" (_id_name,name) VALUES (90,'Ladislav');
INSERT INTO "Name" (_id_name,name) VALUES (91,'Leopold');
INSERT INTO "Name" (_id_name,name) VALUES (92,'Leoš');
INSERT INTO "Name" (_id_name,name) VALUES (93,'Libor');
INSERT INTO "Name" (_id_name,name) VALUES (94,'Samuel');
INSERT INTO "Name" (_id_name,name) VALUES (95,'Lubomír');
INSERT INTO "Name" (_id_name,name) VALUES (96,'Lubor');
INSERT INTO "Name" (_id_name,name) VALUES (97,'Luboš');
INSERT INTO "Name" (_id_name,name) VALUES (98,'Luděk');
INSERT INTO "Name" (_id_name,name) VALUES (99,'Ludvík');
INSERT INTO "Name" (_id_name,name) VALUES (100,'Lukáš');
INSERT INTO "Name" (_id_name,name) VALUES (101,'Lumír');
INSERT INTO "Name" (_id_name,name) VALUES (102,'Marcel');
INSERT INTO "Name" (_id_name,name) VALUES (103,'Marek');
INSERT INTO "Name" (_id_name,name) VALUES (104,'Marian');
INSERT INTO "Name" (_id_name,name) VALUES (105,'Martin');
INSERT INTO "Name" (_id_name,name) VALUES (106,'Matěj');
INSERT INTO "Name" (_id_name,name) VALUES (107,'Matouš');
INSERT INTO "Name" (_id_name,name) VALUES (108,'Maxmilián');
INSERT INTO "Name" (_id_name,name) VALUES (109,'Medard');
INSERT INTO "Name" (_id_name,name) VALUES (110,'Michal');
INSERT INTO "Name" (_id_name,name) VALUES (111,'Mikuláš');
INSERT INTO "Name" (_id_name,name) VALUES (112,'Milan');
INSERT INTO "Name" (_id_name,name) VALUES (113,'Miloslav');
INSERT INTO "Name" (_id_name,name) VALUES (114,'Miloš');
INSERT INTO "Name" (_id_name,name) VALUES (115,'Miroslav');
INSERT INTO "Name" (_id_name,name) VALUES (116,'Mojmír');
INSERT INTO "Name" (_id_name,name) VALUES (117,'Norbert');
INSERT INTO "Name" (_id_name,name) VALUES (118,'Oldřich');
INSERT INTO "Name" (_id_name,name) VALUES (119,'Oleg');
INSERT INTO "Name" (_id_name,name) VALUES (120,'Oliver');
INSERT INTO "Name" (_id_name,name) VALUES (121,'Ondřej');
INSERT INTO "Name" (_id_name,name) VALUES (122,'Oskar');
INSERT INTO "Name" (_id_name,name) VALUES (123,'Otakar');
INSERT INTO "Name" (_id_name,name) VALUES (124,'Otmar');
INSERT INTO "Name" (_id_name,name) VALUES (125,'Oto');
INSERT INTO "Name" (_id_name,name) VALUES (126,'Pankrác');
INSERT INTO "Name" (_id_name,name) VALUES (127,'Patrik');
INSERT INTO "Name" (_id_name,name) VALUES (128,'Petr');
INSERT INTO "Name" (_id_name,name) VALUES (129,'Petr');
INSERT INTO "Name" (_id_name,name) VALUES (130,'Pavel');
INSERT INTO "Name" (_id_name,name) VALUES (131,'Pravoslav');
INSERT INTO "Name" (_id_name,name) VALUES (132,'Prokop');
INSERT INTO "Name" (_id_name,name) VALUES (133,'Přemysl');
INSERT INTO "Name" (_id_name,name) VALUES (134,'Radan');
INSERT INTO "Name" (_id_name,name) VALUES (135,'Radek');
INSERT INTO "Name" (_id_name,name) VALUES (136,'Radim');
INSERT INTO "Name" (_id_name,name) VALUES (137,'Radomír');
INSERT INTO "Name" (_id_name,name) VALUES (138,'Radoslav');
INSERT INTO "Name" (_id_name,name) VALUES (139,'Radovan');
INSERT INTO "Name" (_id_name,name) VALUES (140,'René');
INSERT INTO "Name" (_id_name,name) VALUES (141,'Richard');
INSERT INTO "Name" (_id_name,name) VALUES (142,'Robert');
INSERT INTO "Name" (_id_name,name) VALUES (143,'Robin');
INSERT INTO "Name" (_id_name,name) VALUES (144,'Roland');
INSERT INTO "Name" (_id_name,name) VALUES (145,'Roman');
INSERT INTO "Name" (_id_name,name) VALUES (146,'Rostislav');
INSERT INTO "Name" (_id_name,name) VALUES (147,'Rudolf');
INSERT INTO "Name" (_id_name,name) VALUES (148,'Řehoř');
INSERT INTO "Name" (_id_name,name) VALUES (149,'Servác');
INSERT INTO "Name" (_id_name,name) VALUES (150,'Silvestr');
INSERT INTO "Name" (_id_name,name) VALUES (151,'Slavomír');
INSERT INTO "Name" (_id_name,name) VALUES (152,'Soběslav');
INSERT INTO "Name" (_id_name,name) VALUES (153,'Stanislav');
INSERT INTO "Name" (_id_name,name) VALUES (154,'Svatopluk');
INSERT INTO "Name" (_id_name,name) VALUES (155,'Svatoslav');
INSERT INTO "Name" (_id_name,name) VALUES (156,'Šimon');
INSERT INTO "Name" (_id_name,name) VALUES (157,'Štefan');
INSERT INTO "Name" (_id_name,name) VALUES (158,'Štěpán');
INSERT INTO "Name" (_id_name,name) VALUES (159,'Tadeáš');
INSERT INTO "Name" (_id_name,name) VALUES (160,'Teodor');
INSERT INTO "Name" (_id_name,name) VALUES (161,'Tibor');
INSERT INTO "Name" (_id_name,name) VALUES (162,'Tomáš');
INSERT INTO "Name" (_id_name,name) VALUES (163,'Václav');
INSERT INTO "Name" (_id_name,name) VALUES (164,'Valdemar');
INSERT INTO "Name" (_id_name,name) VALUES (165,'Valentýn');
INSERT INTO "Name" (_id_name,name) VALUES (166,'Vavřinec');
INSERT INTO "Name" (_id_name,name) VALUES (167,'Věnceslav');
INSERT INTO "Name" (_id_name,name) VALUES (168,'Vendelín');
INSERT INTO "Name" (_id_name,name) VALUES (169,'Věroslav');
INSERT INTO "Name" (_id_name,name) VALUES (170,'Viktor');
INSERT INTO "Name" (_id_name,name) VALUES (171,'Vilém');
INSERT INTO "Name" (_id_name,name) VALUES (172,'Vincenc');
INSERT INTO "Name" (_id_name,name) VALUES (173,'Vít');
INSERT INTO "Name" (_id_name,name) VALUES (174,'Vítězslav');
INSERT INTO "Name" (_id_name,name) VALUES (175,'Vladan');
INSERT INTO "Name" (_id_name,name) VALUES (176,'Vladimír');
INSERT INTO "Name" (_id_name,name) VALUES (177,'Vladislav');
INSERT INTO "Name" (_id_name,name) VALUES (178,'Vlastimil');
INSERT INTO "Name" (_id_name,name) VALUES (179,'Vlastislav');
INSERT INTO "Name" (_id_name,name) VALUES (180,'Vojtěch');
INSERT INTO "Name" (_id_name,name) VALUES (181,'Vratislav');
INSERT INTO "Name" (_id_name,name) VALUES (182,'Zbyněk');
INSERT INTO "Name" (_id_name,name) VALUES (183,'Zbyšek');
INSERT INTO "Name" (_id_name,name) VALUES (184,'Zdeněk');
INSERT INTO "Name" (_id_name,name) VALUES (185,'Zikmund');
INSERT INTO "Name" (_id_name,name) VALUES (186,'Eva');
INSERT INTO "Name" (_id_name,name) VALUES (187,'Adéla');
INSERT INTO "Name" (_id_name,name) VALUES (188,'Adriana');
INSERT INTO "Name" (_id_name,name) VALUES (189,'Agáta');
INSERT INTO "Name" (_id_name,name) VALUES (190,'Albína');
INSERT INTO "Name" (_id_name,name) VALUES (191,'Alena');
INSERT INTO "Name" (_id_name,name) VALUES (192,'Alexandra');
INSERT INTO "Name" (_id_name,name) VALUES (193,'Alžběta');
INSERT INTO "Name" (_id_name,name) VALUES (194,'Anděla');
INSERT INTO "Name" (_id_name,name) VALUES (195,'Andrea');
INSERT INTO "Name" (_id_name,name) VALUES (196,'Aneta');
INSERT INTO "Name" (_id_name,name) VALUES (197,'Anežka');
INSERT INTO "Name" (_id_name,name) VALUES (198,'Anna');
INSERT INTO "Name" (_id_name,name) VALUES (199,'Apolena');
INSERT INTO "Name" (_id_name,name) VALUES (200,'Barbora');
INSERT INTO "Name" (_id_name,name) VALUES (201,'Beáta');
INSERT INTO "Name" (_id_name,name) VALUES (202,'Běla');
INSERT INTO "Name" (_id_name,name) VALUES (203,'Berta');
INSERT INTO "Name" (_id_name,name) VALUES (204,'Blanka');
INSERT INTO "Name" (_id_name,name) VALUES (205,'Blažena');
INSERT INTO "Name" (_id_name,name) VALUES (206,'Bohdana');
INSERT INTO "Name" (_id_name,name) VALUES (207,'Bohumila');
INSERT INTO "Name" (_id_name,name) VALUES (208,'Bohuslava');
INSERT INTO "Name" (_id_name,name) VALUES (209,'Božena');
INSERT INTO "Name" (_id_name,name) VALUES (210,'Brigita');
INSERT INTO "Name" (_id_name,name) VALUES (211,'Dana');
INSERT INTO "Name" (_id_name,name) VALUES (212,'Daniela');
INSERT INTO "Name" (_id_name,name) VALUES (213,'Darina');
INSERT INTO "Name" (_id_name,name) VALUES (214,'Darja');
INSERT INTO "Name" (_id_name,name) VALUES (215,'Denisa');
INSERT INTO "Name" (_id_name,name) VALUES (216,'Diana');
INSERT INTO "Name" (_id_name,name) VALUES (217,'Dita');
INSERT INTO "Name" (_id_name,name) VALUES (218,'Dobromila');
INSERT INTO "Name" (_id_name,name) VALUES (219,'Dorota');
INSERT INTO "Name" (_id_name,name) VALUES (220,'Doubravka');
INSERT INTO "Name" (_id_name,name) VALUES (221,'Drahomíra');
INSERT INTO "Name" (_id_name,name) VALUES (222,'Drahoslava');
INSERT INTO "Name" (_id_name,name) VALUES (223,'Edita');
INSERT INTO "Name" (_id_name,name) VALUES (224,'Elena');
INSERT INTO "Name" (_id_name,name) VALUES (225,'Eliška');
INSERT INTO "Name" (_id_name,name) VALUES (226,'Ema');
INSERT INTO "Name" (_id_name,name) VALUES (227,'Erika');
INSERT INTO "Name" (_id_name,name) VALUES (228,'Evelína');
INSERT INTO "Name" (_id_name,name) VALUES (229,'Františka');
INSERT INTO "Name" (_id_name,name) VALUES (230,'Gabriela');
INSERT INTO "Name" (_id_name,name) VALUES (231,'Gita');
INSERT INTO "Name" (_id_name,name) VALUES (232,'Gizela');
INSERT INTO "Name" (_id_name,name) VALUES (233,'Hana');
INSERT INTO "Name" (_id_name,name) VALUES (234,'Hedvika');
INSERT INTO "Name" (_id_name,name) VALUES (235,'Helena');
INSERT INTO "Name" (_id_name,name) VALUES (236,'Hermína');
INSERT INTO "Name" (_id_name,name) VALUES (237,'Ida');
INSERT INTO "Name" (_id_name,name) VALUES (238,'Ilja');
INSERT INTO "Name" (_id_name,name) VALUES (239,'Ilona');
INSERT INTO "Name" (_id_name,name) VALUES (240,'Irena');
INSERT INTO "Name" (_id_name,name) VALUES (241,'Irma');
INSERT INTO "Name" (_id_name,name) VALUES (242,'Iva');
INSERT INTO "Name" (_id_name,name) VALUES (243,'Ivana');
INSERT INTO "Name" (_id_name,name) VALUES (244,'Iveta');
INSERT INTO "Name" (_id_name,name) VALUES (245,'Ivona');
INSERT INTO "Name" (_id_name,name) VALUES (246,'Izabela');
INSERT INTO "Name" (_id_name,name) VALUES (247,'Jana');
INSERT INTO "Name" (_id_name,name) VALUES (248,'Jarmila');
INSERT INTO "Name" (_id_name,name) VALUES (249,'Jaroslava');
INSERT INTO "Name" (_id_name,name) VALUES (250,'Jindřiška');
INSERT INTO "Name" (_id_name,name) VALUES (251,'Jiřina');
INSERT INTO "Name" (_id_name,name) VALUES (252,'Jitka');
INSERT INTO "Name" (_id_name,name) VALUES (253,'Johana');
INSERT INTO "Name" (_id_name,name) VALUES (254,'Jolana');
INSERT INTO "Name" (_id_name,name) VALUES (255,'Judita');
INSERT INTO "Name" (_id_name,name) VALUES (256,'Justýna');
INSERT INTO "Name" (_id_name,name) VALUES (257,'Kamila');
INSERT INTO "Name" (_id_name,name) VALUES (258,'Karina');
INSERT INTO "Name" (_id_name,name) VALUES (259,'Karolína');
INSERT INTO "Name" (_id_name,name) VALUES (260,'Kateřina');
INSERT INTO "Name" (_id_name,name) VALUES (261,'Klára');
INSERT INTO "Name" (_id_name,name) VALUES (262,'Kristýna');
INSERT INTO "Name" (_id_name,name) VALUES (263,'Květa');
INSERT INTO "Name" (_id_name,name) VALUES (264,'Květoslava');
INSERT INTO "Name" (_id_name,name) VALUES (265,'Lada');
INSERT INTO "Name" (_id_name,name) VALUES (266,'Laura');
INSERT INTO "Name" (_id_name,name) VALUES (267,'Lenka');
INSERT INTO "Name" (_id_name,name) VALUES (268,'Leona');
INSERT INTO "Name" (_id_name,name) VALUES (269,'Liběna');
INSERT INTO "Name" (_id_name,name) VALUES (270,'Liliana');
INSERT INTO "Name" (_id_name,name) VALUES (271,'Linda');
INSERT INTO "Name" (_id_name,name) VALUES (272,'Ljuba');
INSERT INTO "Name" (_id_name,name) VALUES (273,'Ludmila');
INSERT INTO "Name" (_id_name,name) VALUES (274,'Magdaléna');
INSERT INTO "Name" (_id_name,name) VALUES (275,'Mahulena');
INSERT INTO "Name" (_id_name,name) VALUES (276,'Marcela');
INSERT INTO "Name" (_id_name,name) VALUES (277,'Mariana');
INSERT INTO "Name" (_id_name,name) VALUES (278,'Marika');
INSERT INTO "Name" (_id_name,name) VALUES (279,'Marina');
INSERT INTO "Name" (_id_name,name) VALUES (280,'Markéta');
INSERT INTO "Name" (_id_name,name) VALUES (281,'Marta');
INSERT INTO "Name" (_id_name,name) VALUES (282,'Martina');
INSERT INTO "Name" (_id_name,name) VALUES (283,'Michaela');
INSERT INTO "Name" (_id_name,name) VALUES (284,'Milada');
INSERT INTO "Name" (_id_name,name) VALUES (285,'Milena');
INSERT INTO "Name" (_id_name,name) VALUES (286,'Miloslava');
INSERT INTO "Name" (_id_name,name) VALUES (287,'Miroslava');
INSERT INTO "Name" (_id_name,name) VALUES (288,'Monika');
INSERT INTO "Name" (_id_name,name) VALUES (289,'Naděžda');
INSERT INTO "Name" (_id_name,name) VALUES (290,'Nataša');
INSERT INTO "Name" (_id_name,name) VALUES (291,'Nela');
INSERT INTO "Name" (_id_name,name) VALUES (292,'Nikola');
INSERT INTO "Name" (_id_name,name) VALUES (293,'Nina');
INSERT INTO "Name" (_id_name,name) VALUES (294,'Nora');
INSERT INTO "Name" (_id_name,name) VALUES (295,'Oldřiška');
INSERT INTO "Name" (_id_name,name) VALUES (296,'Olga');
INSERT INTO "Name" (_id_name,name) VALUES (297,'Pavla');
INSERT INTO "Name" (_id_name,name) VALUES (298,'Pavlína');
INSERT INTO "Name" (_id_name,name) VALUES (299,'Petra');
INSERT INTO "Name" (_id_name,name) VALUES (300,'Radana');
INSERT INTO "Name" (_id_name,name) VALUES (301,'Radka');
INSERT INTO "Name" (_id_name,name) VALUES (302,'Radmila');
INSERT INTO "Name" (_id_name,name) VALUES (303,'Regína');
INSERT INTO "Name" (_id_name,name) VALUES (304,'Renáta');
INSERT INTO "Name" (_id_name,name) VALUES (305,'Romana');
INSERT INTO "Name" (_id_name,name) VALUES (306,'Matylda');
INSERT INTO "Name" (_id_name,name) VALUES (307,'Růžena');
INSERT INTO "Name" (_id_name,name) VALUES (308,'Sabina');
INSERT INTO "Name" (_id_name,name) VALUES (309,'Sandra');
INSERT INTO "Name" (_id_name,name) VALUES (310,'Sáva');
INSERT INTO "Name" (_id_name,name) VALUES (311,'Simona');
INSERT INTO "Name" (_id_name,name) VALUES (312,'Slavěna');
INSERT INTO "Name" (_id_name,name) VALUES (313,'Soňa');
INSERT INTO "Name" (_id_name,name) VALUES (314,'Stanislava');
INSERT INTO "Name" (_id_name,name) VALUES (315,'Stela');
INSERT INTO "Name" (_id_name,name) VALUES (316,'Svatava');
INSERT INTO "Name" (_id_name,name) VALUES (317,'Světlana');
INSERT INTO "Name" (_id_name,name) VALUES (318,'Šárka');
INSERT INTO "Name" (_id_name,name) VALUES (319,'Šarlota');
INSERT INTO "Name" (_id_name,name) VALUES (320,'Sára');
INSERT INTO "Name" (_id_name,name) VALUES (321,'Štěpánka');
INSERT INTO "Name" (_id_name,name) VALUES (322,'Tamara');
INSERT INTO "Name" (_id_name,name) VALUES (323,'Taťána');
INSERT INTO "Name" (_id_name,name) VALUES (324,'Tereza');
INSERT INTO "Name" (_id_name,name) VALUES (325,'Vanda');
INSERT INTO "Name" (_id_name,name) VALUES (326,'Vendula');
INSERT INTO "Name" (_id_name,name) VALUES (327,'Věra');
INSERT INTO "Name" (_id_name,name) VALUES (328,'Veronika');
INSERT INTO "Name" (_id_name,name) VALUES (329,'Vilma');
INSERT INTO "Name" (_id_name,name) VALUES (330,'Viola');
INSERT INTO "Name" (_id_name,name) VALUES (331,'Vladěna');
INSERT INTO "Name" (_id_name,name) VALUES (332,'Vlasta');
INSERT INTO "Name" (_id_name,name) VALUES (333,'Zdeňka');
INSERT INTO "Name" (_id_name,name) VALUES (334,'Zdislava');
INSERT INTO "Name" (_id_name,name) VALUES (335,'Zina');
INSERT INTO "Name" (_id_name,name) VALUES (336,'Zita');
INSERT INTO "Name" (_id_name,name) VALUES (337,'Zlata');
INSERT INTO "Name" (_id_name,name) VALUES (338,'Zora');
INSERT INTO "Name" (_id_name,name) VALUES (339,'Zuzana');
INSERT INTO "Name" (_id_name,name) VALUES (340,'Alice');
INSERT INTO "Name" (_id_name,name) VALUES (341,'Anastázie');
INSERT INTO "Name" (_id_name,name) VALUES (342,'Antonie');
INSERT INTO "Name" (_id_name,name) VALUES (343,'Cecílie');
INSERT INTO "Name" (_id_name,name) VALUES (344,'Emílie');
INSERT INTO "Name" (_id_name,name) VALUES (345,'Evženie');
INSERT INTO "Name" (_id_name,name) VALUES (346,'Julie');
INSERT INTO "Name" (_id_name,name) VALUES (347,'Klaudie');
INSERT INTO "Name" (_id_name,name) VALUES (348,'Libuše');
INSERT INTO "Name" (_id_name,name) VALUES (349,'Amálie');
INSERT INTO "Name" (_id_name,name) VALUES (350,'Lucie');
INSERT INTO "Name" (_id_name,name) VALUES (351,'Lýdie');
INSERT INTO "Name" (_id_name,name) VALUES (352,'Marie');
INSERT INTO "Name" (_id_name,name) VALUES (353,'Miluše');
INSERT INTO "Name" (_id_name,name) VALUES (354,'Natálie');
INSERT INTO "Name" (_id_name,name) VALUES (355,'Olivie');
INSERT INTO "Name" (_id_name,name) VALUES (356,'Otýlie');
INSERT INTO "Name" (_id_name,name) VALUES (357,'Patricie');
INSERT INTO "Name" (_id_name,name) VALUES (358,'Saskie');
INSERT INTO "Name" (_id_name,name) VALUES (359,'Silvie');
INSERT INTO "Name" (_id_name,name) VALUES (360,'Zoe');
INSERT INTO "Name" (_id_name,name) VALUES (361,'Valérie');
INSERT INTO "Name" (_id_name,name) VALUES (362,'Viktorie');
INSERT INTO "Name" (_id_name,name) VALUES (363,'Xenie');
INSERT INTO "Name" (_id_name,name) VALUES (364,'Žofie');
INSERT INTO "Name" (_id_name,name) VALUES (365,'Dagmar');
INSERT INTO "Name" (_id_name,name) VALUES (366,'Ester');
INSERT INTO "Name" (_id_name,name) VALUES (367,'Ingrid');
INSERT INTO "Name" (_id_name,name) VALUES (368,'Miriam');
INSERT INTO "Name" (_id_name,name) VALUES (369,'Růt');
--------------------------Occupation--------------------------
INSERT INTO "Occupation" (_id_occup,name) VALUES (0,'Rudník');
INSERT INTO "Occupation" (_id_occup,name) VALUES (1,'Borůvkář');
INSERT INTO "Occupation" (_id_occup,name) VALUES (2,'Zábojník');
INSERT INTO "Occupation" (_id_occup,name) VALUES (3,'Otrubník');
INSERT INTO "Occupation" (_id_occup,name) VALUES (4,'Bičař');
INSERT INTO "Occupation" (_id_occup,name) VALUES (5,'Řetězník');
INSERT INTO "Occupation" (_id_occup,name) VALUES (6,'Caletník');
INSERT INTO "Occupation" (_id_occup,name) VALUES (7,'Přezák');
INSERT INTO "Occupation" (_id_occup,name) VALUES (8,'Obuvník');
INSERT INTO "Occupation" (_id_occup,name) VALUES (9,'Trubař');
INSERT INTO "Occupation" (_id_occup,name) VALUES (10,'Špendlíkář');
INSERT INTO "Occupation" (_id_occup,name) VALUES (11,'Stoličník');
INSERT INTO "Occupation" (_id_occup,name) VALUES (12,'Soukeník');
INSERT INTO "Occupation" (_id_occup,name) VALUES (13,'Ovocník');
INSERT INTO "Occupation" (_id_occup,name) VALUES (14,'Peřinečník');
INSERT INTO "Occupation" (_id_occup,name) VALUES (15,'Reflíř');
INSERT INTO "Occupation" (_id_occup,name) VALUES (16,'Cínař');
INSERT INTO "Occupation" (_id_occup,name) VALUES (17,'Koloděj');
INSERT INTO "Occupation" (_id_occup,name) VALUES (18,'Kokotkář');
INSERT INTO "Occupation" (_id_occup,name) VALUES (19,'Uzeník');
INSERT INTO "Occupation" (_id_occup,name) VALUES (20,'Cihlář krycí');
INSERT INTO "Occupation" (_id_occup,name) VALUES (21,'Čepčář');
INSERT INTO "Occupation" (_id_occup,name) VALUES (22,'Topič');
INSERT INTO "Occupation" (_id_occup,name) VALUES (23,'Šlejfíř');
INSERT INTO "Occupation" (_id_occup,name) VALUES (24,'Ostrožník');
INSERT INTO "Occupation" (_id_occup,name) VALUES (25,'Udidlíř');
INSERT INTO "Occupation" (_id_occup,name) VALUES (26,'Kůžičkář');
INSERT INTO "Occupation" (_id_occup,name) VALUES (27,'Kožešník');
INSERT INTO "Occupation" (_id_occup,name) VALUES (28,'Řezáč kovů');
INSERT INTO "Occupation" (_id_occup,name) VALUES (29,'Kupec');
INSERT INTO "Occupation" (_id_occup,name) VALUES (30,'Cajkář');
INSERT INTO "Occupation" (_id_occup,name) VALUES (31,'Drvoštěp');
INSERT INTO "Occupation" (_id_occup,name) VALUES (32,'Krupičník');
INSERT INTO "Occupation" (_id_occup,name) VALUES (33,'Kupec');
INSERT INTO "Occupation" (_id_occup,name) VALUES (34,'Písař');
INSERT INTO "Occupation" (_id_occup,name) VALUES (35,'Pecivál');
INSERT INTO "Occupation" (_id_occup,name) VALUES (36,'Slanec');
INSERT INTO "Occupation" (_id_occup,name) VALUES (37,'Hejtman');
INSERT INTO "Occupation" (_id_occup,name) VALUES (38,'Čepčář');
INSERT INTO "Occupation" (_id_occup,name) VALUES (39,'Dřevákář');
INSERT INTO "Occupation" (_id_occup,name) VALUES (40,'Rytec');
INSERT INTO "Occupation" (_id_occup,name) VALUES (41,'Dýnař');
INSERT INTO "Occupation" (_id_occup,name) VALUES (42,'Nožíř');
INSERT INTO "Occupation" (_id_occup,name) VALUES (43,'Konvář');
INSERT INTO "Occupation" (_id_occup,name) VALUES (44,'Parléř');
INSERT INTO "Occupation" (_id_occup,name) VALUES (45,'Písař obroční');
INSERT INTO "Occupation" (_id_occup,name) VALUES (46,'Hacník');
INSERT INTO "Occupation" (_id_occup,name) VALUES (47,'Sumečník');
INSERT INTO "Occupation" (_id_occup,name) VALUES (48,'Listonoš');
INSERT INTO "Occupation" (_id_occup,name) VALUES (49,'Hřebač');
--------------------------Director--------------------------
INSERT INTO "Director" (_id_director,surname,title) VALUES (0,'Polák','farář');
INSERT INTO "Director" (_id_director,surname,title) VALUES (1,'Havlíček','kaplan');
INSERT INTO "Director" (_id_director,surname,title) VALUES (2,'Čermák','kurát');
--------------------------DirectorName--------------------------
INSERT INTO "DirectorName" (director_id,name_id) VALUES (0,22);
INSERT INTO "DirectorName" (director_id,name_id) VALUES (1,177);
INSERT INTO "DirectorName" (director_id,name_id) VALUES (2,97);
--------------------------Celebrant--------------------------
INSERT INTO "Celebrant" (_id_celebrant,surname,title_occup) VALUES (0,'Toman','kaplan');
INSERT INTO "Celebrant" (_id_celebrant,surname,title_occup) VALUES (1,'Jaroš','admininstrátor');
INSERT INTO "Celebrant" (_id_celebrant,surname,title_occup) VALUES (2,'Krejčí','farář');
--------------------------CelebrantName--------------------------
INSERT INTO "CelebrantName" (celebrant_id,name_id) VALUES (0,174);
INSERT INTO "CelebrantName" (celebrant_id,name_id) VALUES (1,168);
INSERT INTO "CelebrantName" (celebrant_id,name_id) VALUES (2,181);
--------------------------Officiant--------------------------
INSERT INTO "Officiant" (_id_officiant,surname,title) VALUES (0,'Pospíšil','farář');
INSERT INTO "Officiant" (_id_officiant,surname,title) VALUES (1,'Vlček','admininstrátor');
INSERT INTO "Officiant" (_id_officiant,surname,title) VALUES (2,'Dostál','kooperátor');
--------------------------OfficiantName--------------------------
INSERT INTO "OfficiantName" (officiant_id,name_id) VALUES (0,143);
INSERT INTO "OfficiantName" (officiant_id,name_id) VALUES (1,5);
INSERT INTO "OfficiantName" (officiant_id,name_id) VALUES (2,166);
--------------------------Person--------------------------
INSERT INTO "Person" (_id_person,surname,village,street,descr,birth,sex,religion) VALUES (0,'Horváthová','Ústí nad Labem','Marek',8261,'1801-08-21','žena','nepokřtěn');
INSERT INTO "Person" (_id_person,surname,village,street,descr,birth,sex,religion) VALUES (1,'Horváth','Ústí nad Labem','Marek',8261,'1805-12-20','muž','nepokřtěn');
INSERT INTO "Person" (_id_person,surname,village,street,descr,birth,sex,religion,mother_id,father_id) VALUES (2,'Horváth','Ústí nad Labem','Marek',8261,'1833-01-15','muž','nepokřtěn',0,1);
INSERT INTO "Person" (_id_person,surname,village,street,descr,birth,sex,religion) VALUES (3,'Kratochvílová','Kladno','Celestin',5108,'1800-07-12','žena','nepokřtěn');
INSERT INTO "Person" (_id_person,surname,village,street,descr,birth,sex,religion) VALUES (4,'Kratochvíl','Kladno','Celestin',5108,'1809-09-06','muž','nepokřtěn');
INSERT INTO "Person" (_id_person,surname,village,street,descr,birth,sex,religion,mother_id,father_id) VALUES (5,'Kratochvílová','Kladno','Celestin',5108,'1829-08-10','žena','nepokřtěn',3,4);
INSERT INTO "Person" (_id_person,surname,village,street,descr,birth,sex,religion) VALUES (6,'Navrátilová','Havířov','Oto',4392,'1805-08-25','žena','nepokřtěn');
INSERT INTO "Person" (_id_person,surname,village,street,descr,birth,sex,religion) VALUES (7,'Navrátil','Havířov','Oto',4392,'1806-06-28','muž','nepokřtěn');
INSERT INTO "Person" (_id_person,surname,village,street,descr,birth,sex,religion,mother_id,father_id) VALUES (8,'Navrátil','Havířov','Oto',4392,'1834-04-04','muž','nepokřtěn',6,7);
INSERT INTO "Person" (_id_person,surname,village,street,descr,birth,sex,religion,father_id) VALUES (9,'Navrátil','Olomouc','Bečvářová',119,'1860-10-05','muž','nepokřtěn',8);
INSERT INTO "Person" (_id_person,surname,village,street,descr,birth,sex,religion,father_id) VALUES (10,'Navrátil','Jihlava','Ovidius',241,'1869-12-06','muž','nepokřtěn',8);
INSERT INTO "Person" (_id_person,surname,village,street,descr,birth,sex,religion,father_id) VALUES (11,'Navrátil','Havířov','Petráková',915,'1868-10-04','muž','nepokřtěn',8);
INSERT INTO "Person" (_id_person,surname,village,street,descr,birth,sex,religion) VALUES (12,'Poláková','Zlín','Virgin',851,'1806-05-14','žena','katolík');
INSERT INTO "Person" (_id_person,surname,village,street,descr,birth,sex,religion) VALUES (13,'Polák','Zlín','Virgin',851,'1806-11-15','muž','katolík');
INSERT INTO "Person" (_id_person,surname,village,street,descr,birth,sex,religion,mother_id,father_id) VALUES (14,'Poláková','Zlín','Virgin',851,'1828-07-15','žena','katolík',12,13);
INSERT INTO "Person" (_id_person,surname,village,street,descr,birth,sex,religion) VALUES (15,'Marešová','České Budějovice','Menšíková',041,'1809-12-01','žena','katolík');
INSERT INTO "Person" (_id_person,surname,village,street,descr,birth,sex,religion) VALUES (16,'Mareš','České Budějovice','Menšíková',041,'1801-03-15','muž','katolík');
INSERT INTO "Person" (_id_person,surname,village,street,descr,birth,sex,religion,mother_id,father_id) VALUES (17,'Mareš','České Budějovice','Menšíková',041,'1826-04-20','muž','katolík',15,16);
INSERT INTO "Person" (_id_person,surname,village,street,descr,birth,sex,religion,father_id) VALUES (18,'Mareš','České Budějovice','Vavřík',559,'1864-12-16','muž','katolík',17);
INSERT INTO "Person" (_id_person,surname,village,street,descr,birth,sex,religion,father_id) VALUES (19,'Marešová','České Budějovice','Seidl',3228,'1866-04-12','žena','katolík',17);
INSERT INTO "Person" (_id_person,surname,village,street,descr,birth,sex,religion,father_id) VALUES (20,'Mareš','Pardubice','Sára',8752,'1857-10-19','muž','katolík',17);
INSERT INTO "Person" (_id_person,surname,village,street,descr,birth,sex,religion,father_id) VALUES (21,'Marešová','České Budějovice','Jošt',00311,'1862-04-01','žena','katolík',17);
INSERT INTO "Person" (_id_person,surname,village,street,descr,birth,sex,religion) VALUES (22,'Bíleková','Hradec Králové','Javůrková',2616,'1804-03-29','žena','nepokřtěn');
INSERT INTO "Person" (_id_person,surname,village,street,descr,birth,sex,religion) VALUES (23,'Bílek','Hradec Králové','Javůrková',2616,'1803-08-10','muž','nepokřtěn');
INSERT INTO "Person" (_id_person,surname,village,street,descr,birth,sex,religion,mother_id,father_id) VALUES (24,'Bíleková','Hradec Králové','Javůrková',2616,'1839-02-21','žena','nepokřtěn',22,23);
INSERT INTO "Person" (_id_person,surname,village,street,descr,birth,sex,religion) VALUES (25,'Zemanová','Most','šváb',267,'1802-06-27','žena','katolík');
INSERT INTO "Person" (_id_person,surname,village,street,descr,birth,sex,religion) VALUES (26,'Zeman','Most','šváb',267,'1803-08-20','muž','katolík');
INSERT INTO "Person" (_id_person,surname,village,street,descr,birth,sex,religion,mother_id,father_id) VALUES (27,'Zeman','Most','šváb',267,'1839-06-17','muž','katolík',25,26);
INSERT INTO "Person" (_id_person,surname,village,street,descr,birth,sex,religion) VALUES (28,'Dostálová','Praha','Hostimil',7659,'1803-11-24','žena','evangelík');
INSERT INTO "Person" (_id_person,surname,village,street,descr,birth,sex,religion) VALUES (29,'Dostál','Praha','Hostimil',7659,'1806-10-18','muž','evangelík');
INSERT INTO "Person" (_id_person,surname,village,street,descr,birth,sex,religion,mother_id,father_id) VALUES (30,'Dostál','Praha','Hostimil',7659,'1834-07-21','muž','evangelík',28,29);
INSERT INTO "Person" (_id_person,surname,village,street,descr,birth,sex,religion) VALUES (31,'Krausová','Plzeň','Kopalová',69382,'1809-10-28','žena','katolík');
INSERT INTO "Person" (_id_person,surname,village,street,descr,birth,sex,religion) VALUES (32,'Kraus','Plzeň','Kopalová',69382,'1803-08-15','muž','katolík');
INSERT INTO "Person" (_id_person,surname,village,street,descr,birth,sex,religion,mother_id,father_id) VALUES (33,'Krausová','Plzeň','Kopalová',69382,'1834-12-20','žena','katolík',31,32);
INSERT INTO "Person" (_id_person,surname,village,street,descr,birth,sex,religion,mother_id) VALUES (34,'Krausová','Plzeň','Fridrich',3255,'1864-07-19','žena','katolík',33);
INSERT INTO "Person" (_id_person,surname,village,street,descr,birth,sex,religion,mother_id) VALUES (35,'Krausová','Plzeň','Matylda',92090,'1859-03-22','žena','katolík',33);
INSERT INTO "Person" (_id_person,surname,village,street,descr,birth,sex,religion,mother_id) VALUES (36,'Kraus','Most','Dobroslav',7744,'1859-03-19','muž','katolík',33);
INSERT INTO "Person" (_id_person,surname,village,street,descr,birth,sex,religion) VALUES (37,'Holubová','Brno','Jaroš',9742,'1802-02-06','žena','nepokřtěn');
INSERT INTO "Person" (_id_person,surname,village,street,descr,birth,sex,religion) VALUES (38,'Holub','Brno','Jaroš',9742,'1803-09-18','muž','nepokřtěn');
INSERT INTO "Person" (_id_person,surname,village,street,descr,birth,sex,religion,mother_id,father_id) VALUES (39,'Holubová','Brno','Jaroš',9742,'1825-09-04','žena','nepokřtěn',37,38);
INSERT INTO "Person" (_id_person,surname,village,street,descr,birth,sex,religion,mother_id) VALUES (40,'Holubová','Brno','Zach',776,'1866-05-17','žena','nepokřtěn',39);
INSERT INTO "Person" (_id_person,surname,village,street,descr,birth,sex,religion,mother_id) VALUES (41,'Holubová','Brno','Sommer',047,'1859-02-18','žena','nepokřtěn',39);
INSERT INTO "Person" (_id_person,surname,village,street,descr,birth,sex,religion) VALUES (42,'Dvořáková','Pardubice','Valeš',42672,'1803-12-01','žena','katolík');
INSERT INTO "Person" (_id_person,surname,village,street,descr,birth,sex,religion) VALUES (43,'Dvořák','Pardubice','Valeš',42672,'1801-02-13','muž','katolík');
INSERT INTO "Person" (_id_person,surname,village,street,descr,birth,sex,religion,mother_id,father_id) VALUES (44,'Dvořáková','Pardubice','Valeš',42672,'1825-03-13','žena','katolík',42,43);
INSERT INTO "Person" (_id_person,surname,village,street,descr,birth,sex,religion) VALUES (45,'Hájeková','Ostrava','Jindra',3145,'1805-07-10','žena','nepokřtěn');
INSERT INTO "Person" (_id_person,surname,village,street,descr,birth,sex,religion) VALUES (46,'Hájek','Ostrava','Jindra',3145,'1803-08-31','muž','katolík');
INSERT INTO "Person" (_id_person,surname,village,street,descr,birth,sex,religion,mother_id,father_id) VALUES (47,'Hájek','Ostrava','Jindra',3145,'1826-02-07','muž','nepokřtěn',45,46);
INSERT INTO "Person" (_id_person,surname,village,street,descr,birth,sex,religion,father_id) VALUES (48,'Hájek','Ostrava','Ludoslav',4402,'1867-03-26','muž','nepokřtěn',47);
INSERT INTO "Person" (_id_person,surname,village,street,descr,birth,sex,religion,father_id) VALUES (49,'Hájek','Karviná','Prchal',06421,'1857-09-22','muž','nepokřtěn',47);
INSERT INTO "Person" (_id_person,surname,village,street,descr,birth,sex,religion,father_id) VALUES (50,'Hájek','Opava','Smolková',37980,'1862-07-25','muž','nepokřtěn',47);
--------------------------PersonName--------------------------
INSERT INTO "PersonName" (person_id,name_id) VALUES (0,315);
INSERT INTO "PersonName" (person_id,name_id) VALUES (1,151);
INSERT INTO "PersonName" (person_id,name_id) VALUES (1,53);
INSERT INTO "PersonName" (person_id,name_id) VALUES (2,137);
INSERT INTO "PersonName" (person_id,name_id) VALUES (3,325);
INSERT INTO "PersonName" (person_id,name_id) VALUES (4,105);
INSERT INTO "PersonName" (person_id,name_id) VALUES (5,192);
INSERT INTO "PersonName" (person_id,name_id) VALUES (6,294);
INSERT INTO "PersonName" (person_id,name_id) VALUES (7,64);
INSERT INTO "PersonName" (person_id,name_id) VALUES (8,92);
INSERT INTO "PersonName" (person_id,name_id) VALUES (9,50);
INSERT INTO "PersonName" (person_id,name_id) VALUES (9,75);
INSERT INTO "PersonName" (person_id,name_id) VALUES (10,141);
INSERT INTO "PersonName" (person_id,name_id) VALUES (10,146);
INSERT INTO "PersonName" (person_id,name_id) VALUES (11,41);
INSERT INTO "PersonName" (person_id,name_id) VALUES (12,188);
INSERT INTO "PersonName" (person_id,name_id) VALUES (13,67);
INSERT INTO "PersonName" (person_id,name_id) VALUES (14,300);
INSERT INTO "PersonName" (person_id,name_id) VALUES (15,201);
INSERT INTO "PersonName" (person_id,name_id) VALUES (16,185);
INSERT INTO "PersonName" (person_id,name_id) VALUES (17,28);
INSERT INTO "PersonName" (person_id,name_id) VALUES (17,161);
INSERT INTO "PersonName" (person_id,name_id) VALUES (18,116);
INSERT INTO "PersonName" (person_id,name_id) VALUES (19,332);
INSERT INTO "PersonName" (person_id,name_id) VALUES (20,179);
INSERT INTO "PersonName" (person_id,name_id) VALUES (21,340);
INSERT INTO "PersonName" (person_id,name_id) VALUES (22,310);
INSERT INTO "PersonName" (person_id,name_id) VALUES (23,72);
INSERT INTO "PersonName" (person_id,name_id) VALUES (23,162);
INSERT INTO "PersonName" (person_id,name_id) VALUES (24,297);
INSERT INTO "PersonName" (person_id,name_id) VALUES (25,249);
INSERT INTO "PersonName" (person_id,name_id) VALUES (26,91);
INSERT INTO "PersonName" (person_id,name_id) VALUES (27,57);
INSERT INTO "PersonName" (person_id,name_id) VALUES (27,165);
INSERT INTO "PersonName" (person_id,name_id) VALUES (28,272);
INSERT INTO "PersonName" (person_id,name_id) VALUES (29,175);
INSERT INTO "PersonName" (person_id,name_id) VALUES (30,108);
INSERT INTO "PersonName" (person_id,name_id) VALUES (30,89);
INSERT INTO "PersonName" (person_id,name_id) VALUES (31,233);
INSERT INTO "PersonName" (person_id,name_id) VALUES (32,139);
INSERT INTO "PersonName" (person_id,name_id) VALUES (32,6);
INSERT INTO "PersonName" (person_id,name_id) VALUES (33,287);
INSERT INTO "PersonName" (person_id,name_id) VALUES (34,322);
INSERT INTO "PersonName" (person_id,name_id) VALUES (35,320);
INSERT INTO "PersonName" (person_id,name_id) VALUES (36,169);
INSERT INTO "PersonName" (person_id,name_id) VALUES (36,124);
INSERT INTO "PersonName" (person_id,name_id) VALUES (37,220);
INSERT INTO "PersonName" (person_id,name_id) VALUES (38,33);
INSERT INTO "PersonName" (person_id,name_id) VALUES (39,236);
INSERT INTO "PersonName" (person_id,name_id) VALUES (40,365);
INSERT INTO "PersonName" (person_id,name_id) VALUES (41,218);
INSERT INTO "PersonName" (person_id,name_id) VALUES (42,246);
INSERT INTO "PersonName" (person_id,name_id) VALUES (43,132);
INSERT INTO "PersonName" (person_id,name_id) VALUES (43,181);
INSERT INTO "PersonName" (person_id,name_id) VALUES (44,259);
INSERT INTO "PersonName" (person_id,name_id) VALUES (45,209);
INSERT INTO "PersonName" (person_id,name_id) VALUES (46,170);
INSERT INTO "PersonName" (person_id,name_id) VALUES (47,11);
INSERT INTO "PersonName" (person_id,name_id) VALUES (47,113);
INSERT INTO "PersonName" (person_id,name_id) VALUES (48,39);
INSERT INTO "PersonName" (person_id,name_id) VALUES (49,49);
INSERT INTO "PersonName" (person_id,name_id) VALUES (50,176);
INSERT INTO "PersonName" (person_id,name_id) VALUES (50,23);
--------------------------PersonOccupation--------------------------
INSERT INTO "PersonOccupation" (person_id,occup_id) VALUES (0,4);
INSERT INTO "PersonOccupation" (person_id,occup_id) VALUES (0,29);
INSERT INTO "PersonOccupation" (person_id,occup_id) VALUES (1,47);
INSERT INTO "PersonOccupation" (person_id,occup_id) VALUES (1,19);
INSERT INTO "PersonOccupation" (person_id,occup_id) VALUES (2,1);
INSERT INTO "PersonOccupation" (person_id,occup_id) VALUES (2,27);
INSERT INTO "PersonOccupation" (person_id,occup_id) VALUES (3,16);
INSERT INTO "PersonOccupation" (person_id,occup_id) VALUES (3,49);
INSERT INTO "PersonOccupation" (person_id,occup_id) VALUES (3,14);
INSERT INTO "PersonOccupation" (person_id,occup_id) VALUES (4,40);
INSERT INTO "PersonOccupation" (person_id,occup_id) VALUES (4,28);
INSERT INTO "PersonOccupation" (person_id,occup_id) VALUES (4,41);
INSERT INTO "PersonOccupation" (person_id,occup_id) VALUES (5,7);
INSERT INTO "PersonOccupation" (person_id,occup_id) VALUES (5,42);
INSERT INTO "PersonOccupation" (person_id,occup_id) VALUES (7,6);
INSERT INTO "PersonOccupation" (person_id,occup_id) VALUES (7,1);
INSERT INTO "PersonOccupation" (person_id,occup_id) VALUES (8,21);
INSERT INTO "PersonOccupation" (person_id,occup_id) VALUES (10,48);
INSERT INTO "PersonOccupation" (person_id,occup_id) VALUES (10,19);
INSERT INTO "PersonOccupation" (person_id,occup_id) VALUES (10,16);
INSERT INTO "PersonOccupation" (person_id,occup_id) VALUES (12,12);
INSERT INTO "PersonOccupation" (person_id,occup_id) VALUES (12,28);
INSERT INTO "PersonOccupation" (person_id,occup_id) VALUES (13,37);
INSERT INTO "PersonOccupation" (person_id,occup_id) VALUES (13,20);
INSERT INTO "PersonOccupation" (person_id,occup_id) VALUES (14,30);
INSERT INTO "PersonOccupation" (person_id,occup_id) VALUES (15,8);
INSERT INTO "PersonOccupation" (person_id,occup_id) VALUES (15,37);
INSERT INTO "PersonOccupation" (person_id,occup_id) VALUES (15,19);
INSERT INTO "PersonOccupation" (person_id,occup_id) VALUES (16,40);
INSERT INTO "PersonOccupation" (person_id,occup_id) VALUES (16,21);
INSERT INTO "PersonOccupation" (person_id,occup_id) VALUES (16,23);
INSERT INTO "PersonOccupation" (person_id,occup_id) VALUES (17,28);
INSERT INTO "PersonOccupation" (person_id,occup_id) VALUES (20,2);
INSERT INTO "PersonOccupation" (person_id,occup_id) VALUES (20,41);
INSERT INTO "PersonOccupation" (person_id,occup_id) VALUES (21,38);
INSERT INTO "PersonOccupation" (person_id,occup_id) VALUES (21,19);
INSERT INTO "PersonOccupation" (person_id,occup_id) VALUES (21,1);
INSERT INTO "PersonOccupation" (person_id,occup_id) VALUES (22,48);
INSERT INTO "PersonOccupation" (person_id,occup_id) VALUES (22,18);
INSERT INTO "PersonOccupation" (person_id,occup_id) VALUES (22,24);
INSERT INTO "PersonOccupation" (person_id,occup_id) VALUES (23,28);
INSERT INTO "PersonOccupation" (person_id,occup_id) VALUES (23,46);
INSERT INTO "PersonOccupation" (person_id,occup_id) VALUES (24,20);
INSERT INTO "PersonOccupation" (person_id,occup_id) VALUES (25,1);
INSERT INTO "PersonOccupation" (person_id,occup_id) VALUES (27,37);
INSERT INTO "PersonOccupation" (person_id,occup_id) VALUES (28,22);
INSERT INTO "PersonOccupation" (person_id,occup_id) VALUES (28,18);
INSERT INTO "PersonOccupation" (person_id,occup_id) VALUES (28,13);
INSERT INTO "PersonOccupation" (person_id,occup_id) VALUES (29,36);
INSERT INTO "PersonOccupation" (person_id,occup_id) VALUES (29,4);
INSERT INTO "PersonOccupation" (person_id,occup_id) VALUES (29,27);
INSERT INTO "PersonOccupation" (person_id,occup_id) VALUES (31,17);
INSERT INTO "PersonOccupation" (person_id,occup_id) VALUES (31,38);
INSERT INTO "PersonOccupation" (person_id,occup_id) VALUES (32,21);
INSERT INTO "PersonOccupation" (person_id,occup_id) VALUES (32,30);
INSERT INTO "PersonOccupation" (person_id,occup_id) VALUES (34,28);
INSERT INTO "PersonOccupation" (person_id,occup_id) VALUES (35,17);
INSERT INTO "PersonOccupation" (person_id,occup_id) VALUES (35,12);
INSERT INTO "PersonOccupation" (person_id,occup_id) VALUES (35,42);
INSERT INTO "PersonOccupation" (person_id,occup_id) VALUES (36,16);
INSERT INTO "PersonOccupation" (person_id,occup_id) VALUES (36,1);
INSERT INTO "PersonOccupation" (person_id,occup_id) VALUES (39,15);
INSERT INTO "PersonOccupation" (person_id,occup_id) VALUES (39,5);
INSERT INTO "PersonOccupation" (person_id,occup_id) VALUES (40,18);
INSERT INTO "PersonOccupation" (person_id,occup_id) VALUES (41,28);
INSERT INTO "PersonOccupation" (person_id,occup_id) VALUES (43,14);
INSERT INTO "PersonOccupation" (person_id,occup_id) VALUES (45,36);
INSERT INTO "PersonOccupation" (person_id,occup_id) VALUES (45,16);
INSERT INTO "PersonOccupation" (person_id,occup_id) VALUES (46,43);
INSERT INTO "PersonOccupation" (person_id,occup_id) VALUES (46,19);
INSERT INTO "PersonOccupation" (person_id,occup_id) VALUES (46,11);
INSERT INTO "PersonOccupation" (person_id,occup_id) VALUES (48,9);
INSERT INTO "PersonOccupation" (person_id,occup_id) VALUES (48,7);
INSERT INTO "PersonOccupation" (person_id,occup_id) VALUES (49,25);
INSERT INTO "PersonOccupation" (person_id,occup_id) VALUES (49,36);
INSERT INTO "PersonOccupation" (person_id,occup_id) VALUES (50,15);
--------------------------Marriage--------------------------
INSERT INTO "Marriage" (_id_marriage,rec_ready,rec_order,scan_order,scan_layout,date,village,groom_y,groom_m,groom_d,bride_y,bride_m,bride_d,groom_adult,bride_adult,relationship,groom_id,bride_id,user_id,register_id,officiant_id) VALUES (0,true,470,659,'L','1865-09-07','Most',26,2,29,30,8,29,true,true,'ne',27,33,0,62,2);
--------------------------Witness--------------------------
INSERT INTO "Witness" (person_id,marriage_id,side,relationship) VALUES (26,0,'ženicha','přítel');
INSERT INTO "Witness" (person_id,marriage_id,side,relationship) VALUES (7,0,'ženicha','sourozenec');
INSERT INTO "Witness" (person_id,marriage_id,side,relationship) VALUES (17,0,'nevěsty','jiné');
INSERT INTO "Witness" (person_id,marriage_id,side,relationship) VALUES (22,0,'nevěsty','přítel');
INSERT INTO "Marriage" (_id_marriage,rec_ready,rec_order,scan_order,scan_layout,date,village,groom_y,groom_m,groom_d,bride_y,bride_m,bride_d,groom_adult,bride_adult,relationship,groom_id,bride_id,user_id,register_id,officiant_id,banns_1) VALUES (1,true,268,917,'C','1861-07-03','České Budějovice',35,2,23,22,4,18,true,true,'ne',17,24,1,78,0,'1861-06-26');
--------------------------Witness--------------------------
INSERT INTO "Witness" (person_id,marriage_id,side,relationship) VALUES (29,1,'ženicha','jiné');
INSERT INTO "Witness" (person_id,marriage_id,side,relationship) VALUES (15,1,'ženicha','jiné');
INSERT INTO "Witness" (person_id,marriage_id,side,relationship) VALUES (37,1,'nevěsty','přítel');
INSERT INTO "Witness" (person_id,marriage_id,side,relationship) VALUES (5,1,'nevěsty','jiné');
INSERT INTO "Marriage" (_id_marriage,rec_ready,rec_order,scan_order,scan_layout,date,village,groom_y,groom_m,groom_d,bride_y,bride_m,bride_d,groom_adult,bride_adult,relationship,groom_id,bride_id,user_id,register_id,officiant_id,banns_1,banns_2,banns_3) VALUES (2,true,392,385,'P','1857-12-24','Ústí nad Labem',23,9,0,29,5,19,true,true,'ne',8,14,0,40,1,'1857-12-17','1857-12-10','1857-12-03');
--------------------------Witness--------------------------
INSERT INTO "Witness" (person_id,marriage_id,side,relationship) VALUES (41,2,'ženicha','přítel');
INSERT INTO "Witness" (person_id,marriage_id,side,relationship) VALUES (11,2,'ženicha','jiné');
INSERT INTO "Witness" (person_id,marriage_id,side,relationship) VALUES (2,2,'nevěsty','jiné');
INSERT INTO "Witness" (person_id,marriage_id,side,relationship) VALUES (28,2,'nevěsty','sourozenec');
INSERT INTO "Marriage" (_id_marriage,rec_ready,rec_order,scan_order,scan_layout,date,village,groom_y,groom_m,groom_d,bride_y,bride_m,bride_d,groom_adult,bride_adult,relationship,groom_id,bride_id,user_id,register_id,officiant_id) VALUES (3,true,252,639,'P','1842-06-09','Zlín',16,4,6,16,9,12,false,false,'ne',47,39,0,59,2);
--------------------------Witness--------------------------
INSERT INTO "Witness" (person_id,marriage_id,side,relationship) VALUES (49,3,'ženicha','jiné');
INSERT INTO "Witness" (person_id,marriage_id,side,relationship) VALUES (43,3,'ženicha','jiné');
INSERT INTO "Witness" (person_id,marriage_id,side,relationship) VALUES (33,3,'nevěsty','sourozenec');
INSERT INTO "Witness" (person_id,marriage_id,side,relationship) VALUES (30,3,'nevěsty','jiné');
INSERT INTO "Marriage" (_id_marriage,rec_ready,rec_order,scan_order,scan_layout,date,village,groom_y,groom_m,groom_d,bride_y,bride_m,bride_d,groom_adult,bride_adult,relationship,groom_id,bride_id,user_id,register_id,officiant_id,banns_1,banns_2,banns_3) VALUES (4,true,792,712,'C','1853-10-03','Praha',19,2,19,24,2,0,true,true,'ne',30,5,0,17,0,'1853-09-26','1853-09-19','1853-09-12');
--------------------------Witness--------------------------
INSERT INTO "Witness" (person_id,marriage_id,side,relationship) VALUES (17,4,'ženicha','sourozenec');
INSERT INTO "Witness" (person_id,marriage_id,side,relationship) VALUES (47,4,'ženicha','sourozenec');
INSERT INTO "Witness" (person_id,marriage_id,side,relationship) VALUES (6,4,'nevěsty','jiné');
INSERT INTO "Witness" (person_id,marriage_id,side,relationship) VALUES (40,4,'nevěsty','přítel');
INSERT INTO "Marriage" (_id_marriage,rec_ready,rec_order,scan_order,scan_layout,date,village,groom_y,groom_m,groom_d,bride_y,bride_m,bride_d,groom_adult,bride_adult,relationship,groom_id,bride_id,user_id,register_id,officiant_id,banns_1,banns_2) VALUES (5,true,269,841,'P','1849-01-12','Pardubice',22,9,3,23,10,11,true,true,'ne',17,44,1,19,2,'1849-01-05','1848-12-29');
--------------------------Witness--------------------------
INSERT INTO "Witness" (person_id,marriage_id,side,relationship) VALUES (32,5,'ženicha','sourozenec');
INSERT INTO "Witness" (person_id,marriage_id,side,relationship) VALUES (45,5,'ženicha','přítel');
INSERT INTO "Witness" (person_id,marriage_id,side,relationship) VALUES (15,5,'nevěsty','jiné');
INSERT INTO "Witness" (person_id,marriage_id,side,relationship) VALUES (42,5,'nevěsty','sourozenec');
INSERT INTO "Marriage" (_id_marriage,rec_ready,rec_order,scan_order,scan_layout,date,village,groom_y,groom_m,groom_d,bride_y,bride_m,bride_d,groom_adult,bride_adult,relationship,groom_id,bride_id,user_id,register_id,officiant_id,banns_1) VALUES (6,true,0,818,'C','1855-03-28','Ústí nad Labem',29,1,26,25,7,26,true,true,'ne',47,5,0,85,2,'1855-03-21');
--------------------------Witness--------------------------
INSERT INTO "Witness" (person_id,marriage_id,side,relationship) VALUES (14,6,'ženicha','sourozenec');
INSERT INTO "Witness" (person_id,marriage_id,side,relationship) VALUES (28,6,'ženicha','sourozenec');
INSERT INTO "Witness" (person_id,marriage_id,side,relationship) VALUES (30,6,'nevěsty','jiné');
INSERT INTO "Witness" (person_id,marriage_id,side,relationship) VALUES (22,6,'nevěsty','přítel');
INSERT INTO "Death" (_id_death,rec_ready,rec_order,scan_order,scan_layout,death_village,death_street,death_descr,place_funeral,widowed,age_y,age_m,age_d,age_h,inspection,person_id,user_id,register_id,director_id,celebrant_id,place_death,death_cause,death_date,funeral_date) VALUES (11,true,207,39,'C','Opava','Veverka',9662,'Ostrava',true,73,0,18,16,false,47,0,82,1,1,'nemocnice','osýpky','1899-02-07','1899-02-09');
INSERT INTO "Death" (_id_death,rec_ready,rec_order,scan_order,scan_layout,death_village,death_street,death_descr,place_funeral,widowed,age_y,age_m,age_d,age_h,inspection,person_id,user_id,register_id,director_id,celebrant_id,death_date,funeral_date) VALUES (10,true,271,849,'L','Kladno','čurda',584,'Pardubice',false,96,0,23,6,false,44,1,41,0,0,'1921-03-13','1921-03-14');
INSERT INTO "Death" (_id_death,rec_ready,rec_order,scan_order,scan_layout,death_village,death_street,death_descr,place_funeral,widowed,age_y,age_m,age_d,age_h,inspection,person_id,user_id,register_id,director_id,celebrant_id,death_cause,death_date,funeral_date) VALUES (9,true,719,527,'C','Brno','Jaroš',9742,'Brno',true,77,0,18,12,false,39,0,28,2,2,'osýpky','1902-09-04','1902-09-06');
INSERT INTO "Death" (_id_death,rec_ready,rec_order,scan_order,scan_layout,death_village,death_street,death_descr,place_funeral,widowed,age_y,age_m,age_d,age_h,inspection,person_id,user_id,register_id,director_id,celebrant_id,death_cause,death_date,funeral_date,inspection_by) VALUES (8,true,254,540,'C','Plzeň','Kopalová',69382,'Plzeň',false,1,0,0,22,true,33,1,70,1,1,'souchotiny','1835-12-20','1835-12-22','Dr. Nováček');
INSERT INTO "Death" (_id_death,rec_ready,rec_order,scan_order,scan_layout,death_village,death_street,death_descr,place_funeral,widowed,age_y,age_m,age_d,age_h,inspection,person_id,user_id,register_id,director_id,celebrant_id,death_cause,death_date,funeral_date) VALUES (7,true,466,430,'C','Ostrava','Tříska',653,'Praha',false,54,0,14,14,false,30,0,31,0,0,'souchotiny','1888-07-21','1888-07-23');
INSERT INTO "Death" (_id_death,rec_ready,rec_order,scan_order,scan_layout,death_village,death_street,death_descr,place_funeral,widowed,age_y,age_m,age_d,age_h,inspection,person_id,user_id,register_id,director_id,celebrant_id,provision_date) VALUES (6,false,276,907,'C','Most','šváb',267,'Most',false,1,0,1,8,false,27,0,77,1,2,'1840-06-17');
INSERT INTO "Death" (_id_death,rec_ready,rec_order,scan_order,scan_layout,death_village,death_street,death_descr,place_funeral,widowed,age_y,age_m,age_d,age_h,inspection,person_id,user_id,register_id,director_id,celebrant_id,notes,death_date,funeral_date) VALUES (5,true,524,946,'C','Hradec Králové','Javůrková',2616,'Hradec Králové',false,63,0,15,19,false,24,1,62,0,1,'poznámky...','1902-02-21','1902-02-22');
INSERT INTO "Death" (_id_death,rec_ready,rec_order,scan_order,scan_layout,death_village,death_street,death_descr,place_funeral,widowed,age_y,age_m,age_d,age_h,inspection,person_id,user_id,register_id,director_id,celebrant_id,death_cause,death_date,funeral_date,inspection_by) VALUES (4,true,244,207,'C','Ostrava','Nedbalová',00958,'České Budějovice',true,83,0,20,21,true,17,0,30,0,0,'ochrnutí plic','1909-04-20','1909-04-22','Dr. Hrachovina');
INSERT INTO "Death" (_id_death,rec_ready,rec_order,scan_order,scan_layout,death_village,death_street,death_descr,place_funeral,widowed,age_y,age_m,age_d,age_h,inspection,person_id,user_id,register_id,director_id,celebrant_id,death_cause,death_date,funeral_date) VALUES (3,false,34,233,'C','Zlín','Virgin',851,'Zlín',true,55,0,13,14,false,14,0,39,1,2,'utopený','1883-07-15','1883-07-16');
INSERT INTO "Death" (_id_death,rec_ready,rec_order,scan_order,scan_layout,death_village,death_street,death_descr,place_funeral,widowed,age_y,age_m,age_d,age_h,inspection,person_id,user_id,register_id,director_id,celebrant_id,death_cause,death_date,funeral_date) VALUES (2,true,387,850,'C','Praha','Zachová',53104,'Havířov',false,18,0,5,9,false,8,1,54,1,1,'osýpky','1852-04-04','1852-04-05');
INSERT INTO "Death" (_id_death,rec_ready,rec_order,scan_order,scan_layout,death_village,death_street,death_descr,place_funeral,widowed,age_y,age_m,age_d,age_h,inspection,person_id,user_id,register_id,director_id,celebrant_id,death_cause,death_date,funeral_date) VALUES (1,true,298,719,'L','Zlín','Stuchlíková',8091,'Kladno',false,53,0,13,15,false,5,0,81,1,2,'sešlost věkem','1882-08-10','1882-08-11');
--------------------------Deaths--------------------------
