--------------------------User--------------------------
INSERT INTO "User" (_id_user,name) VALUES (0,'Beatus Volný');
INSERT INTO "User" (_id_user,name) VALUES (1,'Miroslava Nagy');
--------------------------Register--------------------------
INSERT INTO "Register" (_id_register,archive,fond,signature) VALUES (0,'AR0','FOND0',0);
INSERT INTO "Register" (_id_register,archive,fond,signature) VALUES (1,'AR0','FOND0',1);
INSERT INTO "Register" (_id_register,archive,fond,signature) VALUES (2,'AR0','FOND0',2);
INSERT INTO "Register" (_id_register,archive,fond,signature) VALUES (3,'AR0','FOND0',3);
INSERT INTO "Register" (_id_register,archive,fond,signature) VALUES (4,'AR0','FOND0',4);
INSERT INTO "Register" (_id_register,archive,fond,signature) VALUES (5,'AR0','FOND0',5);
INSERT INTO "Register" (_id_register,archive,fond,signature) VALUES (6,'AR0','FOND0',6);
INSERT INTO "Register" (_id_register,archive,fond,signature) VALUES (7,'AR0','FOND0',7);
INSERT INTO "Register" (_id_register,archive,fond,signature) VALUES (8,'AR0','FOND0',8);
INSERT INTO "Register" (_id_register,archive,fond,signature) VALUES (9,'AR0','FOND0',9);
INSERT INTO "Register" (_id_register,archive,fond,signature) VALUES (10,'AR0','FOND0',10);
INSERT INTO "Register" (_id_register,archive,fond,signature) VALUES (11,'AR0','FOND0',11);
INSERT INTO "Register" (_id_register,archive,fond,signature) VALUES (12,'AR0','FOND0',12);
INSERT INTO "Register" (_id_register,archive,fond,signature) VALUES (13,'AR0','FOND0',13);
INSERT INTO "Register" (_id_register,archive,fond,signature) VALUES (14,'AR0','FOND0',14);
INSERT INTO "Register" (_id_register,archive,fond,signature) VALUES (15,'AR0','FOND1',0);
INSERT INTO "Register" (_id_register,archive,fond,signature) VALUES (16,'AR0','FOND1',1);
INSERT INTO "Register" (_id_register,archive,fond,signature) VALUES (17,'AR0','FOND1',2);
INSERT INTO "Register" (_id_register,archive,fond,signature) VALUES (18,'AR0','FOND1',3);
INSERT INTO "Register" (_id_register,archive,fond,signature) VALUES (19,'AR0','FOND1',4);
INSERT INTO "Register" (_id_register,archive,fond,signature) VALUES (20,'AR0','FOND1',5);
INSERT INTO "Register" (_id_register,archive,fond,signature) VALUES (21,'AR0','FOND1',6);
INSERT INTO "Register" (_id_register,archive,fond,signature) VALUES (22,'AR0','FOND1',7);
INSERT INTO "Register" (_id_register,archive,fond,signature) VALUES (23,'AR0','FOND1',8);
INSERT INTO "Register" (_id_register,archive,fond,signature) VALUES (24,'AR0','FOND1',9);
INSERT INTO "Register" (_id_register,archive,fond,signature) VALUES (25,'AR0','FOND1',10);
INSERT INTO "Register" (_id_register,archive,fond,signature) VALUES (26,'AR0','FOND1',11);
INSERT INTO "Register" (_id_register,archive,fond,signature) VALUES (27,'AR0','FOND1',12);
INSERT INTO "Register" (_id_register,archive,fond,signature) VALUES (28,'AR0','FOND1',13);
INSERT INTO "Register" (_id_register,archive,fond,signature) VALUES (29,'AR0','FOND1',14);
INSERT INTO "Register" (_id_register,archive,fond,signature) VALUES (30,'AR0','FOND2',0);
INSERT INTO "Register" (_id_register,archive,fond,signature) VALUES (31,'AR0','FOND2',1);
INSERT INTO "Register" (_id_register,archive,fond,signature) VALUES (32,'AR0','FOND2',2);
INSERT INTO "Register" (_id_register,archive,fond,signature) VALUES (33,'AR0','FOND2',3);
INSERT INTO "Register" (_id_register,archive,fond,signature) VALUES (34,'AR0','FOND2',4);
INSERT INTO "Register" (_id_register,archive,fond,signature) VALUES (35,'AR0','FOND2',5);
INSERT INTO "Register" (_id_register,archive,fond,signature) VALUES (36,'AR0','FOND2',6);
INSERT INTO "Register" (_id_register,archive,fond,signature) VALUES (37,'AR0','FOND2',7);
INSERT INTO "Register" (_id_register,archive,fond,signature) VALUES (38,'AR0','FOND2',8);
INSERT INTO "Register" (_id_register,archive,fond,signature) VALUES (39,'AR0','FOND2',9);
INSERT INTO "Register" (_id_register,archive,fond,signature) VALUES (40,'AR0','FOND2',10);
INSERT INTO "Register" (_id_register,archive,fond,signature) VALUES (41,'AR0','FOND2',11);
INSERT INTO "Register" (_id_register,archive,fond,signature) VALUES (42,'AR0','FOND2',12);
INSERT INTO "Register" (_id_register,archive,fond,signature) VALUES (43,'AR0','FOND2',13);
INSERT INTO "Register" (_id_register,archive,fond,signature) VALUES (44,'AR0','FOND2',14);
INSERT INTO "Register" (_id_register,archive,fond,signature) VALUES (45,'AR1','FOND0',0);
INSERT INTO "Register" (_id_register,archive,fond,signature) VALUES (46,'AR1','FOND0',1);
INSERT INTO "Register" (_id_register,archive,fond,signature) VALUES (47,'AR1','FOND0',2);
INSERT INTO "Register" (_id_register,archive,fond,signature) VALUES (48,'AR1','FOND0',3);
INSERT INTO "Register" (_id_register,archive,fond,signature) VALUES (49,'AR1','FOND0',4);
INSERT INTO "Register" (_id_register,archive,fond,signature) VALUES (50,'AR1','FOND0',5);
INSERT INTO "Register" (_id_register,archive,fond,signature) VALUES (51,'AR1','FOND0',6);
INSERT INTO "Register" (_id_register,archive,fond,signature) VALUES (52,'AR1','FOND0',7);
INSERT INTO "Register" (_id_register,archive,fond,signature) VALUES (53,'AR1','FOND0',8);
INSERT INTO "Register" (_id_register,archive,fond,signature) VALUES (54,'AR1','FOND0',9);
INSERT INTO "Register" (_id_register,archive,fond,signature) VALUES (55,'AR1','FOND0',10);
INSERT INTO "Register" (_id_register,archive,fond,signature) VALUES (56,'AR1','FOND0',11);
INSERT INTO "Register" (_id_register,archive,fond,signature) VALUES (57,'AR1','FOND0',12);
INSERT INTO "Register" (_id_register,archive,fond,signature) VALUES (58,'AR1','FOND0',13);
INSERT INTO "Register" (_id_register,archive,fond,signature) VALUES (59,'AR1','FOND0',14);
INSERT INTO "Register" (_id_register,archive,fond,signature) VALUES (60,'AR1','FOND1',0);
INSERT INTO "Register" (_id_register,archive,fond,signature) VALUES (61,'AR1','FOND1',1);
INSERT INTO "Register" (_id_register,archive,fond,signature) VALUES (62,'AR1','FOND1',2);
INSERT INTO "Register" (_id_register,archive,fond,signature) VALUES (63,'AR1','FOND1',3);
INSERT INTO "Register" (_id_register,archive,fond,signature) VALUES (64,'AR1','FOND1',4);
INSERT INTO "Register" (_id_register,archive,fond,signature) VALUES (65,'AR1','FOND1',5);
INSERT INTO "Register" (_id_register,archive,fond,signature) VALUES (66,'AR1','FOND1',6);
INSERT INTO "Register" (_id_register,archive,fond,signature) VALUES (67,'AR1','FOND1',7);
INSERT INTO "Register" (_id_register,archive,fond,signature) VALUES (68,'AR1','FOND1',8);
INSERT INTO "Register" (_id_register,archive,fond,signature) VALUES (69,'AR1','FOND1',9);
INSERT INTO "Register" (_id_register,archive,fond,signature) VALUES (70,'AR1','FOND1',10);
INSERT INTO "Register" (_id_register,archive,fond,signature) VALUES (71,'AR1','FOND1',11);
INSERT INTO "Register" (_id_register,archive,fond,signature) VALUES (72,'AR1','FOND1',12);
INSERT INTO "Register" (_id_register,archive,fond,signature) VALUES (73,'AR1','FOND1',13);
INSERT INTO "Register" (_id_register,archive,fond,signature) VALUES (74,'AR1','FOND1',14);
INSERT INTO "Register" (_id_register,archive,fond,signature) VALUES (75,'AR1','FOND2',0);
INSERT INTO "Register" (_id_register,archive,fond,signature) VALUES (76,'AR1','FOND2',1);
INSERT INTO "Register" (_id_register,archive,fond,signature) VALUES (77,'AR1','FOND2',2);
INSERT INTO "Register" (_id_register,archive,fond,signature) VALUES (78,'AR1','FOND2',3);
INSERT INTO "Register" (_id_register,archive,fond,signature) VALUES (79,'AR1','FOND2',4);
INSERT INTO "Register" (_id_register,archive,fond,signature) VALUES (80,'AR1','FOND2',5);
INSERT INTO "Register" (_id_register,archive,fond,signature) VALUES (81,'AR1','FOND2',6);
INSERT INTO "Register" (_id_register,archive,fond,signature) VALUES (82,'AR1','FOND2',7);
INSERT INTO "Register" (_id_register,archive,fond,signature) VALUES (83,'AR1','FOND2',8);
INSERT INTO "Register" (_id_register,archive,fond,signature) VALUES (84,'AR1','FOND2',9);
INSERT INTO "Register" (_id_register,archive,fond,signature) VALUES (85,'AR1','FOND2',10);
INSERT INTO "Register" (_id_register,archive,fond,signature) VALUES (86,'AR1','FOND2',11);
INSERT INTO "Register" (_id_register,archive,fond,signature) VALUES (87,'AR1','FOND2',12);
INSERT INTO "Register" (_id_register,archive,fond,signature) VALUES (88,'AR1','FOND2',13);
INSERT INTO "Register" (_id_register,archive,fond,signature) VALUES (89,'AR1','FOND2',14);
--------------------------Name--------------------------
INSERT INTO "Name" (_id_name,name) VALUES (0,'Adam');
INSERT INTO "Name" (_id_name,name) VALUES (1,'Adolf');
INSERT INTO "Name" (_id_name,name) VALUES (2,'Alan');
INSERT INTO "Name" (_id_name,name) VALUES (3,'Albert');
INSERT INTO "Name" (_id_name,name) VALUES (4,'Aleš');
INSERT INTO "Name" (_id_name,name) VALUES (5,'Alexandr');
INSERT INTO "Name" (_id_name,name) VALUES (6,'Alexej');
INSERT INTO "Name" (_id_name,name) VALUES (7,'Alois');
INSERT INTO "Name" (_id_name,name) VALUES (8,'Ambrož');
INSERT INTO "Name" (_id_name,name) VALUES (9,'Benjamín');
INSERT INTO "Name" (_id_name,name) VALUES (10,'Andrej');
INSERT INTO "Name" (_id_name,name) VALUES (11,'Antonín');
INSERT INTO "Name" (_id_name,name) VALUES (12,'Arnošt');
INSERT INTO "Name" (_id_name,name) VALUES (13,'Artur');
INSERT INTO "Name" (_id_name,name) VALUES (14,'Augustýn');
INSERT INTO "Name" (_id_name,name) VALUES (15,'Bartoloměj');
INSERT INTO "Name" (_id_name,name) VALUES (16,'Bedřich');
INSERT INTO "Name" (_id_name,name) VALUES (17,'Benedikt');
INSERT INTO "Name" (_id_name,name) VALUES (18,'Bernard');
INSERT INTO "Name" (_id_name,name) VALUES (19,'Blahoslav');
INSERT INTO "Name" (_id_name,name) VALUES (20,'Blažej');
INSERT INTO "Name" (_id_name,name) VALUES (21,'Bohdan');
INSERT INTO "Name" (_id_name,name) VALUES (22,'Bohumil');
INSERT INTO "Name" (_id_name,name) VALUES (23,'Bohumír');
INSERT INTO "Name" (_id_name,name) VALUES (24,'Bohuslav');
INSERT INTO "Name" (_id_name,name) VALUES (25,'Boleslav');
INSERT INTO "Name" (_id_name,name) VALUES (26,'Bonifác');
INSERT INTO "Name" (_id_name,name) VALUES (27,'Boris');
INSERT INTO "Name" (_id_name,name) VALUES (28,'Bořek');
INSERT INTO "Name" (_id_name,name) VALUES (29,'Bořivoj');
INSERT INTO "Name" (_id_name,name) VALUES (30,'Bronislav');
INSERT INTO "Name" (_id_name,name) VALUES (31,'Bruno');
INSERT INTO "Name" (_id_name,name) VALUES (32,'Břetislav');
INSERT INTO "Name" (_id_name,name) VALUES (33,'Ctibor');
INSERT INTO "Name" (_id_name,name) VALUES (34,'Ctirad');
INSERT INTO "Name" (_id_name,name) VALUES (35,'Cyril');
INSERT INTO "Name" (_id_name,name) VALUES (36,'Metoděj');
INSERT INTO "Name" (_id_name,name) VALUES (37,'Čeněk');
INSERT INTO "Name" (_id_name,name) VALUES (38,'Čestmír');
INSERT INTO "Name" (_id_name,name) VALUES (39,'Dalibor');
INSERT INTO "Name" (_id_name,name) VALUES (40,'Dalimil');
INSERT INTO "Name" (_id_name,name) VALUES (41,'Daniel');
INSERT INTO "Name" (_id_name,name) VALUES (42,'David');
INSERT INTO "Name" (_id_name,name) VALUES (43,'Dobroslav');
INSERT INTO "Name" (_id_name,name) VALUES (44,'Dominik');
INSERT INTO "Name" (_id_name,name) VALUES (45,'Drahoslav');
INSERT INTO "Name" (_id_name,name) VALUES (46,'Dušan');
INSERT INTO "Name" (_id_name,name) VALUES (47,'Eduard');
INSERT INTO "Name" (_id_name,name) VALUES (48,'Herbert');
INSERT INTO "Name" (_id_name,name) VALUES (49,'Emanuel');
INSERT INTO "Name" (_id_name,name) VALUES (50,'Emil');
INSERT INTO "Name" (_id_name,name) VALUES (51,'Erik');
INSERT INTO "Name" (_id_name,name) VALUES (52,'Evžen');
INSERT INTO "Name" (_id_name,name) VALUES (53,'Felix');
INSERT INTO "Name" (_id_name,name) VALUES (54,'Ferdinand');
INSERT INTO "Name" (_id_name,name) VALUES (55,'Filip');
INSERT INTO "Name" (_id_name,name) VALUES (56,'František');
INSERT INTO "Name" (_id_name,name) VALUES (57,'Gabriel');
INSERT INTO "Name" (_id_name,name) VALUES (58,'Gustav');
INSERT INTO "Name" (_id_name,name) VALUES (59,'Hanuš');
INSERT INTO "Name" (_id_name,name) VALUES (60,'Havel');
INSERT INTO "Name" (_id_name,name) VALUES (61,'Heřman');
INSERT INTO "Name" (_id_name,name) VALUES (62,'Hubert');
INSERT INTO "Name" (_id_name,name) VALUES (63,'Hugo');
INSERT INTO "Name" (_id_name,name) VALUES (64,'Hynek');
INSERT INTO "Name" (_id_name,name) VALUES (65,'Ignác');
INSERT INTO "Name" (_id_name,name) VALUES (66,'Igor');
INSERT INTO "Name" (_id_name,name) VALUES (67,'Ivan');
INSERT INTO "Name" (_id_name,name) VALUES (68,'Slavoj');
INSERT INTO "Name" (_id_name,name) VALUES (69,'Ivo');
INSERT INTO "Name" (_id_name,name) VALUES (70,'Jáchym');
INSERT INTO "Name" (_id_name,name) VALUES (71,'Jakub');
INSERT INTO "Name" (_id_name,name) VALUES (72,'Jan');
INSERT INTO "Name" (_id_name,name) VALUES (73,'Jarmil');
INSERT INTO "Name" (_id_name,name) VALUES (74,'Jaromír');
INSERT INTO "Name" (_id_name,name) VALUES (75,'Jaroslav');
INSERT INTO "Name" (_id_name,name) VALUES (76,'Jeroným');
INSERT INTO "Name" (_id_name,name) VALUES (77,'Jindřich');
INSERT INTO "Name" (_id_name,name) VALUES (78,'Jiří');
INSERT INTO "Name" (_id_name,name) VALUES (79,'Jonáš');
INSERT INTO "Name" (_id_name,name) VALUES (80,'Josef');
INSERT INTO "Name" (_id_name,name) VALUES (81,'Julius');
INSERT INTO "Name" (_id_name,name) VALUES (82,'Kamil');
INSERT INTO "Name" (_id_name,name) VALUES (83,'Karel');
INSERT INTO "Name" (_id_name,name) VALUES (84,'Kazimir');
INSERT INTO "Name" (_id_name,name) VALUES (85,'Klement');
INSERT INTO "Name" (_id_name,name) VALUES (86,'Kristian');
INSERT INTO "Name" (_id_name,name) VALUES (87,'Kryštof');
INSERT INTO "Name" (_id_name,name) VALUES (88,'Květoslav');
INSERT INTO "Name" (_id_name,name) VALUES (89,'Kvido');
INSERT INTO "Name" (_id_name,name) VALUES (90,'Ladislav');
INSERT INTO "Name" (_id_name,name) VALUES (91,'Leopold');
INSERT INTO "Name" (_id_name,name) VALUES (92,'Leoš');
INSERT INTO "Name" (_id_name,name) VALUES (93,'Libor');
INSERT INTO "Name" (_id_name,name) VALUES (94,'Samuel');
INSERT INTO "Name" (_id_name,name) VALUES (95,'Lubomír');
INSERT INTO "Name" (_id_name,name) VALUES (96,'Lubor');
INSERT INTO "Name" (_id_name,name) VALUES (97,'Luboš');
INSERT INTO "Name" (_id_name,name) VALUES (98,'Luděk');
INSERT INTO "Name" (_id_name,name) VALUES (99,'Ludvík');
INSERT INTO "Name" (_id_name,name) VALUES (100,'Lukáš');
INSERT INTO "Name" (_id_name,name) VALUES (101,'Lumír');
INSERT INTO "Name" (_id_name,name) VALUES (102,'Marcel');
INSERT INTO "Name" (_id_name,name) VALUES (103,'Marek');
INSERT INTO "Name" (_id_name,name) VALUES (104,'Marian');
INSERT INTO "Name" (_id_name,name) VALUES (105,'Martin');
INSERT INTO "Name" (_id_name,name) VALUES (106,'Matěj');
INSERT INTO "Name" (_id_name,name) VALUES (107,'Matouš');
INSERT INTO "Name" (_id_name,name) VALUES (108,'Maxmilián');
INSERT INTO "Name" (_id_name,name) VALUES (109,'Medard');
INSERT INTO "Name" (_id_name,name) VALUES (110,'Michal');
INSERT INTO "Name" (_id_name,name) VALUES (111,'Mikuláš');
INSERT INTO "Name" (_id_name,name) VALUES (112,'Milan');
INSERT INTO "Name" (_id_name,name) VALUES (113,'Miloslav');
INSERT INTO "Name" (_id_name,name) VALUES (114,'Miloš');
INSERT INTO "Name" (_id_name,name) VALUES (115,'Miroslav');
INSERT INTO "Name" (_id_name,name) VALUES (116,'Mojmír');
INSERT INTO "Name" (_id_name,name) VALUES (117,'Norbert');
INSERT INTO "Name" (_id_name,name) VALUES (118,'Oldřich');
INSERT INTO "Name" (_id_name,name) VALUES (119,'Oleg');
INSERT INTO "Name" (_id_name,name) VALUES (120,'Oliver');
INSERT INTO "Name" (_id_name,name) VALUES (121,'Ondřej');
INSERT INTO "Name" (_id_name,name) VALUES (122,'Oskar');
INSERT INTO "Name" (_id_name,name) VALUES (123,'Otakar');
INSERT INTO "Name" (_id_name,name) VALUES (124,'Otmar');
INSERT INTO "Name" (_id_name,name) VALUES (125,'Oto');
INSERT INTO "Name" (_id_name,name) VALUES (126,'Pankrác');
INSERT INTO "Name" (_id_name,name) VALUES (127,'Patrik');
INSERT INTO "Name" (_id_name,name) VALUES (128,'Petr');
INSERT INTO "Name" (_id_name,name) VALUES (129,'Petr');
INSERT INTO "Name" (_id_name,name) VALUES (130,'Pavel');
INSERT INTO "Name" (_id_name,name) VALUES (131,'Pravoslav');
INSERT INTO "Name" (_id_name,name) VALUES (132,'Prokop');
INSERT INTO "Name" (_id_name,name) VALUES (133,'Přemysl');
INSERT INTO "Name" (_id_name,name) VALUES (134,'Radan');
INSERT INTO "Name" (_id_name,name) VALUES (135,'Radek');
INSERT INTO "Name" (_id_name,name) VALUES (136,'Radim');
INSERT INTO "Name" (_id_name,name) VALUES (137,'Radomír');
INSERT INTO "Name" (_id_name,name) VALUES (138,'Radoslav');
INSERT INTO "Name" (_id_name,name) VALUES (139,'Radovan');
INSERT INTO "Name" (_id_name,name) VALUES (140,'René');
INSERT INTO "Name" (_id_name,name) VALUES (141,'Richard');
INSERT INTO "Name" (_id_name,name) VALUES (142,'Robert');
INSERT INTO "Name" (_id_name,name) VALUES (143,'Robin');
INSERT INTO "Name" (_id_name,name) VALUES (144,'Roland');
INSERT INTO "Name" (_id_name,name) VALUES (145,'Roman');
INSERT INTO "Name" (_id_name,name) VALUES (146,'Rostislav');
INSERT INTO "Name" (_id_name,name) VALUES (147,'Rudolf');
INSERT INTO "Name" (_id_name,name) VALUES (148,'Řehoř');
INSERT INTO "Name" (_id_name,name) VALUES (149,'Servác');
INSERT INTO "Name" (_id_name,name) VALUES (150,'Silvestr');
INSERT INTO "Name" (_id_name,name) VALUES (151,'Slavomír');
INSERT INTO "Name" (_id_name,name) VALUES (152,'Soběslav');
INSERT INTO "Name" (_id_name,name) VALUES (153,'Stanislav');
INSERT INTO "Name" (_id_name,name) VALUES (154,'Svatopluk');
INSERT INTO "Name" (_id_name,name) VALUES (155,'Svatoslav');
INSERT INTO "Name" (_id_name,name) VALUES (156,'Šimon');
INSERT INTO "Name" (_id_name,name) VALUES (157,'Štefan');
INSERT INTO "Name" (_id_name,name) VALUES (158,'Štěpán');
INSERT INTO "Name" (_id_name,name) VALUES (159,'Tadeáš');
INSERT INTO "Name" (_id_name,name) VALUES (160,'Teodor');
INSERT INTO "Name" (_id_name,name) VALUES (161,'Tibor');
INSERT INTO "Name" (_id_name,name) VALUES (162,'Tomáš');
INSERT INTO "Name" (_id_name,name) VALUES (163,'Václav');
INSERT INTO "Name" (_id_name,name) VALUES (164,'Valdemar');
INSERT INTO "Name" (_id_name,name) VALUES (165,'Valentýn');
INSERT INTO "Name" (_id_name,name) VALUES (166,'Vavřinec');
INSERT INTO "Name" (_id_name,name) VALUES (167,'Věnceslav');
INSERT INTO "Name" (_id_name,name) VALUES (168,'Vendelín');
INSERT INTO "Name" (_id_name,name) VALUES (169,'Věroslav');
INSERT INTO "Name" (_id_name,name) VALUES (170,'Viktor');
INSERT INTO "Name" (_id_name,name) VALUES (171,'Vilém');
INSERT INTO "Name" (_id_name,name) VALUES (172,'Vincenc');
INSERT INTO "Name" (_id_name,name) VALUES (173,'Vít');
INSERT INTO "Name" (_id_name,name) VALUES (174,'Vítězslav');
INSERT INTO "Name" (_id_name,name) VALUES (175,'Vladan');
INSERT INTO "Name" (_id_name,name) VALUES (176,'Vladimír');
INSERT INTO "Name" (_id_name,name) VALUES (177,'Vladislav');
INSERT INTO "Name" (_id_name,name) VALUES (178,'Vlastimil');
INSERT INTO "Name" (_id_name,name) VALUES (179,'Vlastislav');
INSERT INTO "Name" (_id_name,name) VALUES (180,'Vojtěch');
INSERT INTO "Name" (_id_name,name) VALUES (181,'Vratislav');
INSERT INTO "Name" (_id_name,name) VALUES (182,'Zbyněk');
INSERT INTO "Name" (_id_name,name) VALUES (183,'Zbyšek');
INSERT INTO "Name" (_id_name,name) VALUES (184,'Zdeněk');
INSERT INTO "Name" (_id_name,name) VALUES (185,'Zikmund');
INSERT INTO "Name" (_id_name,name) VALUES (186,'Eva');
INSERT INTO "Name" (_id_name,name) VALUES (187,'Adéla');
INSERT INTO "Name" (_id_name,name) VALUES (188,'Adriana');
INSERT INTO "Name" (_id_name,name) VALUES (189,'Agáta');
INSERT INTO "Name" (_id_name,name) VALUES (190,'Albína');
INSERT INTO "Name" (_id_name,name) VALUES (191,'Alena');
INSERT INTO "Name" (_id_name,name) VALUES (192,'Alexandra');
INSERT INTO "Name" (_id_name,name) VALUES (193,'Alžběta');
INSERT INTO "Name" (_id_name,name) VALUES (194,'Anděla');
INSERT INTO "Name" (_id_name,name) VALUES (195,'Andrea');
INSERT INTO "Name" (_id_name,name) VALUES (196,'Aneta');
INSERT INTO "Name" (_id_name,name) VALUES (197,'Anežka');
INSERT INTO "Name" (_id_name,name) VALUES (198,'Anna');
INSERT INTO "Name" (_id_name,name) VALUES (199,'Apolena');
INSERT INTO "Name" (_id_name,name) VALUES (200,'Barbora');
INSERT INTO "Name" (_id_name,name) VALUES (201,'Beáta');
INSERT INTO "Name" (_id_name,name) VALUES (202,'Běla');
INSERT INTO "Name" (_id_name,name) VALUES (203,'Berta');
INSERT INTO "Name" (_id_name,name) VALUES (204,'Blanka');
INSERT INTO "Name" (_id_name,name) VALUES (205,'Blažena');
INSERT INTO "Name" (_id_name,name) VALUES (206,'Bohdana');
INSERT INTO "Name" (_id_name,name) VALUES (207,'Bohumila');
INSERT INTO "Name" (_id_name,name) VALUES (208,'Bohuslava');
INSERT INTO "Name" (_id_name,name) VALUES (209,'Božena');
INSERT INTO "Name" (_id_name,name) VALUES (210,'Brigita');
INSERT INTO "Name" (_id_name,name) VALUES (211,'Dana');
INSERT INTO "Name" (_id_name,name) VALUES (212,'Daniela');
INSERT INTO "Name" (_id_name,name) VALUES (213,'Darina');
INSERT INTO "Name" (_id_name,name) VALUES (214,'Darja');
INSERT INTO "Name" (_id_name,name) VALUES (215,'Denisa');
INSERT INTO "Name" (_id_name,name) VALUES (216,'Diana');
INSERT INTO "Name" (_id_name,name) VALUES (217,'Dita');
INSERT INTO "Name" (_id_name,name) VALUES (218,'Dobromila');
INSERT INTO "Name" (_id_name,name) VALUES (219,'Dorota');
INSERT INTO "Name" (_id_name,name) VALUES (220,'Doubravka');
INSERT INTO "Name" (_id_name,name) VALUES (221,'Drahomíra');
INSERT INTO "Name" (_id_name,name) VALUES (222,'Drahoslava');
INSERT INTO "Name" (_id_name,name) VALUES (223,'Edita');
INSERT INTO "Name" (_id_name,name) VALUES (224,'Elena');
INSERT INTO "Name" (_id_name,name) VALUES (225,'Eliška');
INSERT INTO "Name" (_id_name,name) VALUES (226,'Ema');
INSERT INTO "Name" (_id_name,name) VALUES (227,'Erika');
INSERT INTO "Name" (_id_name,name) VALUES (228,'Evelína');
INSERT INTO "Name" (_id_name,name) VALUES (229,'Františka');
INSERT INTO "Name" (_id_name,name) VALUES (230,'Gabriela');
INSERT INTO "Name" (_id_name,name) VALUES (231,'Gita');
INSERT INTO "Name" (_id_name,name) VALUES (232,'Gizela');
INSERT INTO "Name" (_id_name,name) VALUES (233,'Hana');
INSERT INTO "Name" (_id_name,name) VALUES (234,'Hedvika');
INSERT INTO "Name" (_id_name,name) VALUES (235,'Helena');
INSERT INTO "Name" (_id_name,name) VALUES (236,'Hermína');
INSERT INTO "Name" (_id_name,name) VALUES (237,'Ida');
INSERT INTO "Name" (_id_name,name) VALUES (238,'Ilja');
INSERT INTO "Name" (_id_name,name) VALUES (239,'Ilona');
INSERT INTO "Name" (_id_name,name) VALUES (240,'Irena');
INSERT INTO "Name" (_id_name,name) VALUES (241,'Irma');
INSERT INTO "Name" (_id_name,name) VALUES (242,'Iva');
INSERT INTO "Name" (_id_name,name) VALUES (243,'Ivana');
INSERT INTO "Name" (_id_name,name) VALUES (244,'Iveta');
INSERT INTO "Name" (_id_name,name) VALUES (245,'Ivona');
INSERT INTO "Name" (_id_name,name) VALUES (246,'Izabela');
INSERT INTO "Name" (_id_name,name) VALUES (247,'Jana');
INSERT INTO "Name" (_id_name,name) VALUES (248,'Jarmila');
INSERT INTO "Name" (_id_name,name) VALUES (249,'Jaroslava');
INSERT INTO "Name" (_id_name,name) VALUES (250,'Jindřiška');
INSERT INTO "Name" (_id_name,name) VALUES (251,'Jiřina');
INSERT INTO "Name" (_id_name,name) VALUES (252,'Jitka');
INSERT INTO "Name" (_id_name,name) VALUES (253,'Johana');
INSERT INTO "Name" (_id_name,name) VALUES (254,'Jolana');
INSERT INTO "Name" (_id_name,name) VALUES (255,'Judita');
INSERT INTO "Name" (_id_name,name) VALUES (256,'Justýna');
INSERT INTO "Name" (_id_name,name) VALUES (257,'Kamila');
INSERT INTO "Name" (_id_name,name) VALUES (258,'Karina');
INSERT INTO "Name" (_id_name,name) VALUES (259,'Karolína');
INSERT INTO "Name" (_id_name,name) VALUES (260,'Kateřina');
INSERT INTO "Name" (_id_name,name) VALUES (261,'Klára');
INSERT INTO "Name" (_id_name,name) VALUES (262,'Kristýna');
INSERT INTO "Name" (_id_name,name) VALUES (263,'Květa');
INSERT INTO "Name" (_id_name,name) VALUES (264,'Květoslava');
INSERT INTO "Name" (_id_name,name) VALUES (265,'Lada');
INSERT INTO "Name" (_id_name,name) VALUES (266,'Laura');
INSERT INTO "Name" (_id_name,name) VALUES (267,'Lenka');
INSERT INTO "Name" (_id_name,name) VALUES (268,'Leona');
INSERT INTO "Name" (_id_name,name) VALUES (269,'Liběna');
INSERT INTO "Name" (_id_name,name) VALUES (270,'Liliana');
INSERT INTO "Name" (_id_name,name) VALUES (271,'Linda');
INSERT INTO "Name" (_id_name,name) VALUES (272,'Ljuba');
INSERT INTO "Name" (_id_name,name) VALUES (273,'Ludmila');
INSERT INTO "Name" (_id_name,name) VALUES (274,'Magdaléna');
INSERT INTO "Name" (_id_name,name) VALUES (275,'Mahulena');
INSERT INTO "Name" (_id_name,name) VALUES (276,'Marcela');
INSERT INTO "Name" (_id_name,name) VALUES (277,'Mariana');
INSERT INTO "Name" (_id_name,name) VALUES (278,'Marika');
INSERT INTO "Name" (_id_name,name) VALUES (279,'Marina');
INSERT INTO "Name" (_id_name,name) VALUES (280,'Markéta');
INSERT INTO "Name" (_id_name,name) VALUES (281,'Marta');
INSERT INTO "Name" (_id_name,name) VALUES (282,'Martina');
INSERT INTO "Name" (_id_name,name) VALUES (283,'Michaela');
INSERT INTO "Name" (_id_name,name) VALUES (284,'Milada');
INSERT INTO "Name" (_id_name,name) VALUES (285,'Milena');
INSERT INTO "Name" (_id_name,name) VALUES (286,'Miloslava');
INSERT INTO "Name" (_id_name,name) VALUES (287,'Miroslava');
INSERT INTO "Name" (_id_name,name) VALUES (288,'Monika');
INSERT INTO "Name" (_id_name,name) VALUES (289,'Naděžda');
INSERT INTO "Name" (_id_name,name) VALUES (290,'Nataša');
INSERT INTO "Name" (_id_name,name) VALUES (291,'Nela');
INSERT INTO "Name" (_id_name,name) VALUES (292,'Nikola');
INSERT INTO "Name" (_id_name,name) VALUES (293,'Nina');
INSERT INTO "Name" (_id_name,name) VALUES (294,'Nora');
INSERT INTO "Name" (_id_name,name) VALUES (295,'Oldřiška');
INSERT INTO "Name" (_id_name,name) VALUES (296,'Olga');
INSERT INTO "Name" (_id_name,name) VALUES (297,'Pavla');
INSERT INTO "Name" (_id_name,name) VALUES (298,'Pavlína');
INSERT INTO "Name" (_id_name,name) VALUES (299,'Petra');
INSERT INTO "Name" (_id_name,name) VALUES (300,'Radana');
INSERT INTO "Name" (_id_name,name) VALUES (301,'Radka');
INSERT INTO "Name" (_id_name,name) VALUES (302,'Radmila');
INSERT INTO "Name" (_id_name,name) VALUES (303,'Regína');
INSERT INTO "Name" (_id_name,name) VALUES (304,'Renáta');
INSERT INTO "Name" (_id_name,name) VALUES (305,'Romana');
INSERT INTO "Name" (_id_name,name) VALUES (306,'Matylda');
INSERT INTO "Name" (_id_name,name) VALUES (307,'Růžena');
INSERT INTO "Name" (_id_name,name) VALUES (308,'Sabina');
INSERT INTO "Name" (_id_name,name) VALUES (309,'Sandra');
INSERT INTO "Name" (_id_name,name) VALUES (310,'Sáva');
INSERT INTO "Name" (_id_name,name) VALUES (311,'Simona');
INSERT INTO "Name" (_id_name,name) VALUES (312,'Slavěna');
INSERT INTO "Name" (_id_name,name) VALUES (313,'Soňa');
INSERT INTO "Name" (_id_name,name) VALUES (314,'Stanislava');
INSERT INTO "Name" (_id_name,name) VALUES (315,'Stela');
INSERT INTO "Name" (_id_name,name) VALUES (316,'Svatava');
INSERT INTO "Name" (_id_name,name) VALUES (317,'Světlana');
INSERT INTO "Name" (_id_name,name) VALUES (318,'Šárka');
INSERT INTO "Name" (_id_name,name) VALUES (319,'Šarlota');
INSERT INTO "Name" (_id_name,name) VALUES (320,'Sára');
INSERT INTO "Name" (_id_name,name) VALUES (321,'Štěpánka');
INSERT INTO "Name" (_id_name,name) VALUES (322,'Tamara');
INSERT INTO "Name" (_id_name,name) VALUES (323,'Taťána');
INSERT INTO "Name" (_id_name,name) VALUES (324,'Tereza');
INSERT INTO "Name" (_id_name,name) VALUES (325,'Vanda');
INSERT INTO "Name" (_id_name,name) VALUES (326,'Vendula');
INSERT INTO "Name" (_id_name,name) VALUES (327,'Věra');
INSERT INTO "Name" (_id_name,name) VALUES (328,'Veronika');
INSERT INTO "Name" (_id_name,name) VALUES (329,'Vilma');
INSERT INTO "Name" (_id_name,name) VALUES (330,'Viola');
INSERT INTO "Name" (_id_name,name) VALUES (331,'Vladěna');
INSERT INTO "Name" (_id_name,name) VALUES (332,'Vlasta');
INSERT INTO "Name" (_id_name,name) VALUES (333,'Zdeňka');
INSERT INTO "Name" (_id_name,name) VALUES (334,'Zdislava');
INSERT INTO "Name" (_id_name,name) VALUES (335,'Zina');
INSERT INTO "Name" (_id_name,name) VALUES (336,'Zita');
INSERT INTO "Name" (_id_name,name) VALUES (337,'Zlata');
INSERT INTO "Name" (_id_name,name) VALUES (338,'Zora');
INSERT INTO "Name" (_id_name,name) VALUES (339,'Zuzana');
INSERT INTO "Name" (_id_name,name) VALUES (340,'Alice');
INSERT INTO "Name" (_id_name,name) VALUES (341,'Anastázie');
INSERT INTO "Name" (_id_name,name) VALUES (342,'Antonie');
INSERT INTO "Name" (_id_name,name) VALUES (343,'Cecílie');
INSERT INTO "Name" (_id_name,name) VALUES (344,'Emílie');
INSERT INTO "Name" (_id_name,name) VALUES (345,'Evženie');
INSERT INTO "Name" (_id_name,name) VALUES (346,'Julie');
INSERT INTO "Name" (_id_name,name) VALUES (347,'Klaudie');
INSERT INTO "Name" (_id_name,name) VALUES (348,'Libuše');
INSERT INTO "Name" (_id_name,name) VALUES (349,'Amálie');
INSERT INTO "Name" (_id_name,name) VALUES (350,'Lucie');
INSERT INTO "Name" (_id_name,name) VALUES (351,'Lýdie');
INSERT INTO "Name" (_id_name,name) VALUES (352,'Marie');
INSERT INTO "Name" (_id_name,name) VALUES (353,'Miluše');
INSERT INTO "Name" (_id_name,name) VALUES (354,'Natálie');
INSERT INTO "Name" (_id_name,name) VALUES (355,'Olivie');
INSERT INTO "Name" (_id_name,name) VALUES (356,'Otýlie');
INSERT INTO "Name" (_id_name,name) VALUES (357,'Patricie');
INSERT INTO "Name" (_id_name,name) VALUES (358,'Saskie');
INSERT INTO "Name" (_id_name,name) VALUES (359,'Silvie');
INSERT INTO "Name" (_id_name,name) VALUES (360,'Zoe');
INSERT INTO "Name" (_id_name,name) VALUES (361,'Valérie');
INSERT INTO "Name" (_id_name,name) VALUES (362,'Viktorie');
INSERT INTO "Name" (_id_name,name) VALUES (363,'Xenie');
INSERT INTO "Name" (_id_name,name) VALUES (364,'Žofie');
INSERT INTO "Name" (_id_name,name) VALUES (365,'Dagmar');
INSERT INTO "Name" (_id_name,name) VALUES (366,'Ester');
INSERT INTO "Name" (_id_name,name) VALUES (367,'Ingrid');
INSERT INTO "Name" (_id_name,name) VALUES (368,'Miriam');
INSERT INTO "Name" (_id_name,name) VALUES (369,'Růt');
--------------------------Occupation--------------------------
INSERT INTO "Occupation" (_id_occup,name) VALUES (0,'Hamerník');
INSERT INTO "Occupation" (_id_occup,name) VALUES (1,'Češíř');
INSERT INTO "Occupation" (_id_occup,name) VALUES (2,'Sokolník');
INSERT INTO "Occupation" (_id_occup,name) VALUES (3,'Bičař');
INSERT INTO "Occupation" (_id_occup,name) VALUES (4,'Hutník mistr');
INSERT INTO "Occupation" (_id_occup,name) VALUES (5,'Konvičkář');
INSERT INTO "Occupation" (_id_occup,name) VALUES (6,'Šínař');
INSERT INTO "Occupation" (_id_occup,name) VALUES (7,'Pípař');
INSERT INTO "Occupation" (_id_occup,name) VALUES (8,'Cechmistr');
INSERT INTO "Occupation" (_id_occup,name) VALUES (9,'Pozamentník');
INSERT INTO "Occupation" (_id_occup,name) VALUES (10,'Chirolog');
INSERT INTO "Occupation" (_id_occup,name) VALUES (11,'Rúrmistr');
INSERT INTO "Occupation" (_id_occup,name) VALUES (12,'Perníkář');
INSERT INTO "Occupation" (_id_occup,name) VALUES (13,'Nožíř');
INSERT INTO "Occupation" (_id_occup,name) VALUES (14,'Rychtář');
INSERT INTO "Occupation" (_id_occup,name) VALUES (15,'Tancéř');
INSERT INTO "Occupation" (_id_occup,name) VALUES (16,'Emailér');
INSERT INTO "Occupation" (_id_occup,name) VALUES (17,'Bosorka');
INSERT INTO "Occupation" (_id_occup,name) VALUES (18,'Truhličník');
INSERT INTO "Occupation" (_id_occup,name) VALUES (19,'Purkrabí');
INSERT INTO "Occupation" (_id_occup,name) VALUES (20,'Škrobař');
INSERT INTO "Occupation" (_id_occup,name) VALUES (21,'Vápeník');
INSERT INTO "Occupation" (_id_occup,name) VALUES (22,'Čbánař');
INSERT INTO "Occupation" (_id_occup,name) VALUES (23,'Penězovažič');
INSERT INTO "Occupation" (_id_occup,name) VALUES (24,'Pregléř');
INSERT INTO "Occupation" (_id_occup,name) VALUES (25,'Varhaník');
INSERT INTO "Occupation" (_id_occup,name) VALUES (26,'Oplatečník');
INSERT INTO "Occupation" (_id_occup,name) VALUES (27,'Borůvkář');
INSERT INTO "Occupation" (_id_occup,name) VALUES (28,'Peřinečník');
INSERT INTO "Occupation" (_id_occup,name) VALUES (29,'Rolničkář');
INSERT INTO "Occupation" (_id_occup,name) VALUES (30,'Mastičkář');
INSERT INTO "Occupation" (_id_occup,name) VALUES (31,'Lištař');
INSERT INTO "Occupation" (_id_occup,name) VALUES (32,'Caykař');
INSERT INTO "Occupation" (_id_occup,name) VALUES (33,'Snovač');
INSERT INTO "Occupation" (_id_occup,name) VALUES (34,'Bába porodní');
INSERT INTO "Occupation" (_id_occup,name) VALUES (35,'Mincíř');
INSERT INTO "Occupation" (_id_occup,name) VALUES (36,'Sklínkař');
INSERT INTO "Occupation" (_id_occup,name) VALUES (37,'Smraďař');
INSERT INTO "Occupation" (_id_occup,name) VALUES (38,'Mladší děvečka');
INSERT INTO "Occupation" (_id_occup,name) VALUES (39,'Bába utrejchová');
INSERT INTO "Occupation" (_id_occup,name) VALUES (40,'Kovář');
INSERT INTO "Occupation" (_id_occup,name) VALUES (41,'Ladař');
INSERT INTO "Occupation" (_id_occup,name) VALUES (42,'Bečvář');
INSERT INTO "Occupation" (_id_occup,name) VALUES (43,'Šermíř');
INSERT INTO "Occupation" (_id_occup,name) VALUES (44,'Neckář');
INSERT INTO "Occupation" (_id_occup,name) VALUES (45,'Lichvář');
INSERT INTO "Occupation" (_id_occup,name) VALUES (46,'Litkupník přísežný');
INSERT INTO "Occupation" (_id_occup,name) VALUES (47,'Ledař');
INSERT INTO "Occupation" (_id_occup,name) VALUES (48,'Pradlí');
INSERT INTO "Occupation" (_id_occup,name) VALUES (49,'Husák');
--------------------------Director--------------------------
INSERT INTO "Director" (_id_director,surname,title) VALUES (0,'Müller','farář');
INSERT INTO "Director" (_id_director,surname,title) VALUES (1,'Hájek','kooperátor');
INSERT INTO "Director" (_id_director,surname,title) VALUES (2,'Moravec','admininstrátor');
--------------------------DirectorName--------------------------
INSERT INTO "DirectorName" (director_id,name_id) VALUES (0,162);
INSERT INTO "DirectorName" (director_id,name_id) VALUES (1,55);
INSERT INTO "DirectorName" (director_id,name_id) VALUES (2,168);
--------------------------Celebrant--------------------------
INSERT INTO "Celebrant" (_id_celebrant,surname,title_occup) VALUES (0,'Štěpánek','kurát');
INSERT INTO "Celebrant" (_id_celebrant,surname,title_occup) VALUES (1,'Němeček','farář');
INSERT INTO "Celebrant" (_id_celebrant,surname,title_occup) VALUES (2,'Havlíček','admininstrátor');
--------------------------CelebrantName--------------------------
INSERT INTO "CelebrantName" (celebrant_id,name_id) VALUES (0,75);
INSERT INTO "CelebrantName" (celebrant_id,name_id) VALUES (1,173);
INSERT INTO "CelebrantName" (celebrant_id,name_id) VALUES (2,169);
--------------------------Officiant--------------------------
INSERT INTO "Officiant" (_id_officiant,surname,title) VALUES (0,'Mareš','farář');
INSERT INTO "Officiant" (_id_officiant,surname,title) VALUES (1,'Kočí','admininstrátor');
INSERT INTO "Officiant" (_id_officiant,surname,title) VALUES (2,'Kadlec','kooperátor');
--------------------------OfficiantName--------------------------
INSERT INTO "OfficiantName" (officiant_id,name_id) VALUES (0,67);
INSERT INTO "OfficiantName" (officiant_id,name_id) VALUES (1,99);
INSERT INTO "OfficiantName" (officiant_id,name_id) VALUES (2,133);
--------------------------Person--------------------------
INSERT INTO "Person" (_id_person,surname,village,street,descr,birth,sex,religion) VALUES (0,'Zemanová','Liberec','Mráčková',474,'1800-06-27','žena','nepokřtěn');
INSERT INTO "Person" (_id_person,surname,village,street,descr,birth,sex,religion) VALUES (1,'Zeman','Liberec','Mráčková',474,'1800-06-22','muž','nepokřtěn');
INSERT INTO "Person" (_id_person,surname,village,street,descr,birth,sex,religion,mother_id,father_id) VALUES (2,'Zeman','Liberec','Mráčková',474,'1837-04-19','muž','nepokřtěn',0,1);
INSERT INTO "Person" (_id_person,surname,village,street,descr,birth,sex,religion) VALUES (3,'Vlčeková','Kladno','Rudolf',731,'1800-11-05','žena','nepokřtěn');
INSERT INTO "Person" (_id_person,surname,village,street,descr,birth,sex,religion) VALUES (4,'Vlček','Kladno','Rudolf',731,'1807-10-30','muž','nepokřtěn');
INSERT INTO "Person" (_id_person,surname,village,street,descr,birth,sex,religion,mother_id,father_id) VALUES (5,'Vlčeková','Kladno','Rudolf',731,'1836-06-23','žena','nepokřtěn',3,4);
INSERT INTO "Person" (_id_person,surname,village,street,descr,birth,sex,religion,mother_id) VALUES (6,'Vlčeková','České Budějovice','Kříž',6434,'1855-06-24','žena','nepokřtěn',5);
INSERT INTO "Person" (_id_person,surname,village,street,descr,birth,sex,religion) VALUES (7,'Kadlecová','Ústí nad Labem','Pátek',282,'1808-07-05','žena','evangelík');
INSERT INTO "Person" (_id_person,surname,village,street,descr,birth,sex,religion) VALUES (8,'Kadlec','Ústí nad Labem','Pátek',282,'1807-03-29','muž','evangelík');
INSERT INTO "Person" (_id_person,surname,village,street,descr,birth,sex,religion,mother_id,father_id) VALUES (9,'Kadlec','Ústí nad Labem','Pátek',282,'1832-09-04','muž','evangelík',7,8);
INSERT INTO "Person" (_id_person,surname,village,street,descr,birth,sex,religion,father_id) VALUES (10,'Kadlec','Ústí nad Labem','Nikodém',9814,'1858-03-05','muž','evangelík',9);
INSERT INTO "Person" (_id_person,surname,village,street,descr,birth,sex,religion) VALUES (11,'Moravecová','Havířov','Izmael',783,'1803-11-09','žena','nepokřtěn');
INSERT INTO "Person" (_id_person,surname,village,street,descr,birth,sex,religion) VALUES (12,'Moravec','Havířov','Izmael',783,'1809-05-14','muž','nepokřtěn');
INSERT INTO "Person" (_id_person,surname,village,street,descr,birth,sex,religion,mother_id,father_id) VALUES (13,'Moravecová','Havířov','Izmael',783,'1828-11-25','žena','nepokřtěn',11,12);
INSERT INTO "Person" (_id_person,surname,village,street,descr,birth,sex,religion) VALUES (14,'Staněková','Zlín','Balážová',71355,'1803-07-30','žena','katolík');
INSERT INTO "Person" (_id_person,surname,village,street,descr,birth,sex,religion) VALUES (15,'Staněk','Zlín','Balážová',71355,'1800-01-13','muž','katolík');
INSERT INTO "Person" (_id_person,surname,village,street,descr,birth,sex,religion,mother_id,father_id) VALUES (16,'Staněková','Zlín','Balážová',71355,'1839-10-06','žena','katolík',14,15);
INSERT INTO "Person" (_id_person,surname,village,street,descr,birth,sex,religion,mother_id) VALUES (17,'Staněk','Zlín','žídek',296,'1856-07-18','muž','nepokřtěn',16);
INSERT INTO "Person" (_id_person,surname,village,street,descr,birth,sex,religion) VALUES (18,'Vaceková','Praha','špičková',5128,'1804-05-10','žena','nepokřtěn');
INSERT INTO "Person" (_id_person,surname,village,street,descr,birth,sex,religion) VALUES (19,'Vacek','Praha','špičková',5128,'1801-02-19','muž','nepokřtěn');
INSERT INTO "Person" (_id_person,surname,village,street,descr,birth,sex,religion,mother_id,father_id) VALUES (20,'Vacek','Praha','špičková',5128,'1827-06-01','muž','nepokřtěn',18,19);
INSERT INTO "Person" (_id_person,surname,village,street,descr,birth,sex,religion,father_id) VALUES (21,'Vaceková','Praha','Grácie',812,'1864-10-18','žena','nepokřtěn',20);
INSERT INTO "Person" (_id_person,surname,village,street,descr,birth,sex,religion,father_id) VALUES (22,'Vacek','Praha','Molnár',893,'1858-10-02','muž','nepokřtěn',20);
INSERT INTO "Person" (_id_person,surname,village,street,descr,birth,sex,religion,father_id) VALUES (23,'Vacek','Havířov','Perzida',5236,'1869-05-09','muž','nepokřtěn',20);
--------------------------PersonName--------------------------
INSERT INTO "PersonName" (person_id,name_id) VALUES (0,191);
INSERT INTO "PersonName" (person_id,name_id) VALUES (1,176);
INSERT INTO "PersonName" (person_id,name_id) VALUES (2,161);
INSERT INTO "PersonName" (person_id,name_id) VALUES (3,266);
INSERT INTO "PersonName" (person_id,name_id) VALUES (4,183);
INSERT INTO "PersonName" (person_id,name_id) VALUES (5,351);
INSERT INTO "PersonName" (person_id,name_id) VALUES (6,245);
INSERT INTO "PersonName" (person_id,name_id) VALUES (7,247);
INSERT INTO "PersonName" (person_id,name_id) VALUES (8,364);
INSERT INTO "PersonName" (person_id,name_id) VALUES (9,28);
INSERT INTO "PersonName" (person_id,name_id) VALUES (10,21);
INSERT INTO "PersonName" (person_id,name_id) VALUES (11,143);
INSERT INTO "PersonName" (person_id,name_id) VALUES (11,114);
INSERT INTO "PersonName" (person_id,name_id) VALUES (12,116);
INSERT INTO "PersonName" (person_id,name_id) VALUES (13,244);
INSERT INTO "PersonName" (person_id,name_id) VALUES (14,48);
INSERT INTO "PersonName" (person_id,name_id) VALUES (15,292);
INSERT INTO "PersonName" (person_id,name_id) VALUES (16,315);
INSERT INTO "PersonName" (person_id,name_id) VALUES (17,172);
INSERT INTO "PersonName" (person_id,name_id) VALUES (18,225);
INSERT INTO "PersonName" (person_id,name_id) VALUES (19,108);
INSERT INTO "PersonName" (person_id,name_id) VALUES (20,1);
INSERT INTO "PersonName" (person_id,name_id) VALUES (21,336);
INSERT INTO "PersonName" (person_id,name_id) VALUES (22,16);
INSERT INTO "PersonName" (person_id,name_id) VALUES (23,171);
INSERT INTO "PersonName" (person_id,name_id) VALUES (24,220);
INSERT INTO "PersonName" (person_id,name_id) VALUES (25,203);
INSERT INTO "PersonName" (person_id,name_id) VALUES (26,40);
INSERT INTO "PersonName" (person_id,name_id) VALUES (27,4);
INSERT INTO "PersonName" (person_id,name_id) VALUES (28,142);
INSERT INTO "PersonName" (person_id,name_id) VALUES (29,77);
INSERT INTO "PersonName" (person_id,name_id) VALUES (29,61);
--------------------------PersonOccupation--------------------------
INSERT INTO "PersonOccupation" (person_id,occup_id) VALUES (0,47);
INSERT INTO "PersonOccupation" (person_id,occup_id) VALUES (1,5);
INSERT INTO "PersonOccupation" (person_id,occup_id) VALUES (1,23);
INSERT INTO "PersonOccupation" (person_id,occup_id) VALUES (1,7);
INSERT INTO "PersonOccupation" (person_id,occup_id) VALUES (2,8);
INSERT INTO "PersonOccupation" (person_id,occup_id) VALUES (2,16);
INSERT INTO "PersonOccupation" (person_id,occup_id) VALUES (4,21);
INSERT INTO "PersonOccupation" (person_id,occup_id) VALUES (5,5);
INSERT INTO "PersonOccupation" (person_id,occup_id) VALUES (6,24);
INSERT INTO "PersonOccupation" (person_id,occup_id) VALUES (9,11);
INSERT INTO "PersonOccupation" (person_id,occup_id) VALUES (11,33);
INSERT INTO "PersonOccupation" (person_id,occup_id) VALUES (12,30);
INSERT INTO "PersonOccupation" (person_id,occup_id) VALUES (12,26);
INSERT INTO "PersonOccupation" (person_id,occup_id) VALUES (12,16);
INSERT INTO "PersonOccupation" (person_id,occup_id) VALUES (13,39);
INSERT INTO "PersonOccupation" (person_id,occup_id) VALUES (13,34);
INSERT INTO "PersonOccupation" (person_id,occup_id) VALUES (13,29);
INSERT INTO "PersonOccupation" (person_id,occup_id) VALUES (14,16);
INSERT INTO "PersonOccupation" (person_id,occup_id) VALUES (15,46);
INSERT INTO "PersonOccupation" (person_id,occup_id) VALUES (16,43);
INSERT INTO "PersonOccupation" (person_id,occup_id) VALUES (16,21);
INSERT INTO "PersonOccupation" (person_id,occup_id) VALUES (16,41);
INSERT INTO "PersonOccupation" (person_id,occup_id) VALUES (17,26);
INSERT INTO "PersonOccupation" (person_id,occup_id) VALUES (18,3);
INSERT INTO "PersonOccupation" (person_id,occup_id) VALUES (18,30);
INSERT INTO "PersonOccupation" (person_id,occup_id) VALUES (19,19);
INSERT INTO "PersonOccupation" (person_id,occup_id) VALUES (19,18);
INSERT INTO "PersonOccupation" (person_id,occup_id) VALUES (20,9);
INSERT INTO "PersonOccupation" (person_id,occup_id) VALUES (20,14);
INSERT INTO "PersonOccupation" (person_id,occup_id) VALUES (22,14);
INSERT INTO "PersonOccupation" (person_id,occup_id) VALUES (22,34);
INSERT INTO "PersonOccupation" (person_id,occup_id) VALUES (23,21);
INSERT INTO "PersonOccupation" (person_id,occup_id) VALUES (23,1);
INSERT INTO "PersonOccupation" (person_id,occup_id) VALUES (24,4);
INSERT INTO "PersonOccupation" (person_id,occup_id) VALUES (25,42);
INSERT INTO "PersonOccupation" (person_id,occup_id) VALUES (25,13);
INSERT INTO "PersonOccupation" (person_id,occup_id) VALUES (25,33);
INSERT INTO "PersonOccupation" (person_id,occup_id) VALUES (28,21);
INSERT INTO "PersonOccupation" (person_id,occup_id) VALUES (28,41);
INSERT INTO "PersonOccupation" (person_id,occup_id) VALUES (29,12);
--------------------------Marriage--------------------------
INSERT INTO "Marriage" (_id_marriage,rec_ready,rec_order,scan_order,scan_layout,date,village,groom_y,groom_m,groom_d,bride_y,bride_m,bride_d,groom_adult,bride_adult,relationship,groom_id,bride_id,user_id,register_id,officiant_id,banns_1) VALUES (0,true,474,995,'P','1861-06-19','Kladno',34,0,27,25,0,2,true,true,'bratranec-sestřenice 2. stupně',20,5,0,82,1,'1861-06-12');
--------------------------Witness--------------------------
INSERT INTO "Witness" (person_id,marriage_id,side,relationship) VALUES (1,0,'ženicha','přítel');
INSERT INTO "Witness" (person_id,marriage_id,side,relationship) VALUES (12,0,'ženicha','sourozenec');
INSERT INTO "Witness" (person_id,marriage_id,side,relationship) VALUES (14,0,'nevěsty','sourozenec');
INSERT INTO "Witness" (person_id,marriage_id,side,relationship) VALUES (13,0,'nevěsty','sourozenec');
INSERT INTO "Marriage" (_id_marriage,rec_ready,rec_order,scan_order,scan_layout,date,village,groom_y,groom_m,groom_d,bride_y,bride_m,bride_d,groom_adult,bride_adult,relationship,groom_id,bride_id,user_id,register_id,officiant_id) VALUES (1,false,944,590,'P','1859-12-20','Kladno',27,3,23,23,6,5,true,true,'sourozenci',9,5,1,74,0);
--------------------------Witness--------------------------
INSERT INTO "Witness" (person_id,marriage_id,side,relationship) VALUES (10,1,'ženicha','jiné');
INSERT INTO "Witness" (person_id,marriage_id,side,relationship) VALUES (20,1,'ženicha','sourozenec');
INSERT INTO "Witness" (person_id,marriage_id,side,relationship) VALUES (4,1,'nevěsty','jiné');
INSERT INTO "Witness" (person_id,marriage_id,side,relationship) VALUES (15,1,'nevěsty','jiné');
INSERT INTO "Marriage" (_id_marriage,rec_ready,rec_order,scan_order,scan_layout,date,village,groom_y,groom_m,groom_d,bride_y,bride_m,bride_d,groom_adult,bride_adult,relationship,groom_id,bride_id,user_id,register_id,officiant_id,banns_1,banns_2) VALUES (2,true,287,33,'P','1854-06-26','Ústí nad Labem',27,1,2,18,0,7,true,true,'ne',20,5,0,46,2,'1854-06-19','1854-06-12');
--------------------------Witness--------------------------
INSERT INTO "Witness" (person_id,marriage_id,side,relationship) VALUES (6,2,'ženicha','jiné');
INSERT INTO "Witness" (person_id,marriage_id,side,relationship) VALUES (22,2,'ženicha','přítel');
INSERT INTO "Witness" (person_id,marriage_id,side,relationship) VALUES (21,2,'nevěsty','sourozenec');
INSERT INTO "Witness" (person_id,marriage_id,side,relationship) VALUES (23,2,'nevěsty','sourozenec');
INSERT INTO "Marriage" (_id_marriage,rec_ready,rec_order,scan_order,scan_layout,date,village,groom_y,groom_m,groom_d,bride_y,bride_m,bride_d,groom_adult,bride_adult,relationship,groom_id,bride_id,user_id,register_id,officiant_id) VALUES (3,true,840,15,'P','1859-09-17','Zlín',27,0,19,19,11,21,true,true,'ne',9,16,0,61,1);
--------------------------Witness--------------------------
INSERT INTO "Witness" (person_id,marriage_id,side,relationship) VALUES (14,3,'ženicha','sourozenec');
INSERT INTO "Witness" (person_id,marriage_id,side,relationship) VALUES (23,3,'ženicha','jiné');
INSERT INTO "Witness" (person_id,marriage_id,side,relationship) VALUES (5,3,'nevěsty','sourozenec');
INSERT INTO "Witness" (person_id,marriage_id,side,relationship) VALUES (15,3,'nevěsty','sourozenec');
INSERT INTO "Marriage" (_id_marriage,rec_ready,rec_order,scan_order,scan_layout,date,village,groom_y,groom_m,groom_d,bride_y,bride_m,bride_d,groom_adult,bride_adult,relationship,groom_id,bride_id,user_id,register_id,officiant_id,banns_1) VALUES (4,true,345,2,'P','1863-12-30','České Budějovice',31,4,4,24,3,1,true,true,'ne',9,16,0,38,0,'1863-12-23');
--------------------------Witness--------------------------
INSERT INTO "Witness" (person_id,marriage_id,side,relationship) VALUES (21,4,'ženicha','sourozenec');
INSERT INTO "Witness" (person_id,marriage_id,side,relationship) VALUES (14,4,'ženicha','sourozenec');
INSERT INTO "Witness" (person_id,marriage_id,side,relationship) VALUES (4,4,'nevěsty','sourozenec');
INSERT INTO "Witness" (person_id,marriage_id,side,relationship) VALUES (17,4,'nevěsty','jiné');
INSERT INTO "Marriage" (_id_marriage,rec_ready,rec_order,scan_order,scan_layout,date,village,groom_y,groom_m,groom_d,bride_y,bride_m,bride_d,groom_adult,bride_adult,relationship,groom_id,bride_id,user_id,register_id,officiant_id,banns_1,banns_2) VALUES (5,true,519,622,'P','1861-03-18','Ústí nad Labem',28,6,22,32,4,1,true,true,'ne',9,13,0,63,1,'1861-03-11','1861-03-04');
--------------------------Witness--------------------------
INSERT INTO "Witness" (person_id,marriage_id,side,relationship) VALUES (20,5,'ženicha','sourozenec');
INSERT INTO "Witness" (person_id,marriage_id,side,relationship) VALUES (22,5,'ženicha','jiné');
INSERT INTO "Witness" (person_id,marriage_id,side,relationship) VALUES (6,5,'nevěsty','sourozenec');
INSERT INTO "Witness" (person_id,marriage_id,side,relationship) VALUES (10,5,'nevěsty','sourozenec');
INSERT INTO "Marriage" (_id_marriage,rec_ready,rec_order,scan_order,scan_layout,date,village,groom_y,groom_m,groom_d,bride_y,bride_m,bride_d,groom_adult,bride_adult,relationship,groom_id,bride_id,user_id,register_id,officiant_id,banns_1) VALUES (6,true,424,407,'C','1850-09-29','Havířov',18,0,29,21,10,13,true,true,'ne',9,13,0,32,0,'1850-09-22');
--------------------------Witness--------------------------
INSERT INTO "Witness" (person_id,marriage_id,side,relationship) VALUES (17,6,'ženicha','sourozenec');
INSERT INTO "Witness" (person_id,marriage_id,side,relationship) VALUES (7,6,'ženicha','jiné');
INSERT INTO "Witness" (person_id,marriage_id,side,relationship) VALUES (4,6,'nevěsty','sourozenec');
INSERT INTO "Witness" (person_id,marriage_id,side,relationship) VALUES (5,6,'nevěsty','jiné');
INSERT INTO "Marriage" (_id_marriage,rec_ready,rec_order,scan_order,scan_layout,date,village,groom_y,groom_m,groom_d,bride_y,bride_m,bride_d,groom_adult,bride_adult,relationship,groom_id,bride_id,user_id,register_id,officiant_id,banns_1,banns_2,banns_3) VALUES (7,false,420,548,'P','1857-06-16','Ostrava',24,9,21,28,7,0,true,true,'ne',9,13,1,88,0,'1857-06-09','1857-06-02','1857-05-26');
--------------------------Witness--------------------------
INSERT INTO "Witness" (person_id,marriage_id,side,relationship) VALUES (11,7,'ženicha','jiné');
INSERT INTO "Witness" (person_id,marriage_id,side,relationship) VALUES (1,7,'ženicha','jiné');
INSERT INTO "Witness" (person_id,marriage_id,side,relationship) VALUES (22,7,'nevěsty','sourozenec');
INSERT INTO "Witness" (person_id,marriage_id,side,relationship) VALUES (19,7,'nevěsty','jiné');
INSERT INTO "Marriage" (_id_marriage,rec_ready,rec_order,scan_order,scan_layout,date,village,groom_y,groom_m,groom_d,bride_y,bride_m,bride_d,groom_adult,bride_adult,relationship,groom_id,bride_id,user_id,register_id,officiant_id) VALUES (8,true,472,824,'L','1855-11-18','Kladno',23,2,20,19,5,2,true,true,'ne',9,5,1,58,1);
--------------------------Witness--------------------------
INSERT INTO "Witness" (person_id,marriage_id,side,relationship) VALUES (10,8,'ženicha','jiné');
INSERT INTO "Witness" (person_id,marriage_id,side,relationship) VALUES (1,8,'ženicha','sourozenec');
INSERT INTO "Witness" (person_id,marriage_id,side,relationship) VALUES (4,8,'nevěsty','sourozenec');
INSERT INTO "Witness" (person_id,marriage_id,side,relationship) VALUES (14,8,'nevěsty','sourozenec');
INSERT INTO "Marriage" (_id_marriage,rec_ready,rec_order,scan_order,scan_layout,date,village,groom_y,groom_m,groom_d,bride_y,bride_m,bride_d,groom_adult,bride_adult,relationship,groom_id,bride_id,user_id,register_id,officiant_id) VALUES (9,false,644,569,'C','1858-04-19','Most',30,11,0,29,5,2,true,true,'ne',20,13,1,68,2);
--------------------------Witness--------------------------
INSERT INTO "Witness" (person_id,marriage_id,side,relationship) VALUES (23,9,'ženicha','přítel');
INSERT INTO "Witness" (person_id,marriage_id,side,relationship) VALUES (19,9,'ženicha','přítel');
INSERT INTO "Witness" (person_id,marriage_id,side,relationship) VALUES (18,9,'nevěsty','přítel');
INSERT INTO "Witness" (person_id,marriage_id,side,relationship) VALUES (6,9,'nevěsty','jiné');
INSERT INTO "Marriage" (_id_marriage,rec_ready,rec_order,scan_order,scan_layout,date,village,groom_y,groom_m,groom_d,bride_y,bride_m,bride_d,groom_adult,bride_adult,relationship,groom_id,bride_id,user_id,register_id,officiant_id) VALUES (10,true,175,583,'C','1850-01-07','Ústí nad Labem',17,4,9,13,6,21,false,false,'ne',9,5,1,12,2);
--------------------------Witness--------------------------
INSERT INTO "Witness" (person_id,marriage_id,side,relationship) VALUES (17,10,'ženicha','přítel');
INSERT INTO "Witness" (person_id,marriage_id,side,relationship) VALUES (17,10,'ženicha','přítel');
INSERT INTO "Witness" (person_id,marriage_id,side,relationship) VALUES (22,10,'nevěsty','jiné');
INSERT INTO "Witness" (person_id,marriage_id,side,relationship) VALUES (4,10,'nevěsty','sourozenec');
INSERT INTO "Marriage" (_id_marriage,rec_ready,rec_order,scan_order,scan_layout,date,village,groom_y,groom_m,groom_d,bride_y,bride_m,bride_d,groom_adult,bride_adult,relationship,groom_id,bride_id,user_id,register_id,officiant_id) VALUES (11,true,927,77,'P','1846-05-18','Olomouc',18,11,26,17,5,28,true,false,'ne',20,13,1,19,2);
--------------------------Witness--------------------------
INSERT INTO "Witness" (person_id,marriage_id,side,relationship) VALUES (8,11,'ženicha','přítel');
INSERT INTO "Witness" (person_id,marriage_id,side,relationship) VALUES (12,11,'ženicha','jiné');
INSERT INTO "Witness" (person_id,marriage_id,side,relationship) VALUES (22,11,'nevěsty','jiné');
INSERT INTO "Witness" (person_id,marriage_id,side,relationship) VALUES (18,11,'nevěsty','sourozenec');
INSERT INTO "Marriage" (_id_marriage,rec_ready,rec_order,scan_order,scan_layout,date,village,groom_y,groom_m,groom_d,bride_y,bride_m,bride_d,groom_adult,bride_adult,relationship,groom_id,bride_id,user_id,register_id,officiant_id) VALUES (12,false,920,599,'C','1854-12-13','Ústí nad Labem',22,3,15,18,5,27,true,true,'ne',9,5,0,62,1);
--------------------------Witness--------------------------
INSERT INTO "Witness" (person_id,marriage_id,side,relationship) VALUES (19,12,'ženicha','přítel');
INSERT INTO "Witness" (person_id,marriage_id,side,relationship) VALUES (16,12,'ženicha','sourozenec');
INSERT INTO "Witness" (person_id,marriage_id,side,relationship) VALUES (6,12,'nevěsty','jiné');
INSERT INTO "Witness" (person_id,marriage_id,side,relationship) VALUES (20,12,'nevěsty','jiné');
INSERT INTO "Marriage" (_id_marriage,rec_ready,rec_order,scan_order,scan_layout,date,village,groom_y,groom_m,groom_d,bride_y,bride_m,bride_d,groom_adult,bride_adult,relationship,groom_id,bride_id,user_id,register_id,officiant_id,banns_1) VALUES (13,true,39,461,'C','1844-04-27','Praha',16,11,5,7,10,10,false,false,'ne',20,5,1,69,0,'1844-04-20');
--------------------------Witness--------------------------
INSERT INTO "Witness" (person_id,marriage_id,side,relationship) VALUES (2,13,'ženicha','jiné');
INSERT INTO "Witness" (person_id,marriage_id,side,relationship) VALUES (7,13,'ženicha','přítel');
INSERT INTO "Witness" (person_id,marriage_id,side,relationship) VALUES (8,13,'nevěsty','sourozenec');
INSERT INTO "Witness" (person_id,marriage_id,side,relationship) VALUES (17,13,'nevěsty','jiné');
INSERT INTO "Marriage" (_id_marriage,rec_ready,rec_order,scan_order,scan_layout,date,village,groom_y,groom_m,groom_d,bride_y,bride_m,bride_d,groom_adult,bride_adult,relationship,groom_id,bride_id,user_id,register_id,officiant_id,banns_1) VALUES (14,true,18,858,'C','1854-06-01','Ostrava',27,0,7,14,8,2,true,false,'ne',20,16,0,80,0,'1854-05-25');
--------------------------Witness--------------------------
INSERT INTO "Witness" (person_id,marriage_id,side,relationship) VALUES (5,14,'ženicha','jiné');
INSERT INTO "Witness" (person_id,marriage_id,side,relationship) VALUES (23,14,'ženicha','jiné');
INSERT INTO "Witness" (person_id,marriage_id,side,relationship) VALUES (21,14,'nevěsty','sourozenec');
INSERT INTO "Witness" (person_id,marriage_id,side,relationship) VALUES (23,14,'nevěsty','sourozenec');
INSERT INTO "Marriage" (_id_marriage,rec_ready,rec_order,scan_order,scan_layout,date,village,groom_y,groom_m,groom_d,bride_y,bride_m,bride_d,groom_adult,bride_adult,relationship,groom_id,bride_id,user_id,register_id,officiant_id) VALUES (15,true,248,849,'C','1846-06-29','Praha',19,1,3,17,7,10,true,false,'ne',20,13,0,79,1);
--------------------------Witness--------------------------
INSERT INTO "Witness" (person_id,marriage_id,side,relationship) VALUES (12,15,'ženicha','jiné');
INSERT INTO "Witness" (person_id,marriage_id,side,relationship) VALUES (8,15,'ženicha','přítel');
INSERT INTO "Witness" (person_id,marriage_id,side,relationship) VALUES (17,15,'nevěsty','jiné');
INSERT INTO "Witness" (person_id,marriage_id,side,relationship) VALUES (7,15,'nevěsty','přítel');
INSERT INTO "Marriage" (_id_marriage,rec_ready,rec_order,scan_order,scan_layout,date,village,groom_y,groom_m,groom_d,bride_y,bride_m,bride_d,groom_adult,bride_adult,relationship,groom_id,bride_id,user_id,register_id,officiant_id,banns_1,banns_2) VALUES (16,true,53,493,'P','1866-11-12','Kladno',39,5,24,30,4,29,true,true,'ne',20,5,1,64,2,'1866-11-05','1866-10-29');
--------------------------Witness--------------------------
INSERT INTO "Witness" (person_id,marriage_id,side,relationship) VALUES (21,16,'ženicha','sourozenec');
INSERT INTO "Witness" (person_id,marriage_id,side,relationship) VALUES (17,16,'ženicha','jiné');
INSERT INTO "Witness" (person_id,marriage_id,side,relationship) VALUES (21,16,'nevěsty','jiné');
INSERT INTO "Witness" (person_id,marriage_id,side,relationship) VALUES (6,16,'nevěsty','jiné');
INSERT INTO "Marriage" (_id_marriage,rec_ready,rec_order,scan_order,scan_layout,date,village,groom_y,groom_m,groom_d,bride_y,bride_m,bride_d,groom_adult,bride_adult,relationship,groom_id,bride_id,user_id,register_id,officiant_id) VALUES (17,true,647,311,'C','1861-12-02','Ostrava',34,6,13,25,5,18,true,true,'ne',20,5,0,35,0);
--------------------------Witness--------------------------
INSERT INTO "Witness" (person_id,marriage_id,side,relationship) VALUES (6,17,'ženicha','jiné');
INSERT INTO "Witness" (person_id,marriage_id,side,relationship) VALUES (9,17,'ženicha','sourozenec');
INSERT INTO "Witness" (person_id,marriage_id,side,relationship) VALUES (21,17,'nevěsty','sourozenec');
INSERT INTO "Witness" (person_id,marriage_id,side,relationship) VALUES (17,17,'nevěsty','jiné');
INSERT INTO "Marriage" (_id_marriage,rec_ready,rec_order,scan_order,scan_layout,date,village,groom_y,groom_m,groom_d,bride_y,bride_m,bride_d,groom_adult,bride_adult,relationship,groom_id,bride_id,user_id,register_id,officiant_id) VALUES (18,false,95,661,'C','1854-05-14','Havířov',21,8,17,25,5,26,true,true,'ne',9,13,1,8,0);
--------------------------Witness--------------------------
INSERT INTO "Witness" (person_id,marriage_id,side,relationship) VALUES (17,18,'ženicha','přítel');
INSERT INTO "Witness" (person_id,marriage_id,side,relationship) VALUES (3,18,'ženicha','jiné');
INSERT INTO "Witness" (person_id,marriage_id,side,relationship) VALUES (15,18,'nevěsty','jiné');
INSERT INTO "Witness" (person_id,marriage_id,side,relationship) VALUES (6,18,'nevěsty','jiné');
INSERT INTO "Marriage" (_id_marriage,rec_ready,rec_order,scan_order,scan_layout,date,village,groom_y,groom_m,groom_d,bride_y,bride_m,bride_d,groom_adult,bride_adult,relationship,groom_id,bride_id,user_id,register_id,officiant_id,banns_1,banns_2) VALUES (19,false,762,618,'C','1850-05-30','Havířov',23,0,4,21,6,11,true,true,'ne',20,13,0,57,2,'1850-05-23','1850-05-16');
--------------------------Witness--------------------------
INSERT INTO "Witness" (person_id,marriage_id,side,relationship) VALUES (21,19,'ženicha','jiné');
INSERT INTO "Witness" (person_id,marriage_id,side,relationship) VALUES (11,19,'ženicha','jiné');
INSERT INTO "Witness" (person_id,marriage_id,side,relationship) VALUES (15,19,'nevěsty','sourozenec');
INSERT INTO "Witness" (person_id,marriage_id,side,relationship) VALUES (0,19,'nevěsty','sourozenec');
INSERT INTO "Marriage" (_id_marriage,rec_ready,rec_order,scan_order,scan_layout,date,village,groom_y,groom_m,groom_d,bride_y,bride_m,bride_d,groom_adult,bride_adult,relationship,groom_id,bride_id,user_id,register_id,officiant_id) VALUES (20,true,187,487,'C','1855-05-27','Kladno',22,9,0,26,6,9,true,true,'ne',9,13,1,73,2);
--------------------------Witness--------------------------
INSERT INTO "Witness" (person_id,marriage_id,side,relationship) VALUES (7,20,'ženicha','jiné');
INSERT INTO "Witness" (person_id,marriage_id,side,relationship) VALUES (4,20,'ženicha','jiné');
INSERT INTO "Witness" (person_id,marriage_id,side,relationship) VALUES (11,20,'nevěsty','jiné');
INSERT INTO "Witness" (person_id,marriage_id,side,relationship) VALUES (22,20,'nevěsty','jiné');
INSERT INTO "Marriage" (_id_marriage,rec_ready,rec_order,scan_order,scan_layout,date,village,groom_y,groom_m,groom_d,bride_y,bride_m,bride_d,groom_adult,bride_adult,relationship,groom_id,bride_id,user_id,register_id,officiant_id,banns_1,banns_2,banns_3) VALUES (21,true,811,947,'P','1856-11-18','Ústí nad Labem',24,2,21,28,0,0,true,true,'ne',9,13,0,23,0,'1856-11-11','1856-11-04','1856-10-28');
--------------------------Witness--------------------------
INSERT INTO "Witness" (person_id,marriage_id,side,relationship) VALUES (22,21,'ženicha','sourozenec');
INSERT INTO "Witness" (person_id,marriage_id,side,relationship) VALUES (14,21,'ženicha','jiné');
INSERT INTO "Witness" (person_id,marriage_id,side,relationship) VALUES (6,21,'nevěsty','sourozenec');
INSERT INTO "Witness" (person_id,marriage_id,side,relationship) VALUES (21,21,'nevěsty','jiné');
INSERT INTO "Marriage" (_id_marriage,rec_ready,rec_order,scan_order,scan_layout,date,village,groom_y,groom_m,groom_d,bride_y,bride_m,bride_d,groom_adult,bride_adult,relationship,groom_id,bride_id,user_id,register_id,officiant_id) VALUES (22,true,215,498,'P','1852-09-12','Ústí nad Labem',25,3,20,23,9,27,true,true,'ne',20,13,1,17,0);
--------------------------Witness--------------------------
INSERT INTO "Witness" (person_id,marriage_id,side,relationship) VALUES (0,22,'ženicha','jiné');
INSERT INTO "Witness" (person_id,marriage_id,side,relationship) VALUES (10,22,'ženicha','sourozenec');
INSERT INTO "Witness" (person_id,marriage_id,side,relationship) VALUES (11,22,'nevěsty','sourozenec');
INSERT INTO "Witness" (person_id,marriage_id,side,relationship) VALUES (14,22,'nevěsty','přítel');
INSERT INTO "Marriage" (_id_marriage,rec_ready,rec_order,scan_order,scan_layout,date,village,groom_y,groom_m,groom_d,bride_y,bride_m,bride_d,groom_adult,bride_adult,relationship,groom_id,bride_id,user_id,register_id,officiant_id) VALUES (23,true,340,848,'L','1856-01-24','Ústí nad Labem',23,4,27,19,7,9,true,true,'ne',9,5,1,7,0);
--------------------------Witness--------------------------
INSERT INTO "Witness" (person_id,marriage_id,side,relationship) VALUES (23,23,'ženicha','přítel');
INSERT INTO "Witness" (person_id,marriage_id,side,relationship) VALUES (4,23,'ženicha','sourozenec');
INSERT INTO "Witness" (person_id,marriage_id,side,relationship) VALUES (21,23,'nevěsty','sourozenec');
INSERT INTO "Witness" (person_id,marriage_id,side,relationship) VALUES (21,23,'nevěsty','sourozenec');
INSERT INTO "Marriage" (_id_marriage,rec_ready,rec_order,scan_order,scan_layout,date,village,groom_y,groom_m,groom_d,bride_y,bride_m,bride_d,groom_adult,bride_adult,relationship,groom_id,bride_id,user_id,register_id,officiant_id) VALUES (24,true,400,974,'C','1858-09-13','Ústí nad Labem',26,0,15,18,11,17,true,true,'sourozenci',9,16,0,3,0);
--------------------------Witness--------------------------
INSERT INTO "Witness" (person_id,marriage_id,side,relationship) VALUES (12,24,'ženicha','jiné');
INSERT INTO "Witness" (person_id,marriage_id,side,relationship) VALUES (22,24,'ženicha','sourozenec');
INSERT INTO "Witness" (person_id,marriage_id,side,relationship) VALUES (19,24,'nevěsty','jiné');
INSERT INTO "Witness" (person_id,marriage_id,side,relationship) VALUES (15,24,'nevěsty','sourozenec');
INSERT INTO "Marriage" (_id_marriage,rec_ready,rec_order,scan_order,scan_layout,date,village,groom_y,groom_m,groom_d,bride_y,bride_m,bride_d,groom_adult,bride_adult,relationship,groom_id,bride_id,user_id,register_id,officiant_id,banns_1) VALUES (25,true,405,424,'L','1854-01-04','Havířov',21,4,7,25,1,16,true,true,'ne',9,13,1,37,1,'1853-12-28');
--------------------------Witness--------------------------
INSERT INTO "Witness" (person_id,marriage_id,side,relationship) VALUES (3,25,'ženicha','jiné');
INSERT INTO "Witness" (person_id,marriage_id,side,relationship) VALUES (1,25,'ženicha','jiné');
INSERT INTO "Witness" (person_id,marriage_id,side,relationship) VALUES (6,25,'nevěsty','přítel');
INSERT INTO "Witness" (person_id,marriage_id,side,relationship) VALUES (4,25,'nevěsty','jiné');
INSERT INTO "Marriage" (_id_marriage,rec_ready,rec_order,scan_order,scan_layout,date,village,groom_y,groom_m,groom_d,bride_y,bride_m,bride_d,groom_adult,bride_adult,relationship,groom_id,bride_id,user_id,register_id,officiant_id,banns_1,banns_2,banns_3) VALUES (26,true,670,196,'C','1855-12-05','Ústí nad Labem',23,3,7,27,0,16,true,true,'ne',9,13,0,50,1,'1855-11-28','1855-11-21','1855-11-14');
--------------------------Witness--------------------------
INSERT INTO "Witness" (person_id,marriage_id,side,relationship) VALUES (3,26,'ženicha','jiné');
INSERT INTO "Witness" (person_id,marriage_id,side,relationship) VALUES (5,26,'ženicha','jiné');
INSERT INTO "Witness" (person_id,marriage_id,side,relationship) VALUES (2,26,'nevěsty','jiné');
INSERT INTO "Witness" (person_id,marriage_id,side,relationship) VALUES (7,26,'nevěsty','přítel');
INSERT INTO "Death" (_id_death,rec_ready,rec_order,scan_order,scan_layout,death_village,death_street,death_descr,place_funeral,widowed,age_y,age_m,age_d,age_h,inspection,person_id,user_id,register_id,director_id,celebrant_id,death_date,funeral_date) VALUES (0,true,726,376,'P','Praha','špičková',5128,'Praha',false,68,0,17,15,false,20,0,87,1,1,'1895-06-01','1895-06-02');
INSERT INTO "Death" (_id_death,rec_ready,rec_order,scan_order,scan_layout,death_village,death_street,death_descr,place_funeral,widowed,age_y,age_m,age_d,age_h,inspection,person_id,user_id,register_id,director_id,celebrant_id,notes,death_date,funeral_date,inspection_by) VALUES (1,true,298,247,'P','Zlín','Balážová',71355,'Zlín',false,83,0,20,21,true,16,1,52,0,0,'chyba zápisu, prohozené rubriky','1922-10-06','1922-10-07','Dr. Hrachovina');
INSERT INTO "Death" (_id_death,rec_ready,rec_order,scan_order,scan_layout,death_village,death_street,death_descr,place_funeral,widowed,age_y,age_m,age_d,age_h,inspection,person_id,user_id,register_id,director_id,celebrant_id,death_cause,death_date,funeral_date) VALUES (2,true,545,249,'C','Kladno','Rudolf',731,'Kladno',false,40,0,10,15,false,5,1,23,2,2,'souchotiny','1876-06-23','1876-06-24');
