--------------------------User--------------------------
INSERT INTO "User" (_id_user,name) VALUES (0,'Ivana Lackoová');
INSERT INTO "User" (_id_user,name) VALUES (1,'Gertruda Kolář');
--------------------------Register--------------------------
INSERT INTO "Register" (_id_register,archive,fond,signature) VALUES (0,'AR0','FOND0',0);
INSERT INTO "Register" (_id_register,archive,fond,signature) VALUES (1,'AR0','FOND0',1);
INSERT INTO "Register" (_id_register,archive,fond,signature) VALUES (2,'AR0','FOND0',2);
INSERT INTO "Register" (_id_register,archive,fond,signature) VALUES (3,'AR0','FOND0',3);
INSERT INTO "Register" (_id_register,archive,fond,signature) VALUES (4,'AR0','FOND0',4);
INSERT INTO "Register" (_id_register,archive,fond,signature) VALUES (5,'AR0','FOND0',5);
INSERT INTO "Register" (_id_register,archive,fond,signature) VALUES (6,'AR0','FOND0',6);
INSERT INTO "Register" (_id_register,archive,fond,signature) VALUES (7,'AR0','FOND0',7);
INSERT INTO "Register" (_id_register,archive,fond,signature) VALUES (8,'AR0','FOND0',8);
INSERT INTO "Register" (_id_register,archive,fond,signature) VALUES (9,'AR0','FOND0',9);
INSERT INTO "Register" (_id_register,archive,fond,signature) VALUES (10,'AR0','FOND0',10);
INSERT INTO "Register" (_id_register,archive,fond,signature) VALUES (11,'AR0','FOND0',11);
INSERT INTO "Register" (_id_register,archive,fond,signature) VALUES (12,'AR0','FOND0',12);
INSERT INTO "Register" (_id_register,archive,fond,signature) VALUES (13,'AR0','FOND0',13);
INSERT INTO "Register" (_id_register,archive,fond,signature) VALUES (14,'AR0','FOND0',14);
INSERT INTO "Register" (_id_register,archive,fond,signature) VALUES (15,'AR0','FOND1',0);
INSERT INTO "Register" (_id_register,archive,fond,signature) VALUES (16,'AR0','FOND1',1);
INSERT INTO "Register" (_id_register,archive,fond,signature) VALUES (17,'AR0','FOND1',2);
INSERT INTO "Register" (_id_register,archive,fond,signature) VALUES (18,'AR0','FOND1',3);
INSERT INTO "Register" (_id_register,archive,fond,signature) VALUES (19,'AR0','FOND1',4);
INSERT INTO "Register" (_id_register,archive,fond,signature) VALUES (20,'AR0','FOND1',5);
INSERT INTO "Register" (_id_register,archive,fond,signature) VALUES (21,'AR0','FOND1',6);
INSERT INTO "Register" (_id_register,archive,fond,signature) VALUES (22,'AR0','FOND1',7);
INSERT INTO "Register" (_id_register,archive,fond,signature) VALUES (23,'AR0','FOND1',8);
INSERT INTO "Register" (_id_register,archive,fond,signature) VALUES (24,'AR0','FOND1',9);
INSERT INTO "Register" (_id_register,archive,fond,signature) VALUES (25,'AR0','FOND1',10);
INSERT INTO "Register" (_id_register,archive,fond,signature) VALUES (26,'AR0','FOND1',11);
INSERT INTO "Register" (_id_register,archive,fond,signature) VALUES (27,'AR0','FOND1',12);
INSERT INTO "Register" (_id_register,archive,fond,signature) VALUES (28,'AR0','FOND1',13);
INSERT INTO "Register" (_id_register,archive,fond,signature) VALUES (29,'AR0','FOND1',14);
INSERT INTO "Register" (_id_register,archive,fond,signature) VALUES (30,'AR0','FOND2',0);
INSERT INTO "Register" (_id_register,archive,fond,signature) VALUES (31,'AR0','FOND2',1);
INSERT INTO "Register" (_id_register,archive,fond,signature) VALUES (32,'AR0','FOND2',2);
INSERT INTO "Register" (_id_register,archive,fond,signature) VALUES (33,'AR0','FOND2',3);
INSERT INTO "Register" (_id_register,archive,fond,signature) VALUES (34,'AR0','FOND2',4);
INSERT INTO "Register" (_id_register,archive,fond,signature) VALUES (35,'AR0','FOND2',5);
INSERT INTO "Register" (_id_register,archive,fond,signature) VALUES (36,'AR0','FOND2',6);
INSERT INTO "Register" (_id_register,archive,fond,signature) VALUES (37,'AR0','FOND2',7);
INSERT INTO "Register" (_id_register,archive,fond,signature) VALUES (38,'AR0','FOND2',8);
INSERT INTO "Register" (_id_register,archive,fond,signature) VALUES (39,'AR0','FOND2',9);
INSERT INTO "Register" (_id_register,archive,fond,signature) VALUES (40,'AR0','FOND2',10);
INSERT INTO "Register" (_id_register,archive,fond,signature) VALUES (41,'AR0','FOND2',11);
INSERT INTO "Register" (_id_register,archive,fond,signature) VALUES (42,'AR0','FOND2',12);
INSERT INTO "Register" (_id_register,archive,fond,signature) VALUES (43,'AR0','FOND2',13);
INSERT INTO "Register" (_id_register,archive,fond,signature) VALUES (44,'AR0','FOND2',14);
INSERT INTO "Register" (_id_register,archive,fond,signature) VALUES (45,'AR1','FOND0',0);
INSERT INTO "Register" (_id_register,archive,fond,signature) VALUES (46,'AR1','FOND0',1);
INSERT INTO "Register" (_id_register,archive,fond,signature) VALUES (47,'AR1','FOND0',2);
INSERT INTO "Register" (_id_register,archive,fond,signature) VALUES (48,'AR1','FOND0',3);
INSERT INTO "Register" (_id_register,archive,fond,signature) VALUES (49,'AR1','FOND0',4);
INSERT INTO "Register" (_id_register,archive,fond,signature) VALUES (50,'AR1','FOND0',5);
INSERT INTO "Register" (_id_register,archive,fond,signature) VALUES (51,'AR1','FOND0',6);
INSERT INTO "Register" (_id_register,archive,fond,signature) VALUES (52,'AR1','FOND0',7);
INSERT INTO "Register" (_id_register,archive,fond,signature) VALUES (53,'AR1','FOND0',8);
INSERT INTO "Register" (_id_register,archive,fond,signature) VALUES (54,'AR1','FOND0',9);
INSERT INTO "Register" (_id_register,archive,fond,signature) VALUES (55,'AR1','FOND0',10);
INSERT INTO "Register" (_id_register,archive,fond,signature) VALUES (56,'AR1','FOND0',11);
INSERT INTO "Register" (_id_register,archive,fond,signature) VALUES (57,'AR1','FOND0',12);
INSERT INTO "Register" (_id_register,archive,fond,signature) VALUES (58,'AR1','FOND0',13);
INSERT INTO "Register" (_id_register,archive,fond,signature) VALUES (59,'AR1','FOND0',14);
INSERT INTO "Register" (_id_register,archive,fond,signature) VALUES (60,'AR1','FOND1',0);
INSERT INTO "Register" (_id_register,archive,fond,signature) VALUES (61,'AR1','FOND1',1);
INSERT INTO "Register" (_id_register,archive,fond,signature) VALUES (62,'AR1','FOND1',2);
INSERT INTO "Register" (_id_register,archive,fond,signature) VALUES (63,'AR1','FOND1',3);
INSERT INTO "Register" (_id_register,archive,fond,signature) VALUES (64,'AR1','FOND1',4);
INSERT INTO "Register" (_id_register,archive,fond,signature) VALUES (65,'AR1','FOND1',5);
INSERT INTO "Register" (_id_register,archive,fond,signature) VALUES (66,'AR1','FOND1',6);
INSERT INTO "Register" (_id_register,archive,fond,signature) VALUES (67,'AR1','FOND1',7);
INSERT INTO "Register" (_id_register,archive,fond,signature) VALUES (68,'AR1','FOND1',8);
INSERT INTO "Register" (_id_register,archive,fond,signature) VALUES (69,'AR1','FOND1',9);
INSERT INTO "Register" (_id_register,archive,fond,signature) VALUES (70,'AR1','FOND1',10);
INSERT INTO "Register" (_id_register,archive,fond,signature) VALUES (71,'AR1','FOND1',11);
INSERT INTO "Register" (_id_register,archive,fond,signature) VALUES (72,'AR1','FOND1',12);
INSERT INTO "Register" (_id_register,archive,fond,signature) VALUES (73,'AR1','FOND1',13);
INSERT INTO "Register" (_id_register,archive,fond,signature) VALUES (74,'AR1','FOND1',14);
INSERT INTO "Register" (_id_register,archive,fond,signature) VALUES (75,'AR1','FOND2',0);
INSERT INTO "Register" (_id_register,archive,fond,signature) VALUES (76,'AR1','FOND2',1);
INSERT INTO "Register" (_id_register,archive,fond,signature) VALUES (77,'AR1','FOND2',2);
INSERT INTO "Register" (_id_register,archive,fond,signature) VALUES (78,'AR1','FOND2',3);
INSERT INTO "Register" (_id_register,archive,fond,signature) VALUES (79,'AR1','FOND2',4);
INSERT INTO "Register" (_id_register,archive,fond,signature) VALUES (80,'AR1','FOND2',5);
INSERT INTO "Register" (_id_register,archive,fond,signature) VALUES (81,'AR1','FOND2',6);
INSERT INTO "Register" (_id_register,archive,fond,signature) VALUES (82,'AR1','FOND2',7);
INSERT INTO "Register" (_id_register,archive,fond,signature) VALUES (83,'AR1','FOND2',8);
INSERT INTO "Register" (_id_register,archive,fond,signature) VALUES (84,'AR1','FOND2',9);
INSERT INTO "Register" (_id_register,archive,fond,signature) VALUES (85,'AR1','FOND2',10);
INSERT INTO "Register" (_id_register,archive,fond,signature) VALUES (86,'AR1','FOND2',11);
INSERT INTO "Register" (_id_register,archive,fond,signature) VALUES (87,'AR1','FOND2',12);
INSERT INTO "Register" (_id_register,archive,fond,signature) VALUES (88,'AR1','FOND2',13);
INSERT INTO "Register" (_id_register,archive,fond,signature) VALUES (89,'AR1','FOND2',14);
--------------------------Name--------------------------
INSERT INTO "Name" (_id_name,name) VALUES (0,'Adam');
INSERT INTO "Name" (_id_name,name) VALUES (1,'Adolf');
INSERT INTO "Name" (_id_name,name) VALUES (2,'Alan');
INSERT INTO "Name" (_id_name,name) VALUES (3,'Albert');
INSERT INTO "Name" (_id_name,name) VALUES (4,'Aleš');
INSERT INTO "Name" (_id_name,name) VALUES (5,'Alexandr');
INSERT INTO "Name" (_id_name,name) VALUES (6,'Alexej');
INSERT INTO "Name" (_id_name,name) VALUES (7,'Alois');
INSERT INTO "Name" (_id_name,name) VALUES (8,'Ambrož');
INSERT INTO "Name" (_id_name,name) VALUES (9,'Benjamín');
INSERT INTO "Name" (_id_name,name) VALUES (10,'Andrej');
INSERT INTO "Name" (_id_name,name) VALUES (11,'Antonín');
INSERT INTO "Name" (_id_name,name) VALUES (12,'Arnošt');
INSERT INTO "Name" (_id_name,name) VALUES (13,'Artur');
INSERT INTO "Name" (_id_name,name) VALUES (14,'Augustýn');
INSERT INTO "Name" (_id_name,name) VALUES (15,'Bartoloměj');
INSERT INTO "Name" (_id_name,name) VALUES (16,'Bedřich');
INSERT INTO "Name" (_id_name,name) VALUES (17,'Benedikt');
INSERT INTO "Name" (_id_name,name) VALUES (18,'Bernard');
INSERT INTO "Name" (_id_name,name) VALUES (19,'Blahoslav');
INSERT INTO "Name" (_id_name,name) VALUES (20,'Blažej');
INSERT INTO "Name" (_id_name,name) VALUES (21,'Bohdan');
INSERT INTO "Name" (_id_name,name) VALUES (22,'Bohumil');
INSERT INTO "Name" (_id_name,name) VALUES (23,'Bohumír');
INSERT INTO "Name" (_id_name,name) VALUES (24,'Bohuslav');
INSERT INTO "Name" (_id_name,name) VALUES (25,'Boleslav');
INSERT INTO "Name" (_id_name,name) VALUES (26,'Bonifác');
INSERT INTO "Name" (_id_name,name) VALUES (27,'Boris');
INSERT INTO "Name" (_id_name,name) VALUES (28,'Bořek');
INSERT INTO "Name" (_id_name,name) VALUES (29,'Bořivoj');
INSERT INTO "Name" (_id_name,name) VALUES (30,'Bronislav');
INSERT INTO "Name" (_id_name,name) VALUES (31,'Bruno');
INSERT INTO "Name" (_id_name,name) VALUES (32,'Břetislav');
INSERT INTO "Name" (_id_name,name) VALUES (33,'Ctibor');
INSERT INTO "Name" (_id_name,name) VALUES (34,'Ctirad');
INSERT INTO "Name" (_id_name,name) VALUES (35,'Cyril');
INSERT INTO "Name" (_id_name,name) VALUES (36,'Metoděj');
INSERT INTO "Name" (_id_name,name) VALUES (37,'Čeněk');
INSERT INTO "Name" (_id_name,name) VALUES (38,'Čestmír');
INSERT INTO "Name" (_id_name,name) VALUES (39,'Dalibor');
INSERT INTO "Name" (_id_name,name) VALUES (40,'Dalimil');
INSERT INTO "Name" (_id_name,name) VALUES (41,'Daniel');
INSERT INTO "Name" (_id_name,name) VALUES (42,'David');
INSERT INTO "Name" (_id_name,name) VALUES (43,'Dobroslav');
INSERT INTO "Name" (_id_name,name) VALUES (44,'Dominik');
INSERT INTO "Name" (_id_name,name) VALUES (45,'Drahoslav');
INSERT INTO "Name" (_id_name,name) VALUES (46,'Dušan');
INSERT INTO "Name" (_id_name,name) VALUES (47,'Eduard');
INSERT INTO "Name" (_id_name,name) VALUES (48,'Herbert');
INSERT INTO "Name" (_id_name,name) VALUES (49,'Emanuel');
INSERT INTO "Name" (_id_name,name) VALUES (50,'Emil');
INSERT INTO "Name" (_id_name,name) VALUES (51,'Erik');
INSERT INTO "Name" (_id_name,name) VALUES (52,'Evžen');
INSERT INTO "Name" (_id_name,name) VALUES (53,'Felix');
INSERT INTO "Name" (_id_name,name) VALUES (54,'Ferdinand');
INSERT INTO "Name" (_id_name,name) VALUES (55,'Filip');
INSERT INTO "Name" (_id_name,name) VALUES (56,'František');
INSERT INTO "Name" (_id_name,name) VALUES (57,'Gabriel');
INSERT INTO "Name" (_id_name,name) VALUES (58,'Gustav');
INSERT INTO "Name" (_id_name,name) VALUES (59,'Hanuš');
INSERT INTO "Name" (_id_name,name) VALUES (60,'Havel');
INSERT INTO "Name" (_id_name,name) VALUES (61,'Heřman');
INSERT INTO "Name" (_id_name,name) VALUES (62,'Hubert');
INSERT INTO "Name" (_id_name,name) VALUES (63,'Hugo');
INSERT INTO "Name" (_id_name,name) VALUES (64,'Hynek');
INSERT INTO "Name" (_id_name,name) VALUES (65,'Ignác');
INSERT INTO "Name" (_id_name,name) VALUES (66,'Igor');
INSERT INTO "Name" (_id_name,name) VALUES (67,'Ivan');
INSERT INTO "Name" (_id_name,name) VALUES (68,'Slavoj');
INSERT INTO "Name" (_id_name,name) VALUES (69,'Ivo');
INSERT INTO "Name" (_id_name,name) VALUES (70,'Jáchym');
INSERT INTO "Name" (_id_name,name) VALUES (71,'Jakub');
INSERT INTO "Name" (_id_name,name) VALUES (72,'Jan');
INSERT INTO "Name" (_id_name,name) VALUES (73,'Jarmil');
INSERT INTO "Name" (_id_name,name) VALUES (74,'Jaromír');
INSERT INTO "Name" (_id_name,name) VALUES (75,'Jaroslav');
INSERT INTO "Name" (_id_name,name) VALUES (76,'Jeroným');
INSERT INTO "Name" (_id_name,name) VALUES (77,'Jindřich');
INSERT INTO "Name" (_id_name,name) VALUES (78,'Jiří');
INSERT INTO "Name" (_id_name,name) VALUES (79,'Jonáš');
INSERT INTO "Name" (_id_name,name) VALUES (80,'Josef');
INSERT INTO "Name" (_id_name,name) VALUES (81,'Julius');
INSERT INTO "Name" (_id_name,name) VALUES (82,'Kamil');
INSERT INTO "Name" (_id_name,name) VALUES (83,'Karel');
INSERT INTO "Name" (_id_name,name) VALUES (84,'Kazimir');
INSERT INTO "Name" (_id_name,name) VALUES (85,'Klement');
INSERT INTO "Name" (_id_name,name) VALUES (86,'Kristian');
INSERT INTO "Name" (_id_name,name) VALUES (87,'Kryštof');
INSERT INTO "Name" (_id_name,name) VALUES (88,'Květoslav');
INSERT INTO "Name" (_id_name,name) VALUES (89,'Kvido');
INSERT INTO "Name" (_id_name,name) VALUES (90,'Ladislav');
INSERT INTO "Name" (_id_name,name) VALUES (91,'Leopold');
INSERT INTO "Name" (_id_name,name) VALUES (92,'Leoš');
INSERT INTO "Name" (_id_name,name) VALUES (93,'Libor');
INSERT INTO "Name" (_id_name,name) VALUES (94,'Samuel');
INSERT INTO "Name" (_id_name,name) VALUES (95,'Lubomír');
INSERT INTO "Name" (_id_name,name) VALUES (96,'Lubor');
INSERT INTO "Name" (_id_name,name) VALUES (97,'Luboš');
INSERT INTO "Name" (_id_name,name) VALUES (98,'Luděk');
INSERT INTO "Name" (_id_name,name) VALUES (99,'Ludvík');
INSERT INTO "Name" (_id_name,name) VALUES (100,'Lukáš');
INSERT INTO "Name" (_id_name,name) VALUES (101,'Lumír');
INSERT INTO "Name" (_id_name,name) VALUES (102,'Marcel');
INSERT INTO "Name" (_id_name,name) VALUES (103,'Marek');
INSERT INTO "Name" (_id_name,name) VALUES (104,'Marian');
INSERT INTO "Name" (_id_name,name) VALUES (105,'Martin');
INSERT INTO "Name" (_id_name,name) VALUES (106,'Matěj');
INSERT INTO "Name" (_id_name,name) VALUES (107,'Matouš');
INSERT INTO "Name" (_id_name,name) VALUES (108,'Maxmilián');
INSERT INTO "Name" (_id_name,name) VALUES (109,'Medard');
INSERT INTO "Name" (_id_name,name) VALUES (110,'Michal');
INSERT INTO "Name" (_id_name,name) VALUES (111,'Mikuláš');
INSERT INTO "Name" (_id_name,name) VALUES (112,'Milan');
INSERT INTO "Name" (_id_name,name) VALUES (113,'Miloslav');
INSERT INTO "Name" (_id_name,name) VALUES (114,'Miloš');
INSERT INTO "Name" (_id_name,name) VALUES (115,'Miroslav');
INSERT INTO "Name" (_id_name,name) VALUES (116,'Mojmír');
INSERT INTO "Name" (_id_name,name) VALUES (117,'Norbert');
INSERT INTO "Name" (_id_name,name) VALUES (118,'Oldřich');
INSERT INTO "Name" (_id_name,name) VALUES (119,'Oleg');
INSERT INTO "Name" (_id_name,name) VALUES (120,'Oliver');
INSERT INTO "Name" (_id_name,name) VALUES (121,'Ondřej');
INSERT INTO "Name" (_id_name,name) VALUES (122,'Oskar');
INSERT INTO "Name" (_id_name,name) VALUES (123,'Otakar');
INSERT INTO "Name" (_id_name,name) VALUES (124,'Otmar');
INSERT INTO "Name" (_id_name,name) VALUES (125,'Oto');
INSERT INTO "Name" (_id_name,name) VALUES (126,'Pankrác');
INSERT INTO "Name" (_id_name,name) VALUES (127,'Patrik');
INSERT INTO "Name" (_id_name,name) VALUES (128,'Petr');
INSERT INTO "Name" (_id_name,name) VALUES (129,'Petr');
INSERT INTO "Name" (_id_name,name) VALUES (130,'Pavel');
INSERT INTO "Name" (_id_name,name) VALUES (131,'Pravoslav');
INSERT INTO "Name" (_id_name,name) VALUES (132,'Prokop');
INSERT INTO "Name" (_id_name,name) VALUES (133,'Přemysl');
INSERT INTO "Name" (_id_name,name) VALUES (134,'Radan');
INSERT INTO "Name" (_id_name,name) VALUES (135,'Radek');
INSERT INTO "Name" (_id_name,name) VALUES (136,'Radim');
INSERT INTO "Name" (_id_name,name) VALUES (137,'Radomír');
INSERT INTO "Name" (_id_name,name) VALUES (138,'Radoslav');
INSERT INTO "Name" (_id_name,name) VALUES (139,'Radovan');
INSERT INTO "Name" (_id_name,name) VALUES (140,'René');
INSERT INTO "Name" (_id_name,name) VALUES (141,'Richard');
INSERT INTO "Name" (_id_name,name) VALUES (142,'Robert');
INSERT INTO "Name" (_id_name,name) VALUES (143,'Robin');
INSERT INTO "Name" (_id_name,name) VALUES (144,'Roland');
INSERT INTO "Name" (_id_name,name) VALUES (145,'Roman');
INSERT INTO "Name" (_id_name,name) VALUES (146,'Rostislav');
INSERT INTO "Name" (_id_name,name) VALUES (147,'Rudolf');
INSERT INTO "Name" (_id_name,name) VALUES (148,'Řehoř');
INSERT INTO "Name" (_id_name,name) VALUES (149,'Servác');
INSERT INTO "Name" (_id_name,name) VALUES (150,'Silvestr');
INSERT INTO "Name" (_id_name,name) VALUES (151,'Slavomír');
INSERT INTO "Name" (_id_name,name) VALUES (152,'Soběslav');
INSERT INTO "Name" (_id_name,name) VALUES (153,'Stanislav');
INSERT INTO "Name" (_id_name,name) VALUES (154,'Svatopluk');
INSERT INTO "Name" (_id_name,name) VALUES (155,'Svatoslav');
INSERT INTO "Name" (_id_name,name) VALUES (156,'Šimon');
INSERT INTO "Name" (_id_name,name) VALUES (157,'Štefan');
INSERT INTO "Name" (_id_name,name) VALUES (158,'Štěpán');
INSERT INTO "Name" (_id_name,name) VALUES (159,'Tadeáš');
INSERT INTO "Name" (_id_name,name) VALUES (160,'Teodor');
INSERT INTO "Name" (_id_name,name) VALUES (161,'Tibor');
INSERT INTO "Name" (_id_name,name) VALUES (162,'Tomáš');
INSERT INTO "Name" (_id_name,name) VALUES (163,'Václav');
INSERT INTO "Name" (_id_name,name) VALUES (164,'Valdemar');
INSERT INTO "Name" (_id_name,name) VALUES (165,'Valentýn');
INSERT INTO "Name" (_id_name,name) VALUES (166,'Vavřinec');
INSERT INTO "Name" (_id_name,name) VALUES (167,'Věnceslav');
INSERT INTO "Name" (_id_name,name) VALUES (168,'Vendelín');
INSERT INTO "Name" (_id_name,name) VALUES (169,'Věroslav');
INSERT INTO "Name" (_id_name,name) VALUES (170,'Viktor');
INSERT INTO "Name" (_id_name,name) VALUES (171,'Vilém');
INSERT INTO "Name" (_id_name,name) VALUES (172,'Vincenc');
INSERT INTO "Name" (_id_name,name) VALUES (173,'Vít');
INSERT INTO "Name" (_id_name,name) VALUES (174,'Vítězslav');
INSERT INTO "Name" (_id_name,name) VALUES (175,'Vladan');
INSERT INTO "Name" (_id_name,name) VALUES (176,'Vladimír');
INSERT INTO "Name" (_id_name,name) VALUES (177,'Vladislav');
INSERT INTO "Name" (_id_name,name) VALUES (178,'Vlastimil');
INSERT INTO "Name" (_id_name,name) VALUES (179,'Vlastislav');
INSERT INTO "Name" (_id_name,name) VALUES (180,'Vojtěch');
INSERT INTO "Name" (_id_name,name) VALUES (181,'Vratislav');
INSERT INTO "Name" (_id_name,name) VALUES (182,'Zbyněk');
INSERT INTO "Name" (_id_name,name) VALUES (183,'Zbyšek');
INSERT INTO "Name" (_id_name,name) VALUES (184,'Zdeněk');
INSERT INTO "Name" (_id_name,name) VALUES (185,'Zikmund');
INSERT INTO "Name" (_id_name,name) VALUES (186,'Eva');
INSERT INTO "Name" (_id_name,name) VALUES (187,'Adéla');
INSERT INTO "Name" (_id_name,name) VALUES (188,'Adriana');
INSERT INTO "Name" (_id_name,name) VALUES (189,'Agáta');
INSERT INTO "Name" (_id_name,name) VALUES (190,'Albína');
INSERT INTO "Name" (_id_name,name) VALUES (191,'Alena');
INSERT INTO "Name" (_id_name,name) VALUES (192,'Alexandra');
INSERT INTO "Name" (_id_name,name) VALUES (193,'Alžběta');
INSERT INTO "Name" (_id_name,name) VALUES (194,'Anděla');
INSERT INTO "Name" (_id_name,name) VALUES (195,'Andrea');
INSERT INTO "Name" (_id_name,name) VALUES (196,'Aneta');
INSERT INTO "Name" (_id_name,name) VALUES (197,'Anežka');
INSERT INTO "Name" (_id_name,name) VALUES (198,'Anna');
INSERT INTO "Name" (_id_name,name) VALUES (199,'Apolena');
INSERT INTO "Name" (_id_name,name) VALUES (200,'Barbora');
INSERT INTO "Name" (_id_name,name) VALUES (201,'Beáta');
INSERT INTO "Name" (_id_name,name) VALUES (202,'Běla');
INSERT INTO "Name" (_id_name,name) VALUES (203,'Berta');
INSERT INTO "Name" (_id_name,name) VALUES (204,'Blanka');
INSERT INTO "Name" (_id_name,name) VALUES (205,'Blažena');
INSERT INTO "Name" (_id_name,name) VALUES (206,'Bohdana');
INSERT INTO "Name" (_id_name,name) VALUES (207,'Bohumila');
INSERT INTO "Name" (_id_name,name) VALUES (208,'Bohuslava');
INSERT INTO "Name" (_id_name,name) VALUES (209,'Božena');
INSERT INTO "Name" (_id_name,name) VALUES (210,'Brigita');
INSERT INTO "Name" (_id_name,name) VALUES (211,'Dana');
INSERT INTO "Name" (_id_name,name) VALUES (212,'Daniela');
INSERT INTO "Name" (_id_name,name) VALUES (213,'Darina');
INSERT INTO "Name" (_id_name,name) VALUES (214,'Darja');
INSERT INTO "Name" (_id_name,name) VALUES (215,'Denisa');
INSERT INTO "Name" (_id_name,name) VALUES (216,'Diana');
INSERT INTO "Name" (_id_name,name) VALUES (217,'Dita');
INSERT INTO "Name" (_id_name,name) VALUES (218,'Dobromila');
INSERT INTO "Name" (_id_name,name) VALUES (219,'Dorota');
INSERT INTO "Name" (_id_name,name) VALUES (220,'Doubravka');
INSERT INTO "Name" (_id_name,name) VALUES (221,'Drahomíra');
INSERT INTO "Name" (_id_name,name) VALUES (222,'Drahoslava');
INSERT INTO "Name" (_id_name,name) VALUES (223,'Edita');
INSERT INTO "Name" (_id_name,name) VALUES (224,'Elena');
INSERT INTO "Name" (_id_name,name) VALUES (225,'Eliška');
INSERT INTO "Name" (_id_name,name) VALUES (226,'Ema');
INSERT INTO "Name" (_id_name,name) VALUES (227,'Erika');
INSERT INTO "Name" (_id_name,name) VALUES (228,'Evelína');
INSERT INTO "Name" (_id_name,name) VALUES (229,'Františka');
INSERT INTO "Name" (_id_name,name) VALUES (230,'Gabriela');
INSERT INTO "Name" (_id_name,name) VALUES (231,'Gita');
INSERT INTO "Name" (_id_name,name) VALUES (232,'Gizela');
INSERT INTO "Name" (_id_name,name) VALUES (233,'Hana');
INSERT INTO "Name" (_id_name,name) VALUES (234,'Hedvika');
INSERT INTO "Name" (_id_name,name) VALUES (235,'Helena');
INSERT INTO "Name" (_id_name,name) VALUES (236,'Hermína');
INSERT INTO "Name" (_id_name,name) VALUES (237,'Ida');
INSERT INTO "Name" (_id_name,name) VALUES (238,'Ilja');
INSERT INTO "Name" (_id_name,name) VALUES (239,'Ilona');
INSERT INTO "Name" (_id_name,name) VALUES (240,'Irena');
INSERT INTO "Name" (_id_name,name) VALUES (241,'Irma');
INSERT INTO "Name" (_id_name,name) VALUES (242,'Iva');
INSERT INTO "Name" (_id_name,name) VALUES (243,'Ivana');
INSERT INTO "Name" (_id_name,name) VALUES (244,'Iveta');
INSERT INTO "Name" (_id_name,name) VALUES (245,'Ivona');
INSERT INTO "Name" (_id_name,name) VALUES (246,'Izabela');
INSERT INTO "Name" (_id_name,name) VALUES (247,'Jana');
INSERT INTO "Name" (_id_name,name) VALUES (248,'Jarmila');
INSERT INTO "Name" (_id_name,name) VALUES (249,'Jaroslava');
INSERT INTO "Name" (_id_name,name) VALUES (250,'Jindřiška');
INSERT INTO "Name" (_id_name,name) VALUES (251,'Jiřina');
INSERT INTO "Name" (_id_name,name) VALUES (252,'Jitka');
INSERT INTO "Name" (_id_name,name) VALUES (253,'Johana');
INSERT INTO "Name" (_id_name,name) VALUES (254,'Jolana');
INSERT INTO "Name" (_id_name,name) VALUES (255,'Judita');
INSERT INTO "Name" (_id_name,name) VALUES (256,'Justýna');
INSERT INTO "Name" (_id_name,name) VALUES (257,'Kamila');
INSERT INTO "Name" (_id_name,name) VALUES (258,'Karina');
INSERT INTO "Name" (_id_name,name) VALUES (259,'Karolína');
INSERT INTO "Name" (_id_name,name) VALUES (260,'Kateřina');
INSERT INTO "Name" (_id_name,name) VALUES (261,'Klára');
INSERT INTO "Name" (_id_name,name) VALUES (262,'Kristýna');
INSERT INTO "Name" (_id_name,name) VALUES (263,'Květa');
INSERT INTO "Name" (_id_name,name) VALUES (264,'Květoslava');
INSERT INTO "Name" (_id_name,name) VALUES (265,'Lada');
INSERT INTO "Name" (_id_name,name) VALUES (266,'Laura');
INSERT INTO "Name" (_id_name,name) VALUES (267,'Lenka');
INSERT INTO "Name" (_id_name,name) VALUES (268,'Leona');
INSERT INTO "Name" (_id_name,name) VALUES (269,'Liběna');
INSERT INTO "Name" (_id_name,name) VALUES (270,'Liliana');
INSERT INTO "Name" (_id_name,name) VALUES (271,'Linda');
INSERT INTO "Name" (_id_name,name) VALUES (272,'Ljuba');
INSERT INTO "Name" (_id_name,name) VALUES (273,'Ludmila');
INSERT INTO "Name" (_id_name,name) VALUES (274,'Magdaléna');
INSERT INTO "Name" (_id_name,name) VALUES (275,'Mahulena');
INSERT INTO "Name" (_id_name,name) VALUES (276,'Marcela');
INSERT INTO "Name" (_id_name,name) VALUES (277,'Mariana');
INSERT INTO "Name" (_id_name,name) VALUES (278,'Marika');
INSERT INTO "Name" (_id_name,name) VALUES (279,'Marina');
INSERT INTO "Name" (_id_name,name) VALUES (280,'Markéta');
INSERT INTO "Name" (_id_name,name) VALUES (281,'Marta');
INSERT INTO "Name" (_id_name,name) VALUES (282,'Martina');
INSERT INTO "Name" (_id_name,name) VALUES (283,'Michaela');
INSERT INTO "Name" (_id_name,name) VALUES (284,'Milada');
INSERT INTO "Name" (_id_name,name) VALUES (285,'Milena');
INSERT INTO "Name" (_id_name,name) VALUES (286,'Miloslava');
INSERT INTO "Name" (_id_name,name) VALUES (287,'Miroslava');
INSERT INTO "Name" (_id_name,name) VALUES (288,'Monika');
INSERT INTO "Name" (_id_name,name) VALUES (289,'Naděžda');
INSERT INTO "Name" (_id_name,name) VALUES (290,'Nataša');
INSERT INTO "Name" (_id_name,name) VALUES (291,'Nela');
INSERT INTO "Name" (_id_name,name) VALUES (292,'Nikola');
INSERT INTO "Name" (_id_name,name) VALUES (293,'Nina');
INSERT INTO "Name" (_id_name,name) VALUES (294,'Nora');
INSERT INTO "Name" (_id_name,name) VALUES (295,'Oldřiška');
INSERT INTO "Name" (_id_name,name) VALUES (296,'Olga');
INSERT INTO "Name" (_id_name,name) VALUES (297,'Pavla');
INSERT INTO "Name" (_id_name,name) VALUES (298,'Pavlína');
INSERT INTO "Name" (_id_name,name) VALUES (299,'Petra');
INSERT INTO "Name" (_id_name,name) VALUES (300,'Radana');
INSERT INTO "Name" (_id_name,name) VALUES (301,'Radka');
INSERT INTO "Name" (_id_name,name) VALUES (302,'Radmila');
INSERT INTO "Name" (_id_name,name) VALUES (303,'Regína');
INSERT INTO "Name" (_id_name,name) VALUES (304,'Renáta');
INSERT INTO "Name" (_id_name,name) VALUES (305,'Romana');
INSERT INTO "Name" (_id_name,name) VALUES (306,'Matylda');
INSERT INTO "Name" (_id_name,name) VALUES (307,'Růžena');
INSERT INTO "Name" (_id_name,name) VALUES (308,'Sabina');
INSERT INTO "Name" (_id_name,name) VALUES (309,'Sandra');
INSERT INTO "Name" (_id_name,name) VALUES (310,'Sáva');
INSERT INTO "Name" (_id_name,name) VALUES (311,'Simona');
INSERT INTO "Name" (_id_name,name) VALUES (312,'Slavěna');
INSERT INTO "Name" (_id_name,name) VALUES (313,'Soňa');
INSERT INTO "Name" (_id_name,name) VALUES (314,'Stanislava');
INSERT INTO "Name" (_id_name,name) VALUES (315,'Stela');
INSERT INTO "Name" (_id_name,name) VALUES (316,'Svatava');
INSERT INTO "Name" (_id_name,name) VALUES (317,'Světlana');
INSERT INTO "Name" (_id_name,name) VALUES (318,'Šárka');
INSERT INTO "Name" (_id_name,name) VALUES (319,'Šarlota');
INSERT INTO "Name" (_id_name,name) VALUES (320,'Sára');
INSERT INTO "Name" (_id_name,name) VALUES (321,'Štěpánka');
INSERT INTO "Name" (_id_name,name) VALUES (322,'Tamara');
INSERT INTO "Name" (_id_name,name) VALUES (323,'Taťána');
INSERT INTO "Name" (_id_name,name) VALUES (324,'Tereza');
INSERT INTO "Name" (_id_name,name) VALUES (325,'Vanda');
INSERT INTO "Name" (_id_name,name) VALUES (326,'Vendula');
INSERT INTO "Name" (_id_name,name) VALUES (327,'Věra');
INSERT INTO "Name" (_id_name,name) VALUES (328,'Veronika');
INSERT INTO "Name" (_id_name,name) VALUES (329,'Vilma');
INSERT INTO "Name" (_id_name,name) VALUES (330,'Viola');
INSERT INTO "Name" (_id_name,name) VALUES (331,'Vladěna');
INSERT INTO "Name" (_id_name,name) VALUES (332,'Vlasta');
INSERT INTO "Name" (_id_name,name) VALUES (333,'Zdeňka');
INSERT INTO "Name" (_id_name,name) VALUES (334,'Zdislava');
INSERT INTO "Name" (_id_name,name) VALUES (335,'Zina');
INSERT INTO "Name" (_id_name,name) VALUES (336,'Zita');
INSERT INTO "Name" (_id_name,name) VALUES (337,'Zlata');
INSERT INTO "Name" (_id_name,name) VALUES (338,'Zora');
INSERT INTO "Name" (_id_name,name) VALUES (339,'Zuzana');
INSERT INTO "Name" (_id_name,name) VALUES (340,'Alice');
INSERT INTO "Name" (_id_name,name) VALUES (341,'Anastázie');
INSERT INTO "Name" (_id_name,name) VALUES (342,'Antonie');
INSERT INTO "Name" (_id_name,name) VALUES (343,'Cecílie');
INSERT INTO "Name" (_id_name,name) VALUES (344,'Emílie');
INSERT INTO "Name" (_id_name,name) VALUES (345,'Evženie');
INSERT INTO "Name" (_id_name,name) VALUES (346,'Julie');
INSERT INTO "Name" (_id_name,name) VALUES (347,'Klaudie');
INSERT INTO "Name" (_id_name,name) VALUES (348,'Libuše');
INSERT INTO "Name" (_id_name,name) VALUES (349,'Amálie');
INSERT INTO "Name" (_id_name,name) VALUES (350,'Lucie');
INSERT INTO "Name" (_id_name,name) VALUES (351,'Lýdie');
INSERT INTO "Name" (_id_name,name) VALUES (352,'Marie');
INSERT INTO "Name" (_id_name,name) VALUES (353,'Miluše');
INSERT INTO "Name" (_id_name,name) VALUES (354,'Natálie');
INSERT INTO "Name" (_id_name,name) VALUES (355,'Olivie');
INSERT INTO "Name" (_id_name,name) VALUES (356,'Otýlie');
INSERT INTO "Name" (_id_name,name) VALUES (357,'Patricie');
INSERT INTO "Name" (_id_name,name) VALUES (358,'Saskie');
INSERT INTO "Name" (_id_name,name) VALUES (359,'Silvie');
INSERT INTO "Name" (_id_name,name) VALUES (360,'Zoe');
INSERT INTO "Name" (_id_name,name) VALUES (361,'Valérie');
INSERT INTO "Name" (_id_name,name) VALUES (362,'Viktorie');
INSERT INTO "Name" (_id_name,name) VALUES (363,'Xenie');
INSERT INTO "Name" (_id_name,name) VALUES (364,'Žofie');
INSERT INTO "Name" (_id_name,name) VALUES (365,'Dagmar');
INSERT INTO "Name" (_id_name,name) VALUES (366,'Ester');
INSERT INTO "Name" (_id_name,name) VALUES (367,'Ingrid');
INSERT INTO "Name" (_id_name,name) VALUES (368,'Miriam');
INSERT INTO "Name" (_id_name,name) VALUES (369,'Růt');
--------------------------Occupation--------------------------
INSERT INTO "Occupation" (_id_occup,name) VALUES (0,'Dychér');
INSERT INTO "Occupation" (_id_occup,name) VALUES (1,'Hasič dobrovolný');
INSERT INTO "Occupation" (_id_occup,name) VALUES (2,'Zlatič');
INSERT INTO "Occupation" (_id_occup,name) VALUES (3,'Břitvař');
INSERT INTO "Occupation" (_id_occup,name) VALUES (4,'Písař obroční');
INSERT INTO "Occupation" (_id_occup,name) VALUES (5,'Pasíř');
INSERT INTO "Occupation" (_id_occup,name) VALUES (6,'Čeledín');
INSERT INTO "Occupation" (_id_occup,name) VALUES (7,'Učedník');
INSERT INTO "Occupation" (_id_occup,name) VALUES (8,'Lopatník');
INSERT INTO "Occupation" (_id_occup,name) VALUES (9,'Mědikovec');
INSERT INTO "Occupation" (_id_occup,name) VALUES (10,'Landfaréř');
INSERT INTO "Occupation" (_id_occup,name) VALUES (11,'Lantkočí');
INSERT INTO "Occupation" (_id_occup,name) VALUES (12,'Materialista');
INSERT INTO "Occupation" (_id_occup,name) VALUES (13,'Kostečník');
INSERT INTO "Occupation" (_id_occup,name) VALUES (14,'Krupér');
--------------------------Director--------------------------
INSERT INTO "Director" (_id_director,surname,title) VALUES (0,'Zeman','kaplan');
INSERT INTO "Director" (_id_director,surname,title) VALUES (1,'Kašpar','admininstrátor');
INSERT INTO "Director" (_id_director,surname,title) VALUES (2,'Šimek','farář');
--------------------------DirectorName--------------------------
INSERT INTO "DirectorName" (director_id,name_id) VALUES (0,123);
INSERT INTO "DirectorName" (director_id,name_id) VALUES (1,62);
INSERT INTO "DirectorName" (director_id,name_id) VALUES (2,145);
--------------------------Celebrant--------------------------
INSERT INTO "Celebrant" (_id_celebrant,surname,title_occup) VALUES (0,'Staněk','kaplan');
INSERT INTO "Celebrant" (_id_celebrant,surname,title_occup) VALUES (1,'Šmíd','admininstrátor');
INSERT INTO "Celebrant" (_id_celebrant,surname,title_occup) VALUES (2,'Horák','vikař');
--------------------------CelebrantName--------------------------
INSERT INTO "CelebrantName" (celebrant_id,name_id) VALUES (0,68);
INSERT INTO "CelebrantName" (celebrant_id,name_id) VALUES (1,19);
INSERT INTO "CelebrantName" (celebrant_id,name_id) VALUES (2,58);
--------------------------Officiant--------------------------
INSERT INTO "Officiant" (_id_officiant,surname,title) VALUES (0,'Mašek','kooperátor');
INSERT INTO "Officiant" (_id_officiant,surname,title) VALUES (1,'Macháček','admininstrátor');
INSERT INTO "Officiant" (_id_officiant,surname,title) VALUES (2,'Kratochvíl','farář');
--------------------------OfficiantName--------------------------
INSERT INTO "OfficiantName" (officiant_id,name_id) VALUES (0,101);
INSERT INTO "OfficiantName" (officiant_id,name_id) VALUES (1,79);
INSERT INTO "OfficiantName" (officiant_id,name_id) VALUES (2,143);
--------------------------Person--------------------------
INSERT INTO "Person" (_id_person,surname,village,street,descr,birth,sex,religion) VALUES (0,'Ševčíková','Praha','Hlaváček',006,'1807-08-24','žena','katolík');
INSERT INTO "Person" (_id_person,surname,village,street,descr,birth,sex,religion) VALUES (1,'Ševčík','Praha','Hlaváček',006,'1803-10-23','muž','katolík');
INSERT INTO "Person" (_id_person,surname,village,street,descr,birth,sex,religion,mother_id,father_id) VALUES (2,'Ševčíková','Praha','Hlaváček',006,'1825-12-24','žena','katolík',0,1);
INSERT INTO "Person" (_id_person,surname,village,street,descr,birth,sex,religion) VALUES (3,'Dvořáková','Havířov','Janča',95153,'1801-04-22','žena','katolík');
INSERT INTO "Person" (_id_person,surname,village,street,descr,birth,sex,religion) VALUES (4,'Dvořák','Havířov','Janča',95153,'1803-08-12','muž','katolík');
INSERT INTO "Person" (_id_person,surname,village,street,descr,birth,sex,religion,mother_id,father_id) VALUES (5,'Dvořák','Havířov','Janča',95153,'1837-05-15','muž','katolík',3,4);
INSERT INTO "Person" (_id_person,surname,village,street,descr,birth,sex,religion,father_id) VALUES (6,'Dvořák','Havířov','Kubica',481,'1855-06-07','muž','katolík',5);
INSERT INTO "Person" (_id_person,surname,village,street,descr,birth,sex,religion) VALUES (7,'Šmídová','Liberec','Volnýová',578,'1803-10-09','žena','evangelík');
INSERT INTO "Person" (_id_person,surname,village,street,descr,birth,sex,religion) VALUES (8,'Šmíd','Liberec','Volnýová',578,'1806-05-14','muž','evangelík');
INSERT INTO "Person" (_id_person,surname,village,street,descr,birth,sex,religion,mother_id,father_id) VALUES (9,'Šmídová','Liberec','Volnýová',578,'1837-05-01','žena','evangelík',7,8);
INSERT INTO "Person" (_id_person,surname,village,street,descr,birth,sex,religion,mother_id) VALUES (10,'Šmídová','Liberec','Richtr',06336,'1863-04-28','žena','evangelík',9);
INSERT INTO "Person" (_id_person,surname,village,street,descr,birth,sex,religion,mother_id) VALUES (11,'Šmíd','Liberec','Solveiga',503,'1858-12-18','muž','evangelík',9);
INSERT INTO "Person" (_id_person,surname,village,street,descr,birth,sex,religion,mother_id) VALUES (12,'Šmídová','Liberec','Lenka',11692,'1861-10-06','žena','evangelík',9);
INSERT INTO "Person" (_id_person,surname,village,street,descr,birth,sex,religion,mother_id) VALUES (13,'Šmídová','Liberec','Cyprián',53878,'1855-01-25','žena','evangelík',9);
INSERT INTO "Person" (_id_person,surname,village,street,descr,birth,sex,religion) VALUES (14,'Sedláčeková','Pardubice','Livius',547,'1804-03-29','žena','nepokřtěn');
INSERT INTO "Person" (_id_person,surname,village,street,descr,birth,sex,religion) VALUES (15,'Sedláček','Pardubice','Livius',547,'1809-02-27','muž','evangelík');
INSERT INTO "Person" (_id_person,surname,village,street,descr,birth,sex,religion,mother_id,father_id) VALUES (16,'Sedláček','Pardubice','Livius',547,'1831-03-10','muž','evangelík',14,15);
INSERT INTO "Person" (_id_person,surname,village,street,descr,birth,sex,religion) VALUES (17,'Vlčeková','Zlín','Kastor',813,'1806-10-01','žena','evangelík');
INSERT INTO "Person" (_id_person,surname,village,street,descr,birth,sex,religion) VALUES (18,'Vlček','Zlín','Kastor',813,'1809-01-23','muž','nepokřtěn');
INSERT INTO "Person" (_id_person,surname,village,street,descr,birth,sex,religion,mother_id,father_id) VALUES (19,'Vlčeková','Zlín','Kastor',813,'1835-01-20','žena','evangelík',17,18);
INSERT INTO "Person" (_id_person,surname,village,street,descr,birth,sex,religion,mother_id) VALUES (20,'Vlček','Zlín','Bernard',6525,'1868-01-17','muž','evangelík',19);
INSERT INTO "Person" (_id_person,surname,village,street,descr,birth,sex,religion,mother_id) VALUES (21,'Vlček','Zlín','Sekanina',35572,'1868-12-14','muž','evangelík',19);
INSERT INTO "Person" (_id_person,surname,village,street,descr,birth,sex,religion,mother_id) VALUES (22,'Vlčeková','Kladno','Svatoň',3515,'1856-05-11','žena','evangelík',19);
INSERT INTO "Person" (_id_person,surname,village,street,descr,birth,sex,religion) VALUES (23,'Stejskalová','Hradec Králové','Lumír',55078,'1808-12-15','žena','evangelík');
INSERT INTO "Person" (_id_person,surname,village,street,descr,birth,sex,religion) VALUES (24,'Stejskal','Hradec Králové','Lumír',55078,'1807-05-03','muž','evangelík');
INSERT INTO "Person" (_id_person,surname,village,street,descr,birth,sex,religion,mother_id,father_id) VALUES (25,'Stejskal','Hradec Králové','Lumír',55078,'1827-02-08','muž','evangelík',23,24);
INSERT INTO "Person" (_id_person,surname,village,street,descr,birth,sex,religion) VALUES (26,'Žáková','České Budějovice','Andrle',104,'1801-08-10','žena','evangelík');
INSERT INTO "Person" (_id_person,surname,village,street,descr,birth,sex,religion) VALUES (27,'Žák','České Budějovice','Andrle',104,'1805-12-06','muž','evangelík');
INSERT INTO "Person" (_id_person,surname,village,street,descr,birth,sex,religion,mother_id,father_id) VALUES (28,'Žák','České Budějovice','Andrle',104,'1835-02-11','muž','evangelík',26,27);
INSERT INTO "Person" (_id_person,surname,village,street,descr,birth,sex,religion,father_id) VALUES (29,'Žáková','České Budějovice','Ryšavý',393,'1867-07-27','žena','evangelík',28);
INSERT INTO "Person" (_id_person,surname,village,street,descr,birth,sex,religion,father_id) VALUES (30,'Žák','České Budějovice','Vilma',27711,'1857-01-12','muž','evangelík',28);
INSERT INTO "Person" (_id_person,surname,village,street,descr,birth,sex,religion) VALUES (31,'Čermáková','Ústí nad Labem','šašková',955,'1806-04-22','žena','evangelík');
INSERT INTO "Person" (_id_person,surname,village,street,descr,birth,sex,religion) VALUES (32,'Čermák','Ústí nad Labem','šašková',955,'1809-11-23','muž','evangelík');
INSERT INTO "Person" (_id_person,surname,village,street,descr,birth,sex,religion,mother_id,father_id) VALUES (33,'Čermáková','Ústí nad Labem','šašková',955,'1827-06-27','žena','evangelík',31,32);
INSERT INTO "Person" (_id_person,surname,village,street,descr,birth,sex,religion,mother_id) VALUES (34,'Čermáková','Ústí nad Labem','Veverka',130,'1857-11-07','žena','evangelík',33);
INSERT INTO "Person" (_id_person,surname,village,street,descr,birth,sex,religion,mother_id) VALUES (35,'Čermáková','Ústí nad Labem','Havla',5862,'1858-07-31','žena','evangelík',33);
INSERT INTO "Person" (_id_person,surname,village,street,descr,birth,sex,religion,mother_id) VALUES (36,'Čermák','Kladno','čížek',89265,'1857-06-25','muž','evangelík',33);
INSERT INTO "Person" (_id_person,surname,village,street,descr,birth,sex,religion,mother_id) VALUES (37,'Čermáková','Ústí nad Labem','Strnad',03676,'1861-04-19','žena','evangelík',33);
INSERT INTO "Person" (_id_person,surname,village,street,descr,birth,sex,religion) VALUES (38,'Mareková','Olomouc','Sovová',6947,'1806-10-13','žena','katolík');
INSERT INTO "Person" (_id_person,surname,village,street,descr,birth,sex,religion) VALUES (39,'Marek','Olomouc','Sovová',6947,'1802-05-09','muž','evangelík');
INSERT INTO "Person" (_id_person,surname,village,street,descr,birth,sex,religion,mother_id,father_id) VALUES (40,'Mareková','Olomouc','Sovová',6947,'1833-08-11','žena','katolík',38,39);
INSERT INTO "Person" (_id_person,surname,village,street,descr,birth,sex,religion) VALUES (41,'Ševčíková','Kladno','Josef',3067,'1808-09-02','žena','evangelík');
INSERT INTO "Person" (_id_person,surname,village,street,descr,birth,sex,religion) VALUES (42,'Ševčík','Kladno','Josef',3067,'1801-06-28','muž','evangelík');
INSERT INTO "Person" (_id_person,surname,village,street,descr,birth,sex,religion,mother_id,father_id) VALUES (43,'Ševčík','Kladno','Josef',3067,'1826-07-28','muž','evangelík',41,42);
INSERT INTO "Person" (_id_person,surname,village,street,descr,birth,sex,religion) VALUES (44,'Beráneková','Brno','Virgin',3360,'1805-05-13','žena','nepokřtěn');
INSERT INTO "Person" (_id_person,surname,village,street,descr,birth,sex,religion) VALUES (45,'Beránek','Brno','Virgin',3360,'1809-07-09','muž','nepokřtěn');
INSERT INTO "Person" (_id_person,surname,village,street,descr,birth,sex,religion,mother_id,father_id) VALUES (46,'Beránek','Brno','Virgin',3360,'1838-02-09','muž','nepokřtěn',44,45);
INSERT INTO "Person" (_id_person,surname,village,street,descr,birth,sex,religion) VALUES (47,'Staněková','Ostrava','Zemánková',0727,'1808-02-06','žena','evangelík');
INSERT INTO "Person" (_id_person,surname,village,street,descr,birth,sex,religion) VALUES (48,'Staněk','Ostrava','Zemánková',0727,'1800-01-08','muž','evangelík');
INSERT INTO "Person" (_id_person,surname,village,street,descr,birth,sex,religion,mother_id,father_id) VALUES (49,'Staněk','Ostrava','Zemánková',0727,'1837-07-03','muž','evangelík',47,48);
INSERT INTO "Person" (_id_person,surname,village,street,descr,birth,sex,religion,father_id) VALUES (50,'Staněk','Ostrava','Palmira',1186,'1858-06-10','muž','evangelík',49);
INSERT INTO "Person" (_id_person,surname,village,street,descr,birth,sex,religion,father_id) VALUES (51,'Staněk','Ostrava','Světlana',80435,'1865-07-19','muž','evangelík',49);
INSERT INTO "Person" (_id_person,surname,village,street,descr,birth,sex,religion,father_id) VALUES (52,'Staněková','Ostrava','Bína',6383,'1869-09-22','žena','evangelík',49);
INSERT INTO "Person" (_id_person,surname,village,street,descr,birth,sex,religion,father_id) VALUES (53,'Staněk','Ostrava','Nikodém',9889,'1856-02-20','muž','evangelík',49);
INSERT INTO "Person" (_id_person,surname,village,street,descr,birth,sex,religion) VALUES (54,'Marešová','Plzeň','Pavlín',8560,'1803-04-16','žena','katolík');
INSERT INTO "Person" (_id_person,surname,village,street,descr,birth,sex,religion) VALUES (55,'Mareš','Plzeň','Pavlín',8560,'1805-02-05','muž','katolík');
INSERT INTO "Person" (_id_person,surname,village,street,descr,birth,sex,religion,mother_id,father_id) VALUES (56,'Mareš','Plzeň','Pavlín',8560,'1825-02-17','muž','katolík',54,55);
INSERT INTO "Person" (_id_person,surname,village,street,descr,birth,sex,religion,father_id) VALUES (57,'Mareš','Havířov','Zouharová',8781,'1859-10-07','muž','katolík',56);
INSERT INTO "Person" (_id_person,surname,village,street,descr,birth,sex,religion) VALUES (58,'Krausová','Most','Lia',2778,'1802-08-27','žena','nepokřtěn');
INSERT INTO "Person" (_id_person,surname,village,street,descr,birth,sex,religion) VALUES (59,'Kraus','Most','Lia',2778,'1809-10-13','muž','evangelík');
INSERT INTO "Person" (_id_person,surname,village,street,descr,birth,sex,religion,mother_id,father_id) VALUES (60,'Krausová','Most','Lia',2778,'1826-08-22','žena','evangelík',58,59);
INSERT INTO "Person" (_id_person,surname,village,street,descr,birth,sex,religion) VALUES (61,'Vaněková','Opava','Vít',2361,'1808-07-19','žena','evangelík');
INSERT INTO "Person" (_id_person,surname,village,street,descr,birth,sex,religion) VALUES (62,'Vaněk','Opava','Vít',2361,'1801-03-02','muž','evangelík');
INSERT INTO "Person" (_id_person,surname,village,street,descr,birth,sex,religion,mother_id,father_id) VALUES (63,'Vaněk','Opava','Vít',2361,'1830-07-26','muž','evangelík',61,62);
INSERT INTO "Person" (_id_person,surname,village,street,descr,birth,sex,religion,father_id) VALUES (64,'Vaněková','Opava','Starýová',143,'1865-07-29','žena','evangelík',63);
INSERT INTO "Person" (_id_person,surname,village,street,descr,birth,sex,religion) VALUES (65,'Staněková','Plzeň','Eduard',4863,'1807-04-15','žena','katolík');
INSERT INTO "Person" (_id_person,surname,village,street,descr,birth,sex,religion) VALUES (66,'Staněk','Plzeň','Eduard',4863,'1804-07-29','muž','evangelík');
INSERT INTO "Person" (_id_person,surname,village,street,descr,birth,sex,religion,mother_id,father_id) VALUES (67,'Staněková','Plzeň','Eduard',4863,'1837-11-20','žena','evangelík',65,66);
INSERT INTO "Person" (_id_person,surname,village,street,descr,birth,sex,religion) VALUES (68,'Mašeková','Kladno','Valášková',0263,'1800-05-22','žena','nepokřtěn');
INSERT INTO "Person" (_id_person,surname,village,street,descr,birth,sex,religion) VALUES (69,'Mašek','Kladno','Valášková',0263,'1800-06-15','muž','evangelík');
INSERT INTO "Person" (_id_person,surname,village,street,descr,birth,sex,religion,mother_id,father_id) VALUES (70,'Mašeková','Kladno','Valášková',0263,'1828-08-04','žena','evangelík',68,69);
INSERT INTO "Person" (_id_person,surname,village,street,descr,birth,sex,religion) VALUES (71,'Dvořáková','Hradec Králové','Bibiana',985,'1807-08-23','žena','nepokřtěn');
INSERT INTO "Person" (_id_person,surname,village,street,descr,birth,sex,religion) VALUES (72,'Dvořák','Hradec Králové','Bibiana',985,'1801-01-28','muž','nepokřtěn');
INSERT INTO "Person" (_id_person,surname,village,street,descr,birth,sex,religion,mother_id,father_id) VALUES (73,'Dvořáková','Hradec Králové','Bibiana',985,'1833-05-18','žena','nepokřtěn',71,72);
INSERT INTO "Person" (_id_person,surname,village,street,descr,birth,sex,religion) VALUES (74,'Kolářová','Brno','Bazil',382,'1807-12-16','žena','katolík');
INSERT INTO "Person" (_id_person,surname,village,street,descr,birth,sex,religion) VALUES (75,'Kolář','Brno','Bazil',382,'1800-10-30','muž','katolík');
INSERT INTO "Person" (_id_person,surname,village,street,descr,birth,sex,religion,mother_id,father_id) VALUES (76,'Kolář','Brno','Bazil',382,'1833-11-07','muž','katolík',74,75);
INSERT INTO "Person" (_id_person,surname,village,street,descr,birth,sex,religion) VALUES (77,'Pavlíková','Brno','Armida',84353,'1808-03-07','žena','nepokřtěn');
INSERT INTO "Person" (_id_person,surname,village,street,descr,birth,sex,religion) VALUES (78,'Pavlík','Brno','Armida',84353,'1800-05-03','muž','nepokřtěn');
INSERT INTO "Person" (_id_person,surname,village,street,descr,birth,sex,religion,mother_id,father_id) VALUES (79,'Pavlík','Brno','Armida',84353,'1829-04-29','muž','nepokřtěn',77,78);
INSERT INTO "Person" (_id_person,surname,village,street,descr,birth,sex,religion) VALUES (80,'Navrátilová','Kladno','Martina',17637,'1803-05-18','žena','evangelík');
INSERT INTO "Person" (_id_person,surname,village,street,descr,birth,sex,religion) VALUES (81,'Navrátil','Kladno','Martina',17637,'1805-02-17','muž','evangelík');
INSERT INTO "Person" (_id_person,surname,village,street,descr,birth,sex,religion,mother_id,father_id) VALUES (82,'Navrátilová','Kladno','Martina',17637,'1833-08-27','žena','evangelík',80,81);
INSERT INTO "Person" (_id_person,surname,village,street,descr,birth,sex,religion,mother_id) VALUES (83,'Navrátil','Kladno','Sobotková',91689,'1867-12-14','muž','evangelík',82);
INSERT INTO "Person" (_id_person,surname,village,street,descr,birth,sex,religion) VALUES (84,'Novaková','Kladno','Křenková',19310,'1800-06-27','žena','katolík');
INSERT INTO "Person" (_id_person,surname,village,street,descr,birth,sex,religion) VALUES (85,'Novak','Kladno','Křenková',19310,'1807-08-10','muž','katolík');
INSERT INTO "Person" (_id_person,surname,village,street,descr,birth,sex,religion,mother_id,father_id) VALUES (86,'Novak','Kladno','Křenková',19310,'1834-06-30','muž','katolík',84,85);
INSERT INTO "Person" (_id_person,surname,village,street,descr,birth,sex,religion,father_id) VALUES (87,'Novaková','Kladno','Svačinová',46408,'1864-04-25','žena','katolík',86);
INSERT INTO "Person" (_id_person,surname,village,street,descr,birth,sex,religion,father_id) VALUES (88,'Novak','Kladno','Arleta',8255,'1867-08-06','muž','katolík',86);
INSERT INTO "Person" (_id_person,surname,village,street,descr,birth,sex,religion) VALUES (89,'Čechová','Plzeň','šváb',872,'1806-03-27','žena','nepokřtěn');
INSERT INTO "Person" (_id_person,surname,village,street,descr,birth,sex,religion) VALUES (90,'Čech','Plzeň','šváb',872,'1808-12-01','muž','evangelík');
INSERT INTO "Person" (_id_person,surname,village,street,descr,birth,sex,religion,mother_id,father_id) VALUES (91,'Čechová','Plzeň','šváb',872,'1832-12-24','žena','nepokřtěn',89,90);
INSERT INTO "Person" (_id_person,surname,village,street,descr,birth,sex,religion,mother_id) VALUES (92,'Čech','Plzeň','Hamplová',89647,'1869-03-15','muž','nepokřtěn',91);
INSERT INTO "Person" (_id_person,surname,village,street,descr,birth,sex,religion,mother_id) VALUES (93,'Čech','Plzeň','Kalousková',18182,'1855-09-20','muž','nepokřtěn',91);
INSERT INTO "Person" (_id_person,surname,village,street,descr,birth,sex,religion,mother_id) VALUES (94,'Čechová','Plzeň','Luisa',4159,'1861-05-10','žena','nepokřtěn',91);
INSERT INTO "Person" (_id_person,surname,village,street,descr,birth,sex,religion,mother_id) VALUES (95,'Čechová','Plzeň','Kosová',3684,'1863-12-10','žena','nepokřtěn',91);
INSERT INTO "Person" (_id_person,surname,village,street,descr,birth,sex,religion) VALUES (96,'Bíleková','Opava','Tancošová',5266,'1805-04-12','žena','nepokřtěn');
INSERT INTO "Person" (_id_person,surname,village,street,descr,birth,sex,religion) VALUES (97,'Bílek','Opava','Tancošová',5266,'1803-06-28','muž','nepokřtěn');
INSERT INTO "Person" (_id_person,surname,village,street,descr,birth,sex,religion,mother_id,father_id) VALUES (98,'Bíleková','Opava','Tancošová',5266,'1828-07-02','žena','nepokřtěn',96,97);
INSERT INTO "Person" (_id_person,surname,village,street,descr,birth,sex,religion) VALUES (99,'Holubová','Praha','Jiljí',972,'1801-09-02','žena','nepokřtěn');
INSERT INTO "Person" (_id_person,surname,village,street,descr,birth,sex,religion) VALUES (100,'Holub','Praha','Jiljí',972,'1806-02-25','muž','nepokřtěn');
INSERT INTO "Person" (_id_person,surname,village,street,descr,birth,sex,religion,mother_id,father_id) VALUES (101,'Holub','Praha','Jiljí',972,'1835-10-13','muž','nepokřtěn',99,100);
INSERT INTO "Person" (_id_person,surname,village,street,descr,birth,sex,religion) VALUES (102,'Burešová','Ústí nad Labem','Pohl',8423,'1805-10-16','žena','nepokřtěn');
INSERT INTO "Person" (_id_person,surname,village,street,descr,birth,sex,religion) VALUES (103,'Bureš','Ústí nad Labem','Pohl',8423,'1807-08-13','muž','nepokřtěn');
INSERT INTO "Person" (_id_person,surname,village,street,descr,birth,sex,religion,mother_id,father_id) VALUES (104,'Bureš','Ústí nad Labem','Pohl',8423,'1837-06-21','muž','nepokřtěn',102,103);
INSERT INTO "Person" (_id_person,surname,village,street,descr,birth,sex,religion) VALUES (105,'Vaceková','České Budějovice','Marek',0514,'1808-03-09','žena','evangelík');
INSERT INTO "Person" (_id_person,surname,village,street,descr,birth,sex,religion) VALUES (106,'Vacek','České Budějovice','Marek',0514,'1809-12-04','muž','evangelík');
INSERT INTO "Person" (_id_person,surname,village,street,descr,birth,sex,religion,mother_id,father_id) VALUES (107,'Vaceková','České Budějovice','Marek',0514,'1831-05-07','žena','evangelík',105,106);
INSERT INTO "Person" (_id_person,surname,village,street,descr,birth,sex,religion,mother_id) VALUES (108,'Vaceková','České Budějovice','Serafín',5593,'1867-01-06','žena','evangelík',107);
INSERT INTO "Person" (_id_person,surname,village,street,descr,birth,sex,religion,mother_id) VALUES (109,'Vacek','České Budějovice','Volková',659,'1869-07-27','muž','evangelík',107);
INSERT INTO "Person" (_id_person,surname,village,street,descr,birth,sex,religion) VALUES (110,'Kratochvílová','Zlín','Strejčková',2512,'1804-05-25','žena','katolík');
INSERT INTO "Person" (_id_person,surname,village,street,descr,birth,sex,religion) VALUES (111,'Kratochvíl','Zlín','Strejčková',2512,'1809-01-12','muž','katolík');
INSERT INTO "Person" (_id_person,surname,village,street,descr,birth,sex,religion,mother_id,father_id) VALUES (112,'Kratochvíl','Zlín','Strejčková',2512,'1836-05-09','muž','katolík',110,111);
INSERT INTO "Person" (_id_person,surname,village,street,descr,birth,sex,religion,father_id) VALUES (113,'Kratochvíl','Zlín','Matouš',22287,'1861-09-21','muž','katolík',112);
INSERT INTO "Person" (_id_person,surname,village,street,descr,birth,sex,religion) VALUES (114,'Němečeková','Kladno','Filemon',30424,'1808-10-23','žena','evangelík');
INSERT INTO "Person" (_id_person,surname,village,street,descr,birth,sex,religion) VALUES (115,'Němeček','Kladno','Filemon',30424,'1805-10-03','muž','evangelík');
INSERT INTO "Person" (_id_person,surname,village,street,descr,birth,sex,religion,mother_id,father_id) VALUES (116,'Němeček','Kladno','Filemon',30424,'1830-08-23','muž','evangelík',114,115);
INSERT INTO "Person" (_id_person,surname,village,street,descr,birth,sex,religion) VALUES (117,'Bednářová','Olomouc','Miluše',48917,'1802-09-04','žena','katolík');
INSERT INTO "Person" (_id_person,surname,village,street,descr,birth,sex,religion) VALUES (118,'Bednář','Olomouc','Miluše',48917,'1806-03-21','muž','katolík');
INSERT INTO "Person" (_id_person,surname,village,street,descr,birth,sex,religion,mother_id,father_id) VALUES (119,'Bednář','Olomouc','Miluše',48917,'1829-07-06','muž','katolík',117,118);
INSERT INTO "Person" (_id_person,surname,village,street,descr,birth,sex,religion) VALUES (120,'Machová','Hradec Králové','Lukášková',196,'1809-05-29','žena','katolík');
INSERT INTO "Person" (_id_person,surname,village,street,descr,birth,sex,religion) VALUES (121,'Mach','Hradec Králové','Lukášková',196,'1803-05-23','muž','katolík');
INSERT INTO "Person" (_id_person,surname,village,street,descr,birth,sex,religion,mother_id,father_id) VALUES (122,'Mach','Hradec Králové','Lukášková',196,'1829-01-27','muž','katolík',120,121);
INSERT INTO "Person" (_id_person,surname,village,street,descr,birth,sex,religion) VALUES (123,'Křížová','Zlín','Živan',5159,'1805-09-16','žena','evangelík');
INSERT INTO "Person" (_id_person,surname,village,street,descr,birth,sex,religion) VALUES (124,'Kříž','Zlín','Živan',5159,'1801-04-06','muž','evangelík');
INSERT INTO "Person" (_id_person,surname,village,street,descr,birth,sex,religion,mother_id,father_id) VALUES (125,'Křížová','Zlín','Živan',5159,'1838-11-18','žena','evangelík',123,124);
INSERT INTO "Person" (_id_person,surname,village,street,descr,birth,sex,religion) VALUES (126,'Víteková','Hradec Králové','Trnková',319,'1806-02-09','žena','evangelík');
INSERT INTO "Person" (_id_person,surname,village,street,descr,birth,sex,religion) VALUES (127,'Vítek','Hradec Králové','Trnková',319,'1801-02-15','muž','evangelík');
INSERT INTO "Person" (_id_person,surname,village,street,descr,birth,sex,religion,mother_id,father_id) VALUES (128,'Vítek','Hradec Králové','Trnková',319,'1834-01-11','muž','evangelík',126,127);
INSERT INTO "Person" (_id_person,surname,village,street,descr,birth,sex,religion,father_id) VALUES (129,'Vítek','Hradec Králové','Mirela',5253,'1864-11-12','muž','evangelík',128);
INSERT INTO "Person" (_id_person,surname,village,street,descr,birth,sex,religion,father_id) VALUES (130,'Víteková','Hradec Králové','Zlatan',05989,'1860-12-05','žena','evangelík',128);
INSERT INTO "Person" (_id_person,surname,village,street,descr,birth,sex,religion) VALUES (131,'Krausová','Ostrava','Peška',6871,'1806-12-01','žena','katolík');
INSERT INTO "Person" (_id_person,surname,village,street,descr,birth,sex,religion) VALUES (132,'Kraus','Ostrava','Peška',6871,'1808-12-03','muž','katolík');
INSERT INTO "Person" (_id_person,surname,village,street,descr,birth,sex,religion,mother_id,father_id) VALUES (133,'Kraus','Ostrava','Peška',6871,'1834-11-11','muž','katolík',131,132);
INSERT INTO "Person" (_id_person,surname,village,street,descr,birth,sex,religion,father_id) VALUES (134,'Krausová','Ostrava','Berta',69688,'1855-06-07','žena','katolík',133);
INSERT INTO "Person" (_id_person,surname,village,street,descr,birth,sex,religion) VALUES (135,'Müllerová','Kladno','Táborskýová',34959,'1805-12-27','žena','evangelík');
INSERT INTO "Person" (_id_person,surname,village,street,descr,birth,sex,religion) VALUES (136,'Müller','Kladno','Táborskýová',34959,'1809-01-21','muž','nepokřtěn');
INSERT INTO "Person" (_id_person,surname,village,street,descr,birth,sex,religion,mother_id,father_id) VALUES (137,'Müller','Kladno','Táborskýová',34959,'1833-10-13','muž','evangelík',135,136);
INSERT INTO "Person" (_id_person,surname,village,street,descr,birth,sex,religion,father_id) VALUES (138,'Müllerová','Kladno','Jošt',81657,'1855-03-24','žena','evangelík',137);
INSERT INTO "Person" (_id_person,surname,village,street,descr,birth,sex,religion,father_id) VALUES (139,'Müller','Kladno','Mokrý',7325,'1858-02-02','muž','evangelík',137);
INSERT INTO "Person" (_id_person,surname,village,street,descr,birth,sex,religion,father_id) VALUES (140,'Müller','Kladno','Leo',293,'1868-07-27','muž','evangelík',137);
INSERT INTO "Person" (_id_person,surname,village,street,descr,birth,sex,religion) VALUES (141,'Tesařová','Most','šiška',38382,'1807-04-17','žena','evangelík');
INSERT INTO "Person" (_id_person,surname,village,street,descr,birth,sex,religion) VALUES (142,'Tesař','Most','šiška',38382,'1809-10-28','muž','evangelík');
INSERT INTO "Person" (_id_person,surname,village,street,descr,birth,sex,religion,mother_id,father_id) VALUES (143,'Tesař','Most','šiška',38382,'1838-06-06','muž','evangelík',141,142);
INSERT INTO "Person" (_id_person,surname,village,street,descr,birth,sex,religion,father_id) VALUES (144,'Tesař','Most','Vivian',7888,'1863-10-04','muž','evangelík',143);
INSERT INTO "Person" (_id_person,surname,village,street,descr,birth,sex,religion) VALUES (145,'Sedláková','Havířov','Králová',04323,'1808-07-17','žena','katolík');
INSERT INTO "Person" (_id_person,surname,village,street,descr,birth,sex,religion) VALUES (146,'Sedlák','Havířov','Králová',04323,'1809-06-25','muž','nepokřtěn');
INSERT INTO "Person" (_id_person,surname,village,street,descr,birth,sex,religion,mother_id,father_id) VALUES (147,'Sedlák','Havířov','Králová',04323,'1834-08-11','muž','nepokřtěn',145,146);
INSERT INTO "Person" (_id_person,surname,village,street,descr,birth,sex,religion,father_id) VALUES (148,'Sedlák','Brno','štěrbová',1660,'1863-06-11','muž','nepokřtěn',147);
INSERT INTO "Person" (_id_person,surname,village,street,descr,birth,sex,religion,father_id) VALUES (149,'Sedláková','Zlín','Leontýn',717,'1867-07-12','žena','nepokřtěn',147);
INSERT INTO "Person" (_id_person,surname,village,street,descr,birth,sex,religion,father_id) VALUES (150,'Sedlák','Havířov','Balážová',112,'1866-02-15','muž','nepokřtěn',147);
INSERT INTO "Person" (_id_person,surname,village,street,descr,birth,sex,religion,father_id) VALUES (151,'Sedláková','Most','Vanda',82095,'1868-12-19','žena','nepokřtěn',147);
INSERT INTO "Person" (_id_person,surname,village,street,descr,birth,sex,religion) VALUES (152,'Kovařová','Praha','Bivoj',578,'1801-10-05','žena','nepokřtěn');
INSERT INTO "Person" (_id_person,surname,village,street,descr,birth,sex,religion) VALUES (153,'Kovař','Praha','Bivoj',578,'1802-02-21','muž','katolík');
INSERT INTO "Person" (_id_person,surname,village,street,descr,birth,sex,religion,mother_id,father_id) VALUES (154,'Kovařová','Praha','Bivoj',578,'1834-04-01','žena','katolík',152,153);
INSERT INTO "Person" (_id_person,surname,village,street,descr,birth,sex,religion,mother_id) VALUES (155,'Kovařová','Praha','Steiner',30183,'1869-01-20','žena','katolík',154);
INSERT INTO "Person" (_id_person,surname,village,street,descr,birth,sex,religion,mother_id) VALUES (156,'Kovař','Praha','Vávra',8929,'1860-06-01','muž','katolík',154);
INSERT INTO "Person" (_id_person,surname,village,street,descr,birth,sex,religion,mother_id) VALUES (157,'Kovař','Praha','Brázda',943,'1861-08-20','muž','katolík',154);
INSERT INTO "Person" (_id_person,surname,village,street,descr,birth,sex,religion,mother_id) VALUES (158,'Kovař','Praha','Petr',77762,'1855-06-10','muž','katolík',154);
INSERT INTO "Person" (_id_person,surname,village,street,descr,birth,sex,religion) VALUES (159,'Němecová','Praha','Ruprecht',008,'1807-03-17','žena','evangelík');
INSERT INTO "Person" (_id_person,surname,village,street,descr,birth,sex,religion) VALUES (160,'Němec','Praha','Ruprecht',008,'1805-10-28','muž','evangelík');
INSERT INTO "Person" (_id_person,surname,village,street,descr,birth,sex,religion,mother_id,father_id) VALUES (161,'Němecová','Praha','Ruprecht',008,'1828-04-24','žena','evangelík',159,160);
INSERT INTO "Person" (_id_person,surname,village,street,descr,birth,sex,religion) VALUES (162,'Hájeková','Most','Pravomila',66436,'1803-03-22','žena','katolík');
INSERT INTO "Person" (_id_person,surname,village,street,descr,birth,sex,religion) VALUES (163,'Hájek','Most','Pravomila',66436,'1807-10-08','muž','katolík');
INSERT INTO "Person" (_id_person,surname,village,street,descr,birth,sex,religion,mother_id,father_id) VALUES (164,'Hájeková','Most','Pravomila',66436,'1828-05-22','žena','katolík',162,163);
INSERT INTO "Person" (_id_person,surname,village,street,descr,birth,sex,religion) VALUES (165,'Dušeková','Ústí nad Labem','Rybová',94265,'1802-05-24','žena','nepokřtěn');
INSERT INTO "Person" (_id_person,surname,village,street,descr,birth,sex,religion) VALUES (166,'Dušek','Ústí nad Labem','Rybová',94265,'1800-06-03','muž','katolík');
INSERT INTO "Person" (_id_person,surname,village,street,descr,birth,sex,religion,mother_id,father_id) VALUES (167,'Dušek','Ústí nad Labem','Rybová',94265,'1833-06-10','muž','nepokřtěn',165,166);
INSERT INTO "Person" (_id_person,surname,village,street,descr,birth,sex,religion) VALUES (168,'Musilová','Zlín','Pašek',1863,'1804-12-17','žena','katolík');
INSERT INTO "Person" (_id_person,surname,village,street,descr,birth,sex,religion) VALUES (169,'Musil','Zlín','Pašek',1863,'1806-03-06','muž','evangelík');
INSERT INTO "Person" (_id_person,surname,village,street,descr,birth,sex,religion,mother_id,father_id) VALUES (170,'Musilová','Zlín','Pašek',1863,'1830-10-16','žena','katolík',168,169);
INSERT INTO "Person" (_id_person,surname,village,street,descr,birth,sex,religion) VALUES (171,'Beranová','Praha','šírová',42864,'1800-09-17','žena','katolík');
INSERT INTO "Person" (_id_person,surname,village,street,descr,birth,sex,religion) VALUES (172,'Beran','Praha','šírová',42864,'1803-09-19','muž','katolík');
INSERT INTO "Person" (_id_person,surname,village,street,descr,birth,sex,religion,mother_id,father_id) VALUES (173,'Beran','Praha','šírová',42864,'1833-06-20','muž','katolík',171,172);
INSERT INTO "Person" (_id_person,surname,village,street,descr,birth,sex,religion) VALUES (174,'Macháčeková','Havířov','Zábranský',31317,'1808-11-03','žena','nepokřtěn');
INSERT INTO "Person" (_id_person,surname,village,street,descr,birth,sex,religion) VALUES (175,'Macháček','Havířov','Zábranský',31317,'1809-10-18','muž','nepokřtěn');
INSERT INTO "Person" (_id_person,surname,village,street,descr,birth,sex,religion,mother_id,father_id) VALUES (176,'Macháček','Havířov','Zábranský',31317,'1832-09-28','muž','nepokřtěn',174,175);
INSERT INTO "Person" (_id_person,surname,village,street,descr,birth,sex,religion,father_id) VALUES (177,'Macháček','České Budějovice','Adriena',13062,'1861-04-30','muž','nepokřtěn',176);
INSERT INTO "Person" (_id_person,surname,village,street,descr,birth,sex,religion,father_id) VALUES (178,'Macháček','Havířov','Želimíra',973,'1863-09-23','muž','nepokřtěn',176);
INSERT INTO "Person" (_id_person,surname,village,street,descr,birth,sex,religion,father_id) VALUES (179,'Macháček','Havířov','Izaiáš',53014,'1857-06-11','muž','nepokřtěn',176);
INSERT INTO "Person" (_id_person,surname,village,street,descr,birth,sex,religion) VALUES (180,'Štěpáneková','Praha','Jareš',82614,'1805-05-02','žena','nepokřtěn');
INSERT INTO "Person" (_id_person,surname,village,street,descr,birth,sex,religion) VALUES (181,'Štěpánek','Praha','Jareš',82614,'1805-07-30','muž','nepokřtěn');
INSERT INTO "Person" (_id_person,surname,village,street,descr,birth,sex,religion,mother_id,father_id) VALUES (182,'Štěpánek','Praha','Jareš',82614,'1826-06-17','muž','nepokřtěn',180,181);
INSERT INTO "Person" (_id_person,surname,village,street,descr,birth,sex,religion,father_id) VALUES (183,'Štěpánek','Karviná','Jiří',041,'1858-03-24','muž','nepokřtěn',182);
INSERT INTO "Person" (_id_person,surname,village,street,descr,birth,sex,religion) VALUES (184,'Dostálová','Havířov','Vlková',171,'1806-03-03','žena','evangelík');
INSERT INTO "Person" (_id_person,surname,village,street,descr,birth,sex,religion) VALUES (185,'Dostál','Havířov','Vlková',171,'1805-09-29','muž','evangelík');
INSERT INTO "Person" (_id_person,surname,village,street,descr,birth,sex,religion,mother_id,father_id) VALUES (186,'Dostálová','Havířov','Vlková',171,'1836-07-30','žena','evangelík',184,185);
INSERT INTO "Person" (_id_person,surname,village,street,descr,birth,sex,religion,mother_id) VALUES (187,'Dostálová','Havířov','Vymazal',054,'1859-03-10','žena','evangelík',186);
INSERT INTO "Person" (_id_person,surname,village,street,descr,birth,sex,religion,mother_id) VALUES (188,'Dostálová','Frýdek-Místek','Kornel',696,'1863-06-29','žena','evangelík',186);
INSERT INTO "Person" (_id_person,surname,village,street,descr,birth,sex,religion) VALUES (189,'Kašparová','Havířov','Mareček',5566,'1806-04-14','žena','nepokřtěn');
INSERT INTO "Person" (_id_person,surname,village,street,descr,birth,sex,religion) VALUES (190,'Kašpar','Havířov','Mareček',5566,'1800-03-26','muž','nepokřtěn');
INSERT INTO "Person" (_id_person,surname,village,street,descr,birth,sex,religion,mother_id,father_id) VALUES (191,'Kašpar','Havířov','Mareček',5566,'1828-11-07','muž','nepokřtěn',189,190);
INSERT INTO "Person" (_id_person,surname,village,street,descr,birth,sex,religion,father_id) VALUES (192,'Kašpar','Plzeň','Blanka',2750,'1862-03-12','muž','nepokřtěn',191);
INSERT INTO "Person" (_id_person,surname,village,street,descr,birth,sex,religion,father_id) VALUES (193,'Kašpar','Havířov','Chmelař',03574,'1861-01-07','muž','nepokřtěn',191);
INSERT INTO "Person" (_id_person,surname,village,street,descr,birth,sex,religion,father_id) VALUES (194,'Kašparová','Havířov','Heda',9869,'1868-11-07','žena','nepokřtěn',191);
INSERT INTO "Person" (_id_person,surname,village,street,descr,birth,sex,religion,father_id) VALUES (195,'Kašpar','Havířov','Suchomlová',7236,'1857-03-09','muž','nepokřtěn',191);
INSERT INTO "Person" (_id_person,surname,village,street,descr,birth,sex,religion) VALUES (196,'Tomanová','Opava','Robin',30479,'1809-03-06','žena','evangelík');
INSERT INTO "Person" (_id_person,surname,village,street,descr,birth,sex,religion) VALUES (197,'Toman','Opava','Robin',30479,'1808-03-28','muž','katolík');
INSERT INTO "Person" (_id_person,surname,village,street,descr,birth,sex,religion,mother_id,father_id) VALUES (198,'Toman','Opava','Robin',30479,'1831-07-04','muž','katolík',196,197);
INSERT INTO "Person" (_id_person,surname,village,street,descr,birth,sex,religion) VALUES (199,'Tomanová','Praha','Hroch',85877,'1808-12-19','žena','evangelík');
INSERT INTO "Person" (_id_person,surname,village,street,descr,birth,sex,religion) VALUES (200,'Toman','Praha','Hroch',85877,'1802-08-20','muž','evangelík');
INSERT INTO "Person" (_id_person,surname,village,street,descr,birth,sex,religion,mother_id,father_id) VALUES (201,'Tomanová','Praha','Hroch',85877,'1833-02-12','žena','evangelík',199,200);
INSERT INTO "Person" (_id_person,surname,village,street,descr,birth,sex,religion,mother_id) VALUES (202,'Toman','Praha','Faustina',27816,'1856-06-10','muž','evangelík',201);
INSERT INTO "Person" (_id_person,surname,village,street,descr,birth,sex,religion,mother_id) VALUES (203,'Tomanová','Praha','Natálie',6782,'1859-08-25','žena','evangelík',201);
INSERT INTO "Person" (_id_person,surname,village,street,descr,birth,sex,religion,mother_id) VALUES (204,'Toman','Praha','Zbyňka',3598,'1869-06-14','muž','evangelík',201);
INSERT INTO "Person" (_id_person,surname,village,street,descr,birth,sex,religion) VALUES (205,'Kočíová','Pardubice','Saxona',690,'1809-07-09','žena','evangelík');
INSERT INTO "Person" (_id_person,surname,village,street,descr,birth,sex,religion) VALUES (206,'Kočí','Pardubice','Saxona',690,'1803-04-15','muž','katolík');
INSERT INTO "Person" (_id_person,surname,village,street,descr,birth,sex,religion,mother_id,father_id) VALUES (207,'Kočí','Pardubice','Saxona',690,'1839-07-31','muž','katolík',205,206);
INSERT INTO "Person" (_id_person,surname,village,street,descr,birth,sex,religion) VALUES (208,'Králová','Most','Myron',3466,'1802-01-03','žena','evangelík');
INSERT INTO "Person" (_id_person,surname,village,street,descr,birth,sex,religion) VALUES (209,'Král','Most','Myron',3466,'1801-11-17','muž','evangelík');
INSERT INTO "Person" (_id_person,surname,village,street,descr,birth,sex,religion,mother_id,father_id) VALUES (210,'Král','Most','Myron',3466,'1837-07-20','muž','evangelík',208,209);
INSERT INTO "Person" (_id_person,surname,village,street,descr,birth,sex,religion) VALUES (211,'Kadlecová','Pardubice','Ladislav',3818,'1802-08-04','žena','katolík');
INSERT INTO "Person" (_id_person,surname,village,street,descr,birth,sex,religion) VALUES (212,'Kadlec','Pardubice','Ladislav',3818,'1803-09-05','muž','katolík');
INSERT INTO "Person" (_id_person,surname,village,street,descr,birth,sex,religion,mother_id,father_id) VALUES (213,'Kadlecová','Pardubice','Ladislav',3818,'1831-06-16','žena','katolík',211,212);
INSERT INTO "Person" (_id_person,surname,village,street,descr,birth,sex,religion) VALUES (214,'Švecová','Plzeň','Nela',85583,'1801-10-12','žena','katolík');
INSERT INTO "Person" (_id_person,surname,village,street,descr,birth,sex,religion) VALUES (215,'Švec','Plzeň','Nela',85583,'1808-03-05','muž','katolík');
INSERT INTO "Person" (_id_person,surname,village,street,descr,birth,sex,religion,mother_id,father_id) VALUES (216,'Švec','Plzeň','Nela',85583,'1831-12-25','muž','katolík',214,215);
INSERT INTO "Person" (_id_person,surname,village,street,descr,birth,sex,religion) VALUES (217,'Doležalová','Pardubice','Hlaváč',56349,'1804-02-28','žena','evangelík');
INSERT INTO "Person" (_id_person,surname,village,street,descr,birth,sex,religion) VALUES (218,'Doležal','Pardubice','Hlaváč',56349,'1806-11-11','muž','evangelík');
INSERT INTO "Person" (_id_person,surname,village,street,descr,birth,sex,religion,mother_id,father_id) VALUES (219,'Doležalová','Pardubice','Hlaváč',56349,'1830-04-09','žena','evangelík',217,218);
INSERT INTO "Person" (_id_person,surname,village,street,descr,birth,sex,religion) VALUES (220,'Urbanová','Kladno','Váchová',979,'1808-05-20','žena','evangelík');
INSERT INTO "Person" (_id_person,surname,village,street,descr,birth,sex,religion) VALUES (221,'Urban','Kladno','Váchová',979,'1809-12-11','muž','evangelík');
INSERT INTO "Person" (_id_person,surname,village,street,descr,birth,sex,religion,mother_id,father_id) VALUES (222,'Urban','Kladno','Váchová',979,'1825-07-09','muž','evangelík',220,221);
INSERT INTO "Person" (_id_person,surname,village,street,descr,birth,sex,religion) VALUES (223,'Dušeková','České Budějovice','čadová',483,'1807-08-22','žena','evangelík');
INSERT INTO "Person" (_id_person,surname,village,street,descr,birth,sex,religion) VALUES (224,'Dušek','České Budějovice','čadová',483,'1806-12-18','muž','katolík');
INSERT INTO "Person" (_id_person,surname,village,street,descr,birth,sex,religion,mother_id,father_id) VALUES (225,'Dušeková','České Budějovice','čadová',483,'1833-03-17','žena','evangelík',223,224);
INSERT INTO "Person" (_id_person,surname,village,street,descr,birth,sex,religion) VALUES (226,'Sedláková','Most','šubrt',236,'1800-10-02','žena','evangelík');
INSERT INTO "Person" (_id_person,surname,village,street,descr,birth,sex,religion) VALUES (227,'Sedlák','Most','šubrt',236,'1803-06-23','muž','evangelík');
INSERT INTO "Person" (_id_person,surname,village,street,descr,birth,sex,religion,mother_id,father_id) VALUES (228,'Sedláková','Most','šubrt',236,'1839-09-10','žena','evangelík',226,227);
INSERT INTO "Person" (_id_person,surname,village,street,descr,birth,sex,religion) VALUES (229,'Pospíšilová','Zlín','Dědek',130,'1803-03-02','žena','evangelík');
INSERT INTO "Person" (_id_person,surname,village,street,descr,birth,sex,religion) VALUES (230,'Pospíšil','Zlín','Dědek',130,'1804-04-16','muž','evangelík');
INSERT INTO "Person" (_id_person,surname,village,street,descr,birth,sex,religion,mother_id,father_id) VALUES (231,'Pospíšilová','Zlín','Dědek',130,'1837-07-21','žena','evangelík',229,230);
INSERT INTO "Person" (_id_person,surname,village,street,descr,birth,sex,religion) VALUES (232,'Horáková','Pardubice','Xenie',020,'1805-12-05','žena','nepokřtěn');
INSERT INTO "Person" (_id_person,surname,village,street,descr,birth,sex,religion) VALUES (233,'Horák','Pardubice','Xenie',020,'1803-08-23','muž','nepokřtěn');
INSERT INTO "Person" (_id_person,surname,village,street,descr,birth,sex,religion,mother_id,father_id) VALUES (234,'Horáková','Pardubice','Xenie',020,'1830-06-25','žena','nepokřtěn',232,233);
INSERT INTO "Person" (_id_person,surname,village,street,descr,birth,sex,religion,mother_id) VALUES (235,'Horák','Pardubice','Rovena',7437,'1865-09-22','muž','nepokřtěn',234);
INSERT INTO "Person" (_id_person,surname,village,street,descr,birth,sex,religion,mother_id) VALUES (236,'Horák','Pardubice','Bělohlávková',8941,'1855-03-22','muž','nepokřtěn',234);
INSERT INTO "Person" (_id_person,surname,village,street,descr,birth,sex,religion,mother_id) VALUES (237,'Horáková','Pardubice','Bronislava',954,'1869-02-25','žena','nepokřtěn',234);
INSERT INTO "Person" (_id_person,surname,village,street,descr,birth,sex,religion,mother_id) VALUES (238,'Horáková','Pardubice','Kropáček',72353,'1867-08-08','žena','nepokřtěn',234);
INSERT INTO "Person" (_id_person,surname,village,street,descr,birth,sex,religion) VALUES (239,'Šimeková','Pardubice','Manon',79378,'1807-08-24','žena','nepokřtěn');
INSERT INTO "Person" (_id_person,surname,village,street,descr,birth,sex,religion) VALUES (240,'Šimek','Pardubice','Manon',79378,'1805-10-24','muž','nepokřtěn');
INSERT INTO "Person" (_id_person,surname,village,street,descr,birth,sex,religion,mother_id,father_id) VALUES (241,'Šimek','Pardubice','Manon',79378,'1830-07-20','muž','nepokřtěn',239,240);
INSERT INTO "Person" (_id_person,surname,village,street,descr,birth,sex,religion) VALUES (242,'Mareková','Praha','Angela',2654,'1809-04-01','žena','nepokřtěn');
INSERT INTO "Person" (_id_person,surname,village,street,descr,birth,sex,religion) VALUES (243,'Marek','Praha','Angela',2654,'1806-09-19','muž','evangelík');
INSERT INTO "Person" (_id_person,surname,village,street,descr,birth,sex,religion,mother_id,father_id) VALUES (244,'Marek','Praha','Angela',2654,'1834-09-29','muž','nepokřtěn',242,243);
INSERT INTO "Person" (_id_person,surname,village,street,descr,birth,sex,religion,father_id) VALUES (245,'Mareková','Praha','Majer',468,'1855-04-27','žena','nepokřtěn',244);
INSERT INTO "Person" (_id_person,surname,village,street,descr,birth,sex,religion,father_id) VALUES (246,'Mareková','Kladno','Lukáč',31724,'1868-10-17','žena','nepokřtěn',244);
INSERT INTO "Person" (_id_person,surname,village,street,descr,birth,sex,religion,father_id) VALUES (247,'Mareková','Olomouc','Křížková',0014,'1860-12-25','žena','nepokřtěn',244);
INSERT INTO "Person" (_id_person,surname,village,street,descr,birth,sex,religion) VALUES (248,'Strnadová','Most','Mrkvičková',699,'1806-10-04','žena','katolík');
INSERT INTO "Person" (_id_person,surname,village,street,descr,birth,sex,religion) VALUES (249,'Strnad','Most','Mrkvičková',699,'1809-10-26','muž','evangelík');
INSERT INTO "Person" (_id_person,surname,village,street,descr,birth,sex,religion,mother_id,father_id) VALUES (250,'Strnad','Most','Mrkvičková',699,'1828-03-02','muž','katolík',248,249);
INSERT INTO "Person" (_id_person,surname,village,street,descr,birth,sex,religion,father_id) VALUES (251,'Strnad','Most','Kovář',737,'1856-10-16','muž','katolík',250);
INSERT INTO "Person" (_id_person,surname,village,street,descr,birth,sex,religion) VALUES (252,'Mašeková','České Budějovice','Míková',107,'1807-10-11','žena','evangelík');
INSERT INTO "Person" (_id_person,surname,village,street,descr,birth,sex,religion) VALUES (253,'Mašek','České Budějovice','Míková',107,'1809-04-07','muž','katolík');
INSERT INTO "Person" (_id_person,surname,village,street,descr,birth,sex,religion,mother_id,father_id) VALUES (254,'Mašek','České Budějovice','Míková',107,'1828-11-15','muž','katolík',252,253);
INSERT INTO "Person" (_id_person,surname,village,street,descr,birth,sex,religion,father_id) VALUES (255,'Mašek','České Budějovice','Hvězdoslav',532,'1858-01-19','muž','katolík',254);
INSERT INTO "Person" (_id_person,surname,village,street,descr,birth,sex,religion) VALUES (256,'Šimeková','Ostrava','Zdražil',4811,'1801-03-01','žena','nepokřtěn');
INSERT INTO "Person" (_id_person,surname,village,street,descr,birth,sex,religion) VALUES (257,'Šimek','Ostrava','Zdražil',4811,'1808-12-07','muž','nepokřtěn');
INSERT INTO "Person" (_id_person,surname,village,street,descr,birth,sex,religion,mother_id,father_id) VALUES (258,'Šimeková','Ostrava','Zdražil',4811,'1832-05-08','žena','nepokřtěn',256,257);
INSERT INTO "Person" (_id_person,surname,village,street,descr,birth,sex,religion) VALUES (259,'Novaková','Most','Votrubová',9077,'1803-07-07','žena','evangelík');
INSERT INTO "Person" (_id_person,surname,village,street,descr,birth,sex,religion) VALUES (260,'Novak','Most','Votrubová',9077,'1804-02-05','muž','katolík');
INSERT INTO "Person" (_id_person,surname,village,street,descr,birth,sex,religion,mother_id,father_id) VALUES (261,'Novaková','Most','Votrubová',9077,'1834-01-04','žena','katolík',259,260);
INSERT INTO "Person" (_id_person,surname,village,street,descr,birth,sex,religion) VALUES (262,'Němečeková','Liberec','Celestýna',21216,'1802-05-09','žena','evangelík');
INSERT INTO "Person" (_id_person,surname,village,street,descr,birth,sex,religion) VALUES (263,'Němeček','Liberec','Celestýna',21216,'1802-07-25','muž','evangelík');
INSERT INTO "Person" (_id_person,surname,village,street,descr,birth,sex,religion,mother_id,father_id) VALUES (264,'Němečeková','Liberec','Celestýna',21216,'1835-07-01','žena','evangelík',262,263);
INSERT INTO "Person" (_id_person,surname,village,street,descr,birth,sex,religion) VALUES (265,'Moravecová','Opava','Kynclová',85645,'1801-08-22','žena','katolík');
INSERT INTO "Person" (_id_person,surname,village,street,descr,birth,sex,religion) VALUES (266,'Moravec','Opava','Kynclová',85645,'1806-03-18','muž','katolík');
INSERT INTO "Person" (_id_person,surname,village,street,descr,birth,sex,religion,mother_id,father_id) VALUES (267,'Moravec','Opava','Kynclová',85645,'1834-01-16','muž','katolík',265,266);
INSERT INTO "Person" (_id_person,surname,village,street,descr,birth,sex,religion) VALUES (268,'Kadlecová','České Budějovice','Ingrid',274,'1801-02-22','žena','evangelík');
INSERT INTO "Person" (_id_person,surname,village,street,descr,birth,sex,religion) VALUES (269,'Kadlec','České Budějovice','Ingrid',274,'1803-10-16','muž','evangelík');
INSERT INTO "Person" (_id_person,surname,village,street,descr,birth,sex,religion,mother_id,father_id) VALUES (270,'Kadlec','České Budějovice','Ingrid',274,'1826-03-17','muž','evangelík',268,269);
INSERT INTO "Person" (_id_person,surname,village,street,descr,birth,sex,religion) VALUES (271,'Blažeková','Praha','Kudláček',49209,'1802-07-18','žena','evangelík');
INSERT INTO "Person" (_id_person,surname,village,street,descr,birth,sex,religion) VALUES (272,'Blažek','Praha','Kudláček',49209,'1805-03-08','muž','evangelík');
INSERT INTO "Person" (_id_person,surname,village,street,descr,birth,sex,religion,mother_id,father_id) VALUES (273,'Blažeková','Praha','Kudláček',49209,'1827-12-03','žena','evangelík',271,272);
INSERT INTO "Person" (_id_person,surname,village,street,descr,birth,sex,religion) VALUES (274,'Fišerová','České Budějovice','Veronika',9828,'1803-01-26','žena','evangelík');
INSERT INTO "Person" (_id_person,surname,village,street,descr,birth,sex,religion) VALUES (275,'Fišer','České Budějovice','Veronika',9828,'1806-10-05','muž','evangelík');
INSERT INTO "Person" (_id_person,surname,village,street,descr,birth,sex,religion,mother_id,father_id) VALUES (276,'Fišer','České Budějovice','Veronika',9828,'1835-10-02','muž','evangelík',274,275);
INSERT INTO "Person" (_id_person,surname,village,street,descr,birth,sex,religion) VALUES (277,'Ježeková','Kladno','Jelnová',897,'1801-02-26','žena','evangelík');
INSERT INTO "Person" (_id_person,surname,village,street,descr,birth,sex,religion) VALUES (278,'Ježek','Kladno','Jelnová',897,'1804-10-21','muž','evangelík');
INSERT INTO "Person" (_id_person,surname,village,street,descr,birth,sex,religion,mother_id,father_id) VALUES (279,'Ježek','Kladno','Jelnová',897,'1833-06-27','muž','evangelík',277,278);
INSERT INTO "Person" (_id_person,surname,village,street,descr,birth,sex,religion,father_id) VALUES (280,'Ježek','Kladno','Seidlová',251,'1869-03-11','muž','evangelík',279);
INSERT INTO "Person" (_id_person,surname,village,street,descr,birth,sex,religion,father_id) VALUES (281,'Ježeková','Kladno','Bína',81066,'1863-10-05','žena','evangelík',279);
INSERT INTO "Person" (_id_person,surname,village,street,descr,birth,sex,religion,father_id) VALUES (282,'Ježek','Kladno','Strnad',72132,'1865-01-16','muž','evangelík',279);
--------------------------PersonName--------------------------
INSERT INTO "PersonName" (person_id,name_id) VALUES (0,208);
INSERT INTO "PersonName" (person_id,name_id) VALUES (1,21);
INSERT INTO "PersonName" (person_id,name_id) VALUES (2,352);
INSERT INTO "PersonName" (person_id,name_id) VALUES (3,320);
INSERT INTO "PersonName" (person_id,name_id) VALUES (4,110);
INSERT INTO "PersonName" (person_id,name_id) VALUES (5,114);
INSERT INTO "PersonName" (person_id,name_id) VALUES (6,136);
INSERT INTO "PersonName" (person_id,name_id) VALUES (7,328);
INSERT INTO "PersonName" (person_id,name_id) VALUES (8,111);
INSERT INTO "PersonName" (person_id,name_id) VALUES (9,214);
INSERT INTO "PersonName" (person_id,name_id) VALUES (10,317);
INSERT INTO "PersonName" (person_id,name_id) VALUES (11,143);
INSERT INTO "PersonName" (person_id,name_id) VALUES (12,188);
INSERT INTO "PersonName" (person_id,name_id) VALUES (13,235);
INSERT INTO "PersonName" (person_id,name_id) VALUES (14,325);
INSERT INTO "PersonName" (person_id,name_id) VALUES (15,71);
INSERT INTO "PersonName" (person_id,name_id) VALUES (16,87);
INSERT INTO "PersonName" (person_id,name_id) VALUES (17,231);
INSERT INTO "PersonName" (person_id,name_id) VALUES (18,115);
INSERT INTO "PersonName" (person_id,name_id) VALUES (19,272);
INSERT INTO "PersonName" (person_id,name_id) VALUES (20,149);
INSERT INTO "PersonName" (person_id,name_id) VALUES (21,98);
INSERT INTO "PersonName" (person_id,name_id) VALUES (22,288);
INSERT INTO "PersonName" (person_id,name_id) VALUES (23,330);
INSERT INTO "PersonName" (person_id,name_id) VALUES (24,28);
INSERT INTO "PersonName" (person_id,name_id) VALUES (25,166);
INSERT INTO "PersonName" (person_id,name_id) VALUES (26,281);
INSERT INTO "PersonName" (person_id,name_id) VALUES (27,6);
INSERT INTO "PersonName" (person_id,name_id) VALUES (28,138);
INSERT INTO "PersonName" (person_id,name_id) VALUES (29,302);
INSERT INTO "PersonName" (person_id,name_id) VALUES (30,100);
INSERT INTO "PersonName" (person_id,name_id) VALUES (31,283);
INSERT INTO "PersonName" (person_id,name_id) VALUES (32,181);
INSERT INTO "PersonName" (person_id,name_id) VALUES (33,304);
INSERT INTO "PersonName" (person_id,name_id) VALUES (34,223);
INSERT INTO "PersonName" (person_id,name_id) VALUES (35,296);
INSERT INTO "PersonName" (person_id,name_id) VALUES (36,79);
INSERT INTO "PersonName" (person_id,name_id) VALUES (37,258);
INSERT INTO "PersonName" (person_id,name_id) VALUES (38,297);
INSERT INTO "PersonName" (person_id,name_id) VALUES (39,44);
INSERT INTO "PersonName" (person_id,name_id) VALUES (40,368);
INSERT INTO "PersonName" (person_id,name_id) VALUES (41,193);
INSERT INTO "PersonName" (person_id,name_id) VALUES (42,104);
INSERT INTO "PersonName" (person_id,name_id) VALUES (43,182);
INSERT INTO "PersonName" (person_id,name_id) VALUES (44,299);
INSERT INTO "PersonName" (person_id,name_id) VALUES (45,109);
INSERT INTO "PersonName" (person_id,name_id) VALUES (46,163);
INSERT INTO "PersonName" (person_id,name_id) VALUES (47,191);
INSERT INTO "PersonName" (person_id,name_id) VALUES (48,133);
INSERT INTO "PersonName" (person_id,name_id) VALUES (49,167);
INSERT INTO "PersonName" (person_id,name_id) VALUES (50,176);
INSERT INTO "PersonName" (person_id,name_id) VALUES (51,164);
INSERT INTO "PersonName" (person_id,name_id) VALUES (52,252);
INSERT INTO "PersonName" (person_id,name_id) VALUES (53,57);
INSERT INTO "PersonName" (person_id,name_id) VALUES (54,359);
INSERT INTO "PersonName" (person_id,name_id) VALUES (55,119);
INSERT INTO "PersonName" (person_id,name_id) VALUES (56,33);
INSERT INTO "PersonName" (person_id,name_id) VALUES (57,69);
INSERT INTO "PersonName" (person_id,name_id) VALUES (58,195);
INSERT INTO "PersonName" (person_id,name_id) VALUES (59,26);
INSERT INTO "PersonName" (person_id,name_id) VALUES (60,311);
INSERT INTO "PersonName" (person_id,name_id) VALUES (61,212);
INSERT INTO "PersonName" (person_id,name_id) VALUES (62,170);
INSERT INTO "PersonName" (person_id,name_id) VALUES (63,52);
INSERT INTO "PersonName" (person_id,name_id) VALUES (64,277);
INSERT INTO "PersonName" (person_id,name_id) VALUES (65,342);
INSERT INTO "PersonName" (person_id,name_id) VALUES (66,32);
INSERT INTO "PersonName" (person_id,name_id) VALUES (67,206);
INSERT INTO "PersonName" (person_id,name_id) VALUES (68,279);
INSERT INTO "PersonName" (person_id,name_id) VALUES (69,9);
INSERT INTO "PersonName" (person_id,name_id) VALUES (70,354);
INSERT INTO "PersonName" (person_id,name_id) VALUES (71,203);
INSERT INTO "PersonName" (person_id,name_id) VALUES (72,74);
INSERT INTO "PersonName" (person_id,name_id) VALUES (73,312);
INSERT INTO "PersonName" (person_id,name_id) VALUES (74,343);
INSERT INTO "PersonName" (person_id,name_id) VALUES (75,60);
INSERT INTO "PersonName" (person_id,name_id) VALUES (76,23);
INSERT INTO "PersonName" (person_id,name_id) VALUES (77,303);
INSERT INTO "PersonName" (person_id,name_id) VALUES (78,42);
INSERT INTO "PersonName" (person_id,name_id) VALUES (79,178);
INSERT INTO "PersonName" (person_id,name_id) VALUES (80,300);
INSERT INTO "PersonName" (person_id,name_id) VALUES (81,0);
INSERT INTO "PersonName" (person_id,name_id) VALUES (82,331);
INSERT INTO "PersonName" (person_id,name_id) VALUES (83,159);
INSERT INTO "PersonName" (person_id,name_id) VALUES (84,189);
INSERT INTO "PersonName" (person_id,name_id) VALUES (85,73);
INSERT INTO "PersonName" (person_id,name_id) VALUES (86,120);
INSERT INTO "PersonName" (person_id,name_id) VALUES (87,294);
INSERT INTO "PersonName" (person_id,name_id) VALUES (88,118);
INSERT INTO "PersonName" (person_id,name_id) VALUES (89,232);
INSERT INTO "PersonName" (person_id,name_id) VALUES (90,121);
INSERT INTO "PersonName" (person_id,name_id) VALUES (91,282);
INSERT INTO "PersonName" (person_id,name_id) VALUES (92,1);
INSERT INTO "PersonName" (person_id,name_id) VALUES (93,25);
INSERT INTO "PersonName" (person_id,name_id) VALUES (94,220);
INSERT INTO "PersonName" (person_id,name_id) VALUES (95,267);
INSERT INTO "PersonName" (person_id,name_id) VALUES (96,253);
INSERT INTO "PersonName" (person_id,name_id) VALUES (97,86);
INSERT INTO "PersonName" (person_id,name_id) VALUES (98,329);
INSERT INTO "PersonName" (person_id,name_id) VALUES (99,334);
INSERT INTO "PersonName" (person_id,name_id) VALUES (100,47);
INSERT INTO "PersonName" (person_id,name_id) VALUES (101,150);
INSERT INTO "PersonName" (person_id,name_id) VALUES (102,313);
INSERT INTO "PersonName" (person_id,name_id) VALUES (103,72);
INSERT INTO "PersonName" (person_id,name_id) VALUES (104,132);
INSERT INTO "PersonName" (person_id,name_id) VALUES (105,335);
INSERT INTO "PersonName" (person_id,name_id) VALUES (106,137);
INSERT INTO "PersonName" (person_id,name_id) VALUES (107,215);
INSERT INTO "PersonName" (person_id,name_id) VALUES (108,332);
INSERT INTO "PersonName" (person_id,name_id) VALUES (109,107);
INSERT INTO "PersonName" (person_id,name_id) VALUES (110,351);
INSERT INTO "PersonName" (person_id,name_id) VALUES (111,155);
INSERT INTO "PersonName" (person_id,name_id) VALUES (112,123);
INSERT INTO "PersonName" (person_id,name_id) VALUES (113,88);
INSERT INTO "PersonName" (person_id,name_id) VALUES (114,230);
INSERT INTO "PersonName" (person_id,name_id) VALUES (115,38);
INSERT INTO "PersonName" (person_id,name_id) VALUES (116,103);
INSERT INTO "PersonName" (person_id,name_id) VALUES (117,201);
INSERT INTO "PersonName" (person_id,name_id) VALUES (118,156);
INSERT INTO "PersonName" (person_id,name_id) VALUES (119,63);
INSERT INTO "PersonName" (person_id,name_id) VALUES (120,238);
INSERT INTO "PersonName" (person_id,name_id) VALUES (121,15);
INSERT INTO "PersonName" (person_id,name_id) VALUES (122,101);
INSERT INTO "PersonName" (person_id,name_id) VALUES (123,200);
INSERT INTO "PersonName" (person_id,name_id) VALUES (124,169);
INSERT INTO "PersonName" (person_id,name_id) VALUES (125,251);
INSERT INTO "PersonName" (person_id,name_id) VALUES (126,310);
INSERT INTO "PersonName" (person_id,name_id) VALUES (127,175);
INSERT INTO "PersonName" (person_id,name_id) VALUES (128,76);
INSERT INTO "PersonName" (person_id,name_id) VALUES (129,82);
INSERT INTO "PersonName" (person_id,name_id) VALUES (130,202);
INSERT INTO "PersonName" (person_id,name_id) VALUES (131,327);
INSERT INTO "PersonName" (person_id,name_id) VALUES (132,97);
INSERT INTO "PersonName" (person_id,name_id) VALUES (133,17);
INSERT INTO "PersonName" (person_id,name_id) VALUES (134,268);
INSERT INTO "PersonName" (person_id,name_id) VALUES (135,198);
INSERT INTO "PersonName" (person_id,name_id) VALUES (136,147);
INSERT INTO "PersonName" (person_id,name_id) VALUES (137,81);
INSERT INTO "PersonName" (person_id,name_id) VALUES (138,346);
INSERT INTO "PersonName" (person_id,name_id) VALUES (139,19);
INSERT INTO "PersonName" (person_id,name_id) VALUES (140,173);
INSERT INTO "PersonName" (person_id,name_id) VALUES (141,345);
INSERT INTO "PersonName" (person_id,name_id) VALUES (142,53);
INSERT INTO "PersonName" (person_id,name_id) VALUES (143,22);
INSERT INTO "PersonName" (person_id,name_id) VALUES (144,171);
INSERT INTO "PersonName" (person_id,name_id) VALUES (145,240);
INSERT INTO "PersonName" (person_id,name_id) VALUES (146,8);
INSERT INTO "PersonName" (person_id,name_id) VALUES (147,180);
INSERT INTO "PersonName" (person_id,name_id) VALUES (148,96);
INSERT INTO "PersonName" (person_id,name_id) VALUES (149,236);
INSERT INTO "PersonName" (person_id,name_id) VALUES (150,185);
INSERT INTO "PersonName" (person_id,name_id) VALUES (151,358);
INSERT INTO "PersonName" (person_id,name_id) VALUES (152,326);
INSERT INTO "PersonName" (person_id,name_id) VALUES (153,30);
INSERT INTO "PersonName" (person_id,name_id) VALUES (154,369);
INSERT INTO "PersonName" (person_id,name_id) VALUES (155,187);
INSERT INTO "PersonName" (person_id,name_id) VALUES (156,95);
INSERT INTO "PersonName" (person_id,name_id) VALUES (157,108);
INSERT INTO "PersonName" (person_id,name_id) VALUES (158,31);
INSERT INTO "PersonName" (person_id,name_id) VALUES (159,211);
INSERT INTO "PersonName" (person_id,name_id) VALUES (160,140);
INSERT INTO "PersonName" (person_id,name_id) VALUES (161,363);
INSERT INTO "PersonName" (person_id,name_id) VALUES (162,341);
INSERT INTO "PersonName" (person_id,name_id) VALUES (163,29);
INSERT INTO "PersonName" (person_id,name_id) VALUES (164,273);
INSERT INTO "PersonName" (person_id,name_id) VALUES (165,324);
INSERT INTO "PersonName" (person_id,name_id) VALUES (166,83);
INSERT INTO "PersonName" (person_id,name_id) VALUES (167,20);
INSERT INTO "PersonName" (person_id,name_id) VALUES (168,333);
INSERT INTO "PersonName" (person_id,name_id) VALUES (169,106);
INSERT INTO "PersonName" (person_id,name_id) VALUES (170,227);
INSERT INTO "PersonName" (person_id,name_id) VALUES (171,295);
INSERT INTO "PersonName" (person_id,name_id) VALUES (172,177);
INSERT INTO "PersonName" (person_id,name_id) VALUES (173,146);
INSERT INTO "PersonName" (person_id,name_id) VALUES (174,225);
INSERT INTO "PersonName" (person_id,name_id) VALUES (175,49);
INSERT INTO "PersonName" (person_id,name_id) VALUES (176,125);
INSERT INTO "PersonName" (person_id,name_id) VALUES (177,12);
INSERT INTO "PersonName" (person_id,name_id) VALUES (178,65);
INSERT INTO "PersonName" (person_id,name_id) VALUES (179,124);
INSERT INTO "PersonName" (person_id,name_id) VALUES (180,336);
INSERT INTO "PersonName" (person_id,name_id) VALUES (181,153);
INSERT INTO "PersonName" (person_id,name_id) VALUES (182,14);
INSERT INTO "PersonName" (person_id,name_id) VALUES (183,90);
INSERT INTO "PersonName" (person_id,name_id) VALUES (184,318);
INSERT INTO "PersonName" (person_id,name_id) VALUES (185,129);
INSERT INTO "PersonName" (person_id,name_id) VALUES (186,218);
INSERT INTO "PersonName" (person_id,name_id) VALUES (187,314);
INSERT INTO "PersonName" (person_id,name_id) VALUES (188,199);
INSERT INTO "PersonName" (person_id,name_id) VALUES (189,321);
INSERT INTO "PersonName" (person_id,name_id) VALUES (190,56);
INSERT INTO "PersonName" (person_id,name_id) VALUES (191,139);
INSERT INTO "PersonName" (person_id,name_id) VALUES (192,27);
INSERT INTO "PersonName" (person_id,name_id) VALUES (193,50);
INSERT INTO "PersonName" (person_id,name_id) VALUES (194,266);
INSERT INTO "PersonName" (person_id,name_id) VALUES (195,58);
INSERT INTO "PersonName" (person_id,name_id) VALUES (196,309);
INSERT INTO "PersonName" (person_id,name_id) VALUES (197,113);
INSERT INTO "PersonName" (person_id,name_id) VALUES (198,89);
INSERT INTO "PersonName" (person_id,name_id) VALUES (199,261);
INSERT INTO "PersonName" (person_id,name_id) VALUES (200,112);
INSERT INTO "PersonName" (person_id,name_id) VALUES (201,222);
INSERT INTO "PersonName" (person_id,name_id) VALUES (202,122);
INSERT INTO "PersonName" (person_id,name_id) VALUES (203,269);
INSERT INTO "PersonName" (person_id,name_id) VALUES (204,75);
INSERT INTO "PersonName" (person_id,name_id) VALUES (205,278);
INSERT INTO "PersonName" (person_id,name_id) VALUES (206,10);
INSERT INTO "PersonName" (person_id,name_id) VALUES (207,11);
INSERT INTO "PersonName" (person_id,name_id) VALUES (208,264);
INSERT INTO "PersonName" (person_id,name_id) VALUES (209,148);
INSERT INTO "PersonName" (person_id,name_id) VALUES (210,7);
INSERT INTO "PersonName" (person_id,name_id) VALUES (211,353);
INSERT INTO "PersonName" (person_id,name_id) VALUES (212,43);
INSERT INTO "PersonName" (person_id,name_id) VALUES (213,205);
INSERT INTO "PersonName" (person_id,name_id) VALUES (214,360);
INSERT INTO "PersonName" (person_id,name_id) VALUES (215,94);
INSERT INTO "PersonName" (person_id,name_id) VALUES (216,157);
INSERT INTO "PersonName" (person_id,name_id) VALUES (217,290);
INSERT INTO "PersonName" (person_id,name_id) VALUES (218,70);
INSERT INTO "PersonName" (person_id,name_id) VALUES (219,213);
INSERT INTO "PersonName" (person_id,name_id) VALUES (220,301);
INSERT INTO "PersonName" (person_id,name_id) VALUES (221,172);
INSERT INTO "PersonName" (person_id,name_id) VALUES (222,179);
INSERT INTO "PersonName" (person_id,name_id) VALUES (223,256);
INSERT INTO "PersonName" (person_id,name_id) VALUES (224,141);
INSERT INTO "PersonName" (person_id,name_id) VALUES (225,344);
INSERT INTO "PersonName" (person_id,name_id) VALUES (226,292);
INSERT INTO "PersonName" (person_id,name_id) VALUES (227,5);
INSERT INTO "PersonName" (person_id,name_id) VALUES (228,308);
INSERT INTO "PersonName" (person_id,name_id) VALUES (229,271);
INSERT INTO "PersonName" (person_id,name_id) VALUES (230,144);
INSERT INTO "PersonName" (person_id,name_id) VALUES (231,255);
INSERT INTO "PersonName" (person_id,name_id) VALUES (232,365);
INSERT INTO "PersonName" (person_id,name_id) VALUES (233,134);
INSERT INTO "PersonName" (person_id,name_id) VALUES (234,323);
INSERT INTO "PersonName" (person_id,name_id) VALUES (235,68);
INSERT INTO "PersonName" (person_id,name_id) VALUES (236,174);
INSERT INTO "PersonName" (person_id,name_id) VALUES (237,250);
INSERT INTO "PersonName" (person_id,name_id) VALUES (238,284);
INSERT INTO "PersonName" (person_id,name_id) VALUES (239,286);
INSERT INTO "PersonName" (person_id,name_id) VALUES (240,92);
INSERT INTO "PersonName" (person_id,name_id) VALUES (241,102);
INSERT INTO "PersonName" (person_id,name_id) VALUES (242,274);
INSERT INTO "PersonName" (person_id,name_id) VALUES (243,165);
INSERT INTO "PersonName" (person_id,name_id) VALUES (244,41);
INSERT INTO "PersonName" (person_id,name_id) VALUES (245,186);
INSERT INTO "PersonName" (person_id,name_id) VALUES (246,355);
INSERT INTO "PersonName" (person_id,name_id) VALUES (247,306);
INSERT INTO "PersonName" (person_id,name_id) VALUES (248,204);
INSERT INTO "PersonName" (person_id,name_id) VALUES (249,131);
INSERT INTO "PersonName" (person_id,name_id) VALUES (250,161);
INSERT INTO "PersonName" (person_id,name_id) VALUES (251,93);
INSERT INTO "PersonName" (person_id,name_id) VALUES (252,209);
INSERT INTO "PersonName" (person_id,name_id) VALUES (253,64);
INSERT INTO "PersonName" (person_id,name_id) VALUES (254,48);
INSERT INTO "PersonName" (person_id,name_id) VALUES (255,128);
INSERT INTO "PersonName" (person_id,name_id) VALUES (256,350);
INSERT INTO "PersonName" (person_id,name_id) VALUES (257,59);
INSERT INTO "PersonName" (person_id,name_id) VALUES (258,247);
INSERT INTO "PersonName" (person_id,name_id) VALUES (259,196);
INSERT INTO "PersonName" (person_id,name_id) VALUES (260,61);
INSERT INTO "PersonName" (person_id,name_id) VALUES (261,347);
INSERT INTO "PersonName" (person_id,name_id) VALUES (262,260);
INSERT INTO "PersonName" (person_id,name_id) VALUES (263,2);
INSERT INTO "PersonName" (person_id,name_id) VALUES (264,316);
INSERT INTO "PersonName" (person_id,name_id) VALUES (265,366);
INSERT INTO "PersonName" (person_id,name_id) VALUES (266,24);
INSERT INTO "PersonName" (person_id,name_id) VALUES (267,91);
INSERT INTO "PersonName" (person_id,name_id) VALUES (268,291);
INSERT INTO "PersonName" (person_id,name_id) VALUES (269,145);
INSERT INTO "PersonName" (person_id,name_id) VALUES (270,162);
INSERT INTO "PersonName" (person_id,name_id) VALUES (271,210);
INSERT INTO "PersonName" (person_id,name_id) VALUES (272,54);
INSERT INTO "PersonName" (person_id,name_id) VALUES (273,234);
INSERT INTO "PersonName" (person_id,name_id) VALUES (274,362);
INSERT INTO "PersonName" (person_id,name_id) VALUES (275,34);
INSERT INTO "PersonName" (person_id,name_id) VALUES (276,168);
INSERT INTO "PersonName" (person_id,name_id) VALUES (277,361);
INSERT INTO "PersonName" (person_id,name_id) VALUES (278,62);
--------------------------PersonOccupation--------------------------
INSERT INTO "PersonOccupation" (person_id,occup_id) VALUES (0,621);
INSERT INTO "PersonOccupation" (person_id,occup_id) VALUES (1,609);
INSERT INTO "PersonOccupation" (person_id,occup_id) VALUES (2,296);
INSERT INTO "PersonOccupation" (person_id,occup_id) VALUES (3,93);
INSERT INTO "PersonOccupation" (person_id,occup_id) VALUES (4,467);
INSERT INTO "PersonOccupation" (person_id,occup_id) VALUES (5,734);
INSERT INTO "PersonOccupation" (person_id,occup_id) VALUES (6,299);
INSERT INTO "PersonOccupation" (person_id,occup_id) VALUES (7,249);
INSERT INTO "PersonOccupation" (person_id,occup_id) VALUES (8,638);
INSERT INTO "PersonOccupation" (person_id,occup_id) VALUES (9,733);
INSERT INTO "PersonOccupation" (person_id,occup_id) VALUES (10,291);
INSERT INTO "PersonOccupation" (person_id,occup_id) VALUES (11,220);
INSERT INTO "PersonOccupation" (person_id,occup_id) VALUES (12,588);
INSERT INTO "PersonOccupation" (person_id,occup_id) VALUES (13,428);
INSERT INTO "PersonOccupation" (person_id,occup_id) VALUES (14,629);
INSERT INTO "PersonOccupation" (person_id,occup_id) VALUES (15,482);
INSERT INTO "PersonOccupation" (person_id,occup_id) VALUES (16,466);
INSERT INTO "PersonOccupation" (person_id,occup_id) VALUES (17,287);
INSERT INTO "PersonOccupation" (person_id,occup_id) VALUES (18,28);
INSERT INTO "PersonOccupation" (person_id,occup_id) VALUES (19,567);
INSERT INTO "PersonOccupation" (person_id,occup_id) VALUES (20,775);
INSERT INTO "PersonOccupation" (person_id,occup_id) VALUES (21,823);
INSERT INTO "PersonOccupation" (person_id,occup_id) VALUES (22,510);
INSERT INTO "PersonOccupation" (person_id,occup_id) VALUES (23,879);
INSERT INTO "PersonOccupation" (person_id,occup_id) VALUES (24,688);
INSERT INTO "PersonOccupation" (person_id,occup_id) VALUES (25,52);
INSERT INTO "PersonOccupation" (person_id,occup_id) VALUES (26,612);
INSERT INTO "PersonOccupation" (person_id,occup_id) VALUES (27,856);
INSERT INTO "PersonOccupation" (person_id,occup_id) VALUES (28,785);
INSERT INTO "PersonOccupation" (person_id,occup_id) VALUES (29,626);
INSERT INTO "PersonOccupation" (person_id,occup_id) VALUES (30,702);
INSERT INTO "PersonOccupation" (person_id,occup_id) VALUES (31,35);
INSERT INTO "PersonOccupation" (person_id,occup_id) VALUES (32,783);
INSERT INTO "PersonOccupation" (person_id,occup_id) VALUES (33,810);
INSERT INTO "PersonOccupation" (person_id,occup_id) VALUES (34,44);
INSERT INTO "PersonOccupation" (person_id,occup_id) VALUES (35,623);
INSERT INTO "PersonOccupation" (person_id,occup_id) VALUES (36,245);
INSERT INTO "PersonOccupation" (person_id,occup_id) VALUES (37,604);
INSERT INTO "PersonOccupation" (person_id,occup_id) VALUES (38,37);
INSERT INTO "PersonOccupation" (person_id,occup_id) VALUES (39,671);
INSERT INTO "PersonOccupation" (person_id,occup_id) VALUES (40,747);
INSERT INTO "PersonOccupation" (person_id,occup_id) VALUES (41,449);
INSERT INTO "PersonOccupation" (person_id,occup_id) VALUES (42,431);
INSERT INTO "PersonOccupation" (person_id,occup_id) VALUES (43,572);
INSERT INTO "PersonOccupation" (person_id,occup_id) VALUES (44,288);
INSERT INTO "PersonOccupation" (person_id,occup_id) VALUES (45,528);
INSERT INTO "PersonOccupation" (person_id,occup_id) VALUES (46,693);
INSERT INTO "PersonOccupation" (person_id,occup_id) VALUES (47,367);
INSERT INTO "PersonOccupation" (person_id,occup_id) VALUES (48,151);
INSERT INTO "PersonOccupation" (person_id,occup_id) VALUES (49,110);
INSERT INTO "PersonOccupation" (person_id,occup_id) VALUES (50,248);
INSERT INTO "PersonOccupation" (person_id,occup_id) VALUES (51,585);
INSERT INTO "PersonOccupation" (person_id,occup_id) VALUES (52,608);
INSERT INTO "PersonOccupation" (person_id,occup_id) VALUES (53,451);
INSERT INTO "PersonOccupation" (person_id,occup_id) VALUES (54,620);
INSERT INTO "PersonOccupation" (person_id,occup_id) VALUES (55,347);
INSERT INTO "PersonOccupation" (person_id,occup_id) VALUES (56,132);
INSERT INTO "PersonOccupation" (person_id,occup_id) VALUES (57,668);
INSERT INTO "PersonOccupation" (person_id,occup_id) VALUES (58,263);
INSERT INTO "PersonOccupation" (person_id,occup_id) VALUES (59,816);
INSERT INTO "PersonOccupation" (person_id,occup_id) VALUES (60,283);
INSERT INTO "PersonOccupation" (person_id,occup_id) VALUES (61,107);
INSERT INTO "PersonOccupation" (person_id,occup_id) VALUES (62,855);
INSERT INTO "PersonOccupation" (person_id,occup_id) VALUES (63,360);
INSERT INTO "PersonOccupation" (person_id,occup_id) VALUES (64,334);
INSERT INTO "PersonOccupation" (person_id,occup_id) VALUES (65,241);
INSERT INTO "PersonOccupation" (person_id,occup_id) VALUES (66,259);
INSERT INTO "PersonOccupation" (person_id,occup_id) VALUES (67,505);
INSERT INTO "PersonOccupation" (person_id,occup_id) VALUES (68,183);
INSERT INTO "PersonOccupation" (person_id,occup_id) VALUES (69,712);
INSERT INTO "PersonOccupation" (person_id,occup_id) VALUES (70,452);
INSERT INTO "PersonOccupation" (person_id,occup_id) VALUES (71,731);
INSERT INTO "PersonOccupation" (person_id,occup_id) VALUES (72,86);
INSERT INTO "PersonOccupation" (person_id,occup_id) VALUES (73,845);
INSERT INTO "PersonOccupation" (person_id,occup_id) VALUES (74,824);
INSERT INTO "PersonOccupation" (person_id,occup_id) VALUES (75,321);
INSERT INTO "PersonOccupation" (person_id,occup_id) VALUES (76,312);
INSERT INTO "PersonOccupation" (person_id,occup_id) VALUES (77,478);
INSERT INTO "PersonOccupation" (person_id,occup_id) VALUES (78,416);
INSERT INTO "PersonOccupation" (person_id,occup_id) VALUES (79,522);
INSERT INTO "PersonOccupation" (person_id,occup_id) VALUES (80,113);
INSERT INTO "PersonOccupation" (person_id,occup_id) VALUES (81,529);
INSERT INTO "PersonOccupation" (person_id,occup_id) VALUES (82,198);
INSERT INTO "PersonOccupation" (person_id,occup_id) VALUES (83,311);
INSERT INTO "PersonOccupation" (person_id,occup_id) VALUES (84,797);
INSERT INTO "PersonOccupation" (person_id,occup_id) VALUES (85,561);
INSERT INTO "PersonOccupation" (person_id,occup_id) VALUES (86,780);
INSERT INTO "PersonOccupation" (person_id,occup_id) VALUES (87,303);
INSERT INTO "PersonOccupation" (person_id,occup_id) VALUES (88,236);
INSERT INTO "PersonOccupation" (person_id,occup_id) VALUES (89,677);
INSERT INTO "PersonOccupation" (person_id,occup_id) VALUES (90,534);
INSERT INTO "PersonOccupation" (person_id,occup_id) VALUES (91,164);
INSERT INTO "PersonOccupation" (person_id,occup_id) VALUES (92,546);
INSERT INTO "PersonOccupation" (person_id,occup_id) VALUES (93,429);
INSERT INTO "PersonOccupation" (person_id,occup_id) VALUES (94,33);
INSERT INTO "PersonOccupation" (person_id,occup_id) VALUES (95,182);
INSERT INTO "PersonOccupation" (person_id,occup_id) VALUES (96,405);
INSERT INTO "PersonOccupation" (person_id,occup_id) VALUES (97,169);
INSERT INTO "PersonOccupation" (person_id,occup_id) VALUES (98,58);
INSERT INTO "PersonOccupation" (person_id,occup_id) VALUES (99,51);
INSERT INTO "PersonOccupation" (person_id,occup_id) VALUES (100,78);
INSERT INTO "PersonOccupation" (person_id,occup_id) VALUES (101,474);
INSERT INTO "PersonOccupation" (person_id,occup_id) VALUES (102,779);
INSERT INTO "PersonOccupation" (person_id,occup_id) VALUES (103,743);
INSERT INTO "PersonOccupation" (person_id,occup_id) VALUES (104,786);
INSERT INTO "PersonOccupation" (person_id,occup_id) VALUES (105,717);
INSERT INTO "PersonOccupation" (person_id,occup_id) VALUES (106,178);
INSERT INTO "PersonOccupation" (person_id,occup_id) VALUES (107,805);
INSERT INTO "PersonOccupation" (person_id,occup_id) VALUES (108,715);
INSERT INTO "PersonOccupation" (person_id,occup_id) VALUES (109,81);
INSERT INTO "PersonOccupation" (person_id,occup_id) VALUES (110,364);
INSERT INTO "PersonOccupation" (person_id,occup_id) VALUES (111,651);
INSERT INTO "PersonOccupation" (person_id,occup_id) VALUES (112,708);
INSERT INTO "PersonOccupation" (person_id,occup_id) VALUES (113,197);
INSERT INTO "PersonOccupation" (person_id,occup_id) VALUES (114,859);
INSERT INTO "PersonOccupation" (person_id,occup_id) VALUES (115,378);
INSERT INTO "PersonOccupation" (person_id,occup_id) VALUES (116,569);
INSERT INTO "PersonOccupation" (person_id,occup_id) VALUES (117,499);
INSERT INTO "PersonOccupation" (person_id,occup_id) VALUES (118,116);
INSERT INTO "PersonOccupation" (person_id,occup_id) VALUES (119,605);
INSERT INTO "PersonOccupation" (person_id,occup_id) VALUES (120,871);
INSERT INTO "PersonOccupation" (person_id,occup_id) VALUES (121,112);
INSERT INTO "PersonOccupation" (person_id,occup_id) VALUES (122,722);
INSERT INTO "PersonOccupation" (person_id,occup_id) VALUES (123,619);
INSERT INTO "PersonOccupation" (person_id,occup_id) VALUES (124,413);
INSERT INTO "PersonOccupation" (person_id,occup_id) VALUES (125,318);
INSERT INTO "PersonOccupation" (person_id,occup_id) VALUES (126,43);
INSERT INTO "PersonOccupation" (person_id,occup_id) VALUES (127,193);
INSERT INTO "PersonOccupation" (person_id,occup_id) VALUES (128,729);
INSERT INTO "PersonOccupation" (person_id,occup_id) VALUES (129,479);
INSERT INTO "PersonOccupation" (person_id,occup_id) VALUES (130,61);
INSERT INTO "PersonOccupation" (person_id,occup_id) VALUES (131,29);
INSERT INTO "PersonOccupation" (person_id,occup_id) VALUES (132,47);
INSERT INTO "PersonOccupation" (person_id,occup_id) VALUES (133,155);
INSERT INTO "PersonOccupation" (person_id,occup_id) VALUES (134,41);
INSERT INTO "PersonOccupation" (person_id,occup_id) VALUES (135,66);
INSERT INTO "PersonOccupation" (person_id,occup_id) VALUES (136,719);
INSERT INTO "PersonOccupation" (person_id,occup_id) VALUES (137,323);
INSERT INTO "PersonOccupation" (person_id,occup_id) VALUES (138,381);
INSERT INTO "PersonOccupation" (person_id,occup_id) VALUES (139,301);
INSERT INTO "PersonOccupation" (person_id,occup_id) VALUES (140,837);
INSERT INTO "PersonOccupation" (person_id,occup_id) VALUES (141,861);
INSERT INTO "PersonOccupation" (person_id,occup_id) VALUES (142,800);
INSERT INTO "PersonOccupation" (person_id,occup_id) VALUES (143,576);
INSERT INTO "PersonOccupation" (person_id,occup_id) VALUES (144,653);
INSERT INTO "PersonOccupation" (person_id,occup_id) VALUES (145,206);
INSERT INTO "PersonOccupation" (person_id,occup_id) VALUES (146,807);
INSERT INTO "PersonOccupation" (person_id,occup_id) VALUES (147,442);
INSERT INTO "PersonOccupation" (person_id,occup_id) VALUES (148,188);
INSERT INTO "PersonOccupation" (person_id,occup_id) VALUES (149,607);
INSERT INTO "PersonOccupation" (person_id,occup_id) VALUES (150,477);
INSERT INTO "PersonOccupation" (person_id,occup_id) VALUES (151,224);
INSERT INTO "PersonOccupation" (person_id,occup_id) VALUES (152,342);
INSERT INTO "PersonOccupation" (person_id,occup_id) VALUES (153,117);
INSERT INTO "PersonOccupation" (person_id,occup_id) VALUES (154,141);
INSERT INTO "PersonOccupation" (person_id,occup_id) VALUES (155,181);
INSERT INTO "PersonOccupation" (person_id,occup_id) VALUES (156,456);
INSERT INTO "PersonOccupation" (person_id,occup_id) VALUES (157,834);
INSERT INTO "PersonOccupation" (person_id,occup_id) VALUES (158,437);
INSERT INTO "PersonOccupation" (person_id,occup_id) VALUES (159,108);
INSERT INTO "PersonOccupation" (person_id,occup_id) VALUES (160,103);
INSERT INTO "PersonOccupation" (person_id,occup_id) VALUES (161,813);
INSERT INTO "PersonOccupation" (person_id,occup_id) VALUES (162,469);
INSERT INTO "PersonOccupation" (person_id,occup_id) VALUES (163,227);
INSERT INTO "PersonOccupation" (person_id,occup_id) VALUES (164,571);
INSERT INTO "PersonOccupation" (person_id,occup_id) VALUES (165,38);
INSERT INTO "PersonOccupation" (person_id,occup_id) VALUES (166,458);
INSERT INTO "PersonOccupation" (person_id,occup_id) VALUES (167,744);
INSERT INTO "PersonOccupation" (person_id,occup_id) VALUES (168,841);
INSERT INTO "PersonOccupation" (person_id,occup_id) VALUES (169,316);
INSERT INTO "PersonOccupation" (person_id,occup_id) VALUES (170,640);
INSERT INTO "PersonOccupation" (person_id,occup_id) VALUES (171,556);
INSERT INTO "PersonOccupation" (person_id,occup_id) VALUES (172,698);
INSERT INTO "PersonOccupation" (person_id,occup_id) VALUES (173,784);
INSERT INTO "PersonOccupation" (person_id,occup_id) VALUES (174,513);
INSERT INTO "PersonOccupation" (person_id,occup_id) VALUES (175,484);
INSERT INTO "PersonOccupation" (person_id,occup_id) VALUES (176,436);
INSERT INTO "PersonOccupation" (person_id,occup_id) VALUES (177,45);
INSERT INTO "PersonOccupation" (person_id,occup_id) VALUES (178,756);
INSERT INTO "PersonOccupation" (person_id,occup_id) VALUES (179,366);
INSERT INTO "PersonOccupation" (person_id,occup_id) VALUES (180,472);
INSERT INTO "PersonOccupation" (person_id,occup_id) VALUES (181,685);
INSERT INTO "PersonOccupation" (person_id,occup_id) VALUES (182,185);
INSERT INTO "PersonOccupation" (person_id,occup_id) VALUES (183,226);
INSERT INTO "PersonOccupation" (person_id,occup_id) VALUES (184,157);
INSERT INTO "PersonOccupation" (person_id,occup_id) VALUES (185,615);
INSERT INTO "PersonOccupation" (person_id,occup_id) VALUES (186,500);
INSERT INTO "PersonOccupation" (person_id,occup_id) VALUES (187,832);
INSERT INTO "PersonOccupation" (person_id,occup_id) VALUES (188,714);
INSERT INTO "PersonOccupation" (person_id,occup_id) VALUES (189,235);
INSERT INTO "PersonOccupation" (person_id,occup_id) VALUES (190,147);
INSERT INTO "PersonOccupation" (person_id,occup_id) VALUES (191,758);
INSERT INTO "PersonOccupation" (person_id,occup_id) VALUES (192,140);
INSERT INTO "PersonOccupation" (person_id,occup_id) VALUES (193,497);
INSERT INTO "PersonOccupation" (person_id,occup_id) VALUES (194,495);
INSERT INTO "PersonOccupation" (person_id,occup_id) VALUES (195,652);
INSERT INTO "PersonOccupation" (person_id,occup_id) VALUES (196,524);
INSERT INTO "PersonOccupation" (person_id,occup_id) VALUES (197,270);
INSERT INTO "PersonOccupation" (person_id,occup_id) VALUES (198,96);
INSERT INTO "PersonOccupation" (person_id,occup_id) VALUES (199,464);
INSERT INTO "PersonOccupation" (person_id,occup_id) VALUES (200,498);
INSERT INTO "PersonOccupation" (person_id,occup_id) VALUES (201,669);
INSERT INTO "PersonOccupation" (person_id,occup_id) VALUES (202,764);
INSERT INTO "PersonOccupation" (person_id,occup_id) VALUES (203,636);
INSERT INTO "PersonOccupation" (person_id,occup_id) VALUES (204,411);
INSERT INTO "PersonOccupation" (person_id,occup_id) VALUES (205,519);
INSERT INTO "PersonOccupation" (person_id,occup_id) VALUES (206,292);
INSERT INTO "PersonOccupation" (person_id,occup_id) VALUES (207,192);
INSERT INTO "PersonOccupation" (person_id,occup_id) VALUES (208,706);
INSERT INTO "PersonOccupation" (person_id,occup_id) VALUES (209,713);
INSERT INTO "PersonOccupation" (person_id,occup_id) VALUES (210,565);
INSERT INTO "PersonOccupation" (person_id,occup_id) VALUES (211,530);
INSERT INTO "PersonOccupation" (person_id,occup_id) VALUES (212,215);
INSERT INTO "PersonOccupation" (person_id,occup_id) VALUES (213,850);
INSERT INTO "PersonOccupation" (person_id,occup_id) VALUES (214,768);
INSERT INTO "PersonOccupation" (person_id,occup_id) VALUES (215,440);
INSERT INTO "PersonOccupation" (person_id,occup_id) VALUES (216,804);
INSERT INTO "PersonOccupation" (person_id,occup_id) VALUES (217,404);
INSERT INTO "PersonOccupation" (person_id,occup_id) VALUES (218,748);
INSERT INTO "PersonOccupation" (person_id,occup_id) VALUES (219,443);
INSERT INTO "PersonOccupation" (person_id,occup_id) VALUES (220,409);
INSERT INTO "PersonOccupation" (person_id,occup_id) VALUES (221,243);
INSERT INTO "PersonOccupation" (person_id,occup_id) VALUES (222,87);
INSERT INTO "PersonOccupation" (person_id,occup_id) VALUES (223,637);
INSERT INTO "PersonOccupation" (person_id,occup_id) VALUES (224,18);
INSERT INTO "PersonOccupation" (person_id,occup_id) VALUES (225,407);
INSERT INTO "PersonOccupation" (person_id,occup_id) VALUES (226,67);
INSERT INTO "PersonOccupation" (person_id,occup_id) VALUES (227,27);
INSERT INTO "PersonOccupation" (person_id,occup_id) VALUES (228,876);
INSERT INTO "PersonOccupation" (person_id,occup_id) VALUES (229,447);
INSERT INTO "PersonOccupation" (person_id,occup_id) VALUES (230,726);
INSERT INTO "PersonOccupation" (person_id,occup_id) VALUES (231,417);
INSERT INTO "PersonOccupation" (person_id,occup_id) VALUES (232,599);
INSERT INTO "PersonOccupation" (person_id,occup_id) VALUES (233,673);
INSERT INTO "PersonOccupation" (person_id,occup_id) VALUES (234,650);
INSERT INTO "PersonOccupation" (person_id,occup_id) VALUES (235,603);
INSERT INTO "PersonOccupation" (person_id,occup_id) VALUES (236,487);
INSERT INTO "PersonOccupation" (person_id,occup_id) VALUES (237,665);
INSERT INTO "PersonOccupation" (person_id,occup_id) VALUES (238,234);
INSERT INTO "PersonOccupation" (person_id,occup_id) VALUES (239,109);
INSERT INTO "PersonOccupation" (person_id,occup_id) VALUES (240,370);
INSERT INTO "PersonOccupation" (person_id,occup_id) VALUES (241,135);
INSERT INTO "PersonOccupation" (person_id,occup_id) VALUES (242,581);
INSERT INTO "PersonOccupation" (person_id,occup_id) VALUES (243,258);
INSERT INTO "PersonOccupation" (person_id,occup_id) VALUES (244,279);
INSERT INTO "PersonOccupation" (person_id,occup_id) VALUES (245,278);
INSERT INTO "PersonOccupation" (person_id,occup_id) VALUES (246,128);
INSERT INTO "PersonOccupation" (person_id,occup_id) VALUES (247,654);
INSERT INTO "PersonOccupation" (person_id,occup_id) VALUES (248,545);
INSERT INTO "PersonOccupation" (person_id,occup_id) VALUES (249,333);
INSERT INTO "PersonOccupation" (person_id,occup_id) VALUES (250,6);
INSERT INTO "PersonOccupation" (person_id,occup_id) VALUES (251,512);
INSERT INTO "PersonOccupation" (person_id,occup_id) VALUES (252,649);
INSERT INTO "PersonOccupation" (person_id,occup_id) VALUES (253,644);
INSERT INTO "PersonOccupation" (person_id,occup_id) VALUES (254,46);
INSERT INTO "PersonOccupation" (person_id,occup_id) VALUES (255,414);
INSERT INTO "PersonOccupation" (person_id,occup_id) VALUES (256,126);
INSERT INTO "PersonOccupation" (person_id,occup_id) VALUES (257,145);
INSERT INTO "PersonOccupation" (person_id,occup_id) VALUES (258,485);
INSERT INTO "PersonOccupation" (person_id,occup_id) VALUES (259,393);
INSERT INTO "PersonOccupation" (person_id,occup_id) VALUES (260,552);
INSERT INTO "PersonOccupation" (person_id,occup_id) VALUES (261,256);
INSERT INTO "PersonOccupation" (person_id,occup_id) VALUES (262,670);
INSERT INTO "PersonOccupation" (person_id,occup_id) VALUES (263,25);
INSERT INTO "PersonOccupation" (person_id,occup_id) VALUES (264,568);
INSERT INTO "PersonOccupation" (person_id,occup_id) VALUES (265,40);
INSERT INTO "PersonOccupation" (person_id,occup_id) VALUES (266,19);
INSERT INTO "PersonOccupation" (person_id,occup_id) VALUES (267,796);
INSERT INTO "PersonOccupation" (person_id,occup_id) VALUES (268,630);
INSERT INTO "PersonOccupation" (person_id,occup_id) VALUES (269,170);
INSERT INTO "PersonOccupation" (person_id,occup_id) VALUES (270,62);
INSERT INTO "PersonOccupation" (person_id,occup_id) VALUES (271,115);
INSERT INTO "PersonOccupation" (person_id,occup_id) VALUES (272,250);
INSERT INTO "PersonOccupation" (person_id,occup_id) VALUES (273,658);
INSERT INTO "PersonOccupation" (person_id,occup_id) VALUES (274,309);
INSERT INTO "PersonOccupation" (person_id,occup_id) VALUES (275,71);
INSERT INTO "PersonOccupation" (person_id,occup_id) VALUES (276,844);
INSERT INTO "PersonOccupation" (person_id,occup_id) VALUES (277,216);
INSERT INTO "PersonOccupation" (person_id,occup_id) VALUES (278,239);
--------------------------Marriage--------------------------
INSERT INTO "Marriage" (_id_marriage,rec_ready,rec_order,scan_order,scan_layout,date,village,groom_y,groom_m,groom_d,bride_y,bride_m,bride_d,groom_adult,bride_adult,relationship,banns_1,banns_2,banns_3,groom_id,bride_id,user_id,register_id,officiant_id) VALUES (0,true,436,940,'C','1847-09-15','Opava',18,2,15,19,2,19,true,true,'ne','banns1','banns2','banns3',119,98,1,16,0);
--------------------------Witness--------------------------
INSERT INTO "Witness" (person_id,marriage_id,side,relationship) VALUES (144,0,'ženicha','přítel');
INSERT INTO "Witness" (person_id,marriage_id,side,relationship) VALUES (264,0,'ženicha','jiné');
INSERT INTO "Witness" (person_id,marriage_id,side,relationship) VALUES (104,0,'nevěsty','přítel');
INSERT INTO "Witness" (person_id,marriage_id,side,relationship) VALUES (44,0,'nevěsty','jiné');
INSERT INTO "Marriage" (_id_marriage,rec_ready,rec_order,scan_order,scan_layout,date,village,groom_y,groom_m,groom_d,bride_y,bride_m,bride_d,groom_adult,bride_adult,relationship,banns_1,banns_2,banns_3,groom_id,bride_id,user_id,register_id,officiant_id) VALUES (1,true,377,802,'C','1854-06-01','Brno',23,2,29,20,9,29,true,true,'ne','banns1','banns2','banns3',16,40,0,5,2);
--------------------------Witness--------------------------
INSERT INTO "Witness" (person_id,marriage_id,side,relationship) VALUES (90,1,'ženicha','jiné');
INSERT INTO "Witness" (person_id,marriage_id,side,relationship) VALUES (162,1,'ženicha','sourozenec');
INSERT INTO "Witness" (person_id,marriage_id,side,relationship) VALUES (48,1,'nevěsty','jiné');
INSERT INTO "Witness" (person_id,marriage_id,side,relationship) VALUES (19,1,'nevěsty','sourozenec');
INSERT INTO "Marriage" (_id_marriage,rec_ready,rec_order,scan_order,scan_layout,date,village,groom_y,groom_m,groom_d,bride_y,bride_m,bride_d,groom_adult,bride_adult,relationship,banns_1,banns_2,banns_3,groom_id,bride_id,user_id,register_id,officiant_id) VALUES (2,true,901,880,'P','1864-12-24','Zlín',35,8,8,26,1,13,true,true,'ne','banns1','banns2','banns3',79,125,0,15,1);
--------------------------Witness--------------------------
INSERT INTO "Witness" (person_id,marriage_id,side,relationship) VALUES (219,2,'ženicha','sourozenec');
INSERT INTO "Witness" (person_id,marriage_id,side,relationship) VALUES (62,2,'ženicha','jiné');
INSERT INTO "Witness" (person_id,marriage_id,side,relationship) VALUES (60,2,'nevěsty','jiné');
INSERT INTO "Witness" (person_id,marriage_id,side,relationship) VALUES (237,2,'nevěsty','sourozenec');
INSERT INTO "Marriage" (_id_marriage,rec_ready,rec_order,scan_order,scan_layout,date,village,groom_y,groom_m,groom_d,bride_y,bride_m,bride_d,groom_adult,bride_adult,relationship,banns_1,banns_2,banns_3,groom_id,bride_id,user_id,register_id,officiant_id) VALUES (3,true,508,817,'C','1853-05-29','Pardubice',16,0,18,23,1,26,false,true,'ne','banns1','banns2','banns3',5,219,0,24,2);
--------------------------Witness--------------------------
INSERT INTO "Witness" (person_id,marriage_id,side,relationship) VALUES (152,3,'ženicha','jiné');
INSERT INTO "Witness" (person_id,marriage_id,side,relationship) VALUES (250,3,'ženicha','sourozenec');
INSERT INTO "Witness" (person_id,marriage_id,side,relationship) VALUES (68,3,'nevěsty','jiné');
INSERT INTO "Witness" (person_id,marriage_id,side,relationship) VALUES (34,3,'nevěsty','sourozenec');
INSERT INTO "Marriage" (_id_marriage,rec_ready,rec_order,scan_order,scan_layout,date,village,groom_y,groom_m,groom_d,bride_y,bride_m,bride_d,groom_adult,bride_adult,relationship,banns_1,banns_2,banns_3,groom_id,bride_id,user_id,register_id,officiant_id) VALUES (4,true,530,502,'C','1843-11-10','České Budějovice',17,8,2,17,2,24,false,false,'ne','banns1','banns2','banns3',270,60,0,76,0);
--------------------------Witness--------------------------
INSERT INTO "Witness" (person_id,marriage_id,side,relationship) VALUES (199,4,'ženicha','sourozenec');
INSERT INTO "Witness" (person_id,marriage_id,side,relationship) VALUES (31,4,'ženicha','přítel');
INSERT INTO "Witness" (person_id,marriage_id,side,relationship) VALUES (147,4,'nevěsty','jiné');
INSERT INTO "Witness" (person_id,marriage_id,side,relationship) VALUES (170,4,'nevěsty','jiné');
INSERT INTO "Marriage" (_id_marriage,rec_ready,rec_order,scan_order,scan_layout,date,village,groom_y,groom_m,groom_d,bride_y,bride_m,bride_d,groom_adult,bride_adult,relationship,banns_1,banns_2,banns_3,groom_id,bride_id,user_id,register_id,officiant_id) VALUES (5,true,186,575,'C','1854-10-03','Praha',25,11,6,26,5,18,true,true,'ne','banns1','banns2','banns3',191,161,0,36,1);
--------------------------Witness--------------------------
INSERT INTO "Witness" (person_id,marriage_id,side,relationship) VALUES (230,5,'ženicha','jiné');
INSERT INTO "Witness" (person_id,marriage_id,side,relationship) VALUES (267,5,'ženicha','jiné');
INSERT INTO "Witness" (person_id,marriage_id,side,relationship) VALUES (240,5,'nevěsty','jiné');
INSERT INTO "Witness" (person_id,marriage_id,side,relationship) VALUES (197,5,'nevěsty','sourozenec');
INSERT INTO "Marriage" (_id_marriage,rec_ready,rec_order,scan_order,scan_layout,date,village,groom_y,groom_m,groom_d,bride_y,bride_m,bride_d,groom_adult,bride_adult,relationship,banns_1,banns_2,banns_3,groom_id,bride_id,user_id,register_id,officiant_id) VALUES (6,true,344,713,'C','1863-08-19','Opava',32,1,24,26,1,5,true,true,'ne','banns1','banns2','banns3',198,231,1,9,2);
--------------------------Witness--------------------------
INSERT INTO "Witness" (person_id,marriage_id,side,relationship) VALUES (143,6,'ženicha','jiné');
INSERT INTO "Witness" (person_id,marriage_id,side,relationship) VALUES (69,6,'ženicha','sourozenec');
INSERT INTO "Witness" (person_id,marriage_id,side,relationship) VALUES (233,6,'nevěsty','přítel');
INSERT INTO "Witness" (person_id,marriage_id,side,relationship) VALUES (128,6,'nevěsty','jiné');
INSERT INTO "Marriage" (_id_marriage,rec_ready,rec_order,scan_order,scan_layout,date,village,groom_y,groom_m,groom_d,bride_y,bride_m,bride_d,groom_adult,bride_adult,relationship,banns_1,banns_2,banns_3,groom_id,bride_id,user_id,register_id,officiant_id) VALUES (7,true,310,27,'L','1865-08-15','Ústí nad Labem',30,6,13,32,6,12,true,true,'ne','banns1','banns2','banns3',28,201,0,66,2);
--------------------------Witness--------------------------
INSERT INTO "Witness" (person_id,marriage_id,side,relationship) VALUES (230,7,'ženicha','jiné');
INSERT INTO "Witness" (person_id,marriage_id,side,relationship) VALUES (240,7,'ženicha','sourozenec');
INSERT INTO "Witness" (person_id,marriage_id,side,relationship) VALUES (203,7,'nevěsty','jiné');
INSERT INTO "Witness" (person_id,marriage_id,side,relationship) VALUES (174,7,'nevěsty','přítel');
INSERT INTO "Marriage" (_id_marriage,rec_ready,rec_order,scan_order,scan_layout,date,village,groom_y,groom_m,groom_d,bride_y,bride_m,bride_d,groom_adult,bride_adult,relationship,banns_1,banns_2,banns_3,groom_id,bride_id,user_id,register_id,officiant_id) VALUES (8,true,689,287,'L','1860-06-20','Praha',33,11,6,27,1,10,true,true,'ne','banns1','banns2','banns3',43,73,0,37,0);
--------------------------Witness--------------------------
INSERT INTO "Witness" (person_id,marriage_id,side,relationship) VALUES (225,8,'ženicha','sourozenec');
INSERT INTO "Witness" (person_id,marriage_id,side,relationship) VALUES (77,8,'ženicha','přítel');
INSERT INTO "Witness" (person_id,marriage_id,side,relationship) VALUES (46,8,'nevěsty','přítel');
INSERT INTO "Witness" (person_id,marriage_id,side,relationship) VALUES (154,8,'nevěsty','přítel');
INSERT INTO "Marriage" (_id_marriage,rec_ready,rec_order,scan_order,scan_layout,date,village,groom_y,groom_m,groom_d,bride_y,bride_m,bride_d,groom_adult,bride_adult,relationship,banns_1,banns_2,banns_3,groom_id,bride_id,user_id,register_id,officiant_id) VALUES (9,true,859,554,'C','1853-09-04','Havířov',20,11,16,23,5,4,true,true,'ne','banns1','banns2','banns3',176,219,1,30,1);
--------------------------Witness--------------------------
INSERT INTO "Witness" (person_id,marriage_id,side,relationship) VALUES (4,9,'ženicha','jiné');
INSERT INTO "Witness" (person_id,marriage_id,side,relationship) VALUES (84,9,'ženicha','přítel');
INSERT INTO "Witness" (person_id,marriage_id,side,relationship) VALUES (226,9,'nevěsty','sourozenec');
INSERT INTO "Witness" (person_id,marriage_id,side,relationship) VALUES (221,9,'nevěsty','sourozenec');
INSERT INTO "Marriage" (_id_marriage,rec_ready,rec_order,scan_order,scan_layout,date,village,groom_y,groom_m,groom_d,bride_y,bride_m,bride_d,groom_adult,bride_adult,relationship,banns_1,banns_2,banns_3,groom_id,bride_id,user_id,register_id,officiant_id) VALUES (10,false,405,41,'L','1850-04-21','Ústí nad Labem',20,9,24,22,10,4,true,true,'ne','banns1','banns2','banns3',119,33,1,12,1);
--------------------------Witness--------------------------
INSERT INTO "Witness" (person_id,marriage_id,side,relationship) VALUES (246,10,'ženicha','sourozenec');
INSERT INTO "Witness" (person_id,marriage_id,side,relationship) VALUES (191,10,'ženicha','sourozenec');
INSERT INTO "Witness" (person_id,marriage_id,side,relationship) VALUES (2,10,'nevěsty','přítel');
INSERT INTO "Witness" (person_id,marriage_id,side,relationship) VALUES (183,10,'nevěsty','přítel');
INSERT INTO "Marriage" (_id_marriage,rec_ready,rec_order,scan_order,scan_layout,date,village,groom_y,groom_m,groom_d,bride_y,bride_m,bride_d,groom_adult,bride_adult,relationship,banns_1,banns_2,banns_3,groom_id,bride_id,user_id,register_id,officiant_id) VALUES (11,false,130,308,'P','1863-10-06','Havířov',29,9,0,28,3,14,true,true,'ne','banns1','banns2','banns3',267,264,0,21,2);
--------------------------Witness--------------------------
INSERT INTO "Witness" (person_id,marriage_id,side,relationship) VALUES (207,11,'ženicha','sourozenec');
INSERT INTO "Witness" (person_id,marriage_id,side,relationship) VALUES (29,11,'ženicha','jiné');
INSERT INTO "Witness" (person_id,marriage_id,side,relationship) VALUES (89,11,'nevěsty','sourozenec');
INSERT INTO "Witness" (person_id,marriage_id,side,relationship) VALUES (7,11,'nevěsty','přítel');
INSERT INTO "Marriage" (_id_marriage,rec_ready,rec_order,scan_order,scan_layout,date,village,groom_y,groom_m,groom_d,bride_y,bride_m,bride_d,groom_adult,bride_adult,relationship,banns_1,banns_2,banns_3,groom_id,bride_id,user_id,register_id,officiant_id) VALUES (12,true,159,195,'P','1857-01-14','Liberec',30,7,9,19,6,2,true,true,'ne','banns1','banns2','banns3',182,231,0,19,2);
--------------------------Witness--------------------------
INSERT INTO "Witness" (person_id,marriage_id,side,relationship) VALUES (250,12,'ženicha','přítel');
INSERT INTO "Witness" (person_id,marriage_id,side,relationship) VALUES (203,12,'ženicha','jiné');
INSERT INTO "Witness" (person_id,marriage_id,side,relationship) VALUES (67,12,'nevěsty','sourozenec');
INSERT INTO "Witness" (person_id,marriage_id,side,relationship) VALUES (155,12,'nevěsty','přítel');
INSERT INTO "Marriage" (_id_marriage,rec_ready,rec_order,scan_order,scan_layout,date,village,groom_y,groom_m,groom_d,bride_y,bride_m,bride_d,groom_adult,bride_adult,relationship,banns_1,banns_2,banns_3,groom_id,bride_id,user_id,register_id,officiant_id) VALUES (13,true,699,87,'P','1852-12-25','Ostrava',19,2,18,18,12,0,true,true,'ne','banns1','banns2','banns3',137,261,1,54,1);
--------------------------Witness--------------------------
INSERT INTO "Witness" (person_id,marriage_id,side,relationship) VALUES (243,13,'ženicha','přítel');
INSERT INTO "Witness" (person_id,marriage_id,side,relationship) VALUES (184,13,'ženicha','jiné');
INSERT INTO "Witness" (person_id,marriage_id,side,relationship) VALUES (50,13,'nevěsty','přítel');
INSERT INTO "Witness" (person_id,marriage_id,side,relationship) VALUES (236,13,'nevěsty','sourozenec');
INSERT INTO "Marriage" (_id_marriage,rec_ready,rec_order,scan_order,scan_layout,date,village,groom_y,groom_m,groom_d,bride_y,bride_m,bride_d,groom_adult,bride_adult,relationship,banns_1,banns_2,banns_3,groom_id,bride_id,user_id,register_id,officiant_id) VALUES (14,true,110,330,'C','1853-01-12','Ostrava',24,2,12,17,12,2,true,false,'ne','banns1','banns2','banns3',191,19,1,70,1);
--------------------------Witness--------------------------
INSERT INTO "Witness" (person_id,marriage_id,side,relationship) VALUES (102,14,'ženicha','sourozenec');
INSERT INTO "Witness" (person_id,marriage_id,side,relationship) VALUES (262,14,'ženicha','sourozenec');
INSERT INTO "Witness" (person_id,marriage_id,side,relationship) VALUES (166,14,'nevěsty','sourozenec');
INSERT INTO "Witness" (person_id,marriage_id,side,relationship) VALUES (221,14,'nevěsty','jiné');
INSERT INTO "Marriage" (_id_marriage,rec_ready,rec_order,scan_order,scan_layout,date,village,groom_y,groom_m,groom_d,bride_y,bride_m,bride_d,groom_adult,bride_adult,relationship,banns_1,banns_2,banns_3,groom_id,bride_id,user_id,register_id,officiant_id) VALUES (15,true,60,491,'C','1850-09-18','Hradec Králové',21,10,12,20,3,0,true,true,'ne','banns1','banns2','banns3',254,234,1,8,0);
--------------------------Witness--------------------------
INSERT INTO "Witness" (person_id,marriage_id,side,relationship) VALUES (59,15,'ženicha','sourozenec');
INSERT INTO "Witness" (person_id,marriage_id,side,relationship) VALUES (143,15,'ženicha','jiné');
INSERT INTO "Witness" (person_id,marriage_id,side,relationship) VALUES (245,15,'nevěsty','jiné');
INSERT INTO "Witness" (person_id,marriage_id,side,relationship) VALUES (160,15,'nevěsty','přítel');
INSERT INTO "Marriage" (_id_marriage,rec_ready,rec_order,scan_order,scan_layout,date,village,groom_y,groom_m,groom_d,bride_y,bride_m,bride_d,groom_adult,bride_adult,relationship,banns_1,banns_2,banns_3,groom_id,bride_id,user_id,register_id,officiant_id) VALUES (16,false,868,7,'P','1853-04-23','Praha',15,2,17,21,10,17,false,true,'polosourozenci','banns1','banns2','banns3',46,213,1,43,2);
--------------------------Witness--------------------------
INSERT INTO "Witness" (person_id,marriage_id,side,relationship) VALUES (28,16,'ženicha','jiné');
INSERT INTO "Witness" (person_id,marriage_id,side,relationship) VALUES (88,16,'ženicha','sourozenec');
INSERT INTO "Witness" (person_id,marriage_id,side,relationship) VALUES (117,16,'nevěsty','jiné');
INSERT INTO "Witness" (person_id,marriage_id,side,relationship) VALUES (73,16,'nevěsty','sourozenec');
INSERT INTO "Marriage" (_id_marriage,rec_ready,rec_order,scan_order,scan_layout,date,village,groom_y,groom_m,groom_d,bride_y,bride_m,bride_d,groom_adult,bride_adult,relationship,banns_1,banns_2,banns_3,groom_id,bride_id,user_id,register_id,officiant_id) VALUES (17,false,694,553,'P','1856-10-11','Liberec',25,7,12,19,2,27,true,true,'ne','banns1','banns2','banns3',16,231,1,85,0);
--------------------------Witness--------------------------
INSERT INTO "Witness" (person_id,marriage_id,side,relationship) VALUES (204,17,'ženicha','přítel');
INSERT INTO "Witness" (person_id,marriage_id,side,relationship) VALUES (59,17,'ženicha','sourozenec');
INSERT INTO "Witness" (person_id,marriage_id,side,relationship) VALUES (119,17,'nevěsty','sourozenec');
INSERT INTO "Witness" (person_id,marriage_id,side,relationship) VALUES (129,17,'nevěsty','přítel');
INSERT INTO "Marriage" (_id_marriage,rec_ready,rec_order,scan_order,scan_layout,date,village,groom_y,groom_m,groom_d,bride_y,bride_m,bride_d,groom_adult,bride_adult,relationship,banns_1,banns_2,banns_3,groom_id,bride_id,user_id,register_id,officiant_id) VALUES (18,true,722,892,'C','1854-03-24','Olomouc',27,8,6,20,7,20,true,true,'ne','banns1','banns2','banns3',43,40,0,45,1);
--------------------------Witness--------------------------
INSERT INTO "Witness" (person_id,marriage_id,side,relationship) VALUES (264,18,'ženicha','sourozenec');
INSERT INTO "Witness" (person_id,marriage_id,side,relationship) VALUES (145,18,'ženicha','sourozenec');
INSERT INTO "Witness" (person_id,marriage_id,side,relationship) VALUES (259,18,'nevěsty','jiné');
INSERT INTO "Witness" (person_id,marriage_id,side,relationship) VALUES (150,18,'nevěsty','jiné');
INSERT INTO "Marriage" (_id_marriage,rec_ready,rec_order,scan_order,scan_layout,date,village,groom_y,groom_m,groom_d,bride_y,bride_m,bride_d,groom_adult,bride_adult,relationship,banns_1,banns_2,banns_3,groom_id,bride_id,user_id,register_id,officiant_id) VALUES (19,true,664,590,'C','1864-05-26','Plzeň',29,9,26,29,4,14,true,true,'ne','banns1','banns2','banns3',147,19,0,7,0);
--------------------------Witness--------------------------
INSERT INTO "Witness" (person_id,marriage_id,side,relationship) VALUES (17,19,'ženicha','sourozenec');
INSERT INTO "Witness" (person_id,marriage_id,side,relationship) VALUES (121,19,'ženicha','sourozenec');
INSERT INTO "Witness" (person_id,marriage_id,side,relationship) VALUES (146,19,'nevěsty','jiné');
INSERT INTO "Witness" (person_id,marriage_id,side,relationship) VALUES (95,19,'nevěsty','sourozenec');
INSERT INTO "Marriage" (_id_marriage,rec_ready,rec_order,scan_order,scan_layout,date,village,groom_y,groom_m,groom_d,bride_y,bride_m,bride_d,groom_adult,bride_adult,relationship,banns_1,banns_2,banns_3,groom_id,bride_id,user_id,register_id,officiant_id) VALUES (20,true,837,420,'P','1866-08-07','Ostrava',37,3,19,32,11,23,true,true,'ne','banns1','banns2','banns3',79,82,1,44,2);
--------------------------Witness--------------------------
INSERT INTO "Witness" (person_id,marriage_id,side,relationship) VALUES (102,20,'ženicha','jiné');
INSERT INTO "Witness" (person_id,marriage_id,side,relationship) VALUES (279,20,'ženicha','jiné');
INSERT INTO "Witness" (person_id,marriage_id,side,relationship) VALUES (248,20,'nevěsty','jiné');
INSERT INTO "Witness" (person_id,marriage_id,side,relationship) VALUES (270,20,'nevěsty','přítel');
INSERT INTO "Marriage" (_id_marriage,rec_ready,rec_order,scan_order,scan_layout,date,village,groom_y,groom_m,groom_d,bride_y,bride_m,bride_d,groom_adult,bride_adult,relationship,banns_1,banns_2,banns_3,groom_id,bride_id,user_id,register_id,officiant_id) VALUES (21,true,751,863,'C','1857-04-07','Liberec',31,0,29,26,9,23,true,true,'ne','banns1','banns2','banns3',270,234,1,1,0);
--------------------------Witness--------------------------
INSERT INTO "Witness" (person_id,marriage_id,side,relationship) VALUES (106,21,'ženicha','přítel');
INSERT INTO "Witness" (person_id,marriage_id,side,relationship) VALUES (113,21,'ženicha','sourozenec');
INSERT INTO "Witness" (person_id,marriage_id,side,relationship) VALUES (269,21,'nevěsty','přítel');
INSERT INTO "Witness" (person_id,marriage_id,side,relationship) VALUES (271,21,'nevěsty','jiné');
INSERT INTO "Marriage" (_id_marriage,rec_ready,rec_order,scan_order,scan_layout,date,village,groom_y,groom_m,groom_d,bride_y,bride_m,bride_d,groom_adult,bride_adult,relationship,banns_1,banns_2,banns_3,groom_id,bride_id,user_id,register_id,officiant_id) VALUES (22,false,905,615,'L','1857-03-11','České Budějovice',22,1,4,28,10,28,true,true,'ne','banns1','banns2','banns3',28,161,1,81,2);
--------------------------Witness--------------------------
INSERT INTO "Witness" (person_id,marriage_id,side,relationship) VALUES (44,22,'ženicha','jiné');
INSERT INTO "Witness" (person_id,marriage_id,side,relationship) VALUES (80,22,'ženicha','sourozenec');
INSERT INTO "Witness" (person_id,marriage_id,side,relationship) VALUES (21,22,'nevěsty','jiné');
INSERT INTO "Witness" (person_id,marriage_id,side,relationship) VALUES (273,22,'nevěsty','jiné');
INSERT INTO "Marriage" (_id_marriage,rec_ready,rec_order,scan_order,scan_layout,date,village,groom_y,groom_m,groom_d,bride_y,bride_m,bride_d,groom_adult,bride_adult,relationship,banns_1,banns_2,banns_3,groom_id,bride_id,user_id,register_id,officiant_id) VALUES (23,true,81,511,'P','1861-05-24','Plzeň',36,3,15,28,5,8,true,true,'ne','banns1','banns2','banns3',56,91,1,10,0);
--------------------------Witness--------------------------
INSERT INTO "Witness" (person_id,marriage_id,side,relationship) VALUES (215,23,'ženicha','sourozenec');
INSERT INTO "Witness" (person_id,marriage_id,side,relationship) VALUES (1,23,'ženicha','sourozenec');
INSERT INTO "Witness" (person_id,marriage_id,side,relationship) VALUES (59,23,'nevěsty','jiné');
INSERT INTO "Witness" (person_id,marriage_id,side,relationship) VALUES (69,23,'nevěsty','přítel');
INSERT INTO "Marriage" (_id_marriage,rec_ready,rec_order,scan_order,scan_layout,date,village,groom_y,groom_m,groom_d,bride_y,bride_m,bride_d,groom_adult,bride_adult,relationship,banns_1,banns_2,banns_3,groom_id,bride_id,user_id,register_id,officiant_id) VALUES (24,true,422,465,'C','1852-04-12','Pardubice',12,8,19,16,9,20,false,false,'ne','banns1','banns2','banns3',207,264,1,64,0);
--------------------------Witness--------------------------
INSERT INTO "Witness" (person_id,marriage_id,side,relationship) VALUES (94,24,'ženicha','jiné');
INSERT INTO "Witness" (person_id,marriage_id,side,relationship) VALUES (275,24,'ženicha','sourozenec');
INSERT INTO "Witness" (person_id,marriage_id,side,relationship) VALUES (84,24,'nevěsty','přítel');
INSERT INTO "Witness" (person_id,marriage_id,side,relationship) VALUES (141,24,'nevěsty','jiné');
INSERT INTO "Marriage" (_id_marriage,rec_ready,rec_order,scan_order,scan_layout,date,village,groom_y,groom_m,groom_d,bride_y,bride_m,bride_d,groom_adult,bride_adult,relationship,banns_1,banns_2,banns_3,groom_id,bride_id,user_id,register_id,officiant_id) VALUES (25,true,110,379,'C','1860-03-21','Kladno',29,7,8,29,11,24,true,true,'ne','banns1','banns2','banns3',116,219,0,26,0);
--------------------------Witness--------------------------
INSERT INTO "Witness" (person_id,marriage_id,side,relationship) VALUES (28,25,'ženicha','sourozenec');
INSERT INTO "Witness" (person_id,marriage_id,side,relationship) VALUES (193,25,'ženicha','jiné');
INSERT INTO "Witness" (person_id,marriage_id,side,relationship) VALUES (11,25,'nevěsty','sourozenec');
INSERT INTO "Witness" (person_id,marriage_id,side,relationship) VALUES (51,25,'nevěsty','jiné');
INSERT INTO "Marriage" (_id_marriage,rec_ready,rec_order,scan_order,scan_layout,date,village,groom_y,groom_m,groom_d,bride_y,bride_m,bride_d,groom_adult,bride_adult,relationship,banns_1,banns_2,banns_3,groom_id,bride_id,user_id,register_id,officiant_id) VALUES (26,true,424,912,'C','1858-02-26','Opava',31,7,11,25,10,0,true,true,'ne','banns1','banns2','banns3',43,258,1,28,2);
--------------------------Witness--------------------------
INSERT INTO "Witness" (person_id,marriage_id,side,relationship) VALUES (109,26,'ženicha','přítel');
INSERT INTO "Witness" (person_id,marriage_id,side,relationship) VALUES (118,26,'ženicha','jiné');
INSERT INTO "Witness" (person_id,marriage_id,side,relationship) VALUES (158,26,'nevěsty','přítel');
INSERT INTO "Witness" (person_id,marriage_id,side,relationship) VALUES (89,26,'nevěsty','sourozenec');
